ISO-10303-21;
HEADER;
/* Generated by software containing ST-Developer
 * from STEP Tools, Inc. (www.steptools.com) 
 */

FILE_DESCRIPTION(
/* description */ (''),
/* implementation_level */ '2;1');

FILE_NAME(
/* name */ 
'E:\\\X2\767B77E97535673A\X0\\\2-\X2\987976EE\X0\\\1.\X2\7535673A\X0\-
CNC\\G43\\\X2\5B8988C556FE\X0\\\4310-10SHS\X2\5B8988C556FE\X0\.stp',
/* time_stamp */ '2023-08-02T22:31:39+08:00',
/* author */ ('chao'),
/* organization */ (''),
/* preprocessor_version */ 'ST-DEVELOPER v18',
/* originating_system */ 'Autodesk Inventor 2020',
/* authorisation */ '');

FILE_SCHEMA (('CONFIG_CONTROL_DESIGN'));
ENDSEC;

DATA;
#10=MECHANICAL_DESIGN_GEOMETRIC_PRESENTATION_REPRESENTATION('',(#29,#30,
#31),#8420);
#11=ITEM_DEFINED_TRANSFORMATION($,$,#4656,#5339);
#12=ITEM_DEFINED_TRANSFORMATION($,$,#5050,#5340);
#13=ITEM_DEFINED_TRANSFORMATION($,$,#5125,#5341);
#14=(
REPRESENTATION_RELATIONSHIP($,$,#8437,#8436)
REPRESENTATION_RELATIONSHIP_WITH_TRANSFORMATION(#11)
SHAPE_REPRESENTATION_RELATIONSHIP()
);
#15=(
REPRESENTATION_RELATIONSHIP($,$,#8438,#8436)
REPRESENTATION_RELATIONSHIP_WITH_TRANSFORMATION(#12)
SHAPE_REPRESENTATION_RELATIONSHIP()
);
#16=(
REPRESENTATION_RELATIONSHIP($,$,#8439,#8436)
REPRESENTATION_RELATIONSHIP_WITH_TRANSFORMATION(#13)
SHAPE_REPRESENTATION_RELATIONSHIP()
);
#17=CONTEXT_DEPENDENT_SHAPE_REPRESENTATION(#14,#8433);
#18=CONTEXT_DEPENDENT_SHAPE_REPRESENTATION(#15,#8434);
#19=CONTEXT_DEPENDENT_SHAPE_REPRESENTATION(#16,#8435);
#20=NEXT_ASSEMBLY_USAGE_OCCURRENCE('V6SHS\X2\52A0957F540E673A58F3\X0\-
\X2\5B8988C556FE\X0\:1','V6SHS\X2\52A0957F540E673A58F3\X0\-\X2\5B8988C556FE\X0\:
1','V6SHS\X2\52A0957F540E673A58F3\X0\-\X2\5B8988C556FE\X0\:1',#8441,#8442,
'V6SHS\X2\52A0957F540E673A58F3\X0\-\X2\5B8988C556FE\X0\:1');
#21=NEXT_ASSEMBLY_USAGE_OCCURRENCE('X4\X2\540E76D6\X0\:1','X4\X2\540E76D6\X0\:
1','X4\X2\540E76D6\X0\:1',#8441,#8443,'X4\X2\540E76D6\X0\:1');
#22=NEXT_ASSEMBLY_USAGE_OCCURRENCE('V6\X2\8F74627F76D6\X0\:1',
'V6\X2\8F74627F76D6\X0\:1','V6\X2\8F74627F76D6\X0\:1',#8441,#8444,
'V6\X2\8F74627F76D6\X0\:1');
#23=SHAPE_REPRESENTATION_RELATIONSHIP('SRR','None',#8437,#26);
#24=SHAPE_REPRESENTATION_RELATIONSHIP('SRR','None',#8438,#27);
#25=SHAPE_REPRESENTATION_RELATIONSHIP('SRR','None',#8439,#28);
#26=ADVANCED_BREP_SHAPE_REPRESENTATION('',(#32),#8417);
#27=ADVANCED_BREP_SHAPE_REPRESENTATION('',(#33),#8418);
#28=ADVANCED_BREP_SHAPE_REPRESENTATION('',(#34),#8419);
#29=STYLED_ITEM('',(#4613),#32);
#30=STYLED_ITEM('',(#4614),#33);
#31=STYLED_ITEM('',(#4613),#34);
#32=MANIFOLD_SOLID_BREP('\X2\5B9E4F53\X0\1',#4576);
#33=MANIFOLD_SOLID_BREP('\X2\5B9E4F53\X0\1',#4577);
#34=MANIFOLD_SOLID_BREP('\X2\5B9E4F53\X0\1',#4578);
#35=(
BOUNDED_CURVE()
B_SPLINE_CURVE(2,(#7575,#7576,#7577),.UNSPECIFIED.,.F.,.F.)
B_SPLINE_CURVE_WITH_KNOTS((3,3),(0.000164285011436617,0.0722156926399255),
 .UNSPECIFIED.)
CURVE()
GEOMETRIC_REPRESENTATION_ITEM()
RATIONAL_B_SPLINE_CURVE((1.00000022318287,1.00004905313709,1.00000022780686))
REPRESENTATION_ITEM('')
);
#36=(
BOUNDED_CURVE()
B_SPLINE_CURVE(2,(#7629,#7630,#7631),.UNSPECIFIED.,.F.,.F.)
B_SPLINE_CURVE_WITH_KNOTS((3,3),(0.000167696655441084,0.0722191042830168),
 .UNSPECIFIED.)
CURVE()
GEOMETRIC_REPRESENTATION_ITEM()
RATIONAL_B_SPLINE_CURVE((1.00000022779393,1.00004905035264,1.0000002231702))
REPRESENTATION_ITEM('')
);
#37=B_SPLINE_CURVE_WITH_KNOTS('',3,(#7445,#7446,#7447,#7448,#7449,#7450,
#7451,#7452,#7453,#7454,#7455,#7456),.UNSPECIFIED.,.F.,.F.,(4,2,2,2,2,4),
(0.181789862180555,0.206584742067472,0.232058068440854,0.252996997819212,
0.263466462508391,0.27393592719757),.UNSPECIFIED.);
#38=B_SPLINE_CURVE_WITH_KNOTS('',3,(#7506,#7507,#7508,#7509,#7510,#7511,
#7512,#7513,#7514,#7515,#7516,#7517),.UNSPECIFIED.,.F.,.F.,(4,2,2,2,2,4),
(0.273935927197549,0.284405391886727,0.294874856575906,0.315813785954264,
0.341287112327642,0.366081992214542),.UNSPECIFIED.);
#39=B_SPLINE_CURVE_WITH_KNOTS('',3,(#7969,#7970,#7971,#7972,#7973,#7974,
#7975,#7976,#7977,#7978),.UNSPECIFIED.,.F.,.F.,(4,2,2,2,4),(0.0931899709687468,
0.103700434229932,0.114210897491118,0.135231824013489,0.14376723845281),
 .UNSPECIFIED.);
#40=B_SPLINE_CURVE_WITH_KNOTS('',3,(#7979,#7980,#7981,#7982,#7983,#7984,
#7985,#7986,#7987,#7988),.UNSPECIFIED.,.F.,.F.,(4,2,2,2,4),(0.042612703484705,
0.0511481179240098,0.0721690444463795,0.0826795077075643,0.0931899709687491),
 .UNSPECIFIED.);
#41=TOROIDAL_SURFACE('',#4701,21.7,0.3);
#42=TOROIDAL_SURFACE('',#5035,2.8,0.2);
#43=CYLINDRICAL_SURFACE('',#4699,18.5);
#44=CYLINDRICAL_SURFACE('',#4707,22.);
#45=CYLINDRICAL_SURFACE('',#4714,3.99999959977214);
#46=CYLINDRICAL_SURFACE('',#4718,1.2295);
#47=CYLINDRICAL_SURFACE('',#4722,1.2295);
#48=CYLINDRICAL_SURFACE('',#4726,1.2295);
#49=CYLINDRICAL_SURFACE('',#4757,2.49999999999998);
#50=CYLINDRICAL_SURFACE('',#4759,3.00000000000014);
#51=CYLINDRICAL_SURFACE('',#4761,2.00000000000016);
#52=CYLINDRICAL_SURFACE('',#4763,2.49999999999996);
#53=CYLINDRICAL_SURFACE('',#4765,2.50000000001495);
#54=CYLINDRICAL_SURFACE('',#4767,3.00000000000004);
#55=CYLINDRICAL_SURFACE('',#4769,2.00000000000016);
#56=CYLINDRICAL_SURFACE('',#4771,2.99999999999964);
#57=CYLINDRICAL_SURFACE('',#4773,2.50000000000001);
#58=CYLINDRICAL_SURFACE('',#4775,2.00000000004374);
#59=CYLINDRICAL_SURFACE('',#4778,2.00000000000028);
#60=CYLINDRICAL_SURFACE('',#4780,3.50000000000051);
#61=CYLINDRICAL_SURFACE('',#4782,2.0000000000001);
#62=CYLINDRICAL_SURFACE('',#4784,16.5000004029668);
#63=CYLINDRICAL_SURFACE('',#4787,1.99999999999633);
#64=CYLINDRICAL_SURFACE('',#4789,3.00000000001447);
#65=CYLINDRICAL_SURFACE('',#4791,5.99999979108561);
#66=CYLINDRICAL_SURFACE('',#4795,16.4999832940345);
#67=CYLINDRICAL_SURFACE('',#4798,2.00000000000027);
#68=CYLINDRICAL_SURFACE('',#4800,3.50000000000038);
#69=CYLINDRICAL_SURFACE('',#4802,2.00000000000071);
#70=CYLINDRICAL_SURFACE('',#4805,2.00000000000017);
#71=CYLINDRICAL_SURFACE('',#4807,5.99999979115136);
#72=CYLINDRICAL_SURFACE('',#4812,2.00000000000009);
#73=CYLINDRICAL_SURFACE('',#4814,5.99999979115131);
#74=CYLINDRICAL_SURFACE('',#4817,2.49999999999997);
#75=CYLINDRICAL_SURFACE('',#4819,3.00000000000016);
#76=CYLINDRICAL_SURFACE('',#4821,2.00000000000016);
#77=CYLINDRICAL_SURFACE('',#4823,16.4999680642575);
#78=CYLINDRICAL_SURFACE('',#4826,2.00000000000026);
#79=CYLINDRICAL_SURFACE('',#4828,3.49997403240899);
#80=CYLINDRICAL_SURFACE('',#4830,2.0000000000007);
#81=CYLINDRICAL_SURFACE('',#4833,2.0000000000007);
#82=CYLINDRICAL_SURFACE('',#4836,2.00000000000018);
#83=CYLINDRICAL_SURFACE('',#4838,2.00000000000011);
#84=CYLINDRICAL_SURFACE('',#4840,2.00000000000024);
#85=CYLINDRICAL_SURFACE('',#4842,3.50000000000035);
#86=CYLINDRICAL_SURFACE('',#4845,2.00000000004362);
#87=CYLINDRICAL_SURFACE('',#4848,2.00000000000029);
#88=CYLINDRICAL_SURFACE('',#4850,3.49998452404324);
#89=CYLINDRICAL_SURFACE('',#4852,2.00000000000006);
#90=CYLINDRICAL_SURFACE('',#4854,2.00000000000012);
#91=CYLINDRICAL_SURFACE('',#4856,2.99999999999964);
#92=CYLINDRICAL_SURFACE('',#4858,2.49999999999998);
#93=CYLINDRICAL_SURFACE('',#4861,2.00000000000029);
#94=CYLINDRICAL_SURFACE('',#4863,3.49999312351133);
#95=CYLINDRICAL_SURFACE('',#4865,2.00000000000002);
#96=CYLINDRICAL_SURFACE('',#4867,2.00000000004359);
#97=CYLINDRICAL_SURFACE('',#4885,1.5);
#98=CYLINDRICAL_SURFACE('',#4888,0.5);
#99=CYLINDRICAL_SURFACE('',#4901,0.5);
#100=CYLINDRICAL_SURFACE('',#4914,26.5);
#101=CYLINDRICAL_SURFACE('',#4927,2.2);
#102=CYLINDRICAL_SURFACE('',#4930,1.75);
#103=CYLINDRICAL_SURFACE('',#4933,2.2);
#104=CYLINDRICAL_SURFACE('',#4936,18.2999999999999);
#105=CYLINDRICAL_SURFACE('',#4939,2.2);
#106=CYLINDRICAL_SURFACE('',#4942,1.5);
#107=CYLINDRICAL_SURFACE('',#4945,2.2);
#108=CYLINDRICAL_SURFACE('',#4949,2.2);
#109=CYLINDRICAL_SURFACE('',#4952,1.75);
#110=CYLINDRICAL_SURFACE('',#4955,2.2);
#111=CYLINDRICAL_SURFACE('',#4958,2.2);
#112=CYLINDRICAL_SURFACE('',#4961,1.5);
#113=CYLINDRICAL_SURFACE('',#4964,2.2);
#114=CYLINDRICAL_SURFACE('',#4968,19.);
#115=CYLINDRICAL_SURFACE('',#4970,19.);
#116=CYLINDRICAL_SURFACE('',#4985,1.5);
#117=CYLINDRICAL_SURFACE('',#4993,7.50000000000001);
#118=CYLINDRICAL_SURFACE('',#4994,1.);
#119=CYLINDRICAL_SURFACE('',#4997,1.);
#120=CYLINDRICAL_SURFACE('',#5000,1.);
#121=CYLINDRICAL_SURFACE('',#5003,1.);
#122=CYLINDRICAL_SURFACE('',#5006,1.);
#123=CYLINDRICAL_SURFACE('',#5009,0.999999999999999);
#124=CYLINDRICAL_SURFACE('',#5012,0.800000000000023);
#125=CYLINDRICAL_SURFACE('',#5013,0.8);
#126=CYLINDRICAL_SURFACE('',#5014,0.8);
#127=CYLINDRICAL_SURFACE('',#5015,0.800000000000023);
#128=CYLINDRICAL_SURFACE('',#5017,2.19999999999996);
#129=CYLINDRICAL_SURFACE('',#5020,2.20000000000005);
#130=CYLINDRICAL_SURFACE('',#5026,18.3000000000014);
#131=CYLINDRICAL_SURFACE('',#5027,18.3);
#132=CYLINDRICAL_SURFACE('',#5028,18.3000000000025);
#133=CYLINDRICAL_SURFACE('',#5043,3.);
#134=CYLINDRICAL_SURFACE('',#5046,3.8);
#135=CYLINDRICAL_SURFACE('',#5056,2.);
#136=CYLINDRICAL_SURFACE('',#5061,2.);
#137=CYLINDRICAL_SURFACE('',#5066,20.);
#138=CYLINDRICAL_SURFACE('',#5076,1.1);
#139=CYLINDRICAL_SURFACE('',#5079,1.1);
#140=CYLINDRICAL_SURFACE('',#5082,19.0000000000001);
#141=CYLINDRICAL_SURFACE('',#5091,2.20000000000024);
#142=CYLINDRICAL_SURFACE('',#5094,2.20000000000022);
#143=CYLINDRICAL_SURFACE('',#5097,2.50000000000004);
#144=CYLINDRICAL_SURFACE('',#5119,2.2000000000001);
#145=CYLINDRICAL_SURFACE('',#5120,2.20000000000006);
#146=CYLINDRICAL_SURFACE('',#5121,2.50000000000004);
#147=CYLINDRICAL_SURFACE('',#5123,0.5);
#148=CYLINDRICAL_SURFACE('',#5124,0.5);
#149=CYLINDRICAL_SURFACE('',#5175,18.7);
#150=CYLINDRICAL_SURFACE('',#5178,1.35000000000002);
#151=CYLINDRICAL_SURFACE('',#5181,1.35000000000002);
#152=CYLINDRICAL_SURFACE('',#5184,1.35000000000002);
#153=CYLINDRICAL_SURFACE('',#5187,1.24999938669097);
#154=CYLINDRICAL_SURFACE('',#5189,1.24999938669105);
#155=CYLINDRICAL_SURFACE('',#5191,22.5000000453392);
#156=CYLINDRICAL_SURFACE('',#5194,24.999998818721);
#157=CYLINDRICAL_SURFACE('',#5196,1.24999938669097);
#158=CYLINDRICAL_SURFACE('',#5198,1.24999938669105);
#159=CYLINDRICAL_SURFACE('',#5200,1.24999938669097);
#160=CYLINDRICAL_SURFACE('',#5202,1.24999938669105);
#161=CYLINDRICAL_SURFACE('',#5204,1.99999999999989);
#162=CYLINDRICAL_SURFACE('',#5209,1.99999999999989);
#163=CYLINDRICAL_SURFACE('',#5214,1.99999999999989);
#164=CYLINDRICAL_SURFACE('',#5219,26.5);
#165=CYLINDRICAL_SURFACE('',#5231,20.);
#166=CYLINDRICAL_SURFACE('',#5236,22.);
#167=CYLINDRICAL_SURFACE('',#5241,1.35000000000002);
#168=CYLINDRICAL_SURFACE('',#5244,1.35000000000002);
#169=CYLINDRICAL_SURFACE('',#5247,1.35000000000002);
#170=CYLINDRICAL_SURFACE('',#5267,22.5000000453392);
#171=CYLINDRICAL_SURFACE('',#5270,24.999998818721);
#172=CYLINDRICAL_SURFACE('',#5273,1.24999938669105);
#173=CYLINDRICAL_SURFACE('',#5276,22.5000000453392);
#174=CYLINDRICAL_SURFACE('',#5279,1.24999938669097);
#175=CYLINDRICAL_SURFACE('',#5282,24.999998818721);
#176=CYLINDRICAL_SURFACE('',#5285,1.24999938669097);
#177=CYLINDRICAL_SURFACE('',#5288,1.24999938669105);
#178=CYLINDRICAL_SURFACE('',#5291,22.5000000453392);
#179=CYLINDRICAL_SURFACE('',#5294,24.999998818721);
#180=CYLINDRICAL_SURFACE('',#5297,1.24999938669105);
#181=CYLINDRICAL_SURFACE('',#5300,22.5000000453392);
#182=CYLINDRICAL_SURFACE('',#5303,1.24999938669097);
#183=CYLINDRICAL_SURFACE('',#5306,24.999998818721);
#184=CYLINDRICAL_SURFACE('',#5309,22.5000000453392);
#185=CYLINDRICAL_SURFACE('',#5311,24.999998818721);
#186=FACE_BOUND('',#557,.T.);
#187=FACE_BOUND('',#558,.T.);
#188=FACE_BOUND('',#559,.T.);
#189=FACE_BOUND('',#560,.T.);
#190=FACE_BOUND('',#561,.T.);
#191=FACE_BOUND('',#562,.T.);
#192=FACE_BOUND('',#563,.T.);
#193=FACE_BOUND('',#568,.T.);
#194=FACE_BOUND('',#646,.T.);
#195=FACE_BOUND('',#652,.T.);
#196=FACE_BOUND('',#653,.T.);
#197=FACE_BOUND('',#654,.T.);
#198=FACE_BOUND('',#659,.T.);
#199=FACE_BOUND('',#660,.T.);
#200=FACE_BOUND('',#661,.T.);
#201=FACE_BOUND('',#684,.T.);
#202=FACE_BOUND('',#685,.T.);
#203=FACE_BOUND('',#687,.T.);
#204=FACE_BOUND('',#688,.T.);
#205=FACE_BOUND('',#704,.T.);
#206=FACE_BOUND('',#709,.T.);
#207=FACE_BOUND('',#710,.T.);
#208=FACE_BOUND('',#725,.T.);
#209=FACE_BOUND('',#739,.T.);
#210=FACE_BOUND('',#740,.T.);
#211=FACE_BOUND('',#746,.T.);
#212=FACE_BOUND('',#748,.T.);
#213=FACE_BOUND('',#794,.T.);
#214=FACE_BOUND('',#795,.T.);
#215=FACE_BOUND('',#796,.T.);
#216=FACE_BOUND('',#797,.T.);
#217=FACE_BOUND('',#798,.T.);
#218=FACE_BOUND('',#799,.T.);
#219=FACE_BOUND('',#800,.T.);
#220=FACE_BOUND('',#801,.T.);
#221=FACE_BOUND('',#802,.T.);
#222=FACE_BOUND('',#803,.T.);
#223=FACE_BOUND('',#804,.T.);
#224=FACE_BOUND('',#805,.T.);
#225=FACE_BOUND('',#806,.T.);
#226=FACE_BOUND('',#824,.T.);
#227=FACE_BOUND('',#826,.T.);
#228=FACE_BOUND('',#827,.T.);
#229=FACE_BOUND('',#828,.T.);
#230=FACE_BOUND('',#829,.T.);
#231=FACE_BOUND('',#830,.T.);
#232=FACE_BOUND('',#831,.T.);
#233=FACE_BOUND('',#832,.T.);
#234=FACE_BOUND('',#840,.T.);
#235=PLANE('',#4661);
#236=PLANE('',#4710);
#237=PLANE('',#4717);
#238=PLANE('',#4721);
#239=PLANE('',#4725);
#240=PLANE('',#4729);
#241=PLANE('',#4730);
#242=PLANE('',#4739);
#243=PLANE('',#4748);
#244=PLANE('',#4777);
#245=PLANE('',#4794);
#246=PLANE('',#4804);
#247=PLANE('',#4810);
#248=PLANE('',#4811);
#249=PLANE('',#4832);
#250=PLANE('',#4835);
#251=PLANE('',#4844);
#252=PLANE('',#4847);
#253=PLANE('',#4860);
#254=PLANE('',#4869);
#255=PLANE('',#4870);
#256=PLANE('',#4871);
#257=PLANE('',#4873);
#258=PLANE('',#4875);
#259=PLANE('',#4877);
#260=PLANE('',#4879);
#261=PLANE('',#4882);
#262=PLANE('',#4887);
#263=PLANE('',#4891);
#264=PLANE('',#4900);
#265=PLANE('',#4904);
#266=PLANE('',#4905);
#267=PLANE('',#4922);
#268=PLANE('',#4926);
#269=PLANE('',#4948);
#270=PLANE('',#4972);
#271=PLANE('',#4979);
#272=PLANE('',#4987);
#273=PLANE('',#5016);
#274=PLANE('',#5019);
#275=PLANE('',#5022);
#276=PLANE('',#5029);
#277=PLANE('',#5030);
#278=PLANE('',#5031);
#279=PLANE('',#5032);
#280=PLANE('',#5033);
#281=PLANE('',#5034);
#282=PLANE('',#5042);
#283=PLANE('',#5049);
#284=PLANE('',#5100);
#285=PLANE('',#5101);
#286=PLANE('',#5104);
#287=PLANE('',#5105);
#288=PLANE('',#5109);
#289=PLANE('',#5110);
#290=PLANE('',#5113);
#291=PLANE('',#5115);
#292=PLANE('',#5250);
#293=PLANE('',#5314);
#294=PLANE('',#5315);
#295=PLANE('',#5316);
#296=PLANE('',#5317);
#297=PLANE('',#5318);
#298=PLANE('',#5319);
#299=PLANE('',#5320);
#300=PLANE('',#5321);
#301=PLANE('',#5322);
#302=FACE_OUTER_BOUND('',#555,.T.);
#303=FACE_OUTER_BOUND('',#556,.T.);
#304=FACE_OUTER_BOUND('',#564,.T.);
#305=FACE_OUTER_BOUND('',#565,.T.);
#306=FACE_OUTER_BOUND('',#566,.T.);
#307=FACE_OUTER_BOUND('',#567,.T.);
#308=FACE_OUTER_BOUND('',#569,.T.);
#309=FACE_OUTER_BOUND('',#570,.T.);
#310=FACE_OUTER_BOUND('',#571,.T.);
#311=FACE_OUTER_BOUND('',#572,.T.);
#312=FACE_OUTER_BOUND('',#573,.T.);
#313=FACE_OUTER_BOUND('',#574,.T.);
#314=FACE_OUTER_BOUND('',#575,.T.);
#315=FACE_OUTER_BOUND('',#576,.T.);
#316=FACE_OUTER_BOUND('',#577,.T.);
#317=FACE_OUTER_BOUND('',#578,.T.);
#318=FACE_OUTER_BOUND('',#579,.T.);
#319=FACE_OUTER_BOUND('',#580,.T.);
#320=FACE_OUTER_BOUND('',#581,.T.);
#321=FACE_OUTER_BOUND('',#582,.T.);
#322=FACE_OUTER_BOUND('',#583,.T.);
#323=FACE_OUTER_BOUND('',#584,.T.);
#324=FACE_OUTER_BOUND('',#585,.T.);
#325=FACE_OUTER_BOUND('',#586,.T.);
#326=FACE_OUTER_BOUND('',#587,.T.);
#327=FACE_OUTER_BOUND('',#588,.T.);
#328=FACE_OUTER_BOUND('',#589,.T.);
#329=FACE_OUTER_BOUND('',#590,.T.);
#330=FACE_OUTER_BOUND('',#591,.T.);
#331=FACE_OUTER_BOUND('',#592,.T.);
#332=FACE_OUTER_BOUND('',#593,.T.);
#333=FACE_OUTER_BOUND('',#594,.T.);
#334=FACE_OUTER_BOUND('',#595,.T.);
#335=FACE_OUTER_BOUND('',#596,.T.);
#336=FACE_OUTER_BOUND('',#597,.T.);
#337=FACE_OUTER_BOUND('',#598,.T.);
#338=FACE_OUTER_BOUND('',#599,.T.);
#339=FACE_OUTER_BOUND('',#600,.T.);
#340=FACE_OUTER_BOUND('',#601,.T.);
#341=FACE_OUTER_BOUND('',#602,.T.);
#342=FACE_OUTER_BOUND('',#603,.T.);
#343=FACE_OUTER_BOUND('',#604,.T.);
#344=FACE_OUTER_BOUND('',#605,.T.);
#345=FACE_OUTER_BOUND('',#606,.T.);
#346=FACE_OUTER_BOUND('',#607,.T.);
#347=FACE_OUTER_BOUND('',#608,.T.);
#348=FACE_OUTER_BOUND('',#609,.T.);
#349=FACE_OUTER_BOUND('',#610,.T.);
#350=FACE_OUTER_BOUND('',#611,.T.);
#351=FACE_OUTER_BOUND('',#612,.T.);
#352=FACE_OUTER_BOUND('',#613,.T.);
#353=FACE_OUTER_BOUND('',#614,.T.);
#354=FACE_OUTER_BOUND('',#615,.T.);
#355=FACE_OUTER_BOUND('',#616,.T.);
#356=FACE_OUTER_BOUND('',#617,.T.);
#357=FACE_OUTER_BOUND('',#618,.T.);
#358=FACE_OUTER_BOUND('',#619,.T.);
#359=FACE_OUTER_BOUND('',#620,.T.);
#360=FACE_OUTER_BOUND('',#621,.T.);
#361=FACE_OUTER_BOUND('',#622,.T.);
#362=FACE_OUTER_BOUND('',#623,.T.);
#363=FACE_OUTER_BOUND('',#624,.T.);
#364=FACE_OUTER_BOUND('',#625,.T.);
#365=FACE_OUTER_BOUND('',#626,.T.);
#366=FACE_OUTER_BOUND('',#627,.T.);
#367=FACE_OUTER_BOUND('',#628,.T.);
#368=FACE_OUTER_BOUND('',#629,.T.);
#369=FACE_OUTER_BOUND('',#630,.T.);
#370=FACE_OUTER_BOUND('',#631,.T.);
#371=FACE_OUTER_BOUND('',#632,.T.);
#372=FACE_OUTER_BOUND('',#633,.T.);
#373=FACE_OUTER_BOUND('',#634,.T.);
#374=FACE_OUTER_BOUND('',#635,.T.);
#375=FACE_OUTER_BOUND('',#636,.T.);
#376=FACE_OUTER_BOUND('',#637,.T.);
#377=FACE_OUTER_BOUND('',#638,.T.);
#378=FACE_OUTER_BOUND('',#639,.T.);
#379=FACE_OUTER_BOUND('',#640,.T.);
#380=FACE_OUTER_BOUND('',#641,.T.);
#381=FACE_OUTER_BOUND('',#642,.T.);
#382=FACE_OUTER_BOUND('',#643,.T.);
#383=FACE_OUTER_BOUND('',#644,.T.);
#384=FACE_OUTER_BOUND('',#645,.T.);
#385=FACE_OUTER_BOUND('',#647,.T.);
#386=FACE_OUTER_BOUND('',#648,.T.);
#387=FACE_OUTER_BOUND('',#649,.T.);
#388=FACE_OUTER_BOUND('',#650,.T.);
#389=FACE_OUTER_BOUND('',#651,.T.);
#390=FACE_OUTER_BOUND('',#655,.T.);
#391=FACE_OUTER_BOUND('',#656,.T.);
#392=FACE_OUTER_BOUND('',#657,.T.);
#393=FACE_OUTER_BOUND('',#658,.T.);
#394=FACE_OUTER_BOUND('',#662,.T.);
#395=FACE_OUTER_BOUND('',#663,.T.);
#396=FACE_OUTER_BOUND('',#664,.T.);
#397=FACE_OUTER_BOUND('',#665,.T.);
#398=FACE_OUTER_BOUND('',#666,.T.);
#399=FACE_OUTER_BOUND('',#667,.T.);
#400=FACE_OUTER_BOUND('',#668,.T.);
#401=FACE_OUTER_BOUND('',#669,.T.);
#402=FACE_OUTER_BOUND('',#670,.T.);
#403=FACE_OUTER_BOUND('',#671,.T.);
#404=FACE_OUTER_BOUND('',#672,.T.);
#405=FACE_OUTER_BOUND('',#673,.T.);
#406=FACE_OUTER_BOUND('',#674,.T.);
#407=FACE_OUTER_BOUND('',#675,.T.);
#408=FACE_OUTER_BOUND('',#676,.T.);
#409=FACE_OUTER_BOUND('',#677,.T.);
#410=FACE_OUTER_BOUND('',#678,.T.);
#411=FACE_OUTER_BOUND('',#679,.T.);
#412=FACE_OUTER_BOUND('',#680,.T.);
#413=FACE_OUTER_BOUND('',#681,.T.);
#414=FACE_OUTER_BOUND('',#682,.T.);
#415=FACE_OUTER_BOUND('',#683,.T.);
#416=FACE_OUTER_BOUND('',#686,.T.);
#417=FACE_OUTER_BOUND('',#689,.T.);
#418=FACE_OUTER_BOUND('',#690,.T.);
#419=FACE_OUTER_BOUND('',#691,.T.);
#420=FACE_OUTER_BOUND('',#692,.T.);
#421=FACE_OUTER_BOUND('',#693,.T.);
#422=FACE_OUTER_BOUND('',#694,.T.);
#423=FACE_OUTER_BOUND('',#695,.T.);
#424=FACE_OUTER_BOUND('',#696,.T.);
#425=FACE_OUTER_BOUND('',#697,.T.);
#426=FACE_OUTER_BOUND('',#698,.T.);
#427=FACE_OUTER_BOUND('',#699,.T.);
#428=FACE_OUTER_BOUND('',#700,.T.);
#429=FACE_OUTER_BOUND('',#701,.T.);
#430=FACE_OUTER_BOUND('',#702,.T.);
#431=FACE_OUTER_BOUND('',#703,.T.);
#432=FACE_OUTER_BOUND('',#705,.T.);
#433=FACE_OUTER_BOUND('',#706,.T.);
#434=FACE_OUTER_BOUND('',#707,.T.);
#435=FACE_OUTER_BOUND('',#708,.T.);
#436=FACE_OUTER_BOUND('',#711,.T.);
#437=FACE_OUTER_BOUND('',#712,.T.);
#438=FACE_OUTER_BOUND('',#713,.T.);
#439=FACE_OUTER_BOUND('',#714,.T.);
#440=FACE_OUTER_BOUND('',#715,.T.);
#441=FACE_OUTER_BOUND('',#716,.T.);
#442=FACE_OUTER_BOUND('',#717,.T.);
#443=FACE_OUTER_BOUND('',#718,.T.);
#444=FACE_OUTER_BOUND('',#719,.T.);
#445=FACE_OUTER_BOUND('',#720,.T.);
#446=FACE_OUTER_BOUND('',#721,.T.);
#447=FACE_OUTER_BOUND('',#722,.T.);
#448=FACE_OUTER_BOUND('',#723,.T.);
#449=FACE_OUTER_BOUND('',#724,.T.);
#450=FACE_OUTER_BOUND('',#726,.T.);
#451=FACE_OUTER_BOUND('',#727,.T.);
#452=FACE_OUTER_BOUND('',#728,.T.);
#453=FACE_OUTER_BOUND('',#729,.T.);
#454=FACE_OUTER_BOUND('',#730,.T.);
#455=FACE_OUTER_BOUND('',#731,.T.);
#456=FACE_OUTER_BOUND('',#732,.T.);
#457=FACE_OUTER_BOUND('',#733,.T.);
#458=FACE_OUTER_BOUND('',#734,.T.);
#459=FACE_OUTER_BOUND('',#735,.T.);
#460=FACE_OUTER_BOUND('',#736,.T.);
#461=FACE_OUTER_BOUND('',#737,.T.);
#462=FACE_OUTER_BOUND('',#738,.T.);
#463=FACE_OUTER_BOUND('',#741,.T.);
#464=FACE_OUTER_BOUND('',#742,.T.);
#465=FACE_OUTER_BOUND('',#743,.T.);
#466=FACE_OUTER_BOUND('',#744,.T.);
#467=FACE_OUTER_BOUND('',#745,.T.);
#468=FACE_OUTER_BOUND('',#747,.T.);
#469=FACE_OUTER_BOUND('',#749,.T.);
#470=FACE_OUTER_BOUND('',#750,.T.);
#471=FACE_OUTER_BOUND('',#751,.T.);
#472=FACE_OUTER_BOUND('',#752,.T.);
#473=FACE_OUTER_BOUND('',#753,.T.);
#474=FACE_OUTER_BOUND('',#754,.T.);
#475=FACE_OUTER_BOUND('',#755,.T.);
#476=FACE_OUTER_BOUND('',#756,.T.);
#477=FACE_OUTER_BOUND('',#757,.T.);
#478=FACE_OUTER_BOUND('',#758,.T.);
#479=FACE_OUTER_BOUND('',#759,.T.);
#480=FACE_OUTER_BOUND('',#760,.T.);
#481=FACE_OUTER_BOUND('',#761,.T.);
#482=FACE_OUTER_BOUND('',#762,.T.);
#483=FACE_OUTER_BOUND('',#763,.T.);
#484=FACE_OUTER_BOUND('',#764,.T.);
#485=FACE_OUTER_BOUND('',#765,.T.);
#486=FACE_OUTER_BOUND('',#766,.T.);
#487=FACE_OUTER_BOUND('',#767,.T.);
#488=FACE_OUTER_BOUND('',#768,.T.);
#489=FACE_OUTER_BOUND('',#769,.T.);
#490=FACE_OUTER_BOUND('',#770,.T.);
#491=FACE_OUTER_BOUND('',#771,.T.);
#492=FACE_OUTER_BOUND('',#772,.T.);
#493=FACE_OUTER_BOUND('',#773,.T.);
#494=FACE_OUTER_BOUND('',#774,.T.);
#495=FACE_OUTER_BOUND('',#775,.T.);
#496=FACE_OUTER_BOUND('',#776,.T.);
#497=FACE_OUTER_BOUND('',#777,.T.);
#498=FACE_OUTER_BOUND('',#778,.T.);
#499=FACE_OUTER_BOUND('',#779,.T.);
#500=FACE_OUTER_BOUND('',#780,.T.);
#501=FACE_OUTER_BOUND('',#781,.T.);
#502=FACE_OUTER_BOUND('',#782,.T.);
#503=FACE_OUTER_BOUND('',#783,.T.);
#504=FACE_OUTER_BOUND('',#784,.T.);
#505=FACE_OUTER_BOUND('',#785,.T.);
#506=FACE_OUTER_BOUND('',#786,.T.);
#507=FACE_OUTER_BOUND('',#787,.T.);
#508=FACE_OUTER_BOUND('',#788,.T.);
#509=FACE_OUTER_BOUND('',#789,.T.);
#510=FACE_OUTER_BOUND('',#790,.T.);
#511=FACE_OUTER_BOUND('',#791,.T.);
#512=FACE_OUTER_BOUND('',#792,.T.);
#513=FACE_OUTER_BOUND('',#793,.T.);
#514=FACE_OUTER_BOUND('',#807,.T.);
#515=FACE_OUTER_BOUND('',#808,.T.);
#516=FACE_OUTER_BOUND('',#809,.T.);
#517=FACE_OUTER_BOUND('',#810,.T.);
#518=FACE_OUTER_BOUND('',#811,.T.);
#519=FACE_OUTER_BOUND('',#812,.T.);
#520=FACE_OUTER_BOUND('',#813,.T.);
#521=FACE_OUTER_BOUND('',#814,.T.);
#522=FACE_OUTER_BOUND('',#815,.T.);
#523=FACE_OUTER_BOUND('',#816,.T.);
#524=FACE_OUTER_BOUND('',#817,.T.);
#525=FACE_OUTER_BOUND('',#818,.T.);
#526=FACE_OUTER_BOUND('',#819,.T.);
#527=FACE_OUTER_BOUND('',#820,.T.);
#528=FACE_OUTER_BOUND('',#821,.T.);
#529=FACE_OUTER_BOUND('',#822,.T.);
#530=FACE_OUTER_BOUND('',#823,.T.);
#531=FACE_OUTER_BOUND('',#825,.T.);
#532=FACE_OUTER_BOUND('',#833,.T.);
#533=FACE_OUTER_BOUND('',#834,.T.);
#534=FACE_OUTER_BOUND('',#835,.T.);
#535=FACE_OUTER_BOUND('',#836,.T.);
#536=FACE_OUTER_BOUND('',#837,.T.);
#537=FACE_OUTER_BOUND('',#838,.T.);
#538=FACE_OUTER_BOUND('',#839,.T.);
#539=FACE_OUTER_BOUND('',#841,.T.);
#540=FACE_OUTER_BOUND('',#842,.T.);
#541=FACE_OUTER_BOUND('',#843,.T.);
#542=FACE_OUTER_BOUND('',#844,.T.);
#543=FACE_OUTER_BOUND('',#845,.T.);
#544=FACE_OUTER_BOUND('',#846,.T.);
#545=FACE_OUTER_BOUND('',#847,.T.);
#546=FACE_OUTER_BOUND('',#848,.T.);
#547=FACE_OUTER_BOUND('',#849,.T.);
#548=FACE_OUTER_BOUND('',#850,.T.);
#549=FACE_OUTER_BOUND('',#851,.T.);
#550=FACE_OUTER_BOUND('',#852,.T.);
#551=FACE_OUTER_BOUND('',#853,.T.);
#552=FACE_OUTER_BOUND('',#854,.T.);
#553=FACE_OUTER_BOUND('',#855,.T.);
#554=FACE_OUTER_BOUND('',#856,.T.);
#555=EDGE_LOOP('',(#2922,#2923,#2924,#2925,#2926));
#556=EDGE_LOOP('',(#2927));
#557=EDGE_LOOP('',(#2928));
#558=EDGE_LOOP('',(#2929,#2930));
#559=EDGE_LOOP('',(#2931,#2932));
#560=EDGE_LOOP('',(#2933,#2934));
#561=EDGE_LOOP('',(#2935,#2936,#2937,#2938,#2939,#2940,#2941,#2942,#2943,
#2944,#2945,#2946));
#562=EDGE_LOOP('',(#2947,#2948,#2949,#2950,#2951,#2952,#2953,#2954,#2955,
#2956,#2957,#2958));
#563=EDGE_LOOP('',(#2959,#2960,#2961,#2962,#2963,#2964,#2965,#2966,#2967,
#2968,#2969,#2970));
#564=EDGE_LOOP('',(#2971,#2972,#2973,#2974,#2975));
#565=EDGE_LOOP('',(#2976,#2977,#2978,#2979,#2980,#2981));
#566=EDGE_LOOP('',(#2982,#2983,#2984,#2985,#2986,#2987));
#567=EDGE_LOOP('',(#2988,#2989));
#568=EDGE_LOOP('',(#2990));
#569=EDGE_LOOP('',(#2991,#2992,#2993,#2994,#2995));
#570=EDGE_LOOP('',(#2996,#2997,#2998,#2999,#3000,#3001));
#571=EDGE_LOOP('',(#3002,#3003));
#572=EDGE_LOOP('',(#3004,#3005,#3006,#3007,#3008,#3009));
#573=EDGE_LOOP('',(#3010,#3011));
#574=EDGE_LOOP('',(#3012,#3013,#3014,#3015,#3016,#3017));
#575=EDGE_LOOP('',(#3018,#3019));
#576=EDGE_LOOP('',(#3020,#3021,#3022,#3023,#3024,#3025));
#577=EDGE_LOOP('',(#3026,#3027));
#578=EDGE_LOOP('',(#3028,#3029,#3030,#3031,#3032,#3033,#3034,#3035));
#579=EDGE_LOOP('',(#3036,#3037,#3038,#3039,#3040,#3041,#3042,#3043));
#580=EDGE_LOOP('',(#3044,#3045,#3046,#3047,#3048,#3049,#3050,#3051));
#581=EDGE_LOOP('',(#3052,#3053,#3054,#3055));
#582=EDGE_LOOP('',(#3056,#3057,#3058,#3059));
#583=EDGE_LOOP('',(#3060,#3061,#3062,#3063));
#584=EDGE_LOOP('',(#3064,#3065,#3066,#3067));
#585=EDGE_LOOP('',(#3068,#3069,#3070,#3071));
#586=EDGE_LOOP('',(#3072,#3073,#3074,#3075));
#587=EDGE_LOOP('',(#3076,#3077,#3078,#3079));
#588=EDGE_LOOP('',(#3080,#3081,#3082,#3083));
#589=EDGE_LOOP('',(#3084,#3085,#3086,#3087));
#590=EDGE_LOOP('',(#3088,#3089,#3090,#3091));
#591=EDGE_LOOP('',(#3092,#3093,#3094,#3095));
#592=EDGE_LOOP('',(#3096,#3097,#3098,#3099));
#593=EDGE_LOOP('',(#3100,#3101,#3102,#3103));
#594=EDGE_LOOP('',(#3104,#3105,#3106,#3107));
#595=EDGE_LOOP('',(#3108,#3109,#3110,#3111,#3112,#3113,#3114,#3115));
#596=EDGE_LOOP('',(#3116,#3117,#3118,#3119));
#597=EDGE_LOOP('',(#3120,#3121,#3122,#3123));
#598=EDGE_LOOP('',(#3124,#3125,#3126,#3127,#3128,#3129,#3130,#3131));
#599=EDGE_LOOP('',(#3132,#3133,#3134,#3135,#3136,#3137,#3138,#3139,#3140,
#3141));
#600=EDGE_LOOP('',(#3142,#3143,#3144,#3145,#3146,#3147,#3148,#3149));
#601=EDGE_LOOP('',(#3150,#3151,#3152,#3153));
#602=EDGE_LOOP('',(#3154,#3155,#3156,#3157));
#603=EDGE_LOOP('',(#3158,#3159,#3160,#3161));
#604=EDGE_LOOP('',(#3162,#3163,#3164,#3165));
#605=EDGE_LOOP('',(#3166,#3167,#3168,#3169));
#606=EDGE_LOOP('',(#3170,#3171,#3172,#3173,#3174,#3175,#3176,#3177));
#607=EDGE_LOOP('',(#3178,#3179,#3180,#3181,#3182,#3183,#3184,#3185,#3186,
#3187));
#608=EDGE_LOOP('',(#3188,#3189,#3190,#3191));
#609=EDGE_LOOP('',(#3192,#3193,#3194,#3195));
#610=EDGE_LOOP('',(#3196,#3197,#3198,#3199,#3200,#3201,#3202,#3203));
#611=EDGE_LOOP('',(#3204,#3205,#3206,#3207));
#612=EDGE_LOOP('',(#3208,#3209,#3210,#3211));
#613=EDGE_LOOP('',(#3212,#3213,#3214,#3215));
#614=EDGE_LOOP('',(#3216,#3217,#3218,#3219,#3220,#3221,#3222,#3223));
#615=EDGE_LOOP('',(#3224,#3225,#3226,#3227));
#616=EDGE_LOOP('',(#3228,#3229,#3230,#3231));
#617=EDGE_LOOP('',(#3232,#3233,#3234,#3235));
#618=EDGE_LOOP('',(#3236,#3237,#3238,#3239,#3240,#3241,#3242,#3243,#3244,
#3245));
#619=EDGE_LOOP('',(#3246,#3247,#3248,#3249));
#620=EDGE_LOOP('',(#3250,#3251,#3252,#3253));
#621=EDGE_LOOP('',(#3254,#3255,#3256,#3257));
#622=EDGE_LOOP('',(#3258,#3259,#3260,#3261));
#623=EDGE_LOOP('',(#3262,#3263,#3264,#3265));
#624=EDGE_LOOP('',(#3266,#3267,#3268,#3269));
#625=EDGE_LOOP('',(#3270,#3271,#3272,#3273,#3274,#3275,#3276,#3277,#3278,
#3279));
#626=EDGE_LOOP('',(#3280,#3281,#3282,#3283));
#627=EDGE_LOOP('',(#3284,#3285,#3286,#3287));
#628=EDGE_LOOP('',(#3288,#3289,#3290,#3291));
#629=EDGE_LOOP('',(#3292,#3293,#3294,#3295));
#630=EDGE_LOOP('',(#3296,#3297,#3298,#3299));
#631=EDGE_LOOP('',(#3300,#3301,#3302,#3303));
#632=EDGE_LOOP('',(#3304,#3305,#3306,#3307));
#633=EDGE_LOOP('',(#3308,#3309,#3310,#3311));
#634=EDGE_LOOP('',(#3312,#3313,#3314,#3315,#3316,#3317,#3318,#3319,#3320,
#3321));
#635=EDGE_LOOP('',(#3322,#3323,#3324,#3325));
#636=EDGE_LOOP('',(#3326,#3327,#3328,#3329));
#637=EDGE_LOOP('',(#3330,#3331,#3332,#3333));
#638=EDGE_LOOP('',(#3334,#3335,#3336,#3337));
#639=EDGE_LOOP('',(#3338,#3339,#3340,#3341));
#640=EDGE_LOOP('',(#3342,#3343,#3344,#3345,#3346,#3347,#3348,#3349,#3350,
#3351));
#641=EDGE_LOOP('',(#3352));
#642=EDGE_LOOP('',(#3353));
#643=EDGE_LOOP('',(#3354));
#644=EDGE_LOOP('',(#3355));
#645=EDGE_LOOP('',(#3356));
#646=EDGE_LOOP('',(#3357));
#647=EDGE_LOOP('',(#3358,#3359,#3360,#3361));
#648=EDGE_LOOP('',(#3362,#3363,#3364,#3365));
#649=EDGE_LOOP('',(#3366,#3367,#3368,#3369));
#650=EDGE_LOOP('',(#3370,#3371,#3372,#3373,#3374));
#651=EDGE_LOOP('',(#3375,#3376,#3377,#3378,#3379));
#652=EDGE_LOOP('',(#3380,#3381));
#653=EDGE_LOOP('',(#3382,#3383));
#654=EDGE_LOOP('',(#3384,#3385));
#655=EDGE_LOOP('',(#3386,#3387,#3388,#3389,#3390,#3391,#3392,#3393));
#656=EDGE_LOOP('',(#3394,#3395,#3396,#3397,#3398));
#657=EDGE_LOOP('',(#3399,#3400,#3401,#3402,#3403,#3404,#3405,#3406));
#658=EDGE_LOOP('',(#3407,#3408,#3409,#3410,#3411));
#659=EDGE_LOOP('',(#3412,#3413));
#660=EDGE_LOOP('',(#3414,#3415));
#661=EDGE_LOOP('',(#3416,#3417));
#662=EDGE_LOOP('',(#3418,#3419,#3420,#3421,#3422,#3423,#3424,#3425,#3426,
#3427,#3428,#3429,#3430));
#663=EDGE_LOOP('',(#3431,#3432,#3433,#3434,#3435,#3436,#3437,#3438));
#664=EDGE_LOOP('',(#3439,#3440,#3441,#3442));
#665=EDGE_LOOP('',(#3443,#3444,#3445,#3446,#3447,#3448,#3449));
#666=EDGE_LOOP('',(#3450,#3451,#3452,#3453));
#667=EDGE_LOOP('',(#3454,#3455,#3456,#3457));
#668=EDGE_LOOP('',(#3458,#3459,#3460,#3461));
#669=EDGE_LOOP('',(#3462,#3463,#3464,#3465));
#670=EDGE_LOOP('',(#3466,#3467,#3468,#3469));
#671=EDGE_LOOP('',(#3470,#3471,#3472,#3473));
#672=EDGE_LOOP('',(#3474,#3475,#3476,#3477));
#673=EDGE_LOOP('',(#3478,#3479,#3480,#3481,#3482,#3483,#3484));
#674=EDGE_LOOP('',(#3485,#3486,#3487,#3488));
#675=EDGE_LOOP('',(#3489,#3490,#3491,#3492));
#676=EDGE_LOOP('',(#3493,#3494,#3495,#3496));
#677=EDGE_LOOP('',(#3497,#3498,#3499,#3500));
#678=EDGE_LOOP('',(#3501,#3502,#3503,#3504));
#679=EDGE_LOOP('',(#3505,#3506,#3507,#3508));
#680=EDGE_LOOP('',(#3509,#3510,#3511,#3512,#3513));
#681=EDGE_LOOP('',(#3514,#3515,#3516,#3517));
#682=EDGE_LOOP('',(#3518,#3519,#3520,#3521));
#683=EDGE_LOOP('',(#3522,#3523,#3524,#3525,#3526,#3527,#3528,#3529,#3530,
#3531,#3532));
#684=EDGE_LOOP('',(#3533,#3534));
#685=EDGE_LOOP('',(#3535,#3536));
#686=EDGE_LOOP('',(#3537,#3538,#3539,#3540,#3541,#3542,#3543,#3544,#3545,
#3546,#3547));
#687=EDGE_LOOP('',(#3548,#3549));
#688=EDGE_LOOP('',(#3550,#3551));
#689=EDGE_LOOP('',(#3552,#3553,#3554,#3555));
#690=EDGE_LOOP('',(#3556,#3557,#3558,#3559));
#691=EDGE_LOOP('',(#3560,#3561,#3562,#3563,#3564,#3565));
#692=EDGE_LOOP('',(#3566,#3567,#3568,#3569,#3570));
#693=EDGE_LOOP('',(#3571,#3572,#3573,#3574,#3575,#3576));
#694=EDGE_LOOP('',(#3577,#3578,#3579,#3580,#3581,#3582));
#695=EDGE_LOOP('',(#3583,#3584,#3585,#3586,#3587,#3588));
#696=EDGE_LOOP('',(#3589,#3590,#3591,#3592,#3593,#3594));
#697=EDGE_LOOP('',(#3595,#3596,#3597,#3598,#3599,#3600));
#698=EDGE_LOOP('',(#3601,#3602,#3603,#3604,#3605,#3606));
#699=EDGE_LOOP('',(#3607,#3608,#3609,#3610,#3611));
#700=EDGE_LOOP('',(#3612,#3613,#3614,#3615,#3616));
#701=EDGE_LOOP('',(#3617,#3618,#3619,#3620,#3621));
#702=EDGE_LOOP('',(#3622,#3623,#3624,#3625,#3626));
#703=EDGE_LOOP('',(#3627,#3628));
#704=EDGE_LOOP('',(#3629,#3630));
#705=EDGE_LOOP('',(#3631,#3632,#3633,#3634));
#706=EDGE_LOOP('',(#3635,#3636,#3637,#3638));
#707=EDGE_LOOP('',(#3639,#3640,#3641,#3642));
#708=EDGE_LOOP('',(#3643,#3644,#3645,#3646,#3647,#3648,#3649,#3650,#3651,
#3652,#3653,#3654,#3655,#3656,#3657,#3658,#3659,#3660,#3661,#3662,#3663,
#3664,#3665,#3666));
#709=EDGE_LOOP('',(#3667,#3668,#3669,#3670));
#710=EDGE_LOOP('',(#3671,#3672));
#711=EDGE_LOOP('',(#3673,#3674,#3675,#3676));
#712=EDGE_LOOP('',(#3677,#3678,#3679,#3680));
#713=EDGE_LOOP('',(#3681,#3682,#3683,#3684));
#714=EDGE_LOOP('',(#3685,#3686));
#715=EDGE_LOOP('',(#3687,#3688));
#716=EDGE_LOOP('',(#3689,#3690));
#717=EDGE_LOOP('',(#3691,#3692));
#718=EDGE_LOOP('',(#3693,#3694));
#719=EDGE_LOOP('',(#3695,#3696));
#720=EDGE_LOOP('',(#3697,#3698,#3699,#3700,#3701,#3702,#3703));
#721=EDGE_LOOP('',(#3704,#3705));
#722=EDGE_LOOP('',(#3706,#3707,#3708,#3709,#3710,#3711,#3712));
#723=EDGE_LOOP('',(#3713,#3714,#3715,#3716,#3717));
#724=EDGE_LOOP('',(#3718,#3719));
#725=EDGE_LOOP('',(#3720,#3721));
#726=EDGE_LOOP('',(#3722,#3723,#3724,#3725,#3726,#3727));
#727=EDGE_LOOP('',(#3728,#3729,#3730,#3731,#3732,#3733));
#728=EDGE_LOOP('',(#3734,#3735,#3736,#3737,#3738,#3739));
#729=EDGE_LOOP('',(#3740,#3741,#3742,#3743,#3744,#3745,#3746,#3747,#3748));
#730=EDGE_LOOP('',(#3749,#3750,#3751,#3752,#3753,#3754));
#731=EDGE_LOOP('',(#3755,#3756,#3757,#3758,#3759,#3760));
#732=EDGE_LOOP('',(#3761,#3762,#3763,#3764,#3765,#3766));
#733=EDGE_LOOP('',(#3767,#3768,#3769,#3770,#3771,#3772));
#734=EDGE_LOOP('',(#3773,#3774,#3775,#3776,#3777,#3778,#3779,#3780,#3781,
#3782,#3783,#3784,#3785,#3786,#3787,#3788));
#735=EDGE_LOOP('',(#3789,#3790,#3791,#3792));
#736=EDGE_LOOP('',(#3793,#3794,#3795,#3796));
#737=EDGE_LOOP('',(#3797,#3798,#3799,#3800));
#738=EDGE_LOOP('',(#3801,#3802));
#739=EDGE_LOOP('',(#3803,#3804));
#740=EDGE_LOOP('',(#3805,#3806));
#741=EDGE_LOOP('',(#3807,#3808,#3809,#3810,#3811,#3812,#3813,#3814));
#742=EDGE_LOOP('',(#3815,#3816,#3817,#3818));
#743=EDGE_LOOP('',(#3819,#3820,#3821,#3822,#3823,#3824));
#744=EDGE_LOOP('',(#3825,#3826,#3827,#3828));
#745=EDGE_LOOP('',(#3829,#3830,#3831,#3832,#3833));
#746=EDGE_LOOP('',(#3834,#3835));
#747=EDGE_LOOP('',(#3836,#3837,#3838,#3839));
#748=EDGE_LOOP('',(#3840,#3841));
#749=EDGE_LOOP('',(#3842,#3843,#3844,#3845,#3846,#3847,#3848,#3849));
#750=EDGE_LOOP('',(#3850,#3851,#3852,#3853));
#751=EDGE_LOOP('',(#3854,#3855,#3856,#3857));
#752=EDGE_LOOP('',(#3858,#3859,#3860,#3861));
#753=EDGE_LOOP('',(#3862,#3863,#3864,#3865));
#754=EDGE_LOOP('',(#3866,#3867,#3868,#3869,#3870));
#755=EDGE_LOOP('',(#3871,#3872,#3873,#3874,#3875));
#756=EDGE_LOOP('',(#3876,#3877,#3878,#3879,#3880,#3881));
#757=EDGE_LOOP('',(#3882,#3883,#3884,#3885,#3886,#3887));
#758=EDGE_LOOP('',(#3888,#3889,#3890,#3891,#3892,#3893));
#759=EDGE_LOOP('',(#3894,#3895,#3896,#3897,#3898,#3899));
#760=EDGE_LOOP('',(#3900,#3901,#3902,#3903));
#761=EDGE_LOOP('',(#3904,#3905,#3906,#3907));
#762=EDGE_LOOP('',(#3908,#3909,#3910,#3911));
#763=EDGE_LOOP('',(#3912,#3913,#3914,#3915));
#764=EDGE_LOOP('',(#3916,#3917,#3918,#3919));
#765=EDGE_LOOP('',(#3920,#3921,#3922,#3923));
#766=EDGE_LOOP('',(#3924,#3925,#3926,#3927));
#767=EDGE_LOOP('',(#3928,#3929,#3930,#3931));
#768=EDGE_LOOP('',(#3932,#3933,#3934,#3935,#3936,#3937));
#769=EDGE_LOOP('',(#3938,#3939,#3940,#3941,#3942,#3943));
#770=EDGE_LOOP('',(#3944,#3945,#3946,#3947,#3948,#3949));
#771=EDGE_LOOP('',(#3950,#3951,#3952,#3953,#3954,#3955));
#772=EDGE_LOOP('',(#3956,#3957,#3958,#3959,#3960,#3961));
#773=EDGE_LOOP('',(#3962,#3963,#3964,#3965));
#774=EDGE_LOOP('',(#3966,#3967,#3968,#3969));
#775=EDGE_LOOP('',(#3970,#3971,#3972,#3973));
#776=EDGE_LOOP('',(#3974,#3975,#3976,#3977));
#777=EDGE_LOOP('',(#3978,#3979,#3980,#3981));
#778=EDGE_LOOP('',(#3982,#3983,#3984,#3985));
#779=EDGE_LOOP('',(#3986,#3987,#3988,#3989));
#780=EDGE_LOOP('',(#3990,#3991,#3992,#3993));
#781=EDGE_LOOP('',(#3994,#3995,#3996,#3997,#3998,#3999));
#782=EDGE_LOOP('',(#4000,#4001,#4002,#4003,#4004,#4005));
#783=EDGE_LOOP('',(#4006,#4007,#4008,#4009,#4010,#4011));
#784=EDGE_LOOP('',(#4012,#4013,#4014,#4015,#4016,#4017));
#785=EDGE_LOOP('',(#4018,#4019,#4020,#4021,#4022,#4023));
#786=EDGE_LOOP('',(#4024,#4025,#4026,#4027,#4028,#4029));
#787=EDGE_LOOP('',(#4030,#4031,#4032,#4033,#4034,#4035));
#788=EDGE_LOOP('',(#4036,#4037,#4038,#4039,#4040,#4041));
#789=EDGE_LOOP('',(#4042,#4043,#4044,#4045,#4046,#4047));
#790=EDGE_LOOP('',(#4048,#4049,#4050,#4051,#4052,#4053));
#791=EDGE_LOOP('',(#4054,#4055,#4056,#4057,#4058,#4059));
#792=EDGE_LOOP('',(#4060,#4061,#4062,#4063,#4064,#4065));
#793=EDGE_LOOP('',(#4066,#4067));
#794=EDGE_LOOP('',(#4068,#4069));
#795=EDGE_LOOP('',(#4070,#4071));
#796=EDGE_LOOP('',(#4072,#4073));
#797=EDGE_LOOP('',(#4074,#4075));
#798=EDGE_LOOP('',(#4076,#4077));
#799=EDGE_LOOP('',(#4078,#4079));
#800=EDGE_LOOP('',(#4080,#4081));
#801=EDGE_LOOP('',(#4082,#4083,#4084,#4085));
#802=EDGE_LOOP('',(#4086,#4087,#4088,#4089));
#803=EDGE_LOOP('',(#4090,#4091,#4092,#4093));
#804=EDGE_LOOP('',(#4094,#4095,#4096,#4097));
#805=EDGE_LOOP('',(#4098,#4099,#4100,#4101));
#806=EDGE_LOOP('',(#4102,#4103,#4104,#4105));
#807=EDGE_LOOP('',(#4106,#4107,#4108,#4109));
#808=EDGE_LOOP('',(#4110,#4111,#4112,#4113));
#809=EDGE_LOOP('',(#4114,#4115,#4116,#4117));
#810=EDGE_LOOP('',(#4118,#4119,#4120,#4121));
#811=EDGE_LOOP('',(#4122,#4123,#4124,#4125));
#812=EDGE_LOOP('',(#4126,#4127,#4128,#4129));
#813=EDGE_LOOP('',(#4130,#4131,#4132,#4133));
#814=EDGE_LOOP('',(#4134,#4135,#4136,#4137));
#815=EDGE_LOOP('',(#4138,#4139,#4140,#4141));
#816=EDGE_LOOP('',(#4142,#4143,#4144,#4145));
#817=EDGE_LOOP('',(#4146,#4147,#4148,#4149));
#818=EDGE_LOOP('',(#4150,#4151,#4152,#4153));
#819=EDGE_LOOP('',(#4154,#4155,#4156,#4157));
#820=EDGE_LOOP('',(#4158,#4159,#4160,#4161));
#821=EDGE_LOOP('',(#4162,#4163,#4164,#4165));
#822=EDGE_LOOP('',(#4166,#4167,#4168,#4169));
#823=EDGE_LOOP('',(#4170,#4171));
#824=EDGE_LOOP('',(#4172,#4173));
#825=EDGE_LOOP('',(#4174,#4175));
#826=EDGE_LOOP('',(#4176,#4177));
#827=EDGE_LOOP('',(#4178,#4179));
#828=EDGE_LOOP('',(#4180,#4181));
#829=EDGE_LOOP('',(#4182,#4183));
#830=EDGE_LOOP('',(#4184,#4185));
#831=EDGE_LOOP('',(#4186,#4187));
#832=EDGE_LOOP('',(#4188,#4189));
#833=EDGE_LOOP('',(#4190,#4191,#4192,#4193));
#834=EDGE_LOOP('',(#4194,#4195,#4196,#4197));
#835=EDGE_LOOP('',(#4198,#4199,#4200,#4201));
#836=EDGE_LOOP('',(#4202,#4203,#4204,#4205));
#837=EDGE_LOOP('',(#4206,#4207,#4208,#4209));
#838=EDGE_LOOP('',(#4210,#4211,#4212,#4213));
#839=EDGE_LOOP('',(#4214,#4215));
#840=EDGE_LOOP('',(#4216,#4217));
#841=EDGE_LOOP('',(#4218,#4219,#4220,#4221));
#842=EDGE_LOOP('',(#4222,#4223,#4224,#4225));
#843=EDGE_LOOP('',(#4226,#4227,#4228,#4229));
#844=EDGE_LOOP('',(#4230,#4231,#4232,#4233));
#845=EDGE_LOOP('',(#4234,#4235,#4236,#4237));
#846=EDGE_LOOP('',(#4238,#4239,#4240,#4241));
#847=EDGE_LOOP('',(#4242,#4243,#4244,#4245));
#848=EDGE_LOOP('',(#4246,#4247,#4248,#4249));
#849=EDGE_LOOP('',(#4250,#4251,#4252,#4253));
#850=EDGE_LOOP('',(#4254,#4255,#4256,#4257));
#851=EDGE_LOOP('',(#4258,#4259,#4260,#4261));
#852=EDGE_LOOP('',(#4262,#4263,#4264,#4265));
#853=EDGE_LOOP('',(#4266,#4267,#4268,#4269));
#854=EDGE_LOOP('',(#4270,#4271,#4272,#4273));
#855=EDGE_LOOP('',(#4274,#4275,#4276,#4277));
#856=EDGE_LOOP('',(#4278,#4279,#4280,#4281));
#857=LINE('',#6969,#1104);
#858=LINE('',#6994,#1105);
#859=LINE('',#7010,#1106);
#860=LINE('',#7018,#1107);
#861=LINE('',#7034,#1108);
#862=LINE('',#7046,#1109);
#863=LINE('',#7054,#1110);
#864=LINE('',#7062,#1111);
#865=LINE('',#7076,#1112);
#866=LINE('',#7083,#1113);
#867=LINE('',#7089,#1114);
#868=LINE('',#7096,#1115);
#869=LINE('',#7103,#1116);
#870=LINE('',#7110,#1117);
#871=LINE('',#7168,#1118);
#872=LINE('',#7171,#1119);
#873=LINE('',#7174,#1120);
#874=LINE('',#7178,#1121);
#875=LINE('',#7182,#1122);
#876=LINE('',#7185,#1123);
#877=LINE('',#7188,#1124);
#878=LINE('',#7191,#1125);
#879=LINE('',#7194,#1126);
#880=LINE('',#7198,#1127);
#881=LINE('',#7201,#1128);
#882=LINE('',#7204,#1129);
#883=LINE('',#7208,#1130);
#884=LINE('',#7212,#1131);
#885=LINE('',#7215,#1132);
#886=LINE('',#7218,#1133);
#887=LINE('',#7219,#1134);
#888=LINE('',#7222,#1135);
#889=LINE('',#7226,#1136);
#890=LINE('',#7230,#1137);
#891=LINE('',#7234,#1138);
#892=LINE('',#7237,#1139);
#893=LINE('',#7239,#1140);
#894=LINE('',#7243,#1141);
#895=LINE('',#7251,#1142);
#896=LINE('',#7255,#1143);
#897=LINE('',#7258,#1144);
#898=LINE('',#7261,#1145);
#899=LINE('',#7264,#1146);
#900=LINE('',#7268,#1147);
#901=LINE('',#7272,#1148);
#902=LINE('',#7276,#1149);
#903=LINE('',#7277,#1150);
#904=LINE('',#7280,#1151);
#905=LINE('',#7284,#1152);
#906=LINE('',#7287,#1153);
#907=LINE('',#7292,#1154);
#908=LINE('',#7294,#1155);
#909=LINE('',#7295,#1156);
#910=LINE('',#7298,#1157);
#911=LINE('',#7302,#1158);
#912=LINE('',#7305,#1159);
#913=LINE('',#7309,#1160);
#914=LINE('',#7313,#1161);
#915=LINE('',#7317,#1162);
#916=LINE('',#7321,#1163);
#917=LINE('',#7325,#1164);
#918=LINE('',#7328,#1165);
#919=LINE('',#7332,#1166);
#920=LINE('',#7339,#1167);
#921=LINE('',#7342,#1168);
#922=LINE('',#7345,#1169);
#923=LINE('',#7346,#1170);
#924=LINE('',#7353,#1171);
#925=LINE('',#7360,#1172);
#926=LINE('',#7364,#1173);
#927=LINE('',#7365,#1174);
#928=LINE('',#7368,#1175);
#929=LINE('',#7372,#1176);
#930=LINE('',#7378,#1177);
#931=LINE('',#7382,#1178);
#932=LINE('',#7389,#1179);
#933=LINE('',#7392,#1180);
#934=LINE('',#7395,#1181);
#935=LINE('',#7401,#1182);
#936=LINE('',#7404,#1183);
#937=LINE('',#7428,#1184);
#938=LINE('',#7431,#1185);
#939=LINE('',#7434,#1186);
#940=LINE('',#7437,#1187);
#941=LINE('',#7440,#1188);
#942=LINE('',#7441,#1189);
#943=LINE('',#7458,#1190);
#944=LINE('',#7462,#1191);
#945=LINE('',#7466,#1192);
#946=LINE('',#7470,#1193);
#947=LINE('',#7486,#1194);
#948=LINE('',#7488,#1195);
#949=LINE('',#7490,#1196);
#950=LINE('',#7492,#1197);
#951=LINE('',#7494,#1198);
#952=LINE('',#7495,#1199);
#953=LINE('',#7501,#1200);
#954=LINE('',#7505,#1201);
#955=LINE('',#7520,#1202);
#956=LINE('',#7522,#1203);
#957=LINE('',#7524,#1204);
#958=LINE('',#7526,#1205);
#959=LINE('',#7528,#1206);
#960=LINE('',#7530,#1207);
#961=LINE('',#7531,#1208);
#962=LINE('',#7536,#1209);
#963=LINE('',#7554,#1210);
#964=LINE('',#7561,#1211);
#965=LINE('',#7565,#1212);
#966=LINE('',#7572,#1213);
#967=LINE('',#7580,#1214);
#968=LINE('',#7582,#1215);
#969=LINE('',#7584,#1216);
#970=LINE('',#7585,#1217);
#971=LINE('',#7591,#1218);
#972=LINE('',#7594,#1219);
#973=LINE('',#7600,#1220);
#974=LINE('',#7606,#1221);
#975=LINE('',#7612,#1222);
#976=LINE('',#7618,#1223);
#977=LINE('',#7624,#1224);
#978=LINE('',#7633,#1225);
#979=LINE('',#7635,#1226);
#980=LINE('',#7637,#1227);
#981=LINE('',#7638,#1228);
#982=LINE('',#7644,#1229);
#983=LINE('',#7647,#1230);
#984=LINE('',#7653,#1231);
#985=LINE('',#7659,#1232);
#986=LINE('',#7665,#1233);
#987=LINE('',#7668,#1234);
#988=LINE('',#7674,#1235);
#989=LINE('',#7706,#1236);
#990=LINE('',#7709,#1237);
#991=LINE('',#7716,#1238);
#992=LINE('',#7721,#1239);
#993=LINE('',#7724,#1240);
#994=LINE('',#7730,#1241);
#995=LINE('',#7736,#1242);
#996=LINE('',#7742,#1243);
#997=LINE('',#7748,#1244);
#998=LINE('',#7754,#1245);
#999=LINE('',#7759,#1246);
#1000=LINE('',#7761,#1247);
#1001=LINE('',#7763,#1248);
#1002=LINE('',#7765,#1249);
#1003=LINE('',#7769,#1250);
#1004=LINE('',#7773,#1251);
#1005=LINE('',#7774,#1252);
#1006=LINE('',#7807,#1253);
#1007=LINE('',#7814,#1254);
#1008=LINE('',#7823,#1255);
#1009=LINE('',#7833,#1256);
#1010=LINE('',#7843,#1257);
#1011=LINE('',#7849,#1258);
#1012=LINE('',#7853,#1259);
#1013=LINE('',#7857,#1260);
#1014=LINE('',#7864,#1261);
#1015=LINE('',#7870,#1262);
#1016=LINE('',#7876,#1263);
#1017=LINE('',#7882,#1264);
#1018=LINE('',#7888,#1265);
#1019=LINE('',#7892,#1266);
#1020=LINE('',#7895,#1267);
#1021=LINE('',#7899,#1268);
#1022=LINE('',#7903,#1269);
#1023=LINE('',#7907,#1270);
#1024=LINE('',#7911,#1271);
#1025=LINE('',#7918,#1272);
#1026=LINE('',#7923,#1273);
#1027=LINE('',#7930,#1274);
#1028=LINE('',#7933,#1275);
#1029=LINE('',#7937,#1276);
#1030=LINE('',#7941,#1277);
#1031=LINE('',#7944,#1278);
#1032=LINE('',#7945,#1279);
#1033=LINE('',#7953,#1280);
#1034=LINE('',#7955,#1281);
#1035=LINE('',#7998,#1282);
#1036=LINE('',#8008,#1283);
#1037=LINE('',#8018,#1284);
#1038=LINE('',#8028,#1285);
#1039=LINE('',#8037,#1286);
#1040=LINE('',#8040,#1287);
#1041=LINE('',#8046,#1288);
#1042=LINE('',#8049,#1289);
#1043=LINE('',#8055,#1290);
#1044=LINE('',#8058,#1291);
#1045=LINE('',#8064,#1292);
#1046=LINE('',#8067,#1293);
#1047=LINE('',#8073,#1294);
#1048=LINE('',#8076,#1295);
#1049=LINE('',#8082,#1296);
#1050=LINE('',#8085,#1297);
#1051=LINE('',#8090,#1298);
#1052=LINE('',#8097,#1299);
#1053=LINE('',#8103,#1300);
#1054=LINE('',#8112,#1301);
#1055=LINE('',#8119,#1302);
#1056=LINE('',#8125,#1303);
#1057=LINE('',#8131,#1304);
#1058=LINE('',#8136,#1305);
#1059=LINE('',#8137,#1306);
#1060=LINE('',#8142,#1307);
#1061=LINE('',#8143,#1308);
#1062=LINE('',#8149,#1309);
#1063=LINE('',#8152,#1310);
#1064=LINE('',#8157,#1311);
#1065=LINE('',#8158,#1312);
#1066=LINE('',#8163,#1313);
#1067=LINE('',#8164,#1314);
#1068=LINE('',#8169,#1315);
#1069=LINE('',#8170,#1316);
#1070=LINE('',#8175,#1317);
#1071=LINE('',#8176,#1318);
#1072=LINE('',#8181,#1319);
#1073=LINE('',#8182,#1320);
#1074=LINE('',#8189,#1321);
#1075=LINE('',#8199,#1322);
#1076=LINE('',#8209,#1323);
#1077=LINE('',#8215,#1324);
#1078=LINE('',#8224,#1325);
#1079=LINE('',#8230,#1326);
#1080=LINE('',#8236,#1327);
#1081=LINE('',#8242,#1328);
#1082=LINE('',#8253,#1329);
#1083=LINE('',#8262,#1330);
#1084=LINE('',#8268,#1331);
#1085=LINE('',#8274,#1332);
#1086=LINE('',#8305,#1333);
#1087=LINE('',#8312,#1334);
#1088=LINE('',#8321,#1335);
#1089=LINE('',#8327,#1336);
#1090=LINE('',#8341,#1337);
#1091=LINE('',#8348,#1338);
#1092=LINE('',#8357,#1339);
#1093=LINE('',#8363,#1340);
#1094=LINE('',#8384,#1341);
#1095=LINE('',#8385,#1342);
#1096=LINE('',#8389,#1343);
#1097=LINE('',#8390,#1344);
#1098=LINE('',#8394,#1345);
#1099=LINE('',#8396,#1346);
#1100=LINE('',#8399,#1347);
#1101=LINE('',#8400,#1348);
#1102=LINE('',#8404,#1349);
#1103=LINE('',#8405,#1350);
#1104=VECTOR('',#5350,18.25);
#1105=VECTOR('',#5375,10.);
#1106=VECTOR('',#5390,10.);
#1107=VECTOR('',#5397,10.);
#1108=VECTOR('',#5412,10.);
#1109=VECTOR('',#5423,10.);
#1110=VECTOR('',#5430,10.);
#1111=VECTOR('',#5439,18.5);
#1112=VECTOR('',#5456,22.);
#1113=VECTOR('',#5465,4.49999959977214);
#1114=VECTOR('',#5472,3.99999959977214);
#1115=VECTOR('',#5481,1.2295);
#1116=VECTOR('',#5490,1.2295);
#1117=VECTOR('',#5499,1.2295);
#1118=VECTOR('',#5562,10.);
#1119=VECTOR('',#5565,10.);
#1120=VECTOR('',#5568,10.);
#1121=VECTOR('',#5573,10.);
#1122=VECTOR('',#5578,10.);
#1123=VECTOR('',#5581,10.);
#1124=VECTOR('',#5584,10.);
#1125=VECTOR('',#5587,10.);
#1126=VECTOR('',#5590,10.);
#1127=VECTOR('',#5595,10.);
#1128=VECTOR('',#5598,10.);
#1129=VECTOR('',#5601,10.);
#1130=VECTOR('',#5606,10.);
#1131=VECTOR('',#5611,10.);
#1132=VECTOR('',#5614,10.);
#1133=VECTOR('',#5617,10.);
#1134=VECTOR('',#5618,10.);
#1135=VECTOR('',#5621,10.);
#1136=VECTOR('',#5626,10.);
#1137=VECTOR('',#5631,10.);
#1138=VECTOR('',#5636,10.);
#1139=VECTOR('',#5639,10.);
#1140=VECTOR('',#5640,10.);
#1141=VECTOR('',#5645,10.);
#1142=VECTOR('',#5658,10.);
#1143=VECTOR('',#5663,10.);
#1144=VECTOR('',#5666,10.);
#1145=VECTOR('',#5669,10.);
#1146=VECTOR('',#5672,10.);
#1147=VECTOR('',#5677,10.);
#1148=VECTOR('',#5682,10.);
#1149=VECTOR('',#5687,10.);
#1150=VECTOR('',#5688,10.);
#1151=VECTOR('',#5691,10.);
#1152=VECTOR('',#5696,10.);
#1153=VECTOR('',#5699,10.);
#1154=VECTOR('',#5706,10.);
#1155=VECTOR('',#5707,10.);
#1156=VECTOR('',#5708,10.);
#1157=VECTOR('',#5711,10.);
#1158=VECTOR('',#5716,10.);
#1159=VECTOR('',#5719,10.);
#1160=VECTOR('',#5724,10.);
#1161=VECTOR('',#5729,10.);
#1162=VECTOR('',#5734,10.);
#1163=VECTOR('',#5739,10.);
#1164=VECTOR('',#5744,10.);
#1165=VECTOR('',#5747,10.);
#1166=VECTOR('',#5752,10.);
#1167=VECTOR('',#5763,10.);
#1168=VECTOR('',#5766,10.);
#1169=VECTOR('',#5769,10.);
#1170=VECTOR('',#5770,10.);
#1171=VECTOR('',#5781,10.);
#1172=VECTOR('',#5792,10.);
#1173=VECTOR('',#5797,10.);
#1174=VECTOR('',#5798,10.);
#1175=VECTOR('',#5801,10.);
#1176=VECTOR('',#5806,10.);
#1177=VECTOR('',#5815,10.);
#1178=VECTOR('',#5820,10.);
#1179=VECTOR('',#5831,10.);
#1180=VECTOR('',#5834,10.);
#1181=VECTOR('',#5837,10.);
#1182=VECTOR('',#5846,10.);
#1183=VECTOR('',#5851,10.);
#1184=VECTOR('',#5880,10.);
#1185=VECTOR('',#5883,10.);
#1186=VECTOR('',#5886,10.);
#1187=VECTOR('',#5889,10.);
#1188=VECTOR('',#5892,10.);
#1189=VECTOR('',#5893,10.);
#1190=VECTOR('',#5896,10.);
#1191=VECTOR('',#5899,10.);
#1192=VECTOR('',#5904,1000.);
#1193=VECTOR('',#5907,10.);
#1194=VECTOR('',#5924,1000.);
#1195=VECTOR('',#5925,1000.);
#1196=VECTOR('',#5926,1000.);
#1197=VECTOR('',#5927,10.);
#1198=VECTOR('',#5928,1000.);
#1199=VECTOR('',#5929,1000.);
#1200=VECTOR('',#5934,10.);
#1201=VECTOR('',#5937,10.);
#1202=VECTOR('',#5940,1000.);
#1203=VECTOR('',#5941,1000.);
#1204=VECTOR('',#5942,1000.);
#1205=VECTOR('',#5943,1000.);
#1206=VECTOR('',#5944,1000.);
#1207=VECTOR('',#5945,1000.);
#1208=VECTOR('',#5946,1000.);
#1209=VECTOR('',#5951,10.);
#1210=VECTOR('',#5970,26.5);
#1211=VECTOR('',#5977,10.);
#1212=VECTOR('',#5980,10.);
#1213=VECTOR('',#5989,1000.);
#1214=VECTOR('',#5996,10.);
#1215=VECTOR('',#5997,10.);
#1216=VECTOR('',#5998,10.);
#1217=VECTOR('',#5999,10.);
#1218=VECTOR('',#6004,10.);
#1219=VECTOR('',#6007,10.);
#1220=VECTOR('',#6014,10.);
#1221=VECTOR('',#6021,10.);
#1222=VECTOR('',#6028,10.);
#1223=VECTOR('',#6035,10.);
#1224=VECTOR('',#6042,10.);
#1225=VECTOR('',#6051,10.);
#1226=VECTOR('',#6052,10.);
#1227=VECTOR('',#6053,10.);
#1228=VECTOR('',#6054,10.);
#1229=VECTOR('',#6059,10.);
#1230=VECTOR('',#6062,10.);
#1231=VECTOR('',#6069,10.);
#1232=VECTOR('',#6076,10.);
#1233=VECTOR('',#6081,10.);
#1234=VECTOR('',#6084,10.);
#1235=VECTOR('',#6091,10.);
#1236=VECTOR('',#6136,10.);
#1237=VECTOR('',#6141,10.);
#1238=VECTOR('',#6148,7.69999999999993);
#1239=VECTOR('',#6155,7.50000000000001);
#1240=VECTOR('',#6158,1.);
#1241=VECTOR('',#6165,1.);
#1242=VECTOR('',#6172,1.);
#1243=VECTOR('',#6179,1.);
#1244=VECTOR('',#6186,1.);
#1245=VECTOR('',#6193,0.999999999999999);
#1246=VECTOR('',#6200,0.800000000000023);
#1247=VECTOR('',#6203,0.800000000000001);
#1248=VECTOR('',#6206,0.8);
#1249=VECTOR('',#6209,0.800000000000023);
#1250=VECTOR('',#6214,1000.);
#1251=VECTOR('',#6219,1000.);
#1252=VECTOR('',#6220,1000.);
#1253=VECTOR('',#6271,3.);
#1254=VECTOR('',#6280,3.8);
#1255=VECTOR('',#6291,19.8000000000001);
#1256=VECTOR('',#6302,2.);
#1257=VECTOR('',#6313,2.);
#1258=VECTOR('',#6320,20.);
#1259=VECTOR('',#6323,1000.);
#1260=VECTOR('',#6326,1000.);
#1261=VECTOR('',#6335,1.99999999985494);
#1262=VECTOR('',#6342,1.99999999987994);
#1263=VECTOR('',#6349,1.1);
#1264=VECTOR('',#6356,1.1);
#1265=VECTOR('',#6361,1000.);
#1266=VECTOR('',#6364,1000.);
#1267=VECTOR('',#6367,19.0000000000001);
#1268=VECTOR('',#6370,1000.);
#1269=VECTOR('',#6373,1000.);
#1270=VECTOR('',#6376,1000.);
#1271=VECTOR('',#6379,1000.);
#1272=VECTOR('',#6388,1000.);
#1273=VECTOR('',#6393,1000.);
#1274=VECTOR('',#6400,1000.);
#1275=VECTOR('',#6403,1000.);
#1276=VECTOR('',#6408,1000.);
#1277=VECTOR('',#6413,1000.);
#1278=VECTOR('',#6416,1000.);
#1279=VECTOR('',#6417,1000.);
#1280=VECTOR('',#6426,1000.);
#1281=VECTOR('',#6429,1000.);
#1282=VECTOR('',#6468,18.9000000000001);
#1283=VECTOR('',#6479,1.55000000000005);
#1284=VECTOR('',#6490,1.55000000000005);
#1285=VECTOR('',#6501,1.54999999999999);
#1286=VECTOR('',#6510,1000.);
#1287=VECTOR('',#6513,1000.);
#1288=VECTOR('',#6518,1000.);
#1289=VECTOR('',#6521,1000.);
#1290=VECTOR('',#6526,1000.);
#1291=VECTOR('',#6529,1000.);
#1292=VECTOR('',#6534,1000.);
#1293=VECTOR('',#6537,1000.);
#1294=VECTOR('',#6542,1000.);
#1295=VECTOR('',#6545,1000.);
#1296=VECTOR('',#6550,1000.);
#1297=VECTOR('',#6553,1000.);
#1298=VECTOR('',#6558,1000.);
#1299=VECTOR('',#6567,1000.);
#1300=VECTOR('',#6572,26.5000000000001);
#1301=VECTOR('',#6583,18.7);
#1302=VECTOR('',#6592,1.35000000000002);
#1303=VECTOR('',#6599,1.35000000000002);
#1304=VECTOR('',#6606,1.35000000000002);
#1305=VECTOR('',#6611,1000.);
#1306=VECTOR('',#6612,1000.);
#1307=VECTOR('',#6617,1000.);
#1308=VECTOR('',#6618,1000.);
#1309=VECTOR('',#6623,1000.);
#1310=VECTOR('',#6626,1000.);
#1311=VECTOR('',#6631,1000.);
#1312=VECTOR('',#6632,1000.);
#1313=VECTOR('',#6637,1000.);
#1314=VECTOR('',#6638,1000.);
#1315=VECTOR('',#6643,1000.);
#1316=VECTOR('',#6644,1000.);
#1317=VECTOR('',#6649,1000.);
#1318=VECTOR('',#6650,1000.);
#1319=VECTOR('',#6655,1000.);
#1320=VECTOR('',#6656,1000.);
#1321=VECTOR('',#6663,1.99999999999989);
#1322=VECTOR('',#6674,1.99999999999989);
#1323=VECTOR('',#6685,1.99999999999989);
#1324=VECTOR('',#6692,26.5);
#1325=VECTOR('',#6703,1.99999999988254);
#1326=VECTOR('',#6710,1.99999999991018);
#1327=VECTOR('',#6717,1.99999999988243);
#1328=VECTOR('',#6722,20.);
#1329=VECTOR('',#6735,22.);
#1330=VECTOR('',#6746,1.35000000000002);
#1331=VECTOR('',#6753,1.35000000000002);
#1332=VECTOR('',#6760,1.35000000000002);
#1333=VECTOR('',#6797,1000.);
#1334=VECTOR('',#6806,1000.);
#1335=VECTOR('',#6819,1000.);
#1336=VECTOR('',#6826,1000.);
#1337=VECTOR('',#6849,1000.);
#1338=VECTOR('',#6858,1000.);
#1339=VECTOR('',#6871,1000.);
#1340=VECTOR('',#6878,1000.);
#1341=VECTOR('',#6919,1000.);
#1342=VECTOR('',#6920,1000.);
#1343=VECTOR('',#6927,1000.);
#1344=VECTOR('',#6928,1000.);
#1345=VECTOR('',#6935,1000.);
#1346=VECTOR('',#6938,1000.);
#1347=VECTOR('',#6943,1000.);
#1348=VECTOR('',#6944,1000.);
#1349=VECTOR('',#6951,1000.);
#1350=VECTOR('',#6952,1000.);
#1351=CIRCLE('',#4658,18.);
#1352=CIRCLE('',#4659,18.5);
#1353=CIRCLE('',#4660,18.5);
#1354=CIRCLE('',#4662,4.99999959977214);
#1355=CIRCLE('',#4663,1.2295);
#1356=CIRCLE('',#4664,1.2295);
#1357=CIRCLE('',#4665,1.2295);
#1358=CIRCLE('',#4666,1.2295);
#1359=CIRCLE('',#4667,1.2295);
#1360=CIRCLE('',#4668,1.2295);
#1361=CIRCLE('',#4669,5.99999979115136);
#1362=CIRCLE('',#4670,2.00000000000017);
#1363=CIRCLE('',#4671,2.00000000000071);
#1364=CIRCLE('',#4672,3.50000000000038);
#1365=CIRCLE('',#4673,2.00000000000027);
#1366=CIRCLE('',#4674,16.4999832940345);
#1367=CIRCLE('',#4675,2.00000000000006);
#1368=CIRCLE('',#4676,3.49998452404324);
#1369=CIRCLE('',#4677,2.00000000000029);
#1370=CIRCLE('',#4678,2.00000000004362);
#1371=CIRCLE('',#4679,5.99999979108561);
#1372=CIRCLE('',#4680,2.00000000000018);
#1373=CIRCLE('',#4681,2.0000000000007);
#1374=CIRCLE('',#4682,3.50000000000035);
#1375=CIRCLE('',#4683,2.00000000000024);
#1376=CIRCLE('',#4684,16.5000004029668);
#1377=CIRCLE('',#4685,2.0000000000001);
#1378=CIRCLE('',#4686,3.50000000000051);
#1379=CIRCLE('',#4687,2.00000000000028);
#1380=CIRCLE('',#4688,2.00000000004374);
#1381=CIRCLE('',#4689,16.4999680642575);
#1382=CIRCLE('',#4690,2.00000000000002);
#1383=CIRCLE('',#4691,3.49999312351133);
#1384=CIRCLE('',#4692,2.00000000000029);
#1385=CIRCLE('',#4693,2.00000000004359);
#1386=CIRCLE('',#4694,5.99999979115131);
#1387=CIRCLE('',#4695,2.00000000000009);
#1388=CIRCLE('',#4696,2.0000000000007);
#1389=CIRCLE('',#4697,3.49997403240899);
#1390=CIRCLE('',#4698,2.00000000000026);
#1391=CIRCLE('',#4700,18.5);
#1392=CIRCLE('',#4702,21.7);
#1393=CIRCLE('',#4703,0.3);
#1394=CIRCLE('',#4704,22.);
#1395=CIRCLE('',#4705,22.);
#1396=CIRCLE('',#4706,21.7);
#1397=CIRCLE('',#4708,22.);
#1398=CIRCLE('',#4709,22.);
#1399=CIRCLE('',#4712,3.99999959977214);
#1400=CIRCLE('',#4713,3.99999959977214);
#1401=CIRCLE('',#4715,3.99999959977214);
#1402=CIRCLE('',#4716,3.99999959977214);
#1403=CIRCLE('',#4719,1.2295);
#1404=CIRCLE('',#4720,1.2295);
#1405=CIRCLE('',#4723,1.2295);
#1406=CIRCLE('',#4724,1.2295);
#1407=CIRCLE('',#4727,1.2295);
#1408=CIRCLE('',#4728,1.2295);
#1409=CIRCLE('',#4731,16.4999832940345);
#1410=CIRCLE('',#4732,2.00000000000016);
#1411=CIRCLE('',#4733,3.00000000000014);
#1412=CIRCLE('',#4734,2.49999999999998);
#1413=CIRCLE('',#4735,5.99999979115136);
#1414=CIRCLE('',#4736,2.49999999999998);
#1415=CIRCLE('',#4737,2.99999999999964);
#1416=CIRCLE('',#4738,2.00000000000012);
#1417=CIRCLE('',#4740,3.00000000000004);
#1418=CIRCLE('',#4741,2.50000000001495);
#1419=CIRCLE('',#4742,5.99999979108561);
#1420=CIRCLE('',#4743,2.49999999999996);
#1421=CIRCLE('',#4744,3.00000000001447);
#1422=CIRCLE('',#4745,1.99999999999633);
#1423=CIRCLE('',#4746,16.5000004029668);
#1424=CIRCLE('',#4747,2.00000000000011);
#1425=CIRCLE('',#4749,2.50000000000001);
#1426=CIRCLE('',#4750,2.99999999999964);
#1427=CIRCLE('',#4751,2.00000000000016);
#1428=CIRCLE('',#4752,16.4999680642575);
#1429=CIRCLE('',#4753,2.00000000000016);
#1430=CIRCLE('',#4754,3.00000000000016);
#1431=CIRCLE('',#4755,2.49999999999997);
#1432=CIRCLE('',#4756,5.99999979115131);
#1433=CIRCLE('',#4758,2.49999999999998);
#1434=CIRCLE('',#4760,3.00000000000014);
#1435=CIRCLE('',#4762,2.00000000000016);
#1436=CIRCLE('',#4764,2.49999999999996);
#1437=CIRCLE('',#4766,2.50000000001495);
#1438=CIRCLE('',#4768,3.00000000000004);
#1439=CIRCLE('',#4770,2.00000000000016);
#1440=CIRCLE('',#4772,2.99999999999964);
#1441=CIRCLE('',#4774,2.50000000000001);
#1442=CIRCLE('',#4776,2.00000000004374);
#1443=CIRCLE('',#4779,2.00000000000028);
#1444=CIRCLE('',#4781,3.50000000000051);
#1445=CIRCLE('',#4783,2.0000000000001);
#1446=CIRCLE('',#4785,16.5000004029668);
#1447=CIRCLE('',#4786,16.5000004029668);
#1448=CIRCLE('',#4788,1.99999999999633);
#1449=CIRCLE('',#4790,3.00000000001447);
#1450=CIRCLE('',#4792,5.99999979108561);
#1451=CIRCLE('',#4793,5.99999979108561);
#1452=CIRCLE('',#4796,16.4999832940345);
#1453=CIRCLE('',#4797,16.4999832940345);
#1454=CIRCLE('',#4799,2.00000000000027);
#1455=CIRCLE('',#4801,3.50000000000038);
#1456=CIRCLE('',#4803,2.00000000000071);
#1457=CIRCLE('',#4806,2.00000000000017);
#1458=CIRCLE('',#4808,5.99999979115136);
#1459=CIRCLE('',#4809,5.99999979115136);
#1460=CIRCLE('',#4813,2.00000000000009);
#1461=CIRCLE('',#4815,5.99999979115131);
#1462=CIRCLE('',#4816,5.99999979115131);
#1463=CIRCLE('',#4818,2.49999999999997);
#1464=CIRCLE('',#4820,3.00000000000016);
#1465=CIRCLE('',#4822,2.00000000000016);
#1466=CIRCLE('',#4824,16.4999680642575);
#1467=CIRCLE('',#4825,16.4999680642575);
#1468=CIRCLE('',#4827,2.00000000000026);
#1469=CIRCLE('',#4829,3.49997403240899);
#1470=CIRCLE('',#4831,2.0000000000007);
#1471=CIRCLE('',#4834,2.0000000000007);
#1472=CIRCLE('',#4837,2.00000000000018);
#1473=CIRCLE('',#4839,2.00000000000011);
#1474=CIRCLE('',#4841,2.00000000000024);
#1475=CIRCLE('',#4843,3.50000000000035);
#1476=CIRCLE('',#4846,2.00000000004362);
#1477=CIRCLE('',#4849,2.00000000000029);
#1478=CIRCLE('',#4851,3.49998452404324);
#1479=CIRCLE('',#4853,2.00000000000006);
#1480=CIRCLE('',#4855,2.00000000000012);
#1481=CIRCLE('',#4857,2.99999999999964);
#1482=CIRCLE('',#4859,2.49999999999998);
#1483=CIRCLE('',#4862,2.00000000000029);
#1484=CIRCLE('',#4864,3.49999312351133);
#1485=CIRCLE('',#4866,2.00000000000002);
#1486=CIRCLE('',#4868,2.00000000004359);
#1487=CIRCLE('',#4872,0.800000000000023);
#1488=CIRCLE('',#4874,0.8);
#1489=CIRCLE('',#4876,0.8);
#1490=CIRCLE('',#4878,0.800000000000023);
#1491=CIRCLE('',#4880,7.50000000000001);
#1492=CIRCLE('',#4881,3.8);
#1493=CIRCLE('',#4883,1.5);
#1494=CIRCLE('',#4884,1.5);
#1495=CIRCLE('',#4886,1.5);
#1496=CIRCLE('',#4889,0.5);
#1497=CIRCLE('',#4890,0.5);
#1498=CIRCLE('',#4892,19.);
#1499=CIRCLE('',#4893,26.);
#1500=CIRCLE('',#4894,1.);
#1501=CIRCLE('',#4895,1.);
#1502=CIRCLE('',#4896,1.);
#1503=CIRCLE('',#4897,1.);
#1504=CIRCLE('',#4898,1.);
#1505=CIRCLE('',#4899,1.);
#1506=CIRCLE('',#4902,0.5);
#1507=CIRCLE('',#4903,0.5);
#1508=CIRCLE('',#4906,26.0000000000002);
#1509=CIRCLE('',#4907,19.);
#1510=CIRCLE('',#4908,0.999999999999999);
#1511=CIRCLE('',#4909,0.999999999999999);
#1512=CIRCLE('',#4910,1.);
#1513=CIRCLE('',#4911,1.);
#1514=CIRCLE('',#4912,1.);
#1515=CIRCLE('',#4913,1.);
#1516=CIRCLE('',#4915,26.5);
#1517=CIRCLE('',#4916,26.5);
#1518=CIRCLE('',#4917,26.5);
#1519=CIRCLE('',#4918,26.5);
#1520=CIRCLE('',#4919,26.5);
#1521=CIRCLE('',#4920,26.5);
#1522=CIRCLE('',#4921,26.5);
#1523=CIRCLE('',#4923,2.20000000000005);
#1524=CIRCLE('',#4924,2.19999999999996);
#1525=CIRCLE('',#4928,2.2);
#1526=CIRCLE('',#4929,2.2);
#1527=CIRCLE('',#4931,1.75);
#1528=CIRCLE('',#4932,1.75);
#1529=CIRCLE('',#4934,2.2);
#1530=CIRCLE('',#4935,2.2);
#1531=CIRCLE('',#4937,18.2999999999999);
#1532=CIRCLE('',#4938,18.2999999999999);
#1533=CIRCLE('',#4940,2.2);
#1534=CIRCLE('',#4941,2.2);
#1535=CIRCLE('',#4943,1.5);
#1536=CIRCLE('',#4944,1.5);
#1537=CIRCLE('',#4946,2.2);
#1538=CIRCLE('',#4947,2.2);
#1539=CIRCLE('',#4950,2.2);
#1540=CIRCLE('',#4951,2.2);
#1541=CIRCLE('',#4953,1.75);
#1542=CIRCLE('',#4954,1.75);
#1543=CIRCLE('',#4956,2.2);
#1544=CIRCLE('',#4957,2.2);
#1545=CIRCLE('',#4959,2.2);
#1546=CIRCLE('',#4960,2.2);
#1547=CIRCLE('',#4962,1.5);
#1548=CIRCLE('',#4963,1.5);
#1549=CIRCLE('',#4965,2.2);
#1550=CIRCLE('',#4966,2.2);
#1551=CIRCLE('',#4969,19.);
#1552=CIRCLE('',#4971,19.);
#1553=CIRCLE('',#4973,18.3000000000002);
#1554=CIRCLE('',#4974,18.3000000000002);
#1555=CIRCLE('',#4975,0.800000000000023);
#1556=CIRCLE('',#4976,0.800000000000023);
#1557=CIRCLE('',#4977,0.8);
#1558=CIRCLE('',#4978,0.8);
#1559=CIRCLE('',#4980,18.2999999999998);
#1560=CIRCLE('',#4981,0.8);
#1561=CIRCLE('',#4982,0.8);
#1562=CIRCLE('',#4983,0.800000000000023);
#1563=CIRCLE('',#4984,0.800000000000023);
#1564=CIRCLE('',#4986,1.5);
#1565=CIRCLE('',#4989,7.50000000000001);
#1566=CIRCLE('',#4990,7.50000000000001);
#1567=CIRCLE('',#4991,7.69999999999993);
#1568=CIRCLE('',#4992,7.69999999999993);
#1569=CIRCLE('',#4995,0.999999999999999);
#1570=CIRCLE('',#4996,0.999999999999999);
#1571=CIRCLE('',#4998,1.);
#1572=CIRCLE('',#4999,1.);
#1573=CIRCLE('',#5001,0.999999999999999);
#1574=CIRCLE('',#5002,0.999999999999999);
#1575=CIRCLE('',#5004,0.999999999999999);
#1576=CIRCLE('',#5005,0.999999999999999);
#1577=CIRCLE('',#5007,1.);
#1578=CIRCLE('',#5008,1.);
#1579=CIRCLE('',#5010,1.);
#1580=CIRCLE('',#5011,1.);
#1581=CIRCLE('',#5018,2.19999999999996);
#1582=CIRCLE('',#5021,2.20000000000005);
#1583=CIRCLE('',#5023,18.2999999999998);
#1584=CIRCLE('',#5024,18.3);
#1585=CIRCLE('',#5025,18.3000000000014);
#1586=CIRCLE('',#5036,2.8);
#1587=CIRCLE('',#5037,0.2);
#1588=CIRCLE('',#5038,3.);
#1589=CIRCLE('',#5039,3.);
#1590=CIRCLE('',#5040,3.);
#1591=CIRCLE('',#5041,2.8);
#1592=CIRCLE('',#5044,3.);
#1593=CIRCLE('',#5045,3.);
#1594=CIRCLE('',#5047,3.8);
#1595=CIRCLE('',#5048,3.8);
#1596=CIRCLE('',#5052,20.);
#1597=CIRCLE('',#5053,20.);
#1598=CIRCLE('',#5054,19.8000000000001);
#1599=CIRCLE('',#5055,19.8000000000001);
#1600=CIRCLE('',#5057,2.);
#1601=CIRCLE('',#5058,2.);
#1602=CIRCLE('',#5059,2.);
#1603=CIRCLE('',#5060,2.);
#1604=CIRCLE('',#5062,2.);
#1605=CIRCLE('',#5063,2.);
#1606=CIRCLE('',#5064,2.);
#1607=CIRCLE('',#5065,2.);
#1608=CIRCLE('',#5067,20.);
#1609=CIRCLE('',#5068,20.);
#1610=CIRCLE('',#5069,20.);
#1611=CIRCLE('',#5071,1.09999999996717);
#1612=CIRCLE('',#5072,1.09999999996717);
#1613=CIRCLE('',#5074,1.09999999999218);
#1614=CIRCLE('',#5075,1.09999999999218);
#1615=CIRCLE('',#5077,1.1);
#1616=CIRCLE('',#5078,1.1);
#1617=CIRCLE('',#5080,1.1);
#1618=CIRCLE('',#5081,1.1);
#1619=CIRCLE('',#5083,19.0000000000001);
#1620=CIRCLE('',#5084,19.0000000000001);
#1621=CIRCLE('',#5085,19.0000000000001);
#1622=CIRCLE('',#5086,19.0000000000001);
#1623=CIRCLE('',#5087,19.0000000000001);
#1624=CIRCLE('',#5088,19.0000000000001);
#1625=CIRCLE('',#5089,19.0000000000001);
#1626=CIRCLE('',#5090,19.0000000000001);
#1627=CIRCLE('',#5092,2.20000000000024);
#1628=CIRCLE('',#5093,2.20000000000024);
#1629=CIRCLE('',#5095,2.20000000000022);
#1630=CIRCLE('',#5096,2.20000000000022);
#1631=CIRCLE('',#5098,2.50000000000004);
#1632=CIRCLE('',#5099,2.50000000000004);
#1633=CIRCLE('',#5102,0.5);
#1634=CIRCLE('',#5103,0.5);
#1635=CIRCLE('',#5106,0.5);
#1636=CIRCLE('',#5107,19.8);
#1637=CIRCLE('',#5108,0.5);
#1638=CIRCLE('',#5111,2.20000000000006);
#1639=CIRCLE('',#5112,2.2000000000001);
#1640=CIRCLE('',#5114,2.50000000000004);
#1641=CIRCLE('',#5116,2.20000000000006);
#1642=CIRCLE('',#5117,2.50000000000004);
#1643=CIRCLE('',#5118,2.2000000000001);
#1644=CIRCLE('',#5127,18.7);
#1645=CIRCLE('',#5128,18.7);
#1646=CIRCLE('',#5129,18.9000000000001);
#1647=CIRCLE('',#5130,18.9000000000001);
#1648=CIRCLE('',#5132,1.35000000000002);
#1649=CIRCLE('',#5133,1.35000000000002);
#1650=CIRCLE('',#5134,1.55000000000005);
#1651=CIRCLE('',#5135,1.55000000000005);
#1652=CIRCLE('',#5137,1.35000000000002);
#1653=CIRCLE('',#5138,1.35000000000002);
#1654=CIRCLE('',#5139,1.55000000000005);
#1655=CIRCLE('',#5140,1.55000000000005);
#1656=CIRCLE('',#5142,1.35000000000002);
#1657=CIRCLE('',#5143,1.35000000000002);
#1658=CIRCLE('',#5144,1.54999999999999);
#1659=CIRCLE('',#5145,1.54999999999999);
#1660=CIRCLE('',#5147,1.24999938669097);
#1661=CIRCLE('',#5148,1.44999938669091);
#1662=CIRCLE('',#5150,1.24999938669097);
#1663=CIRCLE('',#5151,1.44999938669102);
#1664=CIRCLE('',#5153,24.999998818721);
#1665=CIRCLE('',#5154,25.1999988187209);
#1666=CIRCLE('',#5156,1.24999938669105);
#1667=CIRCLE('',#5157,1.44999938669105);
#1668=CIRCLE('',#5159,1.24999938669105);
#1669=CIRCLE('',#5160,1.44999938669109);
#1670=CIRCLE('',#5162,22.3000000453392);
#1671=CIRCLE('',#5163,22.5000000453392);
#1672=CIRCLE('',#5165,1.24999938669105);
#1673=CIRCLE('',#5166,1.44999938669108);
#1674=CIRCLE('',#5168,1.24999938669097);
#1675=CIRCLE('',#5169,1.44999938669102);
#1676=CIRCLE('',#5171,26.5000000000001);
#1677=CIRCLE('',#5172,26.);
#1678=CIRCLE('',#5173,26.);
#1679=CIRCLE('',#5174,26.5000000000001);
#1680=CIRCLE('',#5176,18.7);
#1681=CIRCLE('',#5177,18.7);
#1682=CIRCLE('',#5179,1.35000000000002);
#1683=CIRCLE('',#5180,1.35000000000002);
#1684=CIRCLE('',#5182,1.35000000000002);
#1685=CIRCLE('',#5183,1.35000000000002);
#1686=CIRCLE('',#5185,1.35000000000002);
#1687=CIRCLE('',#5186,1.35000000000002);
#1688=CIRCLE('',#5188,1.24999938669097);
#1689=CIRCLE('',#5190,1.24999938669105);
#1690=CIRCLE('',#5192,22.5000000453392);
#1691=CIRCLE('',#5193,22.5000000453392);
#1692=CIRCLE('',#5195,24.999998818721);
#1693=CIRCLE('',#5197,1.24999938669097);
#1694=CIRCLE('',#5199,1.24999938669105);
#1695=CIRCLE('',#5201,1.24999938669097);
#1696=CIRCLE('',#5203,1.24999938669105);
#1697=CIRCLE('',#5205,1.99999999999989);
#1698=CIRCLE('',#5206,1.99999999999989);
#1699=CIRCLE('',#5207,1.99999999999989);
#1700=CIRCLE('',#5208,1.99999999999989);
#1701=CIRCLE('',#5210,1.99999999999989);
#1702=CIRCLE('',#5211,1.99999999999989);
#1703=CIRCLE('',#5212,1.99999999999989);
#1704=CIRCLE('',#5213,1.99999999999989);
#1705=CIRCLE('',#5215,1.99999999999989);
#1706=CIRCLE('',#5216,1.99999999999989);
#1707=CIRCLE('',#5217,1.99999999999989);
#1708=CIRCLE('',#5218,1.99999999999989);
#1709=CIRCLE('',#5220,26.5);
#1710=CIRCLE('',#5221,26.5);
#1711=CIRCLE('',#5223,1.3500000000457);
#1712=CIRCLE('',#5224,1.3500000000457);
#1713=CIRCLE('',#5226,1.3500000000165);
#1714=CIRCLE('',#5227,1.3500000000165);
#1715=CIRCLE('',#5229,1.35000000004559);
#1716=CIRCLE('',#5230,1.35000000004559);
#1717=CIRCLE('',#5232,20.);
#1718=CIRCLE('',#5233,20.);
#1719=CIRCLE('',#5234,20.);
#1720=CIRCLE('',#5235,20.);
#1721=CIRCLE('',#5237,22.);
#1722=CIRCLE('',#5238,22.);
#1723=CIRCLE('',#5239,22.);
#1724=CIRCLE('',#5240,22.);
#1725=CIRCLE('',#5242,1.35000000000002);
#1726=CIRCLE('',#5243,1.35000000000002);
#1727=CIRCLE('',#5245,1.35000000000002);
#1728=CIRCLE('',#5246,1.35000000000002);
#1729=CIRCLE('',#5248,1.35000000000002);
#1730=CIRCLE('',#5249,1.35000000000002);
#1731=CIRCLE('',#5251,22.3000000453392);
#1732=CIRCLE('',#5252,25.199998818721);
#1733=CIRCLE('',#5253,1.44999938669103);
#1734=CIRCLE('',#5254,22.3000000453392);
#1735=CIRCLE('',#5255,25.199998818721);
#1736=CIRCLE('',#5256,1.44999938669101);
#1737=CIRCLE('',#5257,1.44999938669097);
#1738=CIRCLE('',#5258,22.3000000453392);
#1739=CIRCLE('',#5259,1.44999938669103);
#1740=CIRCLE('',#5260,25.199998818721);
#1741=CIRCLE('',#5261,22.3000000453392);
#1742=CIRCLE('',#5262,1.44999938669119);
#1743=CIRCLE('',#5263,25.1999988187209);
#1744=CIRCLE('',#5264,22.3000000453393);
#1745=CIRCLE('',#5265,1.44999938669098);
#1746=CIRCLE('',#5266,25.199998818721);
#1747=CIRCLE('',#5268,22.5000000453392);
#1748=CIRCLE('',#5269,22.5000000453392);
#1749=CIRCLE('',#5271,24.999998818721);
#1750=CIRCLE('',#5272,24.999998818721);
#1751=CIRCLE('',#5274,1.24999938669105);
#1752=CIRCLE('',#5275,1.24999938669105);
#1753=CIRCLE('',#5277,22.5000000453392);
#1754=CIRCLE('',#5278,22.5000000453392);
#1755=CIRCLE('',#5280,1.24999938669097);
#1756=CIRCLE('',#5281,1.24999938669097);
#1757=CIRCLE('',#5283,24.999998818721);
#1758=CIRCLE('',#5284,24.999998818721);
#1759=CIRCLE('',#5286,1.24999938669097);
#1760=CIRCLE('',#5287,1.24999938669097);
#1761=CIRCLE('',#5289,1.24999938669105);
#1762=CIRCLE('',#5290,1.24999938669105);
#1763=CIRCLE('',#5292,22.5000000453392);
#1764=CIRCLE('',#5293,22.5000000453392);
#1765=CIRCLE('',#5295,24.999998818721);
#1766=CIRCLE('',#5296,24.999998818721);
#1767=CIRCLE('',#5298,1.24999938669105);
#1768=CIRCLE('',#5299,1.24999938669105);
#1769=CIRCLE('',#5301,22.5000000453392);
#1770=CIRCLE('',#5302,22.5000000453392);
#1771=CIRCLE('',#5304,1.24999938669097);
#1772=CIRCLE('',#5305,1.24999938669097);
#1773=CIRCLE('',#5307,24.999998818721);
#1774=CIRCLE('',#5308,24.999998818721);
#1775=CIRCLE('',#5310,22.5000000453392);
#1776=CIRCLE('',#5312,24.999998818721);
#1777=CIRCLE('',#5313,24.999998818721);
#1778=VERTEX_POINT('',#6966);
#1779=VERTEX_POINT('',#6968);
#1780=VERTEX_POINT('',#6970);
#1781=VERTEX_POINT('',#6974);
#1782=VERTEX_POINT('',#6976);
#1783=VERTEX_POINT('',#6977);
#1784=VERTEX_POINT('',#6980);
#1785=VERTEX_POINT('',#6981);
#1786=VERTEX_POINT('',#6984);
#1787=VERTEX_POINT('',#6985);
#1788=VERTEX_POINT('',#6988);
#1789=VERTEX_POINT('',#6989);
#1790=VERTEX_POINT('',#6991);
#1791=VERTEX_POINT('',#6993);
#1792=VERTEX_POINT('',#6995);
#1793=VERTEX_POINT('',#6997);
#1794=VERTEX_POINT('',#6999);
#1795=VERTEX_POINT('',#7001);
#1796=VERTEX_POINT('',#7003);
#1797=VERTEX_POINT('',#7005);
#1798=VERTEX_POINT('',#7007);
#1799=VERTEX_POINT('',#7009);
#1800=VERTEX_POINT('',#7012);
#1801=VERTEX_POINT('',#7013);
#1802=VERTEX_POINT('',#7015);
#1803=VERTEX_POINT('',#7017);
#1804=VERTEX_POINT('',#7019);
#1805=VERTEX_POINT('',#7021);
#1806=VERTEX_POINT('',#7023);
#1807=VERTEX_POINT('',#7025);
#1808=VERTEX_POINT('',#7027);
#1809=VERTEX_POINT('',#7029);
#1810=VERTEX_POINT('',#7031);
#1811=VERTEX_POINT('',#7033);
#1812=VERTEX_POINT('',#7036);
#1813=VERTEX_POINT('',#7037);
#1814=VERTEX_POINT('',#7039);
#1815=VERTEX_POINT('',#7041);
#1816=VERTEX_POINT('',#7043);
#1817=VERTEX_POINT('',#7045);
#1818=VERTEX_POINT('',#7047);
#1819=VERTEX_POINT('',#7049);
#1820=VERTEX_POINT('',#7051);
#1821=VERTEX_POINT('',#7053);
#1822=VERTEX_POINT('',#7055);
#1823=VERTEX_POINT('',#7057);
#1824=VERTEX_POINT('',#7061);
#1825=VERTEX_POINT('',#7065);
#1826=VERTEX_POINT('',#7066);
#1827=VERTEX_POINT('',#7068);
#1828=VERTEX_POINT('',#7070);
#1829=VERTEX_POINT('',#7075);
#1830=VERTEX_POINT('',#7077);
#1831=VERTEX_POINT('',#7082);
#1832=VERTEX_POINT('',#7084);
#1833=VERTEX_POINT('',#7088);
#1834=VERTEX_POINT('',#7090);
#1835=VERTEX_POINT('',#7095);
#1836=VERTEX_POINT('',#7097);
#1837=VERTEX_POINT('',#7102);
#1838=VERTEX_POINT('',#7104);
#1839=VERTEX_POINT('',#7109);
#1840=VERTEX_POINT('',#7111);
#1841=VERTEX_POINT('',#7116);
#1842=VERTEX_POINT('',#7117);
#1843=VERTEX_POINT('',#7119);
#1844=VERTEX_POINT('',#7121);
#1845=VERTEX_POINT('',#7123);
#1846=VERTEX_POINT('',#7125);
#1847=VERTEX_POINT('',#7127);
#1848=VERTEX_POINT('',#7129);
#1849=VERTEX_POINT('',#7133);
#1850=VERTEX_POINT('',#7134);
#1851=VERTEX_POINT('',#7136);
#1852=VERTEX_POINT('',#7138);
#1853=VERTEX_POINT('',#7140);
#1854=VERTEX_POINT('',#7142);
#1855=VERTEX_POINT('',#7144);
#1856=VERTEX_POINT('',#7146);
#1857=VERTEX_POINT('',#7150);
#1858=VERTEX_POINT('',#7151);
#1859=VERTEX_POINT('',#7153);
#1860=VERTEX_POINT('',#7155);
#1861=VERTEX_POINT('',#7157);
#1862=VERTEX_POINT('',#7159);
#1863=VERTEX_POINT('',#7161);
#1864=VERTEX_POINT('',#7163);
#1865=VERTEX_POINT('',#7167);
#1866=VERTEX_POINT('',#7169);
#1867=VERTEX_POINT('',#7173);
#1868=VERTEX_POINT('',#7177);
#1869=VERTEX_POINT('',#7181);
#1870=VERTEX_POINT('',#7183);
#1871=VERTEX_POINT('',#7187);
#1872=VERTEX_POINT('',#7189);
#1873=VERTEX_POINT('',#7193);
#1874=VERTEX_POINT('',#7197);
#1875=VERTEX_POINT('',#7199);
#1876=VERTEX_POINT('',#7203);
#1877=VERTEX_POINT('',#7207);
#1878=VERTEX_POINT('',#7211);
#1879=VERTEX_POINT('',#7213);
#1880=VERTEX_POINT('',#7217);
#1881=VERTEX_POINT('',#7221);
#1882=VERTEX_POINT('',#7225);
#1883=VERTEX_POINT('',#7229);
#1884=VERTEX_POINT('',#7233);
#1885=VERTEX_POINT('',#7235);
#1886=VERTEX_POINT('',#7238);
#1887=VERTEX_POINT('',#7242);
#1888=VERTEX_POINT('',#7249);
#1889=VERTEX_POINT('',#7254);
#1890=VERTEX_POINT('',#7257);
#1891=VERTEX_POINT('',#7259);
#1892=VERTEX_POINT('',#7263);
#1893=VERTEX_POINT('',#7267);
#1894=VERTEX_POINT('',#7271);
#1895=VERTEX_POINT('',#7275);
#1896=VERTEX_POINT('',#7279);
#1897=VERTEX_POINT('',#7283);
#1898=VERTEX_POINT('',#7285);
#1899=VERTEX_POINT('',#7291);
#1900=VERTEX_POINT('',#7293);
#1901=VERTEX_POINT('',#7297);
#1902=VERTEX_POINT('',#7301);
#1903=VERTEX_POINT('',#7304);
#1904=VERTEX_POINT('',#7308);
#1905=VERTEX_POINT('',#7312);
#1906=VERTEX_POINT('',#7316);
#1907=VERTEX_POINT('',#7320);
#1908=VERTEX_POINT('',#7323);
#1909=VERTEX_POINT('',#7327);
#1910=VERTEX_POINT('',#7331);
#1911=VERTEX_POINT('',#7338);
#1912=VERTEX_POINT('',#7340);
#1913=VERTEX_POINT('',#7344);
#1914=VERTEX_POINT('',#7352);
#1915=VERTEX_POINT('',#7359);
#1916=VERTEX_POINT('',#7363);
#1917=VERTEX_POINT('',#7367);
#1918=VERTEX_POINT('',#7371);
#1919=VERTEX_POINT('',#7377);
#1920=VERTEX_POINT('',#7381);
#1921=VERTEX_POINT('',#7388);
#1922=VERTEX_POINT('',#7390);
#1923=VERTEX_POINT('',#7394);
#1924=VERTEX_POINT('',#7400);
#1925=VERTEX_POINT('',#7407);
#1926=VERTEX_POINT('',#7410);
#1927=VERTEX_POINT('',#7413);
#1928=VERTEX_POINT('',#7416);
#1929=VERTEX_POINT('',#7419);
#1930=VERTEX_POINT('',#7421);
#1931=VERTEX_POINT('',#7424);
#1932=VERTEX_POINT('',#7425);
#1933=VERTEX_POINT('',#7427);
#1934=VERTEX_POINT('',#7429);
#1935=VERTEX_POINT('',#7433);
#1936=VERTEX_POINT('',#7435);
#1937=VERTEX_POINT('',#7439);
#1938=VERTEX_POINT('',#7443);
#1939=VERTEX_POINT('',#7444);
#1940=VERTEX_POINT('',#7457);
#1941=VERTEX_POINT('',#7459);
#1942=VERTEX_POINT('',#7461);
#1943=VERTEX_POINT('',#7465);
#1944=VERTEX_POINT('',#7467);
#1945=VERTEX_POINT('',#7469);
#1946=VERTEX_POINT('',#7472);
#1947=VERTEX_POINT('',#7473);
#1948=VERTEX_POINT('',#7476);
#1949=VERTEX_POINT('',#7477);
#1950=VERTEX_POINT('',#7480);
#1951=VERTEX_POINT('',#7481);
#1952=VERTEX_POINT('',#7485);
#1953=VERTEX_POINT('',#7487);
#1954=VERTEX_POINT('',#7489);
#1955=VERTEX_POINT('',#7491);
#1956=VERTEX_POINT('',#7493);
#1957=VERTEX_POINT('',#7497);
#1958=VERTEX_POINT('',#7498);
#1959=VERTEX_POINT('',#7500);
#1960=VERTEX_POINT('',#7502);
#1961=VERTEX_POINT('',#7504);
#1962=VERTEX_POINT('',#7519);
#1963=VERTEX_POINT('',#7521);
#1964=VERTEX_POINT('',#7523);
#1965=VERTEX_POINT('',#7525);
#1966=VERTEX_POINT('',#7527);
#1967=VERTEX_POINT('',#7529);
#1968=VERTEX_POINT('',#7533);
#1969=VERTEX_POINT('',#7535);
#1970=VERTEX_POINT('',#7538);
#1971=VERTEX_POINT('',#7539);
#1972=VERTEX_POINT('',#7542);
#1973=VERTEX_POINT('',#7543);
#1974=VERTEX_POINT('',#7546);
#1975=VERTEX_POINT('',#7547);
#1976=VERTEX_POINT('',#7551);
#1977=VERTEX_POINT('',#7553);
#1978=VERTEX_POINT('',#7555);
#1979=VERTEX_POINT('',#7558);
#1980=VERTEX_POINT('',#7560);
#1981=VERTEX_POINT('',#7562);
#1982=VERTEX_POINT('',#7564);
#1983=VERTEX_POINT('',#7569);
#1984=VERTEX_POINT('',#7571);
#1985=VERTEX_POINT('',#7579);
#1986=VERTEX_POINT('',#7581);
#1987=VERTEX_POINT('',#7583);
#1988=VERTEX_POINT('',#7587);
#1989=VERTEX_POINT('',#7588);
#1990=VERTEX_POINT('',#7590);
#1991=VERTEX_POINT('',#7592);
#1992=VERTEX_POINT('',#7596);
#1993=VERTEX_POINT('',#7598);
#1994=VERTEX_POINT('',#7602);
#1995=VERTEX_POINT('',#7604);
#1996=VERTEX_POINT('',#7608);
#1997=VERTEX_POINT('',#7610);
#1998=VERTEX_POINT('',#7614);
#1999=VERTEX_POINT('',#7616);
#2000=VERTEX_POINT('',#7620);
#2001=VERTEX_POINT('',#7622);
#2002=VERTEX_POINT('',#7632);
#2003=VERTEX_POINT('',#7634);
#2004=VERTEX_POINT('',#7636);
#2005=VERTEX_POINT('',#7640);
#2006=VERTEX_POINT('',#7641);
#2007=VERTEX_POINT('',#7643);
#2008=VERTEX_POINT('',#7645);
#2009=VERTEX_POINT('',#7649);
#2010=VERTEX_POINT('',#7651);
#2011=VERTEX_POINT('',#7655);
#2012=VERTEX_POINT('',#7657);
#2013=VERTEX_POINT('',#7661);
#2014=VERTEX_POINT('',#7662);
#2015=VERTEX_POINT('',#7664);
#2016=VERTEX_POINT('',#7666);
#2017=VERTEX_POINT('',#7670);
#2018=VERTEX_POINT('',#7672);
#2019=VERTEX_POINT('',#7686);
#2020=VERTEX_POINT('',#7687);
#2021=VERTEX_POINT('',#7690);
#2022=VERTEX_POINT('',#7691);
#2023=VERTEX_POINT('',#7696);
#2024=VERTEX_POINT('',#7697);
#2025=VERTEX_POINT('',#7700);
#2026=VERTEX_POINT('',#7701);
#2027=VERTEX_POINT('',#7705);
#2028=VERTEX_POINT('',#7711);
#2029=VERTEX_POINT('',#7712);
#2030=VERTEX_POINT('',#7715);
#2031=VERTEX_POINT('',#7717);
#2032=VERTEX_POINT('',#7723);
#2033=VERTEX_POINT('',#7725);
#2034=VERTEX_POINT('',#7729);
#2035=VERTEX_POINT('',#7731);
#2036=VERTEX_POINT('',#7735);
#2037=VERTEX_POINT('',#7737);
#2038=VERTEX_POINT('',#7741);
#2039=VERTEX_POINT('',#7743);
#2040=VERTEX_POINT('',#7747);
#2041=VERTEX_POINT('',#7749);
#2042=VERTEX_POINT('',#7753);
#2043=VERTEX_POINT('',#7755);
#2044=VERTEX_POINT('',#7768);
#2045=VERTEX_POINT('',#7772);
#2046=VERTEX_POINT('',#7791);
#2047=VERTEX_POINT('',#7792);
#2048=VERTEX_POINT('',#7794);
#2049=VERTEX_POINT('',#7796);
#2050=VERTEX_POINT('',#7798);
#2051=VERTEX_POINT('',#7804);
#2052=VERTEX_POINT('',#7805);
#2053=VERTEX_POINT('',#7810);
#2054=VERTEX_POINT('',#7811);
#2055=VERTEX_POINT('',#7818);
#2056=VERTEX_POINT('',#7819);
#2057=VERTEX_POINT('',#7822);
#2058=VERTEX_POINT('',#7824);
#2059=VERTEX_POINT('',#7828);
#2060=VERTEX_POINT('',#7829);
#2061=VERTEX_POINT('',#7832);
#2062=VERTEX_POINT('',#7834);
#2063=VERTEX_POINT('',#7838);
#2064=VERTEX_POINT('',#7839);
#2065=VERTEX_POINT('',#7842);
#2066=VERTEX_POINT('',#7844);
#2067=VERTEX_POINT('',#7848);
#2068=VERTEX_POINT('',#7850);
#2069=VERTEX_POINT('',#7852);
#2070=VERTEX_POINT('',#7854);
#2071=VERTEX_POINT('',#7856);
#2072=VERTEX_POINT('',#7860);
#2073=VERTEX_POINT('',#7861);
#2074=VERTEX_POINT('',#7866);
#2075=VERTEX_POINT('',#7867);
#2076=VERTEX_POINT('',#7872);
#2077=VERTEX_POINT('',#7873);
#2078=VERTEX_POINT('',#7878);
#2079=VERTEX_POINT('',#7879);
#2080=VERTEX_POINT('',#7884);
#2081=VERTEX_POINT('',#7885);
#2082=VERTEX_POINT('',#7887);
#2083=VERTEX_POINT('',#7889);
#2084=VERTEX_POINT('',#7891);
#2085=VERTEX_POINT('',#7894);
#2086=VERTEX_POINT('',#7896);
#2087=VERTEX_POINT('',#7898);
#2088=VERTEX_POINT('',#7900);
#2089=VERTEX_POINT('',#7902);
#2090=VERTEX_POINT('',#7904);
#2091=VERTEX_POINT('',#7906);
#2092=VERTEX_POINT('',#7908);
#2093=VERTEX_POINT('',#7910);
#2094=VERTEX_POINT('',#7914);
#2095=VERTEX_POINT('',#7916);
#2096=VERTEX_POINT('',#7920);
#2097=VERTEX_POINT('',#7922);
#2098=VERTEX_POINT('',#7926);
#2099=VERTEX_POINT('',#7927);
#2100=VERTEX_POINT('',#7929);
#2101=VERTEX_POINT('',#7931);
#2102=VERTEX_POINT('',#7936);
#2103=VERTEX_POINT('',#7939);
#2104=VERTEX_POINT('',#7943);
#2105=VERTEX_POINT('',#7947);
#2106=VERTEX_POINT('',#7949);
#2107=VERTEX_POINT('',#7951);
#2108=VERTEX_POINT('',#7993);
#2109=VERTEX_POINT('',#7994);
#2110=VERTEX_POINT('',#7997);
#2111=VERTEX_POINT('',#7999);
#2112=VERTEX_POINT('',#8003);
#2113=VERTEX_POINT('',#8004);
#2114=VERTEX_POINT('',#8007);
#2115=VERTEX_POINT('',#8009);
#2116=VERTEX_POINT('',#8013);
#2117=VERTEX_POINT('',#8014);
#2118=VERTEX_POINT('',#8017);
#2119=VERTEX_POINT('',#8019);
#2120=VERTEX_POINT('',#8023);
#2121=VERTEX_POINT('',#8024);
#2122=VERTEX_POINT('',#8027);
#2123=VERTEX_POINT('',#8029);
#2124=VERTEX_POINT('',#8033);
#2125=VERTEX_POINT('',#8034);
#2126=VERTEX_POINT('',#8036);
#2127=VERTEX_POINT('',#8038);
#2128=VERTEX_POINT('',#8042);
#2129=VERTEX_POINT('',#8043);
#2130=VERTEX_POINT('',#8045);
#2131=VERTEX_POINT('',#8047);
#2132=VERTEX_POINT('',#8051);
#2133=VERTEX_POINT('',#8052);
#2134=VERTEX_POINT('',#8054);
#2135=VERTEX_POINT('',#8056);
#2136=VERTEX_POINT('',#8060);
#2137=VERTEX_POINT('',#8061);
#2138=VERTEX_POINT('',#8063);
#2139=VERTEX_POINT('',#8065);
#2140=VERTEX_POINT('',#8069);
#2141=VERTEX_POINT('',#8070);
#2142=VERTEX_POINT('',#8072);
#2143=VERTEX_POINT('',#8074);
#2144=VERTEX_POINT('',#8078);
#2145=VERTEX_POINT('',#8079);
#2146=VERTEX_POINT('',#8081);
#2147=VERTEX_POINT('',#8083);
#2148=VERTEX_POINT('',#8087);
#2149=VERTEX_POINT('',#8089);
#2150=VERTEX_POINT('',#8093);
#2151=VERTEX_POINT('',#8095);
#2152=VERTEX_POINT('',#8099);
#2153=VERTEX_POINT('',#8100);
#2154=VERTEX_POINT('',#8102);
#2155=VERTEX_POINT('',#8104);
#2156=VERTEX_POINT('',#8109);
#2157=VERTEX_POINT('',#8110);
#2158=VERTEX_POINT('',#8115);
#2159=VERTEX_POINT('',#8116);
#2160=VERTEX_POINT('',#8121);
#2161=VERTEX_POINT('',#8122);
#2162=VERTEX_POINT('',#8127);
#2163=VERTEX_POINT('',#8128);
#2164=VERTEX_POINT('',#8133);
#2165=VERTEX_POINT('',#8134);
#2166=VERTEX_POINT('',#8139);
#2167=VERTEX_POINT('',#8140);
#2168=VERTEX_POINT('',#8145);
#2169=VERTEX_POINT('',#8146);
#2170=VERTEX_POINT('',#8148);
#2171=VERTEX_POINT('',#8150);
#2172=VERTEX_POINT('',#8154);
#2173=VERTEX_POINT('',#8155);
#2174=VERTEX_POINT('',#8160);
#2175=VERTEX_POINT('',#8161);
#2176=VERTEX_POINT('',#8166);
#2177=VERTEX_POINT('',#8167);
#2178=VERTEX_POINT('',#8172);
#2179=VERTEX_POINT('',#8173);
#2180=VERTEX_POINT('',#8178);
#2181=VERTEX_POINT('',#8179);
#2182=VERTEX_POINT('',#8184);
#2183=VERTEX_POINT('',#8185);
#2184=VERTEX_POINT('',#8188);
#2185=VERTEX_POINT('',#8190);
#2186=VERTEX_POINT('',#8194);
#2187=VERTEX_POINT('',#8195);
#2188=VERTEX_POINT('',#8198);
#2189=VERTEX_POINT('',#8200);
#2190=VERTEX_POINT('',#8204);
#2191=VERTEX_POINT('',#8205);
#2192=VERTEX_POINT('',#8208);
#2193=VERTEX_POINT('',#8210);
#2194=VERTEX_POINT('',#8214);
#2195=VERTEX_POINT('',#8216);
#2196=VERTEX_POINT('',#8220);
#2197=VERTEX_POINT('',#8221);
#2198=VERTEX_POINT('',#8226);
#2199=VERTEX_POINT('',#8227);
#2200=VERTEX_POINT('',#8232);
#2201=VERTEX_POINT('',#8233);
#2202=VERTEX_POINT('',#8238);
#2203=VERTEX_POINT('',#8239);
#2204=VERTEX_POINT('',#8241);
#2205=VERTEX_POINT('',#8243);
#2206=VERTEX_POINT('',#8248);
#2207=VERTEX_POINT('',#8249);
#2208=VERTEX_POINT('',#8252);
#2209=VERTEX_POINT('',#8254);
#2210=VERTEX_POINT('',#8258);
#2211=VERTEX_POINT('',#8259);
#2212=VERTEX_POINT('',#8264);
#2213=VERTEX_POINT('',#8265);
#2214=VERTEX_POINT('',#8270);
#2215=VERTEX_POINT('',#8271);
#2216=VERTEX_POINT('',#8276);
#2217=VERTEX_POINT('',#8278);
#2218=VERTEX_POINT('',#8281);
#2219=VERTEX_POINT('',#8283);
#2220=VERTEX_POINT('',#8286);
#2221=VERTEX_POINT('',#8288);
#2222=VERTEX_POINT('',#8291);
#2223=VERTEX_POINT('',#8293);
#2224=VERTEX_POINT('',#8296);
#2225=VERTEX_POINT('',#8298);
#2226=VERTEX_POINT('',#8303);
#2227=VERTEX_POINT('',#8304);
#2228=VERTEX_POINT('',#8309);
#2229=VERTEX_POINT('',#8311);
#2230=VERTEX_POINT('',#8318);
#2231=VERTEX_POINT('',#8320);
#2232=VERTEX_POINT('',#8324);
#2233=VERTEX_POINT('',#8326);
#2234=VERTEX_POINT('',#8339);
#2235=VERTEX_POINT('',#8340);
#2236=VERTEX_POINT('',#8345);
#2237=VERTEX_POINT('',#8347);
#2238=VERTEX_POINT('',#8354);
#2239=VERTEX_POINT('',#8356);
#2240=VERTEX_POINT('',#8360);
#2241=VERTEX_POINT('',#8362);
#2242=EDGE_CURVE('',#1778,#1778,#1351,.T.);
#2243=EDGE_CURVE('',#1778,#1779,#857,.T.);
#2244=EDGE_CURVE('',#1779,#1780,#1352,.T.);
#2245=EDGE_CURVE('',#1780,#1779,#1353,.T.);
#2246=EDGE_CURVE('',#1781,#1781,#1354,.T.);
#2247=EDGE_CURVE('',#1782,#1783,#1355,.T.);
#2248=EDGE_CURVE('',#1783,#1782,#1356,.T.);
#2249=EDGE_CURVE('',#1784,#1785,#1357,.T.);
#2250=EDGE_CURVE('',#1785,#1784,#1358,.T.);
#2251=EDGE_CURVE('',#1786,#1787,#1359,.T.);
#2252=EDGE_CURVE('',#1787,#1786,#1360,.T.);
#2253=EDGE_CURVE('',#1788,#1789,#1361,.T.);
#2254=EDGE_CURVE('',#1789,#1790,#1362,.T.);
#2255=EDGE_CURVE('',#1790,#1791,#858,.T.);
#2256=EDGE_CURVE('',#1791,#1792,#1363,.T.);
#2257=EDGE_CURVE('',#1792,#1793,#1364,.T.);
#2258=EDGE_CURVE('',#1793,#1794,#1365,.T.);
#2259=EDGE_CURVE('',#1794,#1795,#1366,.T.);
#2260=EDGE_CURVE('',#1795,#1796,#1367,.T.);
#2261=EDGE_CURVE('',#1796,#1797,#1368,.T.);
#2262=EDGE_CURVE('',#1797,#1798,#1369,.T.);
#2263=EDGE_CURVE('',#1798,#1799,#859,.T.);
#2264=EDGE_CURVE('',#1799,#1788,#1370,.T.);
#2265=EDGE_CURVE('',#1800,#1801,#1371,.T.);
#2266=EDGE_CURVE('',#1801,#1802,#1372,.T.);
#2267=EDGE_CURVE('',#1802,#1803,#860,.T.);
#2268=EDGE_CURVE('',#1803,#1804,#1373,.T.);
#2269=EDGE_CURVE('',#1804,#1805,#1374,.T.);
#2270=EDGE_CURVE('',#1805,#1806,#1375,.T.);
#2271=EDGE_CURVE('',#1806,#1807,#1376,.T.);
#2272=EDGE_CURVE('',#1807,#1808,#1377,.T.);
#2273=EDGE_CURVE('',#1808,#1809,#1378,.T.);
#2274=EDGE_CURVE('',#1809,#1810,#1379,.T.);
#2275=EDGE_CURVE('',#1810,#1811,#861,.T.);
#2276=EDGE_CURVE('',#1811,#1800,#1380,.T.);
#2277=EDGE_CURVE('',#1812,#1813,#1381,.T.);
#2278=EDGE_CURVE('',#1813,#1814,#1382,.T.);
#2279=EDGE_CURVE('',#1814,#1815,#1383,.T.);
#2280=EDGE_CURVE('',#1815,#1816,#1384,.T.);
#2281=EDGE_CURVE('',#1816,#1817,#862,.T.);
#2282=EDGE_CURVE('',#1817,#1818,#1385,.T.);
#2283=EDGE_CURVE('',#1818,#1819,#1386,.T.);
#2284=EDGE_CURVE('',#1819,#1820,#1387,.T.);
#2285=EDGE_CURVE('',#1820,#1821,#863,.T.);
#2286=EDGE_CURVE('',#1821,#1822,#1388,.T.);
#2287=EDGE_CURVE('',#1822,#1823,#1389,.T.);
#2288=EDGE_CURVE('',#1823,#1812,#1390,.T.);
#2289=EDGE_CURVE('',#1780,#1824,#864,.T.);
#2290=EDGE_CURVE('',#1824,#1824,#1391,.T.);
#2291=EDGE_CURVE('',#1825,#1826,#1392,.T.);
#2292=EDGE_CURVE('',#1826,#1827,#1393,.T.);
#2293=EDGE_CURVE('',#1827,#1828,#1394,.T.);
#2294=EDGE_CURVE('',#1828,#1827,#1395,.T.);
#2295=EDGE_CURVE('',#1826,#1825,#1396,.T.);
#2296=EDGE_CURVE('',#1827,#1829,#865,.T.);
#2297=EDGE_CURVE('',#1830,#1829,#1397,.T.);
#2298=EDGE_CURVE('',#1829,#1830,#1398,.T.);
#2299=EDGE_CURVE('',#1781,#1831,#866,.T.);
#2300=EDGE_CURVE('',#1831,#1832,#1399,.T.);
#2301=EDGE_CURVE('',#1832,#1831,#1400,.T.);
#2302=EDGE_CURVE('',#1832,#1833,#867,.T.);
#2303=EDGE_CURVE('',#1833,#1834,#1401,.T.);
#2304=EDGE_CURVE('',#1834,#1833,#1402,.T.);
#2305=EDGE_CURVE('',#1783,#1835,#868,.T.);
#2306=EDGE_CURVE('',#1836,#1835,#1403,.T.);
#2307=EDGE_CURVE('',#1835,#1836,#1404,.T.);
#2308=EDGE_CURVE('',#1785,#1837,#869,.T.);
#2309=EDGE_CURVE('',#1838,#1837,#1405,.T.);
#2310=EDGE_CURVE('',#1837,#1838,#1406,.T.);
#2311=EDGE_CURVE('',#1787,#1839,#870,.T.);
#2312=EDGE_CURVE('',#1840,#1839,#1407,.T.);
#2313=EDGE_CURVE('',#1839,#1840,#1408,.T.);
#2314=EDGE_CURVE('',#1841,#1842,#1409,.T.);
#2315=EDGE_CURVE('',#1843,#1841,#1410,.T.);
#2316=EDGE_CURVE('',#1844,#1843,#1411,.T.);
#2317=EDGE_CURVE('',#1845,#1844,#1412,.T.);
#2318=EDGE_CURVE('',#1846,#1845,#1413,.T.);
#2319=EDGE_CURVE('',#1847,#1846,#1414,.T.);
#2320=EDGE_CURVE('',#1848,#1847,#1415,.T.);
#2321=EDGE_CURVE('',#1842,#1848,#1416,.T.);
#2322=EDGE_CURVE('',#1849,#1850,#1417,.T.);
#2323=EDGE_CURVE('',#1851,#1849,#1418,.T.);
#2324=EDGE_CURVE('',#1852,#1851,#1419,.T.);
#2325=EDGE_CURVE('',#1853,#1852,#1420,.T.);
#2326=EDGE_CURVE('',#1854,#1853,#1421,.T.);
#2327=EDGE_CURVE('',#1855,#1854,#1422,.T.);
#2328=EDGE_CURVE('',#1856,#1855,#1423,.T.);
#2329=EDGE_CURVE('',#1850,#1856,#1424,.T.);
#2330=EDGE_CURVE('',#1857,#1858,#1425,.T.);
#2331=EDGE_CURVE('',#1859,#1857,#1426,.T.);
#2332=EDGE_CURVE('',#1860,#1859,#1427,.T.);
#2333=EDGE_CURVE('',#1861,#1860,#1428,.T.);
#2334=EDGE_CURVE('',#1862,#1861,#1429,.T.);
#2335=EDGE_CURVE('',#1863,#1862,#1430,.T.);
#2336=EDGE_CURVE('',#1864,#1863,#1431,.T.);
#2337=EDGE_CURVE('',#1858,#1864,#1432,.T.);
#2338=EDGE_CURVE('',#1844,#1865,#871,.T.);
#2339=EDGE_CURVE('',#1865,#1866,#1433,.T.);
#2340=EDGE_CURVE('',#1845,#1866,#872,.T.);
#2341=EDGE_CURVE('',#1843,#1867,#873,.T.);
#2342=EDGE_CURVE('',#1867,#1865,#1434,.T.);
#2343=EDGE_CURVE('',#1841,#1868,#874,.T.);
#2344=EDGE_CURVE('',#1868,#1867,#1435,.T.);
#2345=EDGE_CURVE('',#1852,#1869,#875,.T.);
#2346=EDGE_CURVE('',#1869,#1870,#1436,.T.);
#2347=EDGE_CURVE('',#1853,#1870,#876,.T.);
#2348=EDGE_CURVE('',#1849,#1871,#877,.T.);
#2349=EDGE_CURVE('',#1871,#1872,#1437,.T.);
#2350=EDGE_CURVE('',#1851,#1872,#878,.T.);
#2351=EDGE_CURVE('',#1850,#1873,#879,.T.);
#2352=EDGE_CURVE('',#1873,#1871,#1438,.T.);
#2353=EDGE_CURVE('',#1859,#1874,#880,.T.);
#2354=EDGE_CURVE('',#1874,#1875,#1439,.T.);
#2355=EDGE_CURVE('',#1860,#1875,#881,.T.);
#2356=EDGE_CURVE('',#1857,#1876,#882,.T.);
#2357=EDGE_CURVE('',#1876,#1874,#1440,.T.);
#2358=EDGE_CURVE('',#1858,#1877,#883,.T.);
#2359=EDGE_CURVE('',#1877,#1876,#1441,.T.);
#2360=EDGE_CURVE('',#1811,#1878,#884,.T.);
#2361=EDGE_CURVE('',#1878,#1879,#1442,.T.);
#2362=EDGE_CURVE('',#1800,#1879,#885,.T.);
#2363=EDGE_CURVE('',#1810,#1880,#886,.T.);
#2364=EDGE_CURVE('',#1880,#1878,#887,.T.);
#2365=EDGE_CURVE('',#1809,#1881,#888,.T.);
#2366=EDGE_CURVE('',#1881,#1880,#1443,.T.);
#2367=EDGE_CURVE('',#1808,#1882,#889,.T.);
#2368=EDGE_CURVE('',#1882,#1881,#1444,.T.);
#2369=EDGE_CURVE('',#1807,#1883,#890,.T.);
#2370=EDGE_CURVE('',#1883,#1882,#1445,.T.);
#2371=EDGE_CURVE('',#1806,#1884,#891,.T.);
#2372=EDGE_CURVE('',#1884,#1885,#1446,.T.);
#2373=EDGE_CURVE('',#1856,#1885,#892,.T.);
#2374=EDGE_CURVE('',#1855,#1886,#893,.T.);
#2375=EDGE_CURVE('',#1886,#1883,#1447,.T.);
#2376=EDGE_CURVE('',#1854,#1887,#894,.T.);
#2377=EDGE_CURVE('',#1887,#1886,#1448,.T.);
#2378=EDGE_CURVE('',#1870,#1887,#1449,.T.);
#2379=EDGE_CURVE('',#1879,#1869,#1450,.T.);
#2380=EDGE_CURVE('',#1872,#1888,#1451,.T.);
#2381=EDGE_CURVE('',#1801,#1888,#895,.T.);
#2382=EDGE_CURVE('',#1794,#1889,#896,.T.);
#2383=EDGE_CURVE('',#1889,#1868,#1452,.T.);
#2384=EDGE_CURVE('',#1842,#1890,#897,.T.);
#2385=EDGE_CURVE('',#1890,#1891,#1453,.T.);
#2386=EDGE_CURVE('',#1795,#1891,#898,.T.);
#2387=EDGE_CURVE('',#1793,#1892,#899,.T.);
#2388=EDGE_CURVE('',#1892,#1889,#1454,.T.);
#2389=EDGE_CURVE('',#1792,#1893,#900,.T.);
#2390=EDGE_CURVE('',#1893,#1892,#1455,.T.);
#2391=EDGE_CURVE('',#1791,#1894,#901,.T.);
#2392=EDGE_CURVE('',#1894,#1893,#1456,.T.);
#2393=EDGE_CURVE('',#1790,#1895,#902,.T.);
#2394=EDGE_CURVE('',#1895,#1894,#903,.T.);
#2395=EDGE_CURVE('',#1789,#1896,#904,.T.);
#2396=EDGE_CURVE('',#1896,#1895,#1457,.T.);
#2397=EDGE_CURVE('',#1788,#1897,#905,.T.);
#2398=EDGE_CURVE('',#1897,#1898,#1458,.T.);
#2399=EDGE_CURVE('',#1846,#1898,#906,.T.);
#2400=EDGE_CURVE('',#1866,#1896,#1459,.T.);
#2401=EDGE_CURVE('',#1820,#1899,#907,.T.);
#2402=EDGE_CURVE('',#1899,#1900,#908,.T.);
#2403=EDGE_CURVE('',#1821,#1900,#909,.T.);
#2404=EDGE_CURVE('',#1819,#1901,#910,.T.);
#2405=EDGE_CURVE('',#1901,#1899,#1460,.T.);
#2406=EDGE_CURVE('',#1818,#1902,#911,.T.);
#2407=EDGE_CURVE('',#1902,#1877,#1461,.T.);
#2408=EDGE_CURVE('',#1864,#1903,#912,.T.);
#2409=EDGE_CURVE('',#1903,#1901,#1462,.T.);
#2410=EDGE_CURVE('',#1863,#1904,#913,.T.);
#2411=EDGE_CURVE('',#1904,#1903,#1463,.T.);
#2412=EDGE_CURVE('',#1862,#1905,#914,.T.);
#2413=EDGE_CURVE('',#1905,#1904,#1464,.T.);
#2414=EDGE_CURVE('',#1861,#1906,#915,.T.);
#2415=EDGE_CURVE('',#1906,#1905,#1465,.T.);
#2416=EDGE_CURVE('',#1812,#1907,#916,.T.);
#2417=EDGE_CURVE('',#1907,#1906,#1466,.T.);
#2418=EDGE_CURVE('',#1875,#1908,#1467,.T.);
#2419=EDGE_CURVE('',#1813,#1908,#917,.T.);
#2420=EDGE_CURVE('',#1823,#1909,#918,.T.);
#2421=EDGE_CURVE('',#1909,#1907,#1468,.T.);
#2422=EDGE_CURVE('',#1822,#1910,#919,.T.);
#2423=EDGE_CURVE('',#1910,#1909,#1469,.T.);
#2424=EDGE_CURVE('',#1900,#1910,#1470,.T.);
#2425=EDGE_CURVE('',#1803,#1911,#920,.T.);
#2426=EDGE_CURVE('',#1911,#1912,#1471,.T.);
#2427=EDGE_CURVE('',#1804,#1912,#921,.T.);
#2428=EDGE_CURVE('',#1802,#1913,#922,.T.);
#2429=EDGE_CURVE('',#1913,#1911,#923,.T.);
#2430=EDGE_CURVE('',#1888,#1913,#1472,.T.);
#2431=EDGE_CURVE('',#1885,#1873,#1473,.T.);
#2432=EDGE_CURVE('',#1805,#1914,#924,.T.);
#2433=EDGE_CURVE('',#1914,#1884,#1474,.T.);
#2434=EDGE_CURVE('',#1912,#1914,#1475,.T.);
#2435=EDGE_CURVE('',#1799,#1915,#925,.T.);
#2436=EDGE_CURVE('',#1915,#1897,#1476,.T.);
#2437=EDGE_CURVE('',#1798,#1916,#926,.T.);
#2438=EDGE_CURVE('',#1916,#1915,#927,.T.);
#2439=EDGE_CURVE('',#1797,#1917,#928,.T.);
#2440=EDGE_CURVE('',#1917,#1916,#1477,.T.);
#2441=EDGE_CURVE('',#1796,#1918,#929,.T.);
#2442=EDGE_CURVE('',#1918,#1917,#1478,.T.);
#2443=EDGE_CURVE('',#1891,#1918,#1479,.T.);
#2444=EDGE_CURVE('',#1848,#1919,#930,.T.);
#2445=EDGE_CURVE('',#1919,#1890,#1480,.T.);
#2446=EDGE_CURVE('',#1847,#1920,#931,.T.);
#2447=EDGE_CURVE('',#1920,#1919,#1481,.T.);
#2448=EDGE_CURVE('',#1898,#1920,#1482,.T.);
#2449=EDGE_CURVE('',#1815,#1921,#932,.T.);
#2450=EDGE_CURVE('',#1921,#1922,#1483,.T.);
#2451=EDGE_CURVE('',#1816,#1922,#933,.T.);
#2452=EDGE_CURVE('',#1814,#1923,#934,.T.);
#2453=EDGE_CURVE('',#1923,#1921,#1484,.T.);
#2454=EDGE_CURVE('',#1908,#1923,#1485,.T.);
#2455=EDGE_CURVE('',#1817,#1924,#935,.T.);
#2456=EDGE_CURVE('',#1924,#1902,#1486,.T.);
#2457=EDGE_CURVE('',#1922,#1924,#936,.T.);
#2458=EDGE_CURVE('',#1925,#1925,#1487,.T.);
#2459=EDGE_CURVE('',#1926,#1926,#1488,.T.);
#2460=EDGE_CURVE('',#1927,#1927,#1489,.T.);
#2461=EDGE_CURVE('',#1928,#1928,#1490,.T.);
#2462=EDGE_CURVE('',#1929,#1929,#1491,.T.);
#2463=EDGE_CURVE('',#1930,#1930,#1492,.T.);
#2464=EDGE_CURVE('',#1931,#1932,#1493,.T.);
#2465=EDGE_CURVE('',#1933,#1931,#937,.T.);
#2466=EDGE_CURVE('',#1934,#1933,#1494,.T.);
#2467=EDGE_CURVE('',#1932,#1934,#938,.T.);
#2468=EDGE_CURVE('',#1935,#1933,#939,.T.);
#2469=EDGE_CURVE('',#1936,#1935,#1495,.T.);
#2470=EDGE_CURVE('',#1936,#1934,#940,.T.);
#2471=EDGE_CURVE('',#1937,#1931,#941,.T.);
#2472=EDGE_CURVE('',#1935,#1937,#942,.T.);
#2473=EDGE_CURVE('',#1938,#1939,#37,.T.);
#2474=EDGE_CURVE('',#1939,#1940,#943,.T.);
#2475=EDGE_CURVE('',#1940,#1941,#1496,.F.);
#2476=EDGE_CURVE('',#1941,#1942,#944,.T.);
#2477=EDGE_CURVE('',#1942,#1938,#1497,.T.);
#2478=EDGE_CURVE('',#1942,#1943,#945,.T.);
#2479=EDGE_CURVE('',#1943,#1944,#1498,.T.);
#2480=EDGE_CURVE('',#1944,#1945,#946,.T.);
#2481=EDGE_CURVE('',#1938,#1945,#1499,.T.);
#2482=EDGE_CURVE('',#1946,#1947,#1500,.T.);
#2483=EDGE_CURVE('',#1947,#1946,#1501,.T.);
#2484=EDGE_CURVE('',#1948,#1949,#1502,.T.);
#2485=EDGE_CURVE('',#1949,#1948,#1503,.T.);
#2486=EDGE_CURVE('',#1950,#1951,#1504,.T.);
#2487=EDGE_CURVE('',#1951,#1950,#1505,.T.);
#2488=EDGE_CURVE('',#1952,#1941,#947,.T.);
#2489=EDGE_CURVE('',#1953,#1952,#948,.T.);
#2490=EDGE_CURVE('',#1954,#1953,#949,.T.);
#2491=EDGE_CURVE('',#1954,#1955,#950,.T.);
#2492=EDGE_CURVE('',#1956,#1955,#951,.T.);
#2493=EDGE_CURVE('',#1943,#1956,#952,.T.);
#2494=EDGE_CURVE('',#1957,#1958,#1506,.T.);
#2495=EDGE_CURVE('',#1958,#1959,#953,.T.);
#2496=EDGE_CURVE('',#1959,#1960,#1507,.F.);
#2497=EDGE_CURVE('',#1960,#1961,#954,.T.);
#2498=EDGE_CURVE('',#1961,#1957,#38,.T.);
#2499=EDGE_CURVE('',#1962,#1958,#955,.T.);
#2500=EDGE_CURVE('',#1963,#1962,#956,.T.);
#2501=EDGE_CURVE('',#1964,#1963,#957,.T.);
#2502=EDGE_CURVE('',#1965,#1964,#958,.T.);
#2503=EDGE_CURVE('',#1966,#1965,#959,.T.);
#2504=EDGE_CURVE('',#1967,#1966,#960,.T.);
#2505=EDGE_CURVE('',#1959,#1967,#961,.T.);
#2506=EDGE_CURVE('',#1957,#1968,#1508,.T.);
#2507=EDGE_CURVE('',#1968,#1969,#962,.T.);
#2508=EDGE_CURVE('',#1969,#1962,#1509,.T.);
#2509=EDGE_CURVE('',#1970,#1971,#1510,.T.);
#2510=EDGE_CURVE('',#1971,#1970,#1511,.T.);
#2511=EDGE_CURVE('',#1972,#1973,#1512,.T.);
#2512=EDGE_CURVE('',#1973,#1972,#1513,.T.);
#2513=EDGE_CURVE('',#1974,#1975,#1514,.T.);
#2514=EDGE_CURVE('',#1975,#1974,#1515,.T.);
#2515=EDGE_CURVE('',#1939,#1976,#1516,.T.);
#2516=EDGE_CURVE('',#1976,#1977,#963,.T.);
#2517=EDGE_CURVE('',#1977,#1978,#1517,.T.);
#2518=EDGE_CURVE('',#1978,#1977,#1518,.T.);
#2519=EDGE_CURVE('',#1976,#1979,#1519,.T.);
#2520=EDGE_CURVE('',#1979,#1980,#964,.T.);
#2521=EDGE_CURVE('',#1980,#1981,#1520,.T.);
#2522=EDGE_CURVE('',#1981,#1982,#965,.T.);
#2523=EDGE_CURVE('',#1982,#1961,#1521,.T.);
#2524=EDGE_CURVE('',#1960,#1940,#1522,.T.);
#2525=EDGE_CURVE('',#1967,#1983,#1523,.T.);
#2526=EDGE_CURVE('',#1983,#1984,#966,.T.);
#2527=EDGE_CURVE('',#1984,#1952,#1524,.T.);
#2528=EDGE_CURVE('',#1982,#1968,#35,.T.);
#2529=EDGE_CURVE('',#1981,#1985,#967,.T.);
#2530=EDGE_CURVE('',#1986,#1985,#968,.T.);
#2531=EDGE_CURVE('',#1987,#1986,#969,.T.);
#2532=EDGE_CURVE('',#1969,#1987,#970,.T.);
#2533=EDGE_CURVE('',#1988,#1989,#1525,.T.);
#2534=EDGE_CURVE('',#1990,#1989,#971,.T.);
#2535=EDGE_CURVE('',#1991,#1990,#1526,.T.);
#2536=EDGE_CURVE('',#1991,#1988,#972,.T.);
#2537=EDGE_CURVE('',#1992,#1988,#1527,.T.);
#2538=EDGE_CURVE('',#1993,#1991,#1528,.T.);
#2539=EDGE_CURVE('',#1993,#1992,#973,.T.);
#2540=EDGE_CURVE('',#1994,#1992,#1529,.T.);
#2541=EDGE_CURVE('',#1995,#1993,#1530,.T.);
#2542=EDGE_CURVE('',#1995,#1994,#974,.T.);
#2543=EDGE_CURVE('',#1996,#1994,#1531,.T.);
#2544=EDGE_CURVE('',#1997,#1995,#1532,.T.);
#2545=EDGE_CURVE('',#1997,#1996,#975,.T.);
#2546=EDGE_CURVE('',#1998,#1996,#1533,.T.);
#2547=EDGE_CURVE('',#1999,#1997,#1534,.T.);
#2548=EDGE_CURVE('',#1999,#1998,#976,.T.);
#2549=EDGE_CURVE('',#2000,#1998,#1535,.T.);
#2550=EDGE_CURVE('',#2001,#1999,#1536,.T.);
#2551=EDGE_CURVE('',#2001,#2000,#977,.T.);
#2552=EDGE_CURVE('',#1985,#2000,#1537,.T.);
#2553=EDGE_CURVE('',#1986,#2001,#1538,.T.);
#2554=EDGE_CURVE('',#1945,#1979,#36,.T.);
#2555=EDGE_CURVE('',#2002,#1944,#978,.T.);
#2556=EDGE_CURVE('',#2003,#2002,#979,.T.);
#2557=EDGE_CURVE('',#2004,#2003,#980,.T.);
#2558=EDGE_CURVE('',#2004,#1980,#981,.T.);
#2559=EDGE_CURVE('',#2005,#2006,#1539,.T.);
#2560=EDGE_CURVE('',#2007,#2006,#982,.T.);
#2561=EDGE_CURVE('',#2008,#2007,#1540,.T.);
#2562=EDGE_CURVE('',#2008,#2005,#983,.T.);
#2563=EDGE_CURVE('',#2009,#2005,#1541,.T.);
#2564=EDGE_CURVE('',#2010,#2008,#1542,.T.);
#2565=EDGE_CURVE('',#2010,#2009,#984,.T.);
#2566=EDGE_CURVE('',#2011,#2009,#1543,.T.);
#2567=EDGE_CURVE('',#2012,#2010,#1544,.T.);
#2568=EDGE_CURVE('',#2012,#2011,#985,.T.);
#2569=EDGE_CURVE('',#2013,#2014,#1545,.T.);
#2570=EDGE_CURVE('',#2015,#2014,#986,.T.);
#2571=EDGE_CURVE('',#2016,#2015,#1546,.T.);
#2572=EDGE_CURVE('',#2016,#2013,#987,.T.);
#2573=EDGE_CURVE('',#2017,#2013,#1547,.T.);
#2574=EDGE_CURVE('',#2018,#2016,#1548,.T.);
#2575=EDGE_CURVE('',#2018,#2017,#988,.T.);
#2576=EDGE_CURVE('',#1954,#2017,#1549,.T.);
#2577=EDGE_CURVE('',#1955,#2018,#1550,.T.);
#2578=EDGE_CURVE('',#2002,#1956,#1551,.T.);
#2579=EDGE_CURVE('',#1963,#1987,#1552,.T.);
#2580=EDGE_CURVE('',#2015,#2012,#1553,.T.);
#2581=EDGE_CURVE('',#2007,#2003,#1554,.T.);
#2582=EDGE_CURVE('',#2019,#2020,#1555,.T.);
#2583=EDGE_CURVE('',#2020,#2019,#1556,.T.);
#2584=EDGE_CURVE('',#2021,#2022,#1557,.T.);
#2585=EDGE_CURVE('',#2022,#2021,#1558,.T.);
#2586=EDGE_CURVE('',#1990,#1964,#1559,.T.);
#2587=EDGE_CURVE('',#2023,#2024,#1560,.T.);
#2588=EDGE_CURVE('',#2024,#2023,#1561,.T.);
#2589=EDGE_CURVE('',#2025,#2026,#1562,.T.);
#2590=EDGE_CURVE('',#2026,#2025,#1563,.T.);
#2591=EDGE_CURVE('',#2027,#1932,#989,.T.);
#2592=EDGE_CURVE('',#1937,#2027,#1564,.T.);
#2593=EDGE_CURVE('',#2027,#1936,#990,.T.);
#2594=EDGE_CURVE('',#2028,#2029,#1565,.T.);
#2595=EDGE_CURVE('',#2029,#2028,#1566,.T.);
#2596=EDGE_CURVE('',#2029,#2030,#991,.T.);
#2597=EDGE_CURVE('',#2031,#2030,#1567,.T.);
#2598=EDGE_CURVE('',#2030,#2031,#1568,.T.);
#2599=EDGE_CURVE('',#2028,#1929,#992,.T.);
#2600=EDGE_CURVE('',#1947,#2032,#993,.T.);
#2601=EDGE_CURVE('',#2033,#2032,#1569,.T.);
#2602=EDGE_CURVE('',#2032,#2033,#1570,.T.);
#2603=EDGE_CURVE('',#1975,#2034,#994,.T.);
#2604=EDGE_CURVE('',#2035,#2034,#1571,.T.);
#2605=EDGE_CURVE('',#2034,#2035,#1572,.T.);
#2606=EDGE_CURVE('',#1973,#2036,#995,.T.);
#2607=EDGE_CURVE('',#2037,#2036,#1573,.T.);
#2608=EDGE_CURVE('',#2036,#2037,#1574,.T.);
#2609=EDGE_CURVE('',#1949,#2038,#996,.T.);
#2610=EDGE_CURVE('',#2039,#2038,#1575,.T.);
#2611=EDGE_CURVE('',#2038,#2039,#1576,.T.);
#2612=EDGE_CURVE('',#1951,#2040,#997,.T.);
#2613=EDGE_CURVE('',#2041,#2040,#1577,.T.);
#2614=EDGE_CURVE('',#2040,#2041,#1578,.T.);
#2615=EDGE_CURVE('',#1971,#2042,#998,.T.);
#2616=EDGE_CURVE('',#2043,#2042,#1579,.T.);
#2617=EDGE_CURVE('',#2042,#2043,#1580,.T.);
#2618=EDGE_CURVE('',#1928,#2026,#999,.T.);
#2619=EDGE_CURVE('',#1927,#2022,#1000,.T.);
#2620=EDGE_CURVE('',#1926,#2024,#1001,.T.);
#2621=EDGE_CURVE('',#1925,#2020,#1002,.T.);
#2622=EDGE_CURVE('',#2044,#1984,#1003,.T.);
#2623=EDGE_CURVE('',#1953,#2044,#1581,.T.);
#2624=EDGE_CURVE('',#2045,#1983,#1004,.T.);
#2625=EDGE_CURVE('',#2044,#2045,#1005,.T.);
#2626=EDGE_CURVE('',#2045,#1966,#1582,.T.);
#2627=EDGE_CURVE('',#1989,#1965,#1583,.T.);
#2628=EDGE_CURVE('',#2004,#2006,#1584,.T.);
#2629=EDGE_CURVE('',#2011,#2014,#1585,.T.);
#2630=EDGE_CURVE('',#2046,#2047,#1586,.T.);
#2631=EDGE_CURVE('',#2047,#2048,#1587,.T.);
#2632=EDGE_CURVE('',#2048,#2049,#1588,.T.);
#2633=EDGE_CURVE('',#2049,#2050,#1589,.T.);
#2634=EDGE_CURVE('',#2050,#2048,#1590,.T.);
#2635=EDGE_CURVE('',#2047,#2046,#1591,.T.);
#2636=EDGE_CURVE('',#2051,#2052,#1592,.T.);
#2637=EDGE_CURVE('',#2052,#2049,#1006,.T.);
#2638=EDGE_CURVE('',#2052,#2051,#1593,.T.);
#2639=EDGE_CURVE('',#2053,#2054,#1594,.T.);
#2640=EDGE_CURVE('',#2054,#2053,#1595,.T.);
#2641=EDGE_CURVE('',#2054,#1930,#1007,.T.);
#2642=EDGE_CURVE('',#2055,#2056,#1596,.T.);
#2643=EDGE_CURVE('',#2056,#2055,#1597,.T.);
#2644=EDGE_CURVE('',#2056,#2057,#1008,.T.);
#2645=EDGE_CURVE('',#2058,#2057,#1598,.T.);
#2646=EDGE_CURVE('',#2057,#2058,#1599,.T.);
#2647=EDGE_CURVE('',#2059,#2060,#1600,.T.);
#2648=EDGE_CURVE('',#2060,#2059,#1601,.T.);
#2649=EDGE_CURVE('',#2060,#2061,#1009,.T.);
#2650=EDGE_CURVE('',#2062,#2061,#1602,.T.);
#2651=EDGE_CURVE('',#2061,#2062,#1603,.T.);
#2652=EDGE_CURVE('',#2063,#2064,#1604,.T.);
#2653=EDGE_CURVE('',#2064,#2063,#1605,.T.);
#2654=EDGE_CURVE('',#2064,#2065,#1010,.T.);
#2655=EDGE_CURVE('',#2066,#2065,#1606,.T.);
#2656=EDGE_CURVE('',#2065,#2066,#1607,.T.);
#2657=EDGE_CURVE('',#2055,#2067,#1011,.T.);
#2658=EDGE_CURVE('',#2067,#2068,#1608,.T.);
#2659=EDGE_CURVE('',#2068,#2069,#1012,.T.);
#2660=EDGE_CURVE('',#2069,#2070,#1609,.T.);
#2661=EDGE_CURVE('',#2070,#2071,#1013,.T.);
#2662=EDGE_CURVE('',#2071,#2067,#1610,.T.);
#2663=EDGE_CURVE('',#2072,#2073,#1611,.T.);
#2664=EDGE_CURVE('',#2073,#2072,#1612,.T.);
#2665=EDGE_CURVE('',#2073,#2060,#1014,.T.);
#2666=EDGE_CURVE('',#2074,#2075,#1613,.T.);
#2667=EDGE_CURVE('',#2075,#2074,#1614,.T.);
#2668=EDGE_CURVE('',#2075,#2064,#1015,.T.);
#2669=EDGE_CURVE('',#2076,#2077,#1615,.T.);
#2670=EDGE_CURVE('',#2077,#2076,#1616,.T.);
#2671=EDGE_CURVE('',#2077,#2073,#1016,.T.);
#2672=EDGE_CURVE('',#2078,#2079,#1617,.T.);
#2673=EDGE_CURVE('',#2079,#2078,#1618,.T.);
#2674=EDGE_CURVE('',#2079,#2075,#1017,.T.);
#2675=EDGE_CURVE('',#2080,#2081,#1619,.T.);
#2676=EDGE_CURVE('',#2080,#2082,#1018,.T.);
#2677=EDGE_CURVE('',#2082,#2083,#1620,.T.);
#2678=EDGE_CURVE('',#2083,#2084,#1019,.T.);
#2679=EDGE_CURVE('',#2081,#2084,#1621,.T.);
#2680=EDGE_CURVE('',#2081,#2085,#1020,.T.);
#2681=EDGE_CURVE('',#2086,#2085,#1622,.T.);
#2682=EDGE_CURVE('',#2086,#2087,#1021,.T.);
#2683=EDGE_CURVE('',#2088,#2087,#1623,.T.);
#2684=EDGE_CURVE('',#2089,#2088,#1022,.T.);
#2685=EDGE_CURVE('',#2090,#2089,#1624,.T.);
#2686=EDGE_CURVE('',#2091,#2090,#1023,.T.);
#2687=EDGE_CURVE('',#2092,#2091,#1625,.T.);
#2688=EDGE_CURVE('',#2092,#2093,#1024,.T.);
#2689=EDGE_CURVE('',#2085,#2093,#1626,.T.);
#2690=EDGE_CURVE('',#2089,#2094,#1627,.T.);
#2691=EDGE_CURVE('',#2095,#2088,#1628,.T.);
#2692=EDGE_CURVE('',#2094,#2095,#1025,.T.);
#2693=EDGE_CURVE('',#2096,#2090,#1629,.T.);
#2694=EDGE_CURVE('',#2097,#2096,#1026,.T.);
#2695=EDGE_CURVE('',#2091,#2097,#1630,.T.);
#2696=EDGE_CURVE('',#2098,#2099,#1631,.T.);
#2697=EDGE_CURVE('',#2098,#2100,#1027,.T.);
#2698=EDGE_CURVE('',#2101,#2100,#1632,.T.);
#2699=EDGE_CURVE('',#2101,#2099,#1028,.T.);
#2700=EDGE_CURVE('',#2084,#2102,#1029,.T.);
#2701=EDGE_CURVE('',#2102,#2068,#1633,.T.);
#2702=EDGE_CURVE('',#2071,#2103,#1634,.T.);
#2703=EDGE_CURVE('',#2103,#2080,#1030,.T.);
#2704=EDGE_CURVE('',#2103,#2104,#1031,.T.);
#2705=EDGE_CURVE('',#2082,#2104,#1032,.T.);
#2706=EDGE_CURVE('',#2104,#2105,#1635,.T.);
#2707=EDGE_CURVE('',#2105,#2106,#1636,.T.);
#2708=EDGE_CURVE('',#2106,#2107,#1637,.T.);
#2709=EDGE_CURVE('',#2083,#2107,#1033,.T.);
#2710=EDGE_CURVE('',#2107,#2102,#1034,.T.);
#2711=EDGE_CURVE('',#2093,#2098,#1638,.T.);
#2712=EDGE_CURVE('',#2099,#2086,#1639,.T.);
#2713=EDGE_CURVE('',#2094,#2096,#1640,.T.);
#2714=EDGE_CURVE('',#2100,#2092,#1641,.T.);
#2715=EDGE_CURVE('',#2097,#2095,#1642,.T.);
#2716=EDGE_CURVE('',#2087,#2101,#1643,.T.);
#2717=EDGE_CURVE('',#2069,#2106,#39,.T.);
#2718=EDGE_CURVE('',#2105,#2070,#40,.T.);
#2719=EDGE_CURVE('',#2108,#2109,#1644,.T.);
#2720=EDGE_CURVE('',#2109,#2108,#1645,.T.);
#2721=EDGE_CURVE('',#2109,#2110,#1035,.T.);
#2722=EDGE_CURVE('',#2111,#2110,#1646,.T.);
#2723=EDGE_CURVE('',#2110,#2111,#1647,.T.);
#2724=EDGE_CURVE('',#2112,#2113,#1648,.T.);
#2725=EDGE_CURVE('',#2113,#2112,#1649,.T.);
#2726=EDGE_CURVE('',#2113,#2114,#1036,.T.);
#2727=EDGE_CURVE('',#2115,#2114,#1650,.T.);
#2728=EDGE_CURVE('',#2114,#2115,#1651,.T.);
#2729=EDGE_CURVE('',#2116,#2117,#1652,.T.);
#2730=EDGE_CURVE('',#2117,#2116,#1653,.T.);
#2731=EDGE_CURVE('',#2117,#2118,#1037,.T.);
#2732=EDGE_CURVE('',#2119,#2118,#1654,.T.);
#2733=EDGE_CURVE('',#2118,#2119,#1655,.T.);
#2734=EDGE_CURVE('',#2120,#2121,#1656,.T.);
#2735=EDGE_CURVE('',#2121,#2120,#1657,.T.);
#2736=EDGE_CURVE('',#2121,#2122,#1038,.T.);
#2737=EDGE_CURVE('',#2123,#2122,#1658,.T.);
#2738=EDGE_CURVE('',#2122,#2123,#1659,.T.);
#2739=EDGE_CURVE('',#2124,#2125,#1660,.T.);
#2740=EDGE_CURVE('',#2124,#2126,#1039,.T.);
#2741=EDGE_CURVE('',#2127,#2126,#1661,.T.);
#2742=EDGE_CURVE('',#2127,#2125,#1040,.T.);
#2743=EDGE_CURVE('',#2128,#2129,#1662,.T.);
#2744=EDGE_CURVE('',#2128,#2130,#1041,.T.);
#2745=EDGE_CURVE('',#2131,#2130,#1663,.T.);
#2746=EDGE_CURVE('',#2131,#2129,#1042,.T.);
#2747=EDGE_CURVE('',#2132,#2133,#1664,.T.);
#2748=EDGE_CURVE('',#2134,#2132,#1043,.T.);
#2749=EDGE_CURVE('',#2135,#2134,#1665,.T.);
#2750=EDGE_CURVE('',#2135,#2133,#1044,.T.);
#2751=EDGE_CURVE('',#2136,#2137,#1666,.T.);
#2752=EDGE_CURVE('',#2136,#2138,#1045,.T.);
#2753=EDGE_CURVE('',#2139,#2138,#1667,.T.);
#2754=EDGE_CURVE('',#2139,#2137,#1046,.T.);
#2755=EDGE_CURVE('',#2140,#2141,#1668,.T.);
#2756=EDGE_CURVE('',#2140,#2142,#1047,.T.);
#2757=EDGE_CURVE('',#2143,#2142,#1669,.T.);
#2758=EDGE_CURVE('',#2143,#2141,#1048,.T.);
#2759=EDGE_CURVE('',#2144,#2145,#1670,.T.);
#2760=EDGE_CURVE('',#2144,#2146,#1049,.T.);
#2761=EDGE_CURVE('',#2147,#2146,#1671,.T.);
#2762=EDGE_CURVE('',#2147,#2145,#1050,.T.);
#2763=EDGE_CURVE('',#2148,#2147,#1672,.T.);
#2764=EDGE_CURVE('',#2148,#2149,#1051,.T.);
#2765=EDGE_CURVE('',#2145,#2149,#1673,.T.);
#2766=EDGE_CURVE('',#2146,#2150,#1674,.T.);
#2767=EDGE_CURVE('',#2151,#2144,#1675,.T.);
#2768=EDGE_CURVE('',#2151,#2150,#1052,.T.);
#2769=EDGE_CURVE('',#2152,#2153,#1676,.T.);
#2770=EDGE_CURVE('',#2153,#2154,#1053,.T.);
#2771=EDGE_CURVE('',#2155,#2154,#1677,.T.);
#2772=EDGE_CURVE('',#2154,#2155,#1678,.T.);
#2773=EDGE_CURVE('',#2153,#2152,#1679,.T.);
#2774=EDGE_CURVE('',#2156,#2157,#1680,.T.);
#2775=EDGE_CURVE('',#2157,#2109,#1054,.T.);
#2776=EDGE_CURVE('',#2157,#2156,#1681,.T.);
#2777=EDGE_CURVE('',#2158,#2159,#1682,.T.);
#2778=EDGE_CURVE('',#2159,#2158,#1683,.T.);
#2779=EDGE_CURVE('',#2159,#2117,#1055,.T.);
#2780=EDGE_CURVE('',#2160,#2161,#1684,.T.);
#2781=EDGE_CURVE('',#2161,#2160,#1685,.T.);
#2782=EDGE_CURVE('',#2161,#2121,#1056,.T.);
#2783=EDGE_CURVE('',#2162,#2163,#1686,.T.);
#2784=EDGE_CURVE('',#2163,#2162,#1687,.T.);
#2785=EDGE_CURVE('',#2163,#2113,#1057,.T.);
#2786=EDGE_CURVE('',#2164,#2165,#1688,.T.);
#2787=EDGE_CURVE('',#2164,#2124,#1058,.T.);
#2788=EDGE_CURVE('',#2165,#2125,#1059,.T.);
#2789=EDGE_CURVE('',#2166,#2167,#1689,.T.);
#2790=EDGE_CURVE('',#2166,#2140,#1060,.T.);
#2791=EDGE_CURVE('',#2141,#2167,#1061,.T.);
#2792=EDGE_CURVE('',#2168,#2169,#1690,.T.);
#2793=EDGE_CURVE('',#2170,#2168,#1062,.T.);
#2794=EDGE_CURVE('',#2170,#2171,#1691,.T.);
#2795=EDGE_CURVE('',#2169,#2171,#1063,.T.);
#2796=EDGE_CURVE('',#2172,#2173,#1692,.T.);
#2797=EDGE_CURVE('',#2172,#2132,#1064,.T.);
#2798=EDGE_CURVE('',#2173,#2133,#1065,.T.);
#2799=EDGE_CURVE('',#2174,#2175,#1693,.T.);
#2800=EDGE_CURVE('',#2174,#2128,#1066,.T.);
#2801=EDGE_CURVE('',#2175,#2129,#1067,.T.);
#2802=EDGE_CURVE('',#2176,#2177,#1694,.T.);
#2803=EDGE_CURVE('',#2176,#2136,#1068,.T.);
#2804=EDGE_CURVE('',#2137,#2177,#1069,.T.);
#2805=EDGE_CURVE('',#2178,#2179,#1695,.T.);
#2806=EDGE_CURVE('',#2178,#2146,#1070,.T.);
#2807=EDGE_CURVE('',#2179,#2150,#1071,.T.);
#2808=EDGE_CURVE('',#2180,#2181,#1696,.T.);
#2809=EDGE_CURVE('',#2180,#2148,#1072,.T.);
#2810=EDGE_CURVE('',#2147,#2181,#1073,.T.);
#2811=EDGE_CURVE('',#2182,#2183,#1697,.T.);
#2812=EDGE_CURVE('',#2183,#2182,#1698,.T.);
#2813=EDGE_CURVE('',#2183,#2184,#1074,.T.);
#2814=EDGE_CURVE('',#2185,#2184,#1699,.T.);
#2815=EDGE_CURVE('',#2184,#2185,#1700,.T.);
#2816=EDGE_CURVE('',#2186,#2187,#1701,.T.);
#2817=EDGE_CURVE('',#2187,#2186,#1702,.T.);
#2818=EDGE_CURVE('',#2187,#2188,#1075,.T.);
#2819=EDGE_CURVE('',#2189,#2188,#1703,.T.);
#2820=EDGE_CURVE('',#2188,#2189,#1704,.T.);
#2821=EDGE_CURVE('',#2190,#2191,#1705,.T.);
#2822=EDGE_CURVE('',#2191,#2190,#1706,.T.);
#2823=EDGE_CURVE('',#2191,#2192,#1076,.T.);
#2824=EDGE_CURVE('',#2193,#2192,#1707,.T.);
#2825=EDGE_CURVE('',#2192,#2193,#1708,.T.);
#2826=EDGE_CURVE('',#2152,#2194,#1077,.T.);
#2827=EDGE_CURVE('',#2194,#2195,#1709,.T.);
#2828=EDGE_CURVE('',#2195,#2194,#1710,.T.);
#2829=EDGE_CURVE('',#2196,#2197,#1711,.T.);
#2830=EDGE_CURVE('',#2197,#2196,#1712,.T.);
#2831=EDGE_CURVE('',#2197,#2183,#1078,.T.);
#2832=EDGE_CURVE('',#2198,#2199,#1713,.T.);
#2833=EDGE_CURVE('',#2199,#2198,#1714,.T.);
#2834=EDGE_CURVE('',#2199,#2187,#1079,.T.);
#2835=EDGE_CURVE('',#2200,#2201,#1715,.T.);
#2836=EDGE_CURVE('',#2201,#2200,#1716,.T.);
#2837=EDGE_CURVE('',#2201,#2191,#1080,.T.);
#2838=EDGE_CURVE('',#2202,#2203,#1717,.T.);
#2839=EDGE_CURVE('',#2203,#2204,#1081,.T.);
#2840=EDGE_CURVE('',#2205,#2204,#1718,.T.);
#2841=EDGE_CURVE('',#2204,#2205,#1719,.T.);
#2842=EDGE_CURVE('',#2203,#2202,#1720,.T.);
#2843=EDGE_CURVE('',#2206,#2207,#1721,.T.);
#2844=EDGE_CURVE('',#2207,#2206,#1722,.T.);
#2845=EDGE_CURVE('',#2207,#2208,#1082,.T.);
#2846=EDGE_CURVE('',#2208,#2209,#1723,.T.);
#2847=EDGE_CURVE('',#2209,#2208,#1724,.T.);
#2848=EDGE_CURVE('',#2210,#2211,#1725,.T.);
#2849=EDGE_CURVE('',#2211,#2210,#1726,.T.);
#2850=EDGE_CURVE('',#2211,#2199,#1083,.T.);
#2851=EDGE_CURVE('',#2212,#2213,#1727,.T.);
#2852=EDGE_CURVE('',#2213,#2212,#1728,.T.);
#2853=EDGE_CURVE('',#2213,#2197,#1084,.T.);
#2854=EDGE_CURVE('',#2214,#2215,#1729,.T.);
#2855=EDGE_CURVE('',#2215,#2214,#1730,.T.);
#2856=EDGE_CURVE('',#2215,#2201,#1085,.T.);
#2857=EDGE_CURVE('',#2216,#2143,#1731,.T.);
#2858=EDGE_CURVE('',#2142,#2217,#1732,.T.);
#2859=EDGE_CURVE('',#2217,#2216,#1733,.T.);
#2860=EDGE_CURVE('',#2218,#2139,#1734,.T.);
#2861=EDGE_CURVE('',#2138,#2219,#1735,.T.);
#2862=EDGE_CURVE('',#2219,#2218,#1736,.T.);
#2863=EDGE_CURVE('',#2134,#2220,#1737,.T.);
#2864=EDGE_CURVE('',#2220,#2221,#1738,.T.);
#2865=EDGE_CURVE('',#2221,#2135,#1739,.T.);
#2866=EDGE_CURVE('',#2222,#2131,#1740,.T.);
#2867=EDGE_CURVE('',#2130,#2223,#1741,.T.);
#2868=EDGE_CURVE('',#2223,#2222,#1742,.T.);
#2869=EDGE_CURVE('',#2224,#2127,#1743,.T.);
#2870=EDGE_CURVE('',#2126,#2225,#1744,.T.);
#2871=EDGE_CURVE('',#2225,#2224,#1745,.T.);
#2872=EDGE_CURVE('',#2149,#2151,#1746,.T.);
#2873=EDGE_CURVE('',#2226,#2227,#1086,.T.);
#2874=EDGE_CURVE('',#2226,#2124,#1747,.T.);
#2875=EDGE_CURVE('',#2227,#2164,#1748,.T.);
#2876=EDGE_CURVE('',#2125,#2228,#1749,.T.);
#2877=EDGE_CURVE('',#2229,#2228,#1087,.T.);
#2878=EDGE_CURVE('',#2165,#2229,#1750,.T.);
#2879=EDGE_CURVE('',#2228,#2226,#1751,.T.);
#2880=EDGE_CURVE('',#2229,#2227,#1752,.T.);
#2881=EDGE_CURVE('',#2141,#2230,#1753,.T.);
#2882=EDGE_CURVE('',#2231,#2230,#1088,.T.);
#2883=EDGE_CURVE('',#2167,#2231,#1754,.T.);
#2884=EDGE_CURVE('',#2230,#2232,#1755,.T.);
#2885=EDGE_CURVE('',#2233,#2232,#1089,.T.);
#2886=EDGE_CURVE('',#2231,#2233,#1756,.T.);
#2887=EDGE_CURVE('',#2232,#2140,#1757,.T.);
#2888=EDGE_CURVE('',#2233,#2166,#1758,.T.);
#2889=EDGE_CURVE('',#2171,#2132,#1759,.T.);
#2890=EDGE_CURVE('',#2169,#2172,#1760,.T.);
#2891=EDGE_CURVE('',#2133,#2170,#1761,.T.);
#2892=EDGE_CURVE('',#2173,#2168,#1762,.T.);
#2893=EDGE_CURVE('',#2234,#2235,#1090,.T.);
#2894=EDGE_CURVE('',#2234,#2128,#1763,.T.);
#2895=EDGE_CURVE('',#2235,#2174,#1764,.T.);
#2896=EDGE_CURVE('',#2129,#2236,#1765,.T.);
#2897=EDGE_CURVE('',#2237,#2236,#1091,.T.);
#2898=EDGE_CURVE('',#2175,#2237,#1766,.T.);
#2899=EDGE_CURVE('',#2236,#2234,#1767,.T.);
#2900=EDGE_CURVE('',#2237,#2235,#1768,.T.);
#2901=EDGE_CURVE('',#2137,#2238,#1769,.T.);
#2902=EDGE_CURVE('',#2239,#2238,#1092,.T.);
#2903=EDGE_CURVE('',#2177,#2239,#1770,.T.);
#2904=EDGE_CURVE('',#2238,#2240,#1771,.T.);
#2905=EDGE_CURVE('',#2241,#2240,#1093,.T.);
#2906=EDGE_CURVE('',#2239,#2241,#1772,.T.);
#2907=EDGE_CURVE('',#2240,#2136,#1773,.T.);
#2908=EDGE_CURVE('',#2241,#2176,#1774,.T.);
#2909=EDGE_CURVE('',#2181,#2178,#1775,.T.);
#2910=EDGE_CURVE('',#2150,#2148,#1776,.T.);
#2911=EDGE_CURVE('',#2179,#2180,#1777,.T.);
#2912=EDGE_CURVE('',#2232,#2217,#1094,.T.);
#2913=EDGE_CURVE('',#2216,#2230,#1095,.T.);
#2914=EDGE_CURVE('',#2240,#2219,#1096,.T.);
#2915=EDGE_CURVE('',#2218,#2238,#1097,.T.);
#2916=EDGE_CURVE('',#2170,#2221,#1098,.T.);
#2917=EDGE_CURVE('',#2171,#2220,#1099,.T.);
#2918=EDGE_CURVE('',#2234,#2223,#1100,.T.);
#2919=EDGE_CURVE('',#2222,#2236,#1101,.T.);
#2920=EDGE_CURVE('',#2226,#2225,#1102,.T.);
#2921=EDGE_CURVE('',#2224,#2228,#1103,.T.);
#2922=ORIENTED_EDGE('',*,*,#2242,.T.);
#2923=ORIENTED_EDGE('',*,*,#2243,.T.);
#2924=ORIENTED_EDGE('',*,*,#2244,.T.);
#2925=ORIENTED_EDGE('',*,*,#2245,.T.);
#2926=ORIENTED_EDGE('',*,*,#2243,.F.);
#2927=ORIENTED_EDGE('',*,*,#2242,.F.);
#2928=ORIENTED_EDGE('',*,*,#2246,.F.);
#2929=ORIENTED_EDGE('',*,*,#2247,.T.);
#2930=ORIENTED_EDGE('',*,*,#2248,.T.);
#2931=ORIENTED_EDGE('',*,*,#2249,.T.);
#2932=ORIENTED_EDGE('',*,*,#2250,.T.);
#2933=ORIENTED_EDGE('',*,*,#2251,.T.);
#2934=ORIENTED_EDGE('',*,*,#2252,.T.);
#2935=ORIENTED_EDGE('',*,*,#2253,.T.);
#2936=ORIENTED_EDGE('',*,*,#2254,.T.);
#2937=ORIENTED_EDGE('',*,*,#2255,.T.);
#2938=ORIENTED_EDGE('',*,*,#2256,.T.);
#2939=ORIENTED_EDGE('',*,*,#2257,.T.);
#2940=ORIENTED_EDGE('',*,*,#2258,.T.);
#2941=ORIENTED_EDGE('',*,*,#2259,.T.);
#2942=ORIENTED_EDGE('',*,*,#2260,.T.);
#2943=ORIENTED_EDGE('',*,*,#2261,.T.);
#2944=ORIENTED_EDGE('',*,*,#2262,.T.);
#2945=ORIENTED_EDGE('',*,*,#2263,.T.);
#2946=ORIENTED_EDGE('',*,*,#2264,.T.);
#2947=ORIENTED_EDGE('',*,*,#2265,.T.);
#2948=ORIENTED_EDGE('',*,*,#2266,.T.);
#2949=ORIENTED_EDGE('',*,*,#2267,.T.);
#2950=ORIENTED_EDGE('',*,*,#2268,.T.);
#2951=ORIENTED_EDGE('',*,*,#2269,.T.);
#2952=ORIENTED_EDGE('',*,*,#2270,.T.);
#2953=ORIENTED_EDGE('',*,*,#2271,.T.);
#2954=ORIENTED_EDGE('',*,*,#2272,.T.);
#2955=ORIENTED_EDGE('',*,*,#2273,.T.);
#2956=ORIENTED_EDGE('',*,*,#2274,.T.);
#2957=ORIENTED_EDGE('',*,*,#2275,.T.);
#2958=ORIENTED_EDGE('',*,*,#2276,.T.);
#2959=ORIENTED_EDGE('',*,*,#2277,.T.);
#2960=ORIENTED_EDGE('',*,*,#2278,.T.);
#2961=ORIENTED_EDGE('',*,*,#2279,.T.);
#2962=ORIENTED_EDGE('',*,*,#2280,.T.);
#2963=ORIENTED_EDGE('',*,*,#2281,.T.);
#2964=ORIENTED_EDGE('',*,*,#2282,.T.);
#2965=ORIENTED_EDGE('',*,*,#2283,.T.);
#2966=ORIENTED_EDGE('',*,*,#2284,.T.);
#2967=ORIENTED_EDGE('',*,*,#2285,.T.);
#2968=ORIENTED_EDGE('',*,*,#2286,.T.);
#2969=ORIENTED_EDGE('',*,*,#2287,.T.);
#2970=ORIENTED_EDGE('',*,*,#2288,.T.);
#2971=ORIENTED_EDGE('',*,*,#2244,.F.);
#2972=ORIENTED_EDGE('',*,*,#2245,.F.);
#2973=ORIENTED_EDGE('',*,*,#2289,.T.);
#2974=ORIENTED_EDGE('',*,*,#2290,.F.);
#2975=ORIENTED_EDGE('',*,*,#2289,.F.);
#2976=ORIENTED_EDGE('',*,*,#2291,.T.);
#2977=ORIENTED_EDGE('',*,*,#2292,.T.);
#2978=ORIENTED_EDGE('',*,*,#2293,.T.);
#2979=ORIENTED_EDGE('',*,*,#2294,.T.);
#2980=ORIENTED_EDGE('',*,*,#2292,.F.);
#2981=ORIENTED_EDGE('',*,*,#2295,.T.);
#2982=ORIENTED_EDGE('',*,*,#2294,.F.);
#2983=ORIENTED_EDGE('',*,*,#2293,.F.);
#2984=ORIENTED_EDGE('',*,*,#2296,.T.);
#2985=ORIENTED_EDGE('',*,*,#2297,.F.);
#2986=ORIENTED_EDGE('',*,*,#2298,.F.);
#2987=ORIENTED_EDGE('',*,*,#2296,.F.);
#2988=ORIENTED_EDGE('',*,*,#2291,.F.);
#2989=ORIENTED_EDGE('',*,*,#2295,.F.);
#2990=ORIENTED_EDGE('',*,*,#2290,.T.);
#2991=ORIENTED_EDGE('',*,*,#2246,.T.);
#2992=ORIENTED_EDGE('',*,*,#2299,.T.);
#2993=ORIENTED_EDGE('',*,*,#2300,.T.);
#2994=ORIENTED_EDGE('',*,*,#2301,.T.);
#2995=ORIENTED_EDGE('',*,*,#2299,.F.);
#2996=ORIENTED_EDGE('',*,*,#2300,.F.);
#2997=ORIENTED_EDGE('',*,*,#2301,.F.);
#2998=ORIENTED_EDGE('',*,*,#2302,.T.);
#2999=ORIENTED_EDGE('',*,*,#2303,.T.);
#3000=ORIENTED_EDGE('',*,*,#2304,.T.);
#3001=ORIENTED_EDGE('',*,*,#2302,.F.);
#3002=ORIENTED_EDGE('',*,*,#2304,.F.);
#3003=ORIENTED_EDGE('',*,*,#2303,.F.);
#3004=ORIENTED_EDGE('',*,*,#2247,.F.);
#3005=ORIENTED_EDGE('',*,*,#2248,.F.);
#3006=ORIENTED_EDGE('',*,*,#2305,.T.);
#3007=ORIENTED_EDGE('',*,*,#2306,.F.);
#3008=ORIENTED_EDGE('',*,*,#2307,.F.);
#3009=ORIENTED_EDGE('',*,*,#2305,.F.);
#3010=ORIENTED_EDGE('',*,*,#2306,.T.);
#3011=ORIENTED_EDGE('',*,*,#2307,.T.);
#3012=ORIENTED_EDGE('',*,*,#2249,.F.);
#3013=ORIENTED_EDGE('',*,*,#2250,.F.);
#3014=ORIENTED_EDGE('',*,*,#2308,.T.);
#3015=ORIENTED_EDGE('',*,*,#2309,.F.);
#3016=ORIENTED_EDGE('',*,*,#2310,.F.);
#3017=ORIENTED_EDGE('',*,*,#2308,.F.);
#3018=ORIENTED_EDGE('',*,*,#2309,.T.);
#3019=ORIENTED_EDGE('',*,*,#2310,.T.);
#3020=ORIENTED_EDGE('',*,*,#2251,.F.);
#3021=ORIENTED_EDGE('',*,*,#2252,.F.);
#3022=ORIENTED_EDGE('',*,*,#2311,.T.);
#3023=ORIENTED_EDGE('',*,*,#2312,.F.);
#3024=ORIENTED_EDGE('',*,*,#2313,.F.);
#3025=ORIENTED_EDGE('',*,*,#2311,.F.);
#3026=ORIENTED_EDGE('',*,*,#2312,.T.);
#3027=ORIENTED_EDGE('',*,*,#2313,.T.);
#3028=ORIENTED_EDGE('',*,*,#2314,.F.);
#3029=ORIENTED_EDGE('',*,*,#2315,.F.);
#3030=ORIENTED_EDGE('',*,*,#2316,.F.);
#3031=ORIENTED_EDGE('',*,*,#2317,.F.);
#3032=ORIENTED_EDGE('',*,*,#2318,.F.);
#3033=ORIENTED_EDGE('',*,*,#2319,.F.);
#3034=ORIENTED_EDGE('',*,*,#2320,.F.);
#3035=ORIENTED_EDGE('',*,*,#2321,.F.);
#3036=ORIENTED_EDGE('',*,*,#2322,.F.);
#3037=ORIENTED_EDGE('',*,*,#2323,.F.);
#3038=ORIENTED_EDGE('',*,*,#2324,.F.);
#3039=ORIENTED_EDGE('',*,*,#2325,.F.);
#3040=ORIENTED_EDGE('',*,*,#2326,.F.);
#3041=ORIENTED_EDGE('',*,*,#2327,.F.);
#3042=ORIENTED_EDGE('',*,*,#2328,.F.);
#3043=ORIENTED_EDGE('',*,*,#2329,.F.);
#3044=ORIENTED_EDGE('',*,*,#2330,.F.);
#3045=ORIENTED_EDGE('',*,*,#2331,.F.);
#3046=ORIENTED_EDGE('',*,*,#2332,.F.);
#3047=ORIENTED_EDGE('',*,*,#2333,.F.);
#3048=ORIENTED_EDGE('',*,*,#2334,.F.);
#3049=ORIENTED_EDGE('',*,*,#2335,.F.);
#3050=ORIENTED_EDGE('',*,*,#2336,.F.);
#3051=ORIENTED_EDGE('',*,*,#2337,.F.);
#3052=ORIENTED_EDGE('',*,*,#2317,.T.);
#3053=ORIENTED_EDGE('',*,*,#2338,.T.);
#3054=ORIENTED_EDGE('',*,*,#2339,.T.);
#3055=ORIENTED_EDGE('',*,*,#2340,.F.);
#3056=ORIENTED_EDGE('',*,*,#2316,.T.);
#3057=ORIENTED_EDGE('',*,*,#2341,.T.);
#3058=ORIENTED_EDGE('',*,*,#2342,.T.);
#3059=ORIENTED_EDGE('',*,*,#2338,.F.);
#3060=ORIENTED_EDGE('',*,*,#2315,.T.);
#3061=ORIENTED_EDGE('',*,*,#2343,.T.);
#3062=ORIENTED_EDGE('',*,*,#2344,.T.);
#3063=ORIENTED_EDGE('',*,*,#2341,.F.);
#3064=ORIENTED_EDGE('',*,*,#2325,.T.);
#3065=ORIENTED_EDGE('',*,*,#2345,.T.);
#3066=ORIENTED_EDGE('',*,*,#2346,.T.);
#3067=ORIENTED_EDGE('',*,*,#2347,.F.);
#3068=ORIENTED_EDGE('',*,*,#2323,.T.);
#3069=ORIENTED_EDGE('',*,*,#2348,.T.);
#3070=ORIENTED_EDGE('',*,*,#2349,.T.);
#3071=ORIENTED_EDGE('',*,*,#2350,.F.);
#3072=ORIENTED_EDGE('',*,*,#2322,.T.);
#3073=ORIENTED_EDGE('',*,*,#2351,.T.);
#3074=ORIENTED_EDGE('',*,*,#2352,.T.);
#3075=ORIENTED_EDGE('',*,*,#2348,.F.);
#3076=ORIENTED_EDGE('',*,*,#2332,.T.);
#3077=ORIENTED_EDGE('',*,*,#2353,.T.);
#3078=ORIENTED_EDGE('',*,*,#2354,.T.);
#3079=ORIENTED_EDGE('',*,*,#2355,.F.);
#3080=ORIENTED_EDGE('',*,*,#2331,.T.);
#3081=ORIENTED_EDGE('',*,*,#2356,.T.);
#3082=ORIENTED_EDGE('',*,*,#2357,.T.);
#3083=ORIENTED_EDGE('',*,*,#2353,.F.);
#3084=ORIENTED_EDGE('',*,*,#2330,.T.);
#3085=ORIENTED_EDGE('',*,*,#2358,.T.);
#3086=ORIENTED_EDGE('',*,*,#2359,.T.);
#3087=ORIENTED_EDGE('',*,*,#2356,.F.);
#3088=ORIENTED_EDGE('',*,*,#2276,.F.);
#3089=ORIENTED_EDGE('',*,*,#2360,.T.);
#3090=ORIENTED_EDGE('',*,*,#2361,.T.);
#3091=ORIENTED_EDGE('',*,*,#2362,.F.);
#3092=ORIENTED_EDGE('',*,*,#2275,.F.);
#3093=ORIENTED_EDGE('',*,*,#2363,.T.);
#3094=ORIENTED_EDGE('',*,*,#2364,.T.);
#3095=ORIENTED_EDGE('',*,*,#2360,.F.);
#3096=ORIENTED_EDGE('',*,*,#2274,.F.);
#3097=ORIENTED_EDGE('',*,*,#2365,.T.);
#3098=ORIENTED_EDGE('',*,*,#2366,.T.);
#3099=ORIENTED_EDGE('',*,*,#2363,.F.);
#3100=ORIENTED_EDGE('',*,*,#2273,.F.);
#3101=ORIENTED_EDGE('',*,*,#2367,.T.);
#3102=ORIENTED_EDGE('',*,*,#2368,.T.);
#3103=ORIENTED_EDGE('',*,*,#2365,.F.);
#3104=ORIENTED_EDGE('',*,*,#2272,.F.);
#3105=ORIENTED_EDGE('',*,*,#2369,.T.);
#3106=ORIENTED_EDGE('',*,*,#2370,.T.);
#3107=ORIENTED_EDGE('',*,*,#2367,.F.);
#3108=ORIENTED_EDGE('',*,*,#2271,.F.);
#3109=ORIENTED_EDGE('',*,*,#2371,.T.);
#3110=ORIENTED_EDGE('',*,*,#2372,.T.);
#3111=ORIENTED_EDGE('',*,*,#2373,.F.);
#3112=ORIENTED_EDGE('',*,*,#2328,.T.);
#3113=ORIENTED_EDGE('',*,*,#2374,.T.);
#3114=ORIENTED_EDGE('',*,*,#2375,.T.);
#3115=ORIENTED_EDGE('',*,*,#2369,.F.);
#3116=ORIENTED_EDGE('',*,*,#2327,.T.);
#3117=ORIENTED_EDGE('',*,*,#2376,.T.);
#3118=ORIENTED_EDGE('',*,*,#2377,.T.);
#3119=ORIENTED_EDGE('',*,*,#2374,.F.);
#3120=ORIENTED_EDGE('',*,*,#2326,.T.);
#3121=ORIENTED_EDGE('',*,*,#2347,.T.);
#3122=ORIENTED_EDGE('',*,*,#2378,.T.);
#3123=ORIENTED_EDGE('',*,*,#2376,.F.);
#3124=ORIENTED_EDGE('',*,*,#2265,.F.);
#3125=ORIENTED_EDGE('',*,*,#2362,.T.);
#3126=ORIENTED_EDGE('',*,*,#2379,.T.);
#3127=ORIENTED_EDGE('',*,*,#2345,.F.);
#3128=ORIENTED_EDGE('',*,*,#2324,.T.);
#3129=ORIENTED_EDGE('',*,*,#2350,.T.);
#3130=ORIENTED_EDGE('',*,*,#2380,.T.);
#3131=ORIENTED_EDGE('',*,*,#2381,.F.);
#3132=ORIENTED_EDGE('',*,*,#2379,.F.);
#3133=ORIENTED_EDGE('',*,*,#2361,.F.);
#3134=ORIENTED_EDGE('',*,*,#2364,.F.);
#3135=ORIENTED_EDGE('',*,*,#2366,.F.);
#3136=ORIENTED_EDGE('',*,*,#2368,.F.);
#3137=ORIENTED_EDGE('',*,*,#2370,.F.);
#3138=ORIENTED_EDGE('',*,*,#2375,.F.);
#3139=ORIENTED_EDGE('',*,*,#2377,.F.);
#3140=ORIENTED_EDGE('',*,*,#2378,.F.);
#3141=ORIENTED_EDGE('',*,*,#2346,.F.);
#3142=ORIENTED_EDGE('',*,*,#2259,.F.);
#3143=ORIENTED_EDGE('',*,*,#2382,.T.);
#3144=ORIENTED_EDGE('',*,*,#2383,.T.);
#3145=ORIENTED_EDGE('',*,*,#2343,.F.);
#3146=ORIENTED_EDGE('',*,*,#2314,.T.);
#3147=ORIENTED_EDGE('',*,*,#2384,.T.);
#3148=ORIENTED_EDGE('',*,*,#2385,.T.);
#3149=ORIENTED_EDGE('',*,*,#2386,.F.);
#3150=ORIENTED_EDGE('',*,*,#2258,.F.);
#3151=ORIENTED_EDGE('',*,*,#2387,.T.);
#3152=ORIENTED_EDGE('',*,*,#2388,.T.);
#3153=ORIENTED_EDGE('',*,*,#2382,.F.);
#3154=ORIENTED_EDGE('',*,*,#2257,.F.);
#3155=ORIENTED_EDGE('',*,*,#2389,.T.);
#3156=ORIENTED_EDGE('',*,*,#2390,.T.);
#3157=ORIENTED_EDGE('',*,*,#2387,.F.);
#3158=ORIENTED_EDGE('',*,*,#2256,.F.);
#3159=ORIENTED_EDGE('',*,*,#2391,.T.);
#3160=ORIENTED_EDGE('',*,*,#2392,.T.);
#3161=ORIENTED_EDGE('',*,*,#2389,.F.);
#3162=ORIENTED_EDGE('',*,*,#2255,.F.);
#3163=ORIENTED_EDGE('',*,*,#2393,.T.);
#3164=ORIENTED_EDGE('',*,*,#2394,.T.);
#3165=ORIENTED_EDGE('',*,*,#2391,.F.);
#3166=ORIENTED_EDGE('',*,*,#2254,.F.);
#3167=ORIENTED_EDGE('',*,*,#2395,.T.);
#3168=ORIENTED_EDGE('',*,*,#2396,.T.);
#3169=ORIENTED_EDGE('',*,*,#2393,.F.);
#3170=ORIENTED_EDGE('',*,*,#2253,.F.);
#3171=ORIENTED_EDGE('',*,*,#2397,.T.);
#3172=ORIENTED_EDGE('',*,*,#2398,.T.);
#3173=ORIENTED_EDGE('',*,*,#2399,.F.);
#3174=ORIENTED_EDGE('',*,*,#2318,.T.);
#3175=ORIENTED_EDGE('',*,*,#2340,.T.);
#3176=ORIENTED_EDGE('',*,*,#2400,.T.);
#3177=ORIENTED_EDGE('',*,*,#2395,.F.);
#3178=ORIENTED_EDGE('',*,*,#2344,.F.);
#3179=ORIENTED_EDGE('',*,*,#2383,.F.);
#3180=ORIENTED_EDGE('',*,*,#2388,.F.);
#3181=ORIENTED_EDGE('',*,*,#2390,.F.);
#3182=ORIENTED_EDGE('',*,*,#2392,.F.);
#3183=ORIENTED_EDGE('',*,*,#2394,.F.);
#3184=ORIENTED_EDGE('',*,*,#2396,.F.);
#3185=ORIENTED_EDGE('',*,*,#2400,.F.);
#3186=ORIENTED_EDGE('',*,*,#2339,.F.);
#3187=ORIENTED_EDGE('',*,*,#2342,.F.);
#3188=ORIENTED_EDGE('',*,*,#2285,.F.);
#3189=ORIENTED_EDGE('',*,*,#2401,.T.);
#3190=ORIENTED_EDGE('',*,*,#2402,.T.);
#3191=ORIENTED_EDGE('',*,*,#2403,.F.);
#3192=ORIENTED_EDGE('',*,*,#2284,.F.);
#3193=ORIENTED_EDGE('',*,*,#2404,.T.);
#3194=ORIENTED_EDGE('',*,*,#2405,.T.);
#3195=ORIENTED_EDGE('',*,*,#2401,.F.);
#3196=ORIENTED_EDGE('',*,*,#2283,.F.);
#3197=ORIENTED_EDGE('',*,*,#2406,.T.);
#3198=ORIENTED_EDGE('',*,*,#2407,.T.);
#3199=ORIENTED_EDGE('',*,*,#2358,.F.);
#3200=ORIENTED_EDGE('',*,*,#2337,.T.);
#3201=ORIENTED_EDGE('',*,*,#2408,.T.);
#3202=ORIENTED_EDGE('',*,*,#2409,.T.);
#3203=ORIENTED_EDGE('',*,*,#2404,.F.);
#3204=ORIENTED_EDGE('',*,*,#2336,.T.);
#3205=ORIENTED_EDGE('',*,*,#2410,.T.);
#3206=ORIENTED_EDGE('',*,*,#2411,.T.);
#3207=ORIENTED_EDGE('',*,*,#2408,.F.);
#3208=ORIENTED_EDGE('',*,*,#2335,.T.);
#3209=ORIENTED_EDGE('',*,*,#2412,.T.);
#3210=ORIENTED_EDGE('',*,*,#2413,.T.);
#3211=ORIENTED_EDGE('',*,*,#2410,.F.);
#3212=ORIENTED_EDGE('',*,*,#2334,.T.);
#3213=ORIENTED_EDGE('',*,*,#2414,.T.);
#3214=ORIENTED_EDGE('',*,*,#2415,.T.);
#3215=ORIENTED_EDGE('',*,*,#2412,.F.);
#3216=ORIENTED_EDGE('',*,*,#2277,.F.);
#3217=ORIENTED_EDGE('',*,*,#2416,.T.);
#3218=ORIENTED_EDGE('',*,*,#2417,.T.);
#3219=ORIENTED_EDGE('',*,*,#2414,.F.);
#3220=ORIENTED_EDGE('',*,*,#2333,.T.);
#3221=ORIENTED_EDGE('',*,*,#2355,.T.);
#3222=ORIENTED_EDGE('',*,*,#2418,.T.);
#3223=ORIENTED_EDGE('',*,*,#2419,.F.);
#3224=ORIENTED_EDGE('',*,*,#2288,.F.);
#3225=ORIENTED_EDGE('',*,*,#2420,.T.);
#3226=ORIENTED_EDGE('',*,*,#2421,.T.);
#3227=ORIENTED_EDGE('',*,*,#2416,.F.);
#3228=ORIENTED_EDGE('',*,*,#2287,.F.);
#3229=ORIENTED_EDGE('',*,*,#2422,.T.);
#3230=ORIENTED_EDGE('',*,*,#2423,.T.);
#3231=ORIENTED_EDGE('',*,*,#2420,.F.);
#3232=ORIENTED_EDGE('',*,*,#2286,.F.);
#3233=ORIENTED_EDGE('',*,*,#2403,.T.);
#3234=ORIENTED_EDGE('',*,*,#2424,.T.);
#3235=ORIENTED_EDGE('',*,*,#2422,.F.);
#3236=ORIENTED_EDGE('',*,*,#2424,.F.);
#3237=ORIENTED_EDGE('',*,*,#2402,.F.);
#3238=ORIENTED_EDGE('',*,*,#2405,.F.);
#3239=ORIENTED_EDGE('',*,*,#2409,.F.);
#3240=ORIENTED_EDGE('',*,*,#2411,.F.);
#3241=ORIENTED_EDGE('',*,*,#2413,.F.);
#3242=ORIENTED_EDGE('',*,*,#2415,.F.);
#3243=ORIENTED_EDGE('',*,*,#2417,.F.);
#3244=ORIENTED_EDGE('',*,*,#2421,.F.);
#3245=ORIENTED_EDGE('',*,*,#2423,.F.);
#3246=ORIENTED_EDGE('',*,*,#2268,.F.);
#3247=ORIENTED_EDGE('',*,*,#2425,.T.);
#3248=ORIENTED_EDGE('',*,*,#2426,.T.);
#3249=ORIENTED_EDGE('',*,*,#2427,.F.);
#3250=ORIENTED_EDGE('',*,*,#2267,.F.);
#3251=ORIENTED_EDGE('',*,*,#2428,.T.);
#3252=ORIENTED_EDGE('',*,*,#2429,.T.);
#3253=ORIENTED_EDGE('',*,*,#2425,.F.);
#3254=ORIENTED_EDGE('',*,*,#2266,.F.);
#3255=ORIENTED_EDGE('',*,*,#2381,.T.);
#3256=ORIENTED_EDGE('',*,*,#2430,.T.);
#3257=ORIENTED_EDGE('',*,*,#2428,.F.);
#3258=ORIENTED_EDGE('',*,*,#2329,.T.);
#3259=ORIENTED_EDGE('',*,*,#2373,.T.);
#3260=ORIENTED_EDGE('',*,*,#2431,.T.);
#3261=ORIENTED_EDGE('',*,*,#2351,.F.);
#3262=ORIENTED_EDGE('',*,*,#2270,.F.);
#3263=ORIENTED_EDGE('',*,*,#2432,.T.);
#3264=ORIENTED_EDGE('',*,*,#2433,.T.);
#3265=ORIENTED_EDGE('',*,*,#2371,.F.);
#3266=ORIENTED_EDGE('',*,*,#2269,.F.);
#3267=ORIENTED_EDGE('',*,*,#2427,.T.);
#3268=ORIENTED_EDGE('',*,*,#2434,.T.);
#3269=ORIENTED_EDGE('',*,*,#2432,.F.);
#3270=ORIENTED_EDGE('',*,*,#2434,.F.);
#3271=ORIENTED_EDGE('',*,*,#2426,.F.);
#3272=ORIENTED_EDGE('',*,*,#2429,.F.);
#3273=ORIENTED_EDGE('',*,*,#2430,.F.);
#3274=ORIENTED_EDGE('',*,*,#2380,.F.);
#3275=ORIENTED_EDGE('',*,*,#2349,.F.);
#3276=ORIENTED_EDGE('',*,*,#2352,.F.);
#3277=ORIENTED_EDGE('',*,*,#2431,.F.);
#3278=ORIENTED_EDGE('',*,*,#2372,.F.);
#3279=ORIENTED_EDGE('',*,*,#2433,.F.);
#3280=ORIENTED_EDGE('',*,*,#2264,.F.);
#3281=ORIENTED_EDGE('',*,*,#2435,.T.);
#3282=ORIENTED_EDGE('',*,*,#2436,.T.);
#3283=ORIENTED_EDGE('',*,*,#2397,.F.);
#3284=ORIENTED_EDGE('',*,*,#2263,.F.);
#3285=ORIENTED_EDGE('',*,*,#2437,.T.);
#3286=ORIENTED_EDGE('',*,*,#2438,.T.);
#3287=ORIENTED_EDGE('',*,*,#2435,.F.);
#3288=ORIENTED_EDGE('',*,*,#2262,.F.);
#3289=ORIENTED_EDGE('',*,*,#2439,.T.);
#3290=ORIENTED_EDGE('',*,*,#2440,.T.);
#3291=ORIENTED_EDGE('',*,*,#2437,.F.);
#3292=ORIENTED_EDGE('',*,*,#2261,.F.);
#3293=ORIENTED_EDGE('',*,*,#2441,.T.);
#3294=ORIENTED_EDGE('',*,*,#2442,.T.);
#3295=ORIENTED_EDGE('',*,*,#2439,.F.);
#3296=ORIENTED_EDGE('',*,*,#2260,.F.);
#3297=ORIENTED_EDGE('',*,*,#2386,.T.);
#3298=ORIENTED_EDGE('',*,*,#2443,.T.);
#3299=ORIENTED_EDGE('',*,*,#2441,.F.);
#3300=ORIENTED_EDGE('',*,*,#2321,.T.);
#3301=ORIENTED_EDGE('',*,*,#2444,.T.);
#3302=ORIENTED_EDGE('',*,*,#2445,.T.);
#3303=ORIENTED_EDGE('',*,*,#2384,.F.);
#3304=ORIENTED_EDGE('',*,*,#2320,.T.);
#3305=ORIENTED_EDGE('',*,*,#2446,.T.);
#3306=ORIENTED_EDGE('',*,*,#2447,.T.);
#3307=ORIENTED_EDGE('',*,*,#2444,.F.);
#3308=ORIENTED_EDGE('',*,*,#2319,.T.);
#3309=ORIENTED_EDGE('',*,*,#2399,.T.);
#3310=ORIENTED_EDGE('',*,*,#2448,.T.);
#3311=ORIENTED_EDGE('',*,*,#2446,.F.);
#3312=ORIENTED_EDGE('',*,*,#2398,.F.);
#3313=ORIENTED_EDGE('',*,*,#2436,.F.);
#3314=ORIENTED_EDGE('',*,*,#2438,.F.);
#3315=ORIENTED_EDGE('',*,*,#2440,.F.);
#3316=ORIENTED_EDGE('',*,*,#2442,.F.);
#3317=ORIENTED_EDGE('',*,*,#2443,.F.);
#3318=ORIENTED_EDGE('',*,*,#2385,.F.);
#3319=ORIENTED_EDGE('',*,*,#2445,.F.);
#3320=ORIENTED_EDGE('',*,*,#2447,.F.);
#3321=ORIENTED_EDGE('',*,*,#2448,.F.);
#3322=ORIENTED_EDGE('',*,*,#2280,.F.);
#3323=ORIENTED_EDGE('',*,*,#2449,.T.);
#3324=ORIENTED_EDGE('',*,*,#2450,.T.);
#3325=ORIENTED_EDGE('',*,*,#2451,.F.);
#3326=ORIENTED_EDGE('',*,*,#2279,.F.);
#3327=ORIENTED_EDGE('',*,*,#2452,.T.);
#3328=ORIENTED_EDGE('',*,*,#2453,.T.);
#3329=ORIENTED_EDGE('',*,*,#2449,.F.);
#3330=ORIENTED_EDGE('',*,*,#2278,.F.);
#3331=ORIENTED_EDGE('',*,*,#2419,.T.);
#3332=ORIENTED_EDGE('',*,*,#2454,.T.);
#3333=ORIENTED_EDGE('',*,*,#2452,.F.);
#3334=ORIENTED_EDGE('',*,*,#2282,.F.);
#3335=ORIENTED_EDGE('',*,*,#2455,.T.);
#3336=ORIENTED_EDGE('',*,*,#2456,.T.);
#3337=ORIENTED_EDGE('',*,*,#2406,.F.);
#3338=ORIENTED_EDGE('',*,*,#2281,.F.);
#3339=ORIENTED_EDGE('',*,*,#2451,.T.);
#3340=ORIENTED_EDGE('',*,*,#2457,.T.);
#3341=ORIENTED_EDGE('',*,*,#2455,.F.);
#3342=ORIENTED_EDGE('',*,*,#2457,.F.);
#3343=ORIENTED_EDGE('',*,*,#2450,.F.);
#3344=ORIENTED_EDGE('',*,*,#2453,.F.);
#3345=ORIENTED_EDGE('',*,*,#2454,.F.);
#3346=ORIENTED_EDGE('',*,*,#2418,.F.);
#3347=ORIENTED_EDGE('',*,*,#2354,.F.);
#3348=ORIENTED_EDGE('',*,*,#2357,.F.);
#3349=ORIENTED_EDGE('',*,*,#2359,.F.);
#3350=ORIENTED_EDGE('',*,*,#2407,.F.);
#3351=ORIENTED_EDGE('',*,*,#2456,.F.);
#3352=ORIENTED_EDGE('',*,*,#2458,.F.);
#3353=ORIENTED_EDGE('',*,*,#2459,.F.);
#3354=ORIENTED_EDGE('',*,*,#2460,.F.);
#3355=ORIENTED_EDGE('',*,*,#2461,.F.);
#3356=ORIENTED_EDGE('',*,*,#2462,.F.);
#3357=ORIENTED_EDGE('',*,*,#2463,.F.);
#3358=ORIENTED_EDGE('',*,*,#2464,.F.);
#3359=ORIENTED_EDGE('',*,*,#2465,.F.);
#3360=ORIENTED_EDGE('',*,*,#2466,.F.);
#3361=ORIENTED_EDGE('',*,*,#2467,.F.);
#3362=ORIENTED_EDGE('',*,*,#2466,.T.);
#3363=ORIENTED_EDGE('',*,*,#2468,.F.);
#3364=ORIENTED_EDGE('',*,*,#2469,.F.);
#3365=ORIENTED_EDGE('',*,*,#2470,.T.);
#3366=ORIENTED_EDGE('',*,*,#2465,.T.);
#3367=ORIENTED_EDGE('',*,*,#2471,.F.);
#3368=ORIENTED_EDGE('',*,*,#2472,.F.);
#3369=ORIENTED_EDGE('',*,*,#2468,.T.);
#3370=ORIENTED_EDGE('',*,*,#2473,.T.);
#3371=ORIENTED_EDGE('',*,*,#2474,.T.);
#3372=ORIENTED_EDGE('',*,*,#2475,.T.);
#3373=ORIENTED_EDGE('',*,*,#2476,.T.);
#3374=ORIENTED_EDGE('',*,*,#2477,.T.);
#3375=ORIENTED_EDGE('',*,*,#2477,.F.);
#3376=ORIENTED_EDGE('',*,*,#2478,.T.);
#3377=ORIENTED_EDGE('',*,*,#2479,.T.);
#3378=ORIENTED_EDGE('',*,*,#2480,.T.);
#3379=ORIENTED_EDGE('',*,*,#2481,.F.);
#3380=ORIENTED_EDGE('',*,*,#2482,.T.);
#3381=ORIENTED_EDGE('',*,*,#2483,.T.);
#3382=ORIENTED_EDGE('',*,*,#2484,.T.);
#3383=ORIENTED_EDGE('',*,*,#2485,.T.);
#3384=ORIENTED_EDGE('',*,*,#2486,.T.);
#3385=ORIENTED_EDGE('',*,*,#2487,.T.);
#3386=ORIENTED_EDGE('',*,*,#2476,.F.);
#3387=ORIENTED_EDGE('',*,*,#2488,.F.);
#3388=ORIENTED_EDGE('',*,*,#2489,.F.);
#3389=ORIENTED_EDGE('',*,*,#2490,.F.);
#3390=ORIENTED_EDGE('',*,*,#2491,.T.);
#3391=ORIENTED_EDGE('',*,*,#2492,.F.);
#3392=ORIENTED_EDGE('',*,*,#2493,.F.);
#3393=ORIENTED_EDGE('',*,*,#2478,.F.);
#3394=ORIENTED_EDGE('',*,*,#2494,.T.);
#3395=ORIENTED_EDGE('',*,*,#2495,.T.);
#3396=ORIENTED_EDGE('',*,*,#2496,.T.);
#3397=ORIENTED_EDGE('',*,*,#2497,.T.);
#3398=ORIENTED_EDGE('',*,*,#2498,.T.);
#3399=ORIENTED_EDGE('',*,*,#2495,.F.);
#3400=ORIENTED_EDGE('',*,*,#2499,.F.);
#3401=ORIENTED_EDGE('',*,*,#2500,.F.);
#3402=ORIENTED_EDGE('',*,*,#2501,.F.);
#3403=ORIENTED_EDGE('',*,*,#2502,.F.);
#3404=ORIENTED_EDGE('',*,*,#2503,.F.);
#3405=ORIENTED_EDGE('',*,*,#2504,.F.);
#3406=ORIENTED_EDGE('',*,*,#2505,.F.);
#3407=ORIENTED_EDGE('',*,*,#2494,.F.);
#3408=ORIENTED_EDGE('',*,*,#2506,.T.);
#3409=ORIENTED_EDGE('',*,*,#2507,.T.);
#3410=ORIENTED_EDGE('',*,*,#2508,.T.);
#3411=ORIENTED_EDGE('',*,*,#2499,.T.);
#3412=ORIENTED_EDGE('',*,*,#2509,.T.);
#3413=ORIENTED_EDGE('',*,*,#2510,.T.);
#3414=ORIENTED_EDGE('',*,*,#2511,.T.);
#3415=ORIENTED_EDGE('',*,*,#2512,.T.);
#3416=ORIENTED_EDGE('',*,*,#2513,.T.);
#3417=ORIENTED_EDGE('',*,*,#2514,.T.);
#3418=ORIENTED_EDGE('',*,*,#2474,.F.);
#3419=ORIENTED_EDGE('',*,*,#2515,.T.);
#3420=ORIENTED_EDGE('',*,*,#2516,.T.);
#3421=ORIENTED_EDGE('',*,*,#2517,.T.);
#3422=ORIENTED_EDGE('',*,*,#2518,.T.);
#3423=ORIENTED_EDGE('',*,*,#2516,.F.);
#3424=ORIENTED_EDGE('',*,*,#2519,.T.);
#3425=ORIENTED_EDGE('',*,*,#2520,.T.);
#3426=ORIENTED_EDGE('',*,*,#2521,.T.);
#3427=ORIENTED_EDGE('',*,*,#2522,.T.);
#3428=ORIENTED_EDGE('',*,*,#2523,.T.);
#3429=ORIENTED_EDGE('',*,*,#2497,.F.);
#3430=ORIENTED_EDGE('',*,*,#2524,.T.);
#3431=ORIENTED_EDGE('',*,*,#2488,.T.);
#3432=ORIENTED_EDGE('',*,*,#2475,.F.);
#3433=ORIENTED_EDGE('',*,*,#2524,.F.);
#3434=ORIENTED_EDGE('',*,*,#2496,.F.);
#3435=ORIENTED_EDGE('',*,*,#2505,.T.);
#3436=ORIENTED_EDGE('',*,*,#2525,.T.);
#3437=ORIENTED_EDGE('',*,*,#2526,.T.);
#3438=ORIENTED_EDGE('',*,*,#2527,.T.);
#3439=ORIENTED_EDGE('',*,*,#2498,.F.);
#3440=ORIENTED_EDGE('',*,*,#2523,.F.);
#3441=ORIENTED_EDGE('',*,*,#2528,.T.);
#3442=ORIENTED_EDGE('',*,*,#2506,.F.);
#3443=ORIENTED_EDGE('',*,*,#2522,.F.);
#3444=ORIENTED_EDGE('',*,*,#2529,.T.);
#3445=ORIENTED_EDGE('',*,*,#2530,.F.);
#3446=ORIENTED_EDGE('',*,*,#2531,.F.);
#3447=ORIENTED_EDGE('',*,*,#2532,.F.);
#3448=ORIENTED_EDGE('',*,*,#2507,.F.);
#3449=ORIENTED_EDGE('',*,*,#2528,.F.);
#3450=ORIENTED_EDGE('',*,*,#2533,.T.);
#3451=ORIENTED_EDGE('',*,*,#2534,.F.);
#3452=ORIENTED_EDGE('',*,*,#2535,.F.);
#3453=ORIENTED_EDGE('',*,*,#2536,.T.);
#3454=ORIENTED_EDGE('',*,*,#2537,.T.);
#3455=ORIENTED_EDGE('',*,*,#2536,.F.);
#3456=ORIENTED_EDGE('',*,*,#2538,.F.);
#3457=ORIENTED_EDGE('',*,*,#2539,.T.);
#3458=ORIENTED_EDGE('',*,*,#2540,.T.);
#3459=ORIENTED_EDGE('',*,*,#2539,.F.);
#3460=ORIENTED_EDGE('',*,*,#2541,.F.);
#3461=ORIENTED_EDGE('',*,*,#2542,.T.);
#3462=ORIENTED_EDGE('',*,*,#2543,.T.);
#3463=ORIENTED_EDGE('',*,*,#2542,.F.);
#3464=ORIENTED_EDGE('',*,*,#2544,.F.);
#3465=ORIENTED_EDGE('',*,*,#2545,.T.);
#3466=ORIENTED_EDGE('',*,*,#2546,.T.);
#3467=ORIENTED_EDGE('',*,*,#2545,.F.);
#3468=ORIENTED_EDGE('',*,*,#2547,.F.);
#3469=ORIENTED_EDGE('',*,*,#2548,.T.);
#3470=ORIENTED_EDGE('',*,*,#2549,.T.);
#3471=ORIENTED_EDGE('',*,*,#2548,.F.);
#3472=ORIENTED_EDGE('',*,*,#2550,.F.);
#3473=ORIENTED_EDGE('',*,*,#2551,.T.);
#3474=ORIENTED_EDGE('',*,*,#2552,.T.);
#3475=ORIENTED_EDGE('',*,*,#2551,.F.);
#3476=ORIENTED_EDGE('',*,*,#2553,.F.);
#3477=ORIENTED_EDGE('',*,*,#2530,.T.);
#3478=ORIENTED_EDGE('',*,*,#2520,.F.);
#3479=ORIENTED_EDGE('',*,*,#2554,.F.);
#3480=ORIENTED_EDGE('',*,*,#2480,.F.);
#3481=ORIENTED_EDGE('',*,*,#2555,.F.);
#3482=ORIENTED_EDGE('',*,*,#2556,.F.);
#3483=ORIENTED_EDGE('',*,*,#2557,.F.);
#3484=ORIENTED_EDGE('',*,*,#2558,.T.);
#3485=ORIENTED_EDGE('',*,*,#2559,.T.);
#3486=ORIENTED_EDGE('',*,*,#2560,.F.);
#3487=ORIENTED_EDGE('',*,*,#2561,.F.);
#3488=ORIENTED_EDGE('',*,*,#2562,.T.);
#3489=ORIENTED_EDGE('',*,*,#2563,.T.);
#3490=ORIENTED_EDGE('',*,*,#2562,.F.);
#3491=ORIENTED_EDGE('',*,*,#2564,.F.);
#3492=ORIENTED_EDGE('',*,*,#2565,.T.);
#3493=ORIENTED_EDGE('',*,*,#2566,.T.);
#3494=ORIENTED_EDGE('',*,*,#2565,.F.);
#3495=ORIENTED_EDGE('',*,*,#2567,.F.);
#3496=ORIENTED_EDGE('',*,*,#2568,.T.);
#3497=ORIENTED_EDGE('',*,*,#2569,.T.);
#3498=ORIENTED_EDGE('',*,*,#2570,.F.);
#3499=ORIENTED_EDGE('',*,*,#2571,.F.);
#3500=ORIENTED_EDGE('',*,*,#2572,.T.);
#3501=ORIENTED_EDGE('',*,*,#2573,.T.);
#3502=ORIENTED_EDGE('',*,*,#2572,.F.);
#3503=ORIENTED_EDGE('',*,*,#2574,.F.);
#3504=ORIENTED_EDGE('',*,*,#2575,.T.);
#3505=ORIENTED_EDGE('',*,*,#2576,.T.);
#3506=ORIENTED_EDGE('',*,*,#2575,.F.);
#3507=ORIENTED_EDGE('',*,*,#2577,.F.);
#3508=ORIENTED_EDGE('',*,*,#2491,.F.);
#3509=ORIENTED_EDGE('',*,*,#2473,.F.);
#3510=ORIENTED_EDGE('',*,*,#2481,.T.);
#3511=ORIENTED_EDGE('',*,*,#2554,.T.);
#3512=ORIENTED_EDGE('',*,*,#2519,.F.);
#3513=ORIENTED_EDGE('',*,*,#2515,.F.);
#3514=ORIENTED_EDGE('',*,*,#2555,.T.);
#3515=ORIENTED_EDGE('',*,*,#2479,.F.);
#3516=ORIENTED_EDGE('',*,*,#2493,.T.);
#3517=ORIENTED_EDGE('',*,*,#2578,.F.);
#3518=ORIENTED_EDGE('',*,*,#2532,.T.);
#3519=ORIENTED_EDGE('',*,*,#2579,.F.);
#3520=ORIENTED_EDGE('',*,*,#2500,.T.);
#3521=ORIENTED_EDGE('',*,*,#2508,.F.);
#3522=ORIENTED_EDGE('',*,*,#2556,.T.);
#3523=ORIENTED_EDGE('',*,*,#2578,.T.);
#3524=ORIENTED_EDGE('',*,*,#2492,.T.);
#3525=ORIENTED_EDGE('',*,*,#2577,.T.);
#3526=ORIENTED_EDGE('',*,*,#2574,.T.);
#3527=ORIENTED_EDGE('',*,*,#2571,.T.);
#3528=ORIENTED_EDGE('',*,*,#2580,.T.);
#3529=ORIENTED_EDGE('',*,*,#2567,.T.);
#3530=ORIENTED_EDGE('',*,*,#2564,.T.);
#3531=ORIENTED_EDGE('',*,*,#2561,.T.);
#3532=ORIENTED_EDGE('',*,*,#2581,.T.);
#3533=ORIENTED_EDGE('',*,*,#2582,.T.);
#3534=ORIENTED_EDGE('',*,*,#2583,.T.);
#3535=ORIENTED_EDGE('',*,*,#2584,.T.);
#3536=ORIENTED_EDGE('',*,*,#2585,.T.);
#3537=ORIENTED_EDGE('',*,*,#2531,.T.);
#3538=ORIENTED_EDGE('',*,*,#2553,.T.);
#3539=ORIENTED_EDGE('',*,*,#2550,.T.);
#3540=ORIENTED_EDGE('',*,*,#2547,.T.);
#3541=ORIENTED_EDGE('',*,*,#2544,.T.);
#3542=ORIENTED_EDGE('',*,*,#2541,.T.);
#3543=ORIENTED_EDGE('',*,*,#2538,.T.);
#3544=ORIENTED_EDGE('',*,*,#2535,.T.);
#3545=ORIENTED_EDGE('',*,*,#2586,.T.);
#3546=ORIENTED_EDGE('',*,*,#2501,.T.);
#3547=ORIENTED_EDGE('',*,*,#2579,.T.);
#3548=ORIENTED_EDGE('',*,*,#2587,.T.);
#3549=ORIENTED_EDGE('',*,*,#2588,.T.);
#3550=ORIENTED_EDGE('',*,*,#2589,.T.);
#3551=ORIENTED_EDGE('',*,*,#2590,.T.);
#3552=ORIENTED_EDGE('',*,*,#2464,.T.);
#3553=ORIENTED_EDGE('',*,*,#2591,.F.);
#3554=ORIENTED_EDGE('',*,*,#2592,.F.);
#3555=ORIENTED_EDGE('',*,*,#2471,.T.);
#3556=ORIENTED_EDGE('',*,*,#2467,.T.);
#3557=ORIENTED_EDGE('',*,*,#2470,.F.);
#3558=ORIENTED_EDGE('',*,*,#2593,.F.);
#3559=ORIENTED_EDGE('',*,*,#2591,.T.);
#3560=ORIENTED_EDGE('',*,*,#2594,.F.);
#3561=ORIENTED_EDGE('',*,*,#2595,.F.);
#3562=ORIENTED_EDGE('',*,*,#2596,.T.);
#3563=ORIENTED_EDGE('',*,*,#2597,.F.);
#3564=ORIENTED_EDGE('',*,*,#2598,.F.);
#3565=ORIENTED_EDGE('',*,*,#2596,.F.);
#3566=ORIENTED_EDGE('',*,*,#2594,.T.);
#3567=ORIENTED_EDGE('',*,*,#2595,.T.);
#3568=ORIENTED_EDGE('',*,*,#2599,.T.);
#3569=ORIENTED_EDGE('',*,*,#2462,.T.);
#3570=ORIENTED_EDGE('',*,*,#2599,.F.);
#3571=ORIENTED_EDGE('',*,*,#2482,.F.);
#3572=ORIENTED_EDGE('',*,*,#2483,.F.);
#3573=ORIENTED_EDGE('',*,*,#2600,.T.);
#3574=ORIENTED_EDGE('',*,*,#2601,.F.);
#3575=ORIENTED_EDGE('',*,*,#2602,.F.);
#3576=ORIENTED_EDGE('',*,*,#2600,.F.);
#3577=ORIENTED_EDGE('',*,*,#2513,.F.);
#3578=ORIENTED_EDGE('',*,*,#2514,.F.);
#3579=ORIENTED_EDGE('',*,*,#2603,.T.);
#3580=ORIENTED_EDGE('',*,*,#2604,.F.);
#3581=ORIENTED_EDGE('',*,*,#2605,.F.);
#3582=ORIENTED_EDGE('',*,*,#2603,.F.);
#3583=ORIENTED_EDGE('',*,*,#2511,.F.);
#3584=ORIENTED_EDGE('',*,*,#2512,.F.);
#3585=ORIENTED_EDGE('',*,*,#2606,.T.);
#3586=ORIENTED_EDGE('',*,*,#2607,.F.);
#3587=ORIENTED_EDGE('',*,*,#2608,.F.);
#3588=ORIENTED_EDGE('',*,*,#2606,.F.);
#3589=ORIENTED_EDGE('',*,*,#2484,.F.);
#3590=ORIENTED_EDGE('',*,*,#2485,.F.);
#3591=ORIENTED_EDGE('',*,*,#2609,.T.);
#3592=ORIENTED_EDGE('',*,*,#2610,.F.);
#3593=ORIENTED_EDGE('',*,*,#2611,.F.);
#3594=ORIENTED_EDGE('',*,*,#2609,.F.);
#3595=ORIENTED_EDGE('',*,*,#2486,.F.);
#3596=ORIENTED_EDGE('',*,*,#2487,.F.);
#3597=ORIENTED_EDGE('',*,*,#2612,.T.);
#3598=ORIENTED_EDGE('',*,*,#2613,.F.);
#3599=ORIENTED_EDGE('',*,*,#2614,.F.);
#3600=ORIENTED_EDGE('',*,*,#2612,.F.);
#3601=ORIENTED_EDGE('',*,*,#2509,.F.);
#3602=ORIENTED_EDGE('',*,*,#2510,.F.);
#3603=ORIENTED_EDGE('',*,*,#2615,.T.);
#3604=ORIENTED_EDGE('',*,*,#2616,.F.);
#3605=ORIENTED_EDGE('',*,*,#2617,.F.);
#3606=ORIENTED_EDGE('',*,*,#2615,.F.);
#3607=ORIENTED_EDGE('',*,*,#2461,.T.);
#3608=ORIENTED_EDGE('',*,*,#2618,.T.);
#3609=ORIENTED_EDGE('',*,*,#2589,.F.);
#3610=ORIENTED_EDGE('',*,*,#2590,.F.);
#3611=ORIENTED_EDGE('',*,*,#2618,.F.);
#3612=ORIENTED_EDGE('',*,*,#2460,.T.);
#3613=ORIENTED_EDGE('',*,*,#2619,.T.);
#3614=ORIENTED_EDGE('',*,*,#2584,.F.);
#3615=ORIENTED_EDGE('',*,*,#2585,.F.);
#3616=ORIENTED_EDGE('',*,*,#2619,.F.);
#3617=ORIENTED_EDGE('',*,*,#2459,.T.);
#3618=ORIENTED_EDGE('',*,*,#2620,.T.);
#3619=ORIENTED_EDGE('',*,*,#2587,.F.);
#3620=ORIENTED_EDGE('',*,*,#2588,.F.);
#3621=ORIENTED_EDGE('',*,*,#2620,.F.);
#3622=ORIENTED_EDGE('',*,*,#2458,.T.);
#3623=ORIENTED_EDGE('',*,*,#2621,.T.);
#3624=ORIENTED_EDGE('',*,*,#2582,.F.);
#3625=ORIENTED_EDGE('',*,*,#2583,.F.);
#3626=ORIENTED_EDGE('',*,*,#2621,.F.);
#3627=ORIENTED_EDGE('',*,*,#2518,.F.);
#3628=ORIENTED_EDGE('',*,*,#2517,.F.);
#3629=ORIENTED_EDGE('',*,*,#2297,.T.);
#3630=ORIENTED_EDGE('',*,*,#2298,.T.);
#3631=ORIENTED_EDGE('',*,*,#2489,.T.);
#3632=ORIENTED_EDGE('',*,*,#2527,.F.);
#3633=ORIENTED_EDGE('',*,*,#2622,.F.);
#3634=ORIENTED_EDGE('',*,*,#2623,.F.);
#3635=ORIENTED_EDGE('',*,*,#2622,.T.);
#3636=ORIENTED_EDGE('',*,*,#2526,.F.);
#3637=ORIENTED_EDGE('',*,*,#2624,.F.);
#3638=ORIENTED_EDGE('',*,*,#2625,.F.);
#3639=ORIENTED_EDGE('',*,*,#2624,.T.);
#3640=ORIENTED_EDGE('',*,*,#2525,.F.);
#3641=ORIENTED_EDGE('',*,*,#2504,.T.);
#3642=ORIENTED_EDGE('',*,*,#2626,.F.);
#3643=ORIENTED_EDGE('',*,*,#2627,.F.);
#3644=ORIENTED_EDGE('',*,*,#2533,.F.);
#3645=ORIENTED_EDGE('',*,*,#2537,.F.);
#3646=ORIENTED_EDGE('',*,*,#2540,.F.);
#3647=ORIENTED_EDGE('',*,*,#2543,.F.);
#3648=ORIENTED_EDGE('',*,*,#2546,.F.);
#3649=ORIENTED_EDGE('',*,*,#2549,.F.);
#3650=ORIENTED_EDGE('',*,*,#2552,.F.);
#3651=ORIENTED_EDGE('',*,*,#2529,.F.);
#3652=ORIENTED_EDGE('',*,*,#2521,.F.);
#3653=ORIENTED_EDGE('',*,*,#2558,.F.);
#3654=ORIENTED_EDGE('',*,*,#2628,.T.);
#3655=ORIENTED_EDGE('',*,*,#2559,.F.);
#3656=ORIENTED_EDGE('',*,*,#2563,.F.);
#3657=ORIENTED_EDGE('',*,*,#2566,.F.);
#3658=ORIENTED_EDGE('',*,*,#2629,.T.);
#3659=ORIENTED_EDGE('',*,*,#2569,.F.);
#3660=ORIENTED_EDGE('',*,*,#2573,.F.);
#3661=ORIENTED_EDGE('',*,*,#2576,.F.);
#3662=ORIENTED_EDGE('',*,*,#2490,.T.);
#3663=ORIENTED_EDGE('',*,*,#2623,.T.);
#3664=ORIENTED_EDGE('',*,*,#2625,.T.);
#3665=ORIENTED_EDGE('',*,*,#2626,.T.);
#3666=ORIENTED_EDGE('',*,*,#2503,.T.);
#3667=ORIENTED_EDGE('',*,*,#2469,.T.);
#3668=ORIENTED_EDGE('',*,*,#2472,.T.);
#3669=ORIENTED_EDGE('',*,*,#2592,.T.);
#3670=ORIENTED_EDGE('',*,*,#2593,.T.);
#3671=ORIENTED_EDGE('',*,*,#2597,.T.);
#3672=ORIENTED_EDGE('',*,*,#2598,.T.);
#3673=ORIENTED_EDGE('',*,*,#2629,.F.);
#3674=ORIENTED_EDGE('',*,*,#2568,.F.);
#3675=ORIENTED_EDGE('',*,*,#2580,.F.);
#3676=ORIENTED_EDGE('',*,*,#2570,.T.);
#3677=ORIENTED_EDGE('',*,*,#2557,.T.);
#3678=ORIENTED_EDGE('',*,*,#2581,.F.);
#3679=ORIENTED_EDGE('',*,*,#2560,.T.);
#3680=ORIENTED_EDGE('',*,*,#2628,.F.);
#3681=ORIENTED_EDGE('',*,*,#2627,.T.);
#3682=ORIENTED_EDGE('',*,*,#2502,.T.);
#3683=ORIENTED_EDGE('',*,*,#2586,.F.);
#3684=ORIENTED_EDGE('',*,*,#2534,.T.);
#3685=ORIENTED_EDGE('',*,*,#2601,.T.);
#3686=ORIENTED_EDGE('',*,*,#2602,.T.);
#3687=ORIENTED_EDGE('',*,*,#2604,.T.);
#3688=ORIENTED_EDGE('',*,*,#2605,.T.);
#3689=ORIENTED_EDGE('',*,*,#2607,.T.);
#3690=ORIENTED_EDGE('',*,*,#2608,.T.);
#3691=ORIENTED_EDGE('',*,*,#2610,.T.);
#3692=ORIENTED_EDGE('',*,*,#2611,.T.);
#3693=ORIENTED_EDGE('',*,*,#2613,.T.);
#3694=ORIENTED_EDGE('',*,*,#2614,.T.);
#3695=ORIENTED_EDGE('',*,*,#2616,.T.);
#3696=ORIENTED_EDGE('',*,*,#2617,.T.);
#3697=ORIENTED_EDGE('',*,*,#2630,.T.);
#3698=ORIENTED_EDGE('',*,*,#2631,.T.);
#3699=ORIENTED_EDGE('',*,*,#2632,.T.);
#3700=ORIENTED_EDGE('',*,*,#2633,.T.);
#3701=ORIENTED_EDGE('',*,*,#2634,.T.);
#3702=ORIENTED_EDGE('',*,*,#2631,.F.);
#3703=ORIENTED_EDGE('',*,*,#2635,.T.);
#3704=ORIENTED_EDGE('',*,*,#2630,.F.);
#3705=ORIENTED_EDGE('',*,*,#2635,.F.);
#3706=ORIENTED_EDGE('',*,*,#2636,.T.);
#3707=ORIENTED_EDGE('',*,*,#2637,.T.);
#3708=ORIENTED_EDGE('',*,*,#2632,.F.);
#3709=ORIENTED_EDGE('',*,*,#2634,.F.);
#3710=ORIENTED_EDGE('',*,*,#2633,.F.);
#3711=ORIENTED_EDGE('',*,*,#2637,.F.);
#3712=ORIENTED_EDGE('',*,*,#2638,.T.);
#3713=ORIENTED_EDGE('',*,*,#2639,.F.);
#3714=ORIENTED_EDGE('',*,*,#2640,.F.);
#3715=ORIENTED_EDGE('',*,*,#2641,.T.);
#3716=ORIENTED_EDGE('',*,*,#2463,.T.);
#3717=ORIENTED_EDGE('',*,*,#2641,.F.);
#3718=ORIENTED_EDGE('',*,*,#2639,.T.);
#3719=ORIENTED_EDGE('',*,*,#2640,.T.);
#3720=ORIENTED_EDGE('',*,*,#2636,.F.);
#3721=ORIENTED_EDGE('',*,*,#2638,.F.);
#3722=ORIENTED_EDGE('',*,*,#2642,.F.);
#3723=ORIENTED_EDGE('',*,*,#2643,.F.);
#3724=ORIENTED_EDGE('',*,*,#2644,.T.);
#3725=ORIENTED_EDGE('',*,*,#2645,.F.);
#3726=ORIENTED_EDGE('',*,*,#2646,.F.);
#3727=ORIENTED_EDGE('',*,*,#2644,.F.);
#3728=ORIENTED_EDGE('',*,*,#2647,.F.);
#3729=ORIENTED_EDGE('',*,*,#2648,.F.);
#3730=ORIENTED_EDGE('',*,*,#2649,.T.);
#3731=ORIENTED_EDGE('',*,*,#2650,.F.);
#3732=ORIENTED_EDGE('',*,*,#2651,.F.);
#3733=ORIENTED_EDGE('',*,*,#2649,.F.);
#3734=ORIENTED_EDGE('',*,*,#2652,.F.);
#3735=ORIENTED_EDGE('',*,*,#2653,.F.);
#3736=ORIENTED_EDGE('',*,*,#2654,.T.);
#3737=ORIENTED_EDGE('',*,*,#2655,.F.);
#3738=ORIENTED_EDGE('',*,*,#2656,.F.);
#3739=ORIENTED_EDGE('',*,*,#2654,.F.);
#3740=ORIENTED_EDGE('',*,*,#2642,.T.);
#3741=ORIENTED_EDGE('',*,*,#2643,.T.);
#3742=ORIENTED_EDGE('',*,*,#2657,.T.);
#3743=ORIENTED_EDGE('',*,*,#2658,.T.);
#3744=ORIENTED_EDGE('',*,*,#2659,.T.);
#3745=ORIENTED_EDGE('',*,*,#2660,.T.);
#3746=ORIENTED_EDGE('',*,*,#2661,.T.);
#3747=ORIENTED_EDGE('',*,*,#2662,.T.);
#3748=ORIENTED_EDGE('',*,*,#2657,.F.);
#3749=ORIENTED_EDGE('',*,*,#2663,.F.);
#3750=ORIENTED_EDGE('',*,*,#2664,.F.);
#3751=ORIENTED_EDGE('',*,*,#2665,.T.);
#3752=ORIENTED_EDGE('',*,*,#2648,.T.);
#3753=ORIENTED_EDGE('',*,*,#2647,.T.);
#3754=ORIENTED_EDGE('',*,*,#2665,.F.);
#3755=ORIENTED_EDGE('',*,*,#2666,.F.);
#3756=ORIENTED_EDGE('',*,*,#2667,.F.);
#3757=ORIENTED_EDGE('',*,*,#2668,.T.);
#3758=ORIENTED_EDGE('',*,*,#2653,.T.);
#3759=ORIENTED_EDGE('',*,*,#2652,.T.);
#3760=ORIENTED_EDGE('',*,*,#2668,.F.);
#3761=ORIENTED_EDGE('',*,*,#2669,.F.);
#3762=ORIENTED_EDGE('',*,*,#2670,.F.);
#3763=ORIENTED_EDGE('',*,*,#2671,.T.);
#3764=ORIENTED_EDGE('',*,*,#2664,.T.);
#3765=ORIENTED_EDGE('',*,*,#2663,.T.);
#3766=ORIENTED_EDGE('',*,*,#2671,.F.);
#3767=ORIENTED_EDGE('',*,*,#2672,.F.);
#3768=ORIENTED_EDGE('',*,*,#2673,.F.);
#3769=ORIENTED_EDGE('',*,*,#2674,.T.);
#3770=ORIENTED_EDGE('',*,*,#2667,.T.);
#3771=ORIENTED_EDGE('',*,*,#2666,.T.);
#3772=ORIENTED_EDGE('',*,*,#2674,.F.);
#3773=ORIENTED_EDGE('',*,*,#2675,.F.);
#3774=ORIENTED_EDGE('',*,*,#2676,.T.);
#3775=ORIENTED_EDGE('',*,*,#2677,.T.);
#3776=ORIENTED_EDGE('',*,*,#2678,.T.);
#3777=ORIENTED_EDGE('',*,*,#2679,.F.);
#3778=ORIENTED_EDGE('',*,*,#2680,.T.);
#3779=ORIENTED_EDGE('',*,*,#2681,.F.);
#3780=ORIENTED_EDGE('',*,*,#2682,.T.);
#3781=ORIENTED_EDGE('',*,*,#2683,.F.);
#3782=ORIENTED_EDGE('',*,*,#2684,.F.);
#3783=ORIENTED_EDGE('',*,*,#2685,.F.);
#3784=ORIENTED_EDGE('',*,*,#2686,.F.);
#3785=ORIENTED_EDGE('',*,*,#2687,.F.);
#3786=ORIENTED_EDGE('',*,*,#2688,.T.);
#3787=ORIENTED_EDGE('',*,*,#2689,.F.);
#3788=ORIENTED_EDGE('',*,*,#2680,.F.);
#3789=ORIENTED_EDGE('',*,*,#2690,.F.);
#3790=ORIENTED_EDGE('',*,*,#2684,.T.);
#3791=ORIENTED_EDGE('',*,*,#2691,.F.);
#3792=ORIENTED_EDGE('',*,*,#2692,.F.);
#3793=ORIENTED_EDGE('',*,*,#2693,.F.);
#3794=ORIENTED_EDGE('',*,*,#2694,.F.);
#3795=ORIENTED_EDGE('',*,*,#2695,.F.);
#3796=ORIENTED_EDGE('',*,*,#2686,.T.);
#3797=ORIENTED_EDGE('',*,*,#2696,.F.);
#3798=ORIENTED_EDGE('',*,*,#2697,.T.);
#3799=ORIENTED_EDGE('',*,*,#2698,.F.);
#3800=ORIENTED_EDGE('',*,*,#2699,.T.);
#3801=ORIENTED_EDGE('',*,*,#2645,.T.);
#3802=ORIENTED_EDGE('',*,*,#2646,.T.);
#3803=ORIENTED_EDGE('',*,*,#2650,.T.);
#3804=ORIENTED_EDGE('',*,*,#2651,.T.);
#3805=ORIENTED_EDGE('',*,*,#2655,.T.);
#3806=ORIENTED_EDGE('',*,*,#2656,.T.);
#3807=ORIENTED_EDGE('',*,*,#2700,.T.);
#3808=ORIENTED_EDGE('',*,*,#2701,.T.);
#3809=ORIENTED_EDGE('',*,*,#2658,.F.);
#3810=ORIENTED_EDGE('',*,*,#2662,.F.);
#3811=ORIENTED_EDGE('',*,*,#2702,.T.);
#3812=ORIENTED_EDGE('',*,*,#2703,.T.);
#3813=ORIENTED_EDGE('',*,*,#2675,.T.);
#3814=ORIENTED_EDGE('',*,*,#2679,.T.);
#3815=ORIENTED_EDGE('',*,*,#2703,.F.);
#3816=ORIENTED_EDGE('',*,*,#2704,.T.);
#3817=ORIENTED_EDGE('',*,*,#2705,.F.);
#3818=ORIENTED_EDGE('',*,*,#2676,.F.);
#3819=ORIENTED_EDGE('',*,*,#2705,.T.);
#3820=ORIENTED_EDGE('',*,*,#2706,.T.);
#3821=ORIENTED_EDGE('',*,*,#2707,.T.);
#3822=ORIENTED_EDGE('',*,*,#2708,.T.);
#3823=ORIENTED_EDGE('',*,*,#2709,.F.);
#3824=ORIENTED_EDGE('',*,*,#2677,.F.);
#3825=ORIENTED_EDGE('',*,*,#2709,.T.);
#3826=ORIENTED_EDGE('',*,*,#2710,.T.);
#3827=ORIENTED_EDGE('',*,*,#2700,.F.);
#3828=ORIENTED_EDGE('',*,*,#2678,.F.);
#3829=ORIENTED_EDGE('',*,*,#2681,.T.);
#3830=ORIENTED_EDGE('',*,*,#2689,.T.);
#3831=ORIENTED_EDGE('',*,*,#2711,.T.);
#3832=ORIENTED_EDGE('',*,*,#2696,.T.);
#3833=ORIENTED_EDGE('',*,*,#2712,.T.);
#3834=ORIENTED_EDGE('',*,*,#2669,.T.);
#3835=ORIENTED_EDGE('',*,*,#2670,.T.);
#3836=ORIENTED_EDGE('',*,*,#2690,.T.);
#3837=ORIENTED_EDGE('',*,*,#2713,.T.);
#3838=ORIENTED_EDGE('',*,*,#2693,.T.);
#3839=ORIENTED_EDGE('',*,*,#2685,.T.);
#3840=ORIENTED_EDGE('',*,*,#2672,.T.);
#3841=ORIENTED_EDGE('',*,*,#2673,.T.);
#3842=ORIENTED_EDGE('',*,*,#2698,.T.);
#3843=ORIENTED_EDGE('',*,*,#2714,.T.);
#3844=ORIENTED_EDGE('',*,*,#2687,.T.);
#3845=ORIENTED_EDGE('',*,*,#2695,.T.);
#3846=ORIENTED_EDGE('',*,*,#2715,.T.);
#3847=ORIENTED_EDGE('',*,*,#2691,.T.);
#3848=ORIENTED_EDGE('',*,*,#2683,.T.);
#3849=ORIENTED_EDGE('',*,*,#2716,.T.);
#3850=ORIENTED_EDGE('',*,*,#2716,.F.);
#3851=ORIENTED_EDGE('',*,*,#2682,.F.);
#3852=ORIENTED_EDGE('',*,*,#2712,.F.);
#3853=ORIENTED_EDGE('',*,*,#2699,.F.);
#3854=ORIENTED_EDGE('',*,*,#2714,.F.);
#3855=ORIENTED_EDGE('',*,*,#2697,.F.);
#3856=ORIENTED_EDGE('',*,*,#2711,.F.);
#3857=ORIENTED_EDGE('',*,*,#2688,.F.);
#3858=ORIENTED_EDGE('',*,*,#2694,.T.);
#3859=ORIENTED_EDGE('',*,*,#2713,.F.);
#3860=ORIENTED_EDGE('',*,*,#2692,.T.);
#3861=ORIENTED_EDGE('',*,*,#2715,.F.);
#3862=ORIENTED_EDGE('',*,*,#2660,.F.);
#3863=ORIENTED_EDGE('',*,*,#2717,.T.);
#3864=ORIENTED_EDGE('',*,*,#2707,.F.);
#3865=ORIENTED_EDGE('',*,*,#2718,.T.);
#3866=ORIENTED_EDGE('',*,*,#2706,.F.);
#3867=ORIENTED_EDGE('',*,*,#2704,.F.);
#3868=ORIENTED_EDGE('',*,*,#2702,.F.);
#3869=ORIENTED_EDGE('',*,*,#2661,.F.);
#3870=ORIENTED_EDGE('',*,*,#2718,.F.);
#3871=ORIENTED_EDGE('',*,*,#2701,.F.);
#3872=ORIENTED_EDGE('',*,*,#2710,.F.);
#3873=ORIENTED_EDGE('',*,*,#2708,.F.);
#3874=ORIENTED_EDGE('',*,*,#2717,.F.);
#3875=ORIENTED_EDGE('',*,*,#2659,.F.);
#3876=ORIENTED_EDGE('',*,*,#2719,.F.);
#3877=ORIENTED_EDGE('',*,*,#2720,.F.);
#3878=ORIENTED_EDGE('',*,*,#2721,.T.);
#3879=ORIENTED_EDGE('',*,*,#2722,.F.);
#3880=ORIENTED_EDGE('',*,*,#2723,.F.);
#3881=ORIENTED_EDGE('',*,*,#2721,.F.);
#3882=ORIENTED_EDGE('',*,*,#2724,.F.);
#3883=ORIENTED_EDGE('',*,*,#2725,.F.);
#3884=ORIENTED_EDGE('',*,*,#2726,.T.);
#3885=ORIENTED_EDGE('',*,*,#2727,.F.);
#3886=ORIENTED_EDGE('',*,*,#2728,.F.);
#3887=ORIENTED_EDGE('',*,*,#2726,.F.);
#3888=ORIENTED_EDGE('',*,*,#2729,.F.);
#3889=ORIENTED_EDGE('',*,*,#2730,.F.);
#3890=ORIENTED_EDGE('',*,*,#2731,.T.);
#3891=ORIENTED_EDGE('',*,*,#2732,.F.);
#3892=ORIENTED_EDGE('',*,*,#2733,.F.);
#3893=ORIENTED_EDGE('',*,*,#2731,.F.);
#3894=ORIENTED_EDGE('',*,*,#2734,.F.);
#3895=ORIENTED_EDGE('',*,*,#2735,.F.);
#3896=ORIENTED_EDGE('',*,*,#2736,.T.);
#3897=ORIENTED_EDGE('',*,*,#2737,.F.);
#3898=ORIENTED_EDGE('',*,*,#2738,.F.);
#3899=ORIENTED_EDGE('',*,*,#2736,.F.);
#3900=ORIENTED_EDGE('',*,*,#2739,.F.);
#3901=ORIENTED_EDGE('',*,*,#2740,.T.);
#3902=ORIENTED_EDGE('',*,*,#2741,.F.);
#3903=ORIENTED_EDGE('',*,*,#2742,.T.);
#3904=ORIENTED_EDGE('',*,*,#2743,.F.);
#3905=ORIENTED_EDGE('',*,*,#2744,.T.);
#3906=ORIENTED_EDGE('',*,*,#2745,.F.);
#3907=ORIENTED_EDGE('',*,*,#2746,.T.);
#3908=ORIENTED_EDGE('',*,*,#2747,.F.);
#3909=ORIENTED_EDGE('',*,*,#2748,.F.);
#3910=ORIENTED_EDGE('',*,*,#2749,.F.);
#3911=ORIENTED_EDGE('',*,*,#2750,.T.);
#3912=ORIENTED_EDGE('',*,*,#2751,.F.);
#3913=ORIENTED_EDGE('',*,*,#2752,.T.);
#3914=ORIENTED_EDGE('',*,*,#2753,.F.);
#3915=ORIENTED_EDGE('',*,*,#2754,.T.);
#3916=ORIENTED_EDGE('',*,*,#2755,.F.);
#3917=ORIENTED_EDGE('',*,*,#2756,.T.);
#3918=ORIENTED_EDGE('',*,*,#2757,.F.);
#3919=ORIENTED_EDGE('',*,*,#2758,.T.);
#3920=ORIENTED_EDGE('',*,*,#2759,.F.);
#3921=ORIENTED_EDGE('',*,*,#2760,.T.);
#3922=ORIENTED_EDGE('',*,*,#2761,.F.);
#3923=ORIENTED_EDGE('',*,*,#2762,.T.);
#3924=ORIENTED_EDGE('',*,*,#2763,.F.);
#3925=ORIENTED_EDGE('',*,*,#2764,.T.);
#3926=ORIENTED_EDGE('',*,*,#2765,.F.);
#3927=ORIENTED_EDGE('',*,*,#2762,.F.);
#3928=ORIENTED_EDGE('',*,*,#2766,.F.);
#3929=ORIENTED_EDGE('',*,*,#2760,.F.);
#3930=ORIENTED_EDGE('',*,*,#2767,.F.);
#3931=ORIENTED_EDGE('',*,*,#2768,.T.);
#3932=ORIENTED_EDGE('',*,*,#2769,.T.);
#3933=ORIENTED_EDGE('',*,*,#2770,.T.);
#3934=ORIENTED_EDGE('',*,*,#2771,.F.);
#3935=ORIENTED_EDGE('',*,*,#2772,.F.);
#3936=ORIENTED_EDGE('',*,*,#2770,.F.);
#3937=ORIENTED_EDGE('',*,*,#2773,.T.);
#3938=ORIENTED_EDGE('',*,*,#2774,.T.);
#3939=ORIENTED_EDGE('',*,*,#2775,.T.);
#3940=ORIENTED_EDGE('',*,*,#2720,.T.);
#3941=ORIENTED_EDGE('',*,*,#2719,.T.);
#3942=ORIENTED_EDGE('',*,*,#2775,.F.);
#3943=ORIENTED_EDGE('',*,*,#2776,.T.);
#3944=ORIENTED_EDGE('',*,*,#2777,.F.);
#3945=ORIENTED_EDGE('',*,*,#2778,.F.);
#3946=ORIENTED_EDGE('',*,*,#2779,.T.);
#3947=ORIENTED_EDGE('',*,*,#2730,.T.);
#3948=ORIENTED_EDGE('',*,*,#2729,.T.);
#3949=ORIENTED_EDGE('',*,*,#2779,.F.);
#3950=ORIENTED_EDGE('',*,*,#2780,.F.);
#3951=ORIENTED_EDGE('',*,*,#2781,.F.);
#3952=ORIENTED_EDGE('',*,*,#2782,.T.);
#3953=ORIENTED_EDGE('',*,*,#2735,.T.);
#3954=ORIENTED_EDGE('',*,*,#2734,.T.);
#3955=ORIENTED_EDGE('',*,*,#2782,.F.);
#3956=ORIENTED_EDGE('',*,*,#2783,.F.);
#3957=ORIENTED_EDGE('',*,*,#2784,.F.);
#3958=ORIENTED_EDGE('',*,*,#2785,.T.);
#3959=ORIENTED_EDGE('',*,*,#2725,.T.);
#3960=ORIENTED_EDGE('',*,*,#2724,.T.);
#3961=ORIENTED_EDGE('',*,*,#2785,.F.);
#3962=ORIENTED_EDGE('',*,*,#2786,.F.);
#3963=ORIENTED_EDGE('',*,*,#2787,.T.);
#3964=ORIENTED_EDGE('',*,*,#2739,.T.);
#3965=ORIENTED_EDGE('',*,*,#2788,.F.);
#3966=ORIENTED_EDGE('',*,*,#2789,.F.);
#3967=ORIENTED_EDGE('',*,*,#2790,.T.);
#3968=ORIENTED_EDGE('',*,*,#2755,.T.);
#3969=ORIENTED_EDGE('',*,*,#2791,.T.);
#3970=ORIENTED_EDGE('',*,*,#2792,.F.);
#3971=ORIENTED_EDGE('',*,*,#2793,.F.);
#3972=ORIENTED_EDGE('',*,*,#2794,.T.);
#3973=ORIENTED_EDGE('',*,*,#2795,.F.);
#3974=ORIENTED_EDGE('',*,*,#2796,.F.);
#3975=ORIENTED_EDGE('',*,*,#2797,.T.);
#3976=ORIENTED_EDGE('',*,*,#2747,.T.);
#3977=ORIENTED_EDGE('',*,*,#2798,.F.);
#3978=ORIENTED_EDGE('',*,*,#2799,.F.);
#3979=ORIENTED_EDGE('',*,*,#2800,.T.);
#3980=ORIENTED_EDGE('',*,*,#2743,.T.);
#3981=ORIENTED_EDGE('',*,*,#2801,.F.);
#3982=ORIENTED_EDGE('',*,*,#2802,.F.);
#3983=ORIENTED_EDGE('',*,*,#2803,.T.);
#3984=ORIENTED_EDGE('',*,*,#2751,.T.);
#3985=ORIENTED_EDGE('',*,*,#2804,.T.);
#3986=ORIENTED_EDGE('',*,*,#2805,.F.);
#3987=ORIENTED_EDGE('',*,*,#2806,.T.);
#3988=ORIENTED_EDGE('',*,*,#2766,.T.);
#3989=ORIENTED_EDGE('',*,*,#2807,.F.);
#3990=ORIENTED_EDGE('',*,*,#2808,.F.);
#3991=ORIENTED_EDGE('',*,*,#2809,.T.);
#3992=ORIENTED_EDGE('',*,*,#2763,.T.);
#3993=ORIENTED_EDGE('',*,*,#2810,.T.);
#3994=ORIENTED_EDGE('',*,*,#2811,.F.);
#3995=ORIENTED_EDGE('',*,*,#2812,.F.);
#3996=ORIENTED_EDGE('',*,*,#2813,.T.);
#3997=ORIENTED_EDGE('',*,*,#2814,.F.);
#3998=ORIENTED_EDGE('',*,*,#2815,.F.);
#3999=ORIENTED_EDGE('',*,*,#2813,.F.);
#4000=ORIENTED_EDGE('',*,*,#2816,.F.);
#4001=ORIENTED_EDGE('',*,*,#2817,.F.);
#4002=ORIENTED_EDGE('',*,*,#2818,.T.);
#4003=ORIENTED_EDGE('',*,*,#2819,.F.);
#4004=ORIENTED_EDGE('',*,*,#2820,.F.);
#4005=ORIENTED_EDGE('',*,*,#2818,.F.);
#4006=ORIENTED_EDGE('',*,*,#2821,.F.);
#4007=ORIENTED_EDGE('',*,*,#2822,.F.);
#4008=ORIENTED_EDGE('',*,*,#2823,.T.);
#4009=ORIENTED_EDGE('',*,*,#2824,.F.);
#4010=ORIENTED_EDGE('',*,*,#2825,.F.);
#4011=ORIENTED_EDGE('',*,*,#2823,.F.);
#4012=ORIENTED_EDGE('',*,*,#2769,.F.);
#4013=ORIENTED_EDGE('',*,*,#2826,.T.);
#4014=ORIENTED_EDGE('',*,*,#2827,.T.);
#4015=ORIENTED_EDGE('',*,*,#2828,.T.);
#4016=ORIENTED_EDGE('',*,*,#2826,.F.);
#4017=ORIENTED_EDGE('',*,*,#2773,.F.);
#4018=ORIENTED_EDGE('',*,*,#2829,.F.);
#4019=ORIENTED_EDGE('',*,*,#2830,.F.);
#4020=ORIENTED_EDGE('',*,*,#2831,.T.);
#4021=ORIENTED_EDGE('',*,*,#2812,.T.);
#4022=ORIENTED_EDGE('',*,*,#2811,.T.);
#4023=ORIENTED_EDGE('',*,*,#2831,.F.);
#4024=ORIENTED_EDGE('',*,*,#2832,.F.);
#4025=ORIENTED_EDGE('',*,*,#2833,.F.);
#4026=ORIENTED_EDGE('',*,*,#2834,.T.);
#4027=ORIENTED_EDGE('',*,*,#2817,.T.);
#4028=ORIENTED_EDGE('',*,*,#2816,.T.);
#4029=ORIENTED_EDGE('',*,*,#2834,.F.);
#4030=ORIENTED_EDGE('',*,*,#2835,.F.);
#4031=ORIENTED_EDGE('',*,*,#2836,.F.);
#4032=ORIENTED_EDGE('',*,*,#2837,.T.);
#4033=ORIENTED_EDGE('',*,*,#2822,.T.);
#4034=ORIENTED_EDGE('',*,*,#2821,.T.);
#4035=ORIENTED_EDGE('',*,*,#2837,.F.);
#4036=ORIENTED_EDGE('',*,*,#2838,.T.);
#4037=ORIENTED_EDGE('',*,*,#2839,.T.);
#4038=ORIENTED_EDGE('',*,*,#2840,.F.);
#4039=ORIENTED_EDGE('',*,*,#2841,.F.);
#4040=ORIENTED_EDGE('',*,*,#2839,.F.);
#4041=ORIENTED_EDGE('',*,*,#2842,.T.);
#4042=ORIENTED_EDGE('',*,*,#2843,.F.);
#4043=ORIENTED_EDGE('',*,*,#2844,.F.);
#4044=ORIENTED_EDGE('',*,*,#2845,.T.);
#4045=ORIENTED_EDGE('',*,*,#2846,.T.);
#4046=ORIENTED_EDGE('',*,*,#2847,.T.);
#4047=ORIENTED_EDGE('',*,*,#2845,.F.);
#4048=ORIENTED_EDGE('',*,*,#2848,.F.);
#4049=ORIENTED_EDGE('',*,*,#2849,.F.);
#4050=ORIENTED_EDGE('',*,*,#2850,.T.);
#4051=ORIENTED_EDGE('',*,*,#2833,.T.);
#4052=ORIENTED_EDGE('',*,*,#2832,.T.);
#4053=ORIENTED_EDGE('',*,*,#2850,.F.);
#4054=ORIENTED_EDGE('',*,*,#2851,.F.);
#4055=ORIENTED_EDGE('',*,*,#2852,.F.);
#4056=ORIENTED_EDGE('',*,*,#2853,.T.);
#4057=ORIENTED_EDGE('',*,*,#2830,.T.);
#4058=ORIENTED_EDGE('',*,*,#2829,.T.);
#4059=ORIENTED_EDGE('',*,*,#2853,.F.);
#4060=ORIENTED_EDGE('',*,*,#2854,.F.);
#4061=ORIENTED_EDGE('',*,*,#2855,.F.);
#4062=ORIENTED_EDGE('',*,*,#2856,.T.);
#4063=ORIENTED_EDGE('',*,*,#2836,.T.);
#4064=ORIENTED_EDGE('',*,*,#2835,.T.);
#4065=ORIENTED_EDGE('',*,*,#2856,.F.);
#4066=ORIENTED_EDGE('',*,*,#2771,.T.);
#4067=ORIENTED_EDGE('',*,*,#2772,.T.);
#4068=ORIENTED_EDGE('',*,*,#2814,.T.);
#4069=ORIENTED_EDGE('',*,*,#2815,.T.);
#4070=ORIENTED_EDGE('',*,*,#2819,.T.);
#4071=ORIENTED_EDGE('',*,*,#2820,.T.);
#4072=ORIENTED_EDGE('',*,*,#2824,.T.);
#4073=ORIENTED_EDGE('',*,*,#2825,.T.);
#4074=ORIENTED_EDGE('',*,*,#2722,.T.);
#4075=ORIENTED_EDGE('',*,*,#2723,.T.);
#4076=ORIENTED_EDGE('',*,*,#2737,.T.);
#4077=ORIENTED_EDGE('',*,*,#2738,.T.);
#4078=ORIENTED_EDGE('',*,*,#2732,.T.);
#4079=ORIENTED_EDGE('',*,*,#2733,.T.);
#4080=ORIENTED_EDGE('',*,*,#2727,.T.);
#4081=ORIENTED_EDGE('',*,*,#2728,.T.);
#4082=ORIENTED_EDGE('',*,*,#2857,.T.);
#4083=ORIENTED_EDGE('',*,*,#2757,.T.);
#4084=ORIENTED_EDGE('',*,*,#2858,.T.);
#4085=ORIENTED_EDGE('',*,*,#2859,.T.);
#4086=ORIENTED_EDGE('',*,*,#2860,.T.);
#4087=ORIENTED_EDGE('',*,*,#2753,.T.);
#4088=ORIENTED_EDGE('',*,*,#2861,.T.);
#4089=ORIENTED_EDGE('',*,*,#2862,.T.);
#4090=ORIENTED_EDGE('',*,*,#2749,.T.);
#4091=ORIENTED_EDGE('',*,*,#2863,.T.);
#4092=ORIENTED_EDGE('',*,*,#2864,.T.);
#4093=ORIENTED_EDGE('',*,*,#2865,.T.);
#4094=ORIENTED_EDGE('',*,*,#2866,.T.);
#4095=ORIENTED_EDGE('',*,*,#2745,.T.);
#4096=ORIENTED_EDGE('',*,*,#2867,.T.);
#4097=ORIENTED_EDGE('',*,*,#2868,.T.);
#4098=ORIENTED_EDGE('',*,*,#2869,.T.);
#4099=ORIENTED_EDGE('',*,*,#2741,.T.);
#4100=ORIENTED_EDGE('',*,*,#2870,.T.);
#4101=ORIENTED_EDGE('',*,*,#2871,.T.);
#4102=ORIENTED_EDGE('',*,*,#2767,.T.);
#4103=ORIENTED_EDGE('',*,*,#2759,.T.);
#4104=ORIENTED_EDGE('',*,*,#2765,.T.);
#4105=ORIENTED_EDGE('',*,*,#2872,.T.);
#4106=ORIENTED_EDGE('',*,*,#2873,.F.);
#4107=ORIENTED_EDGE('',*,*,#2874,.T.);
#4108=ORIENTED_EDGE('',*,*,#2787,.F.);
#4109=ORIENTED_EDGE('',*,*,#2875,.F.);
#4110=ORIENTED_EDGE('',*,*,#2788,.T.);
#4111=ORIENTED_EDGE('',*,*,#2876,.T.);
#4112=ORIENTED_EDGE('',*,*,#2877,.F.);
#4113=ORIENTED_EDGE('',*,*,#2878,.F.);
#4114=ORIENTED_EDGE('',*,*,#2877,.T.);
#4115=ORIENTED_EDGE('',*,*,#2879,.T.);
#4116=ORIENTED_EDGE('',*,*,#2873,.T.);
#4117=ORIENTED_EDGE('',*,*,#2880,.F.);
#4118=ORIENTED_EDGE('',*,*,#2791,.F.);
#4119=ORIENTED_EDGE('',*,*,#2881,.T.);
#4120=ORIENTED_EDGE('',*,*,#2882,.F.);
#4121=ORIENTED_EDGE('',*,*,#2883,.F.);
#4122=ORIENTED_EDGE('',*,*,#2882,.T.);
#4123=ORIENTED_EDGE('',*,*,#2884,.T.);
#4124=ORIENTED_EDGE('',*,*,#2885,.F.);
#4125=ORIENTED_EDGE('',*,*,#2886,.F.);
#4126=ORIENTED_EDGE('',*,*,#2885,.T.);
#4127=ORIENTED_EDGE('',*,*,#2887,.T.);
#4128=ORIENTED_EDGE('',*,*,#2790,.F.);
#4129=ORIENTED_EDGE('',*,*,#2888,.F.);
#4130=ORIENTED_EDGE('',*,*,#2795,.T.);
#4131=ORIENTED_EDGE('',*,*,#2889,.T.);
#4132=ORIENTED_EDGE('',*,*,#2797,.F.);
#4133=ORIENTED_EDGE('',*,*,#2890,.F.);
#4134=ORIENTED_EDGE('',*,*,#2798,.T.);
#4135=ORIENTED_EDGE('',*,*,#2891,.T.);
#4136=ORIENTED_EDGE('',*,*,#2793,.T.);
#4137=ORIENTED_EDGE('',*,*,#2892,.F.);
#4138=ORIENTED_EDGE('',*,*,#2893,.F.);
#4139=ORIENTED_EDGE('',*,*,#2894,.T.);
#4140=ORIENTED_EDGE('',*,*,#2800,.F.);
#4141=ORIENTED_EDGE('',*,*,#2895,.F.);
#4142=ORIENTED_EDGE('',*,*,#2801,.T.);
#4143=ORIENTED_EDGE('',*,*,#2896,.T.);
#4144=ORIENTED_EDGE('',*,*,#2897,.F.);
#4145=ORIENTED_EDGE('',*,*,#2898,.F.);
#4146=ORIENTED_EDGE('',*,*,#2897,.T.);
#4147=ORIENTED_EDGE('',*,*,#2899,.T.);
#4148=ORIENTED_EDGE('',*,*,#2893,.T.);
#4149=ORIENTED_EDGE('',*,*,#2900,.F.);
#4150=ORIENTED_EDGE('',*,*,#2804,.F.);
#4151=ORIENTED_EDGE('',*,*,#2901,.T.);
#4152=ORIENTED_EDGE('',*,*,#2902,.F.);
#4153=ORIENTED_EDGE('',*,*,#2903,.F.);
#4154=ORIENTED_EDGE('',*,*,#2902,.T.);
#4155=ORIENTED_EDGE('',*,*,#2904,.T.);
#4156=ORIENTED_EDGE('',*,*,#2905,.F.);
#4157=ORIENTED_EDGE('',*,*,#2906,.F.);
#4158=ORIENTED_EDGE('',*,*,#2905,.T.);
#4159=ORIENTED_EDGE('',*,*,#2907,.T.);
#4160=ORIENTED_EDGE('',*,*,#2803,.F.);
#4161=ORIENTED_EDGE('',*,*,#2908,.F.);
#4162=ORIENTED_EDGE('',*,*,#2810,.F.);
#4163=ORIENTED_EDGE('',*,*,#2761,.T.);
#4164=ORIENTED_EDGE('',*,*,#2806,.F.);
#4165=ORIENTED_EDGE('',*,*,#2909,.F.);
#4166=ORIENTED_EDGE('',*,*,#2807,.T.);
#4167=ORIENTED_EDGE('',*,*,#2910,.T.);
#4168=ORIENTED_EDGE('',*,*,#2809,.F.);
#4169=ORIENTED_EDGE('',*,*,#2911,.F.);
#4170=ORIENTED_EDGE('',*,*,#2840,.T.);
#4171=ORIENTED_EDGE('',*,*,#2841,.T.);
#4172=ORIENTED_EDGE('',*,*,#2774,.F.);
#4173=ORIENTED_EDGE('',*,*,#2776,.F.);
#4174=ORIENTED_EDGE('',*,*,#2828,.F.);
#4175=ORIENTED_EDGE('',*,*,#2827,.F.);
#4176=ORIENTED_EDGE('',*,*,#2848,.T.);
#4177=ORIENTED_EDGE('',*,*,#2849,.T.);
#4178=ORIENTED_EDGE('',*,*,#2851,.T.);
#4179=ORIENTED_EDGE('',*,*,#2852,.T.);
#4180=ORIENTED_EDGE('',*,*,#2854,.T.);
#4181=ORIENTED_EDGE('',*,*,#2855,.T.);
#4182=ORIENTED_EDGE('',*,*,#2777,.T.);
#4183=ORIENTED_EDGE('',*,*,#2778,.T.);
#4184=ORIENTED_EDGE('',*,*,#2780,.T.);
#4185=ORIENTED_EDGE('',*,*,#2781,.T.);
#4186=ORIENTED_EDGE('',*,*,#2783,.T.);
#4187=ORIENTED_EDGE('',*,*,#2784,.T.);
#4188=ORIENTED_EDGE('',*,*,#2843,.T.);
#4189=ORIENTED_EDGE('',*,*,#2844,.T.);
#4190=ORIENTED_EDGE('',*,*,#2878,.T.);
#4191=ORIENTED_EDGE('',*,*,#2880,.T.);
#4192=ORIENTED_EDGE('',*,*,#2875,.T.);
#4193=ORIENTED_EDGE('',*,*,#2786,.T.);
#4194=ORIENTED_EDGE('',*,*,#2888,.T.);
#4195=ORIENTED_EDGE('',*,*,#2789,.T.);
#4196=ORIENTED_EDGE('',*,*,#2883,.T.);
#4197=ORIENTED_EDGE('',*,*,#2886,.T.);
#4198=ORIENTED_EDGE('',*,*,#2796,.T.);
#4199=ORIENTED_EDGE('',*,*,#2892,.T.);
#4200=ORIENTED_EDGE('',*,*,#2792,.T.);
#4201=ORIENTED_EDGE('',*,*,#2890,.T.);
#4202=ORIENTED_EDGE('',*,*,#2898,.T.);
#4203=ORIENTED_EDGE('',*,*,#2900,.T.);
#4204=ORIENTED_EDGE('',*,*,#2895,.T.);
#4205=ORIENTED_EDGE('',*,*,#2799,.T.);
#4206=ORIENTED_EDGE('',*,*,#2908,.T.);
#4207=ORIENTED_EDGE('',*,*,#2802,.T.);
#4208=ORIENTED_EDGE('',*,*,#2903,.T.);
#4209=ORIENTED_EDGE('',*,*,#2906,.T.);
#4210=ORIENTED_EDGE('',*,*,#2911,.T.);
#4211=ORIENTED_EDGE('',*,*,#2808,.T.);
#4212=ORIENTED_EDGE('',*,*,#2909,.T.);
#4213=ORIENTED_EDGE('',*,*,#2805,.T.);
#4214=ORIENTED_EDGE('',*,*,#2847,.F.);
#4215=ORIENTED_EDGE('',*,*,#2846,.F.);
#4216=ORIENTED_EDGE('',*,*,#2838,.F.);
#4217=ORIENTED_EDGE('',*,*,#2842,.F.);
#4218=ORIENTED_EDGE('',*,*,#2764,.F.);
#4219=ORIENTED_EDGE('',*,*,#2910,.F.);
#4220=ORIENTED_EDGE('',*,*,#2768,.F.);
#4221=ORIENTED_EDGE('',*,*,#2872,.F.);
#4222=ORIENTED_EDGE('',*,*,#2912,.F.);
#4223=ORIENTED_EDGE('',*,*,#2884,.F.);
#4224=ORIENTED_EDGE('',*,*,#2913,.F.);
#4225=ORIENTED_EDGE('',*,*,#2859,.F.);
#4226=ORIENTED_EDGE('',*,*,#2913,.T.);
#4227=ORIENTED_EDGE('',*,*,#2881,.F.);
#4228=ORIENTED_EDGE('',*,*,#2758,.F.);
#4229=ORIENTED_EDGE('',*,*,#2857,.F.);
#4230=ORIENTED_EDGE('',*,*,#2912,.T.);
#4231=ORIENTED_EDGE('',*,*,#2858,.F.);
#4232=ORIENTED_EDGE('',*,*,#2756,.F.);
#4233=ORIENTED_EDGE('',*,*,#2887,.F.);
#4234=ORIENTED_EDGE('',*,*,#2914,.F.);
#4235=ORIENTED_EDGE('',*,*,#2904,.F.);
#4236=ORIENTED_EDGE('',*,*,#2915,.F.);
#4237=ORIENTED_EDGE('',*,*,#2862,.F.);
#4238=ORIENTED_EDGE('',*,*,#2915,.T.);
#4239=ORIENTED_EDGE('',*,*,#2901,.F.);
#4240=ORIENTED_EDGE('',*,*,#2754,.F.);
#4241=ORIENTED_EDGE('',*,*,#2860,.F.);
#4242=ORIENTED_EDGE('',*,*,#2914,.T.);
#4243=ORIENTED_EDGE('',*,*,#2861,.F.);
#4244=ORIENTED_EDGE('',*,*,#2752,.F.);
#4245=ORIENTED_EDGE('',*,*,#2907,.F.);
#4246=ORIENTED_EDGE('',*,*,#2916,.F.);
#4247=ORIENTED_EDGE('',*,*,#2891,.F.);
#4248=ORIENTED_EDGE('',*,*,#2750,.F.);
#4249=ORIENTED_EDGE('',*,*,#2865,.F.);
#4250=ORIENTED_EDGE('',*,*,#2916,.T.);
#4251=ORIENTED_EDGE('',*,*,#2864,.F.);
#4252=ORIENTED_EDGE('',*,*,#2917,.F.);
#4253=ORIENTED_EDGE('',*,*,#2794,.F.);
#4254=ORIENTED_EDGE('',*,*,#2748,.T.);
#4255=ORIENTED_EDGE('',*,*,#2889,.F.);
#4256=ORIENTED_EDGE('',*,*,#2917,.T.);
#4257=ORIENTED_EDGE('',*,*,#2863,.F.);
#4258=ORIENTED_EDGE('',*,*,#2918,.F.);
#4259=ORIENTED_EDGE('',*,*,#2899,.F.);
#4260=ORIENTED_EDGE('',*,*,#2919,.F.);
#4261=ORIENTED_EDGE('',*,*,#2868,.F.);
#4262=ORIENTED_EDGE('',*,*,#2919,.T.);
#4263=ORIENTED_EDGE('',*,*,#2896,.F.);
#4264=ORIENTED_EDGE('',*,*,#2746,.F.);
#4265=ORIENTED_EDGE('',*,*,#2866,.F.);
#4266=ORIENTED_EDGE('',*,*,#2918,.T.);
#4267=ORIENTED_EDGE('',*,*,#2867,.F.);
#4268=ORIENTED_EDGE('',*,*,#2744,.F.);
#4269=ORIENTED_EDGE('',*,*,#2894,.F.);
#4270=ORIENTED_EDGE('',*,*,#2920,.F.);
#4271=ORIENTED_EDGE('',*,*,#2879,.F.);
#4272=ORIENTED_EDGE('',*,*,#2921,.F.);
#4273=ORIENTED_EDGE('',*,*,#2871,.F.);
#4274=ORIENTED_EDGE('',*,*,#2921,.T.);
#4275=ORIENTED_EDGE('',*,*,#2876,.F.);
#4276=ORIENTED_EDGE('',*,*,#2742,.F.);
#4277=ORIENTED_EDGE('',*,*,#2869,.F.);
#4278=ORIENTED_EDGE('',*,*,#2920,.T.);
#4279=ORIENTED_EDGE('',*,*,#2870,.F.);
#4280=ORIENTED_EDGE('',*,*,#2740,.F.);
#4281=ORIENTED_EDGE('',*,*,#2874,.F.);
#4282=CONICAL_SURFACE('',#4657,18.25,0.785398163397451);
#4283=CONICAL_SURFACE('',#4711,4.49999959977214,0.78539816339745);
#4284=CONICAL_SURFACE('',#4925,26.5000000000001,0.785398163397448);
#4285=CONICAL_SURFACE('',#4967,26.5000000000001,0.785398163397448);
#4286=CONICAL_SURFACE('',#4988,7.69999999999993,0.7853981633976);
#4287=CONICAL_SURFACE('',#5051,19.8000000000001,0.785398163397214);
#4288=CONICAL_SURFACE('',#5070,1.99999999985494,0.785398163365869);
#4289=CONICAL_SURFACE('',#5073,1.99999999987994,0.785398163365869);
#4290=CONICAL_SURFACE('',#5122,20.,0.785398163397544);
#4291=CONICAL_SURFACE('',#5126,18.9000000000001,0.785398163397309);
#4292=CONICAL_SURFACE('',#5131,1.55000000000005,0.78539816339758);
#4293=CONICAL_SURFACE('',#5136,1.55000000000005,0.785398163397302);
#4294=CONICAL_SURFACE('',#5141,1.54999999999999,0.785398163397696);
#4295=CONICAL_SURFACE('',#5146,1.44999938669093,0.78539816339768);
#4296=CONICAL_SURFACE('',#5149,1.44999938669104,0.785398163397404);
#4297=CONICAL_SURFACE('',#5152,25.1999988187209,0.785398163397474);
#4298=CONICAL_SURFACE('',#5155,1.44999938669107,0.785398163397546);
#4299=CONICAL_SURFACE('',#5158,1.44999938669106,0.785398163397546);
#4300=CONICAL_SURFACE('',#5161,22.3000000453392,0.785398163397309);
#4301=CONICAL_SURFACE('',#5164,1.44999938669108,0.785398163397308);
#4302=CONICAL_SURFACE('',#5167,1.44999938669102,0.785398163397344);
#4303=CONICAL_SURFACE('',#5170,26.5000000000001,0.785398163397448);
#4304=CONICAL_SURFACE('',#5222,1.99999999988254,0.785398163397448);
#4305=CONICAL_SURFACE('',#5225,1.99999999991018,0.785398163397448);
#4306=CONICAL_SURFACE('',#5228,1.99999999988243,0.785398163397448);
#4307=CONICAL_SURFACE('',#5323,25.199998818721,0.785398163397309);
#4308=CONICAL_SURFACE('',#5324,1.44999938669101,0.785398163397599);
#4309=CONICAL_SURFACE('',#5325,22.3000000453391,0.785398163397769);
#4310=CONICAL_SURFACE('',#5326,25.199998818721,0.785398163397665);
#4311=CONICAL_SURFACE('',#5327,1.44999938669102,0.78539816339762);
#4312=CONICAL_SURFACE('',#5328,22.3000000453392,0.785398163397483);
#4313=CONICAL_SURFACE('',#5329,25.199998818721,0.78539816339763);
#4314=CONICAL_SURFACE('',#5330,1.44999938669103,0.785398163397455);
#4315=CONICAL_SURFACE('',#5331,22.3000000453392,0.785398163397474);
#4316=CONICAL_SURFACE('',#5332,1.44999938669097,0.785398163397505);
#4317=CONICAL_SURFACE('',#5333,1.44999938669114,0.785398163397462);
#4318=CONICAL_SURFACE('',#5334,25.199998818721,0.785398163397284);
#4319=CONICAL_SURFACE('',#5335,22.3000000453391,0.785398163397457);
#4320=CONICAL_SURFACE('',#5336,1.44999938669098,0.785398163397599);
#4321=CONICAL_SURFACE('',#5337,25.1999988187209,0.785398163397613);
#4322=CONICAL_SURFACE('',#5338,22.3000000453393,0.785398163397578);
#4323=ADVANCED_FACE('',(#302),#4282,.T.);
#4324=ADVANCED_FACE('',(#303,#186,#187,#188,#189,#190,#191,#192),#235,.T.);
#4325=ADVANCED_FACE('',(#304),#43,.T.);
#4326=ADVANCED_FACE('',(#305),#41,.T.);
#4327=ADVANCED_FACE('',(#306),#44,.T.);
#4328=ADVANCED_FACE('',(#307,#193),#236,.T.);
#4329=ADVANCED_FACE('',(#308),#4283,.F.);
#4330=ADVANCED_FACE('',(#309),#45,.F.);
#4331=ADVANCED_FACE('',(#310),#237,.T.);
#4332=ADVANCED_FACE('',(#311),#46,.F.);
#4333=ADVANCED_FACE('',(#312),#238,.T.);
#4334=ADVANCED_FACE('',(#313),#47,.F.);
#4335=ADVANCED_FACE('',(#314),#239,.T.);
#4336=ADVANCED_FACE('',(#315),#48,.F.);
#4337=ADVANCED_FACE('',(#316),#240,.T.);
#4338=ADVANCED_FACE('',(#317),#241,.T.);
#4339=ADVANCED_FACE('',(#318),#242,.T.);
#4340=ADVANCED_FACE('',(#319),#243,.T.);
#4341=ADVANCED_FACE('',(#320),#49,.F.);
#4342=ADVANCED_FACE('',(#321),#50,.T.);
#4343=ADVANCED_FACE('',(#322),#51,.F.);
#4344=ADVANCED_FACE('',(#323),#52,.F.);
#4345=ADVANCED_FACE('',(#324),#53,.F.);
#4346=ADVANCED_FACE('',(#325),#54,.T.);
#4347=ADVANCED_FACE('',(#326),#55,.F.);
#4348=ADVANCED_FACE('',(#327),#56,.T.);
#4349=ADVANCED_FACE('',(#328),#57,.F.);
#4350=ADVANCED_FACE('',(#329),#58,.F.);
#4351=ADVANCED_FACE('',(#330),#244,.F.);
#4352=ADVANCED_FACE('',(#331),#59,.F.);
#4353=ADVANCED_FACE('',(#332),#60,.T.);
#4354=ADVANCED_FACE('',(#333),#61,.F.);
#4355=ADVANCED_FACE('',(#334),#62,.F.);
#4356=ADVANCED_FACE('',(#335),#63,.F.);
#4357=ADVANCED_FACE('',(#336),#64,.T.);
#4358=ADVANCED_FACE('',(#337),#65,.T.);
#4359=ADVANCED_FACE('',(#338),#245,.T.);
#4360=ADVANCED_FACE('',(#339),#66,.F.);
#4361=ADVANCED_FACE('',(#340),#67,.F.);
#4362=ADVANCED_FACE('',(#341),#68,.T.);
#4363=ADVANCED_FACE('',(#342),#69,.F.);
#4364=ADVANCED_FACE('',(#343),#246,.F.);
#4365=ADVANCED_FACE('',(#344),#70,.F.);
#4366=ADVANCED_FACE('',(#345),#71,.T.);
#4367=ADVANCED_FACE('',(#346),#247,.T.);
#4368=ADVANCED_FACE('',(#347),#248,.F.);
#4369=ADVANCED_FACE('',(#348),#72,.F.);
#4370=ADVANCED_FACE('',(#349),#73,.T.);
#4371=ADVANCED_FACE('',(#350),#74,.F.);
#4372=ADVANCED_FACE('',(#351),#75,.T.);
#4373=ADVANCED_FACE('',(#352),#76,.F.);
#4374=ADVANCED_FACE('',(#353),#77,.F.);
#4375=ADVANCED_FACE('',(#354),#78,.F.);
#4376=ADVANCED_FACE('',(#355),#79,.T.);
#4377=ADVANCED_FACE('',(#356),#80,.F.);
#4378=ADVANCED_FACE('',(#357),#249,.T.);
#4379=ADVANCED_FACE('',(#358),#81,.F.);
#4380=ADVANCED_FACE('',(#359),#250,.F.);
#4381=ADVANCED_FACE('',(#360),#82,.F.);
#4382=ADVANCED_FACE('',(#361),#83,.F.);
#4383=ADVANCED_FACE('',(#362),#84,.F.);
#4384=ADVANCED_FACE('',(#363),#85,.T.);
#4385=ADVANCED_FACE('',(#364),#251,.T.);
#4386=ADVANCED_FACE('',(#365),#86,.F.);
#4387=ADVANCED_FACE('',(#366),#252,.F.);
#4388=ADVANCED_FACE('',(#367),#87,.F.);
#4389=ADVANCED_FACE('',(#368),#88,.T.);
#4390=ADVANCED_FACE('',(#369),#89,.F.);
#4391=ADVANCED_FACE('',(#370),#90,.F.);
#4392=ADVANCED_FACE('',(#371),#91,.T.);
#4393=ADVANCED_FACE('',(#372),#92,.F.);
#4394=ADVANCED_FACE('',(#373),#253,.T.);
#4395=ADVANCED_FACE('',(#374),#93,.F.);
#4396=ADVANCED_FACE('',(#375),#94,.T.);
#4397=ADVANCED_FACE('',(#376),#95,.F.);
#4398=ADVANCED_FACE('',(#377),#96,.F.);
#4399=ADVANCED_FACE('',(#378),#254,.F.);
#4400=ADVANCED_FACE('',(#379),#255,.T.);
#4401=ADVANCED_FACE('',(#380),#256,.T.);
#4402=ADVANCED_FACE('',(#381),#257,.T.);
#4403=ADVANCED_FACE('',(#382),#258,.T.);
#4404=ADVANCED_FACE('',(#383),#259,.T.);
#4405=ADVANCED_FACE('',(#384,#194),#260,.T.);
#4406=ADVANCED_FACE('',(#385),#261,.T.);
#4407=ADVANCED_FACE('',(#386),#97,.F.);
#4408=ADVANCED_FACE('',(#387),#262,.F.);
#4409=ADVANCED_FACE('',(#388),#98,.T.);
#4410=ADVANCED_FACE('',(#389,#195,#196,#197),#263,.T.);
#4411=ADVANCED_FACE('',(#390),#264,.F.);
#4412=ADVANCED_FACE('',(#391),#99,.T.);
#4413=ADVANCED_FACE('',(#392),#265,.F.);
#4414=ADVANCED_FACE('',(#393,#198,#199,#200),#266,.T.);
#4415=ADVANCED_FACE('',(#394),#100,.T.);
#4416=ADVANCED_FACE('',(#395),#267,.T.);
#4417=ADVANCED_FACE('',(#396),#4284,.T.);
#4418=ADVANCED_FACE('',(#397),#268,.F.);
#4419=ADVANCED_FACE('',(#398),#101,.F.);
#4420=ADVANCED_FACE('',(#399),#102,.T.);
#4421=ADVANCED_FACE('',(#400),#103,.F.);
#4422=ADVANCED_FACE('',(#401),#104,.F.);
#4423=ADVANCED_FACE('',(#402),#105,.F.);
#4424=ADVANCED_FACE('',(#403),#106,.T.);
#4425=ADVANCED_FACE('',(#404),#107,.F.);
#4426=ADVANCED_FACE('',(#405),#269,.F.);
#4427=ADVANCED_FACE('',(#406),#108,.F.);
#4428=ADVANCED_FACE('',(#407),#109,.T.);
#4429=ADVANCED_FACE('',(#408),#110,.F.);
#4430=ADVANCED_FACE('',(#409),#111,.F.);
#4431=ADVANCED_FACE('',(#410),#112,.T.);
#4432=ADVANCED_FACE('',(#411),#113,.F.);
#4433=ADVANCED_FACE('',(#412),#4285,.T.);
#4434=ADVANCED_FACE('',(#413),#114,.T.);
#4435=ADVANCED_FACE('',(#414),#115,.T.);
#4436=ADVANCED_FACE('',(#415,#201,#202),#270,.T.);
#4437=ADVANCED_FACE('',(#416,#203,#204),#271,.T.);
#4438=ADVANCED_FACE('',(#417),#116,.F.);
#4439=ADVANCED_FACE('',(#418),#272,.F.);
#4440=ADVANCED_FACE('',(#419),#4286,.F.);
#4441=ADVANCED_FACE('',(#420),#117,.F.);
#4442=ADVANCED_FACE('',(#421),#118,.F.);
#4443=ADVANCED_FACE('',(#422),#119,.F.);
#4444=ADVANCED_FACE('',(#423),#120,.F.);
#4445=ADVANCED_FACE('',(#424),#121,.F.);
#4446=ADVANCED_FACE('',(#425),#122,.F.);
#4447=ADVANCED_FACE('',(#426),#123,.F.);
#4448=ADVANCED_FACE('',(#427),#124,.F.);
#4449=ADVANCED_FACE('',(#428),#125,.F.);
#4450=ADVANCED_FACE('',(#429),#126,.F.);
#4451=ADVANCED_FACE('',(#430),#127,.F.);
#4452=ADVANCED_FACE('',(#431,#205),#273,.T.);
#4453=ADVANCED_FACE('',(#432),#128,.F.);
#4454=ADVANCED_FACE('',(#433),#274,.F.);
#4455=ADVANCED_FACE('',(#434),#129,.F.);
#4456=ADVANCED_FACE('',(#435,#206,#207),#275,.T.);
#4457=ADVANCED_FACE('',(#436),#130,.F.);
#4458=ADVANCED_FACE('',(#437),#131,.F.);
#4459=ADVANCED_FACE('',(#438),#132,.F.);
#4460=ADVANCED_FACE('',(#439),#276,.F.);
#4461=ADVANCED_FACE('',(#440),#277,.F.);
#4462=ADVANCED_FACE('',(#441),#278,.F.);
#4463=ADVANCED_FACE('',(#442),#279,.F.);
#4464=ADVANCED_FACE('',(#443),#280,.F.);
#4465=ADVANCED_FACE('',(#444),#281,.F.);
#4466=ADVANCED_FACE('',(#445),#42,.T.);
#4467=ADVANCED_FACE('',(#446),#282,.T.);
#4468=ADVANCED_FACE('',(#447),#133,.F.);
#4469=ADVANCED_FACE('',(#448),#134,.T.);
#4470=ADVANCED_FACE('',(#449,#208),#283,.T.);
#4471=ADVANCED_FACE('',(#450),#4287,.T.);
#4472=ADVANCED_FACE('',(#451),#135,.F.);
#4473=ADVANCED_FACE('',(#452),#136,.F.);
#4474=ADVANCED_FACE('',(#453),#137,.T.);
#4475=ADVANCED_FACE('',(#454),#4288,.F.);
#4476=ADVANCED_FACE('',(#455),#4289,.F.);
#4477=ADVANCED_FACE('',(#456),#138,.F.);
#4478=ADVANCED_FACE('',(#457),#139,.F.);
#4479=ADVANCED_FACE('',(#458),#140,.F.);
#4480=ADVANCED_FACE('',(#459),#141,.F.);
#4481=ADVANCED_FACE('',(#460),#142,.F.);
#4482=ADVANCED_FACE('',(#461),#143,.T.);
#4483=ADVANCED_FACE('',(#462,#209,#210),#284,.T.);
#4484=ADVANCED_FACE('',(#463),#285,.T.);
#4485=ADVANCED_FACE('',(#464),#286,.F.);
#4486=ADVANCED_FACE('',(#465),#287,.F.);
#4487=ADVANCED_FACE('',(#466),#288,.F.);
#4488=ADVANCED_FACE('',(#467,#211),#289,.T.);
#4489=ADVANCED_FACE('',(#468,#212),#290,.T.);
#4490=ADVANCED_FACE('',(#469),#291,.T.);
#4491=ADVANCED_FACE('',(#470),#144,.F.);
#4492=ADVANCED_FACE('',(#471),#145,.F.);
#4493=ADVANCED_FACE('',(#472),#146,.T.);
#4494=ADVANCED_FACE('',(#473),#4290,.T.);
#4495=ADVANCED_FACE('',(#474),#147,.T.);
#4496=ADVANCED_FACE('',(#475),#148,.T.);
#4497=ADVANCED_FACE('',(#476),#4291,.F.);
#4498=ADVANCED_FACE('',(#477),#4292,.F.);
#4499=ADVANCED_FACE('',(#478),#4293,.F.);
#4500=ADVANCED_FACE('',(#479),#4294,.F.);
#4501=ADVANCED_FACE('',(#480),#4295,.F.);
#4502=ADVANCED_FACE('',(#481),#4296,.F.);
#4503=ADVANCED_FACE('',(#482),#4297,.F.);
#4504=ADVANCED_FACE('',(#483),#4298,.F.);
#4505=ADVANCED_FACE('',(#484),#4299,.F.);
#4506=ADVANCED_FACE('',(#485),#4300,.T.);
#4507=ADVANCED_FACE('',(#486),#4301,.F.);
#4508=ADVANCED_FACE('',(#487),#4302,.F.);
#4509=ADVANCED_FACE('',(#488),#4303,.T.);
#4510=ADVANCED_FACE('',(#489),#149,.F.);
#4511=ADVANCED_FACE('',(#490),#150,.F.);
#4512=ADVANCED_FACE('',(#491),#151,.F.);
#4513=ADVANCED_FACE('',(#492),#152,.F.);
#4514=ADVANCED_FACE('',(#493),#153,.F.);
#4515=ADVANCED_FACE('',(#494),#154,.F.);
#4516=ADVANCED_FACE('',(#495),#155,.T.);
#4517=ADVANCED_FACE('',(#496),#156,.F.);
#4518=ADVANCED_FACE('',(#497),#157,.F.);
#4519=ADVANCED_FACE('',(#498),#158,.F.);
#4520=ADVANCED_FACE('',(#499),#159,.F.);
#4521=ADVANCED_FACE('',(#500),#160,.F.);
#4522=ADVANCED_FACE('',(#501),#161,.F.);
#4523=ADVANCED_FACE('',(#502),#162,.F.);
#4524=ADVANCED_FACE('',(#503),#163,.F.);
#4525=ADVANCED_FACE('',(#504),#164,.T.);
#4526=ADVANCED_FACE('',(#505),#4304,.F.);
#4527=ADVANCED_FACE('',(#506),#4305,.F.);
#4528=ADVANCED_FACE('',(#507),#4306,.F.);
#4529=ADVANCED_FACE('',(#508),#165,.F.);
#4530=ADVANCED_FACE('',(#509),#166,.F.);
#4531=ADVANCED_FACE('',(#510),#167,.F.);
#4532=ADVANCED_FACE('',(#511),#168,.F.);
#4533=ADVANCED_FACE('',(#512),#169,.F.);
#4534=ADVANCED_FACE('',(#513,#213,#214,#215,#216,#217,#218,#219,#220,#221,
#222,#223,#224,#225),#292,.T.);
#4535=ADVANCED_FACE('',(#514),#170,.T.);
#4536=ADVANCED_FACE('',(#515),#171,.F.);
#4537=ADVANCED_FACE('',(#516),#172,.F.);
#4538=ADVANCED_FACE('',(#517),#173,.T.);
#4539=ADVANCED_FACE('',(#518),#174,.F.);
#4540=ADVANCED_FACE('',(#519),#175,.F.);
#4541=ADVANCED_FACE('',(#520),#176,.F.);
#4542=ADVANCED_FACE('',(#521),#177,.F.);
#4543=ADVANCED_FACE('',(#522),#178,.T.);
#4544=ADVANCED_FACE('',(#523),#179,.F.);
#4545=ADVANCED_FACE('',(#524),#180,.F.);
#4546=ADVANCED_FACE('',(#525),#181,.T.);
#4547=ADVANCED_FACE('',(#526),#182,.F.);
#4548=ADVANCED_FACE('',(#527),#183,.F.);
#4549=ADVANCED_FACE('',(#528),#184,.T.);
#4550=ADVANCED_FACE('',(#529),#185,.F.);
#4551=ADVANCED_FACE('',(#530,#226),#293,.T.);
#4552=ADVANCED_FACE('',(#531,#227,#228,#229,#230,#231,#232,#233),#294,.T.);
#4553=ADVANCED_FACE('',(#532),#295,.T.);
#4554=ADVANCED_FACE('',(#533),#296,.T.);
#4555=ADVANCED_FACE('',(#534),#297,.T.);
#4556=ADVANCED_FACE('',(#535),#298,.T.);
#4557=ADVANCED_FACE('',(#536),#299,.T.);
#4558=ADVANCED_FACE('',(#537),#300,.T.);
#4559=ADVANCED_FACE('',(#538,#234),#301,.T.);
#4560=ADVANCED_FACE('',(#539),#4307,.F.);
#4561=ADVANCED_FACE('',(#540),#4308,.F.);
#4562=ADVANCED_FACE('',(#541),#4309,.T.);
#4563=ADVANCED_FACE('',(#542),#4310,.F.);
#4564=ADVANCED_FACE('',(#543),#4311,.F.);
#4565=ADVANCED_FACE('',(#544),#4312,.T.);
#4566=ADVANCED_FACE('',(#545),#4313,.F.);
#4567=ADVANCED_FACE('',(#546),#4314,.F.);
#4568=ADVANCED_FACE('',(#547),#4315,.T.);
#4569=ADVANCED_FACE('',(#548),#4316,.F.);
#4570=ADVANCED_FACE('',(#549),#4317,.F.);
#4571=ADVANCED_FACE('',(#550),#4318,.F.);
#4572=ADVANCED_FACE('',(#551),#4319,.T.);
#4573=ADVANCED_FACE('',(#552),#4320,.F.);
#4574=ADVANCED_FACE('',(#553),#4321,.F.);
#4575=ADVANCED_FACE('',(#554),#4322,.T.);
#4576=CLOSED_SHELL('',(#4323,#4324,#4325,#4326,#4327,#4328,#4329,#4330,
#4331,#4332,#4333,#4334,#4335,#4336,#4337,#4338,#4339,#4340,#4341,#4342,
#4343,#4344,#4345,#4346,#4347,#4348,#4349,#4350,#4351,#4352,#4353,#4354,
#4355,#4356,#4357,#4358,#4359,#4360,#4361,#4362,#4363,#4364,#4365,#4366,
#4367,#4368,#4369,#4370,#4371,#4372,#4373,#4374,#4375,#4376,#4377,#4378,
#4379,#4380,#4381,#4382,#4383,#4384,#4385,#4386,#4387,#4388,#4389,#4390,
#4391,#4392,#4393,#4394,#4395,#4396,#4397,#4398,#4399,#4400,#4401,#4402,
#4403,#4404,#4405,#4406,#4407,#4408,#4409,#4410,#4411,#4412,#4413,#4414,
#4415,#4416,#4417,#4418,#4419,#4420,#4421,#4422,#4423,#4424,#4425,#4426,
#4427,#4428,#4429,#4430,#4431,#4432,#4433,#4434,#4435,#4436,#4437,#4438,
#4439,#4440,#4441,#4442,#4443,#4444,#4445,#4446,#4447,#4448,#4449,#4450,
#4451,#4452,#4453,#4454,#4455,#4456,#4457,#4458,#4459,#4460,#4461,#4462,
#4463,#4464,#4465,#4466,#4467,#4468,#4469,#4470));
#4577=CLOSED_SHELL('',(#4471,#4472,#4473,#4474,#4475,#4476,#4477,#4478,
#4479,#4480,#4481,#4482,#4483,#4484,#4485,#4486,#4487,#4488,#4489,#4490,
#4491,#4492,#4493,#4494,#4495,#4496));
#4578=CLOSED_SHELL('',(#4497,#4498,#4499,#4500,#4501,#4502,#4503,#4504,
#4505,#4506,#4507,#4508,#4509,#4510,#4511,#4512,#4513,#4514,#4515,#4516,
#4517,#4518,#4519,#4520,#4521,#4522,#4523,#4524,#4525,#4526,#4527,#4528,
#4529,#4530,#4531,#4532,#4533,#4534,#4535,#4536,#4537,#4538,#4539,#4540,
#4541,#4542,#4543,#4544,#4545,#4546,#4547,#4548,#4549,#4550,#4551,#4552,
#4553,#4554,#4555,#4556,#4557,#4558,#4559,#4560,#4561,#4562,#4563,#4564,
#4565,#4566,#4567,#4568,#4569,#4570,#4571,#4572,#4573,#4574,#4575));
#4579=DERIVED_UNIT_ELEMENT(#4585,1.);
#4580=DERIVED_UNIT_ELEMENT(#8422,3.);
#4581=DERIVED_UNIT_ELEMENT(#4585,1.);
#4582=DERIVED_UNIT_ELEMENT(#8422,3.);
#4583=DERIVED_UNIT_ELEMENT(#4585,1.);
#4584=DERIVED_UNIT_ELEMENT(#8422,3.);
#4585=(
MASS_UNIT()
NAMED_UNIT(*)
SI_UNIT($,.GRAM.)
);
#4586=DERIVED_UNIT((#4579,#4580));
#4587=DERIVED_UNIT((#4581,#4582));
#4588=DERIVED_UNIT((#4583,#4584));
#4589=MEASURE_REPRESENTATION_ITEM('density measure',
POSITIVE_RATIO_MEASURE(1.),#4586);
#4590=MEASURE_REPRESENTATION_ITEM('density measure',
POSITIVE_RATIO_MEASURE(2.7),#4587);
#4591=MEASURE_REPRESENTATION_ITEM('density measure',
POSITIVE_RATIO_MEASURE(1.),#4588);
#4592=PROPERTY_DEFINITION_REPRESENTATION(#4607,#4598);
#4593=PROPERTY_DEFINITION_REPRESENTATION(#4608,#4599);
#4594=PROPERTY_DEFINITION_REPRESENTATION(#4609,#4600);
#4595=PROPERTY_DEFINITION_REPRESENTATION(#4610,#4601);
#4596=PROPERTY_DEFINITION_REPRESENTATION(#4611,#4602);
#4597=PROPERTY_DEFINITION_REPRESENTATION(#4612,#4603);
#4598=REPRESENTATION('material name',(#4604),#8417);
#4599=REPRESENTATION('density',(#4589),#8417);
#4600=REPRESENTATION('material name',(#4605),#8418);
#4601=REPRESENTATION('density',(#4590),#8418);
#4602=REPRESENTATION('material name',(#4606),#8419);
#4603=REPRESENTATION('density',(#4591),#8419);
#4604=DESCRIPTIVE_REPRESENTATION_ITEM('\X2\5E3889C4\X0\','\X2\5E3889C4\X0\');
#4605=DESCRIPTIVE_REPRESENTATION_ITEM('\X2\94DD\X0\ 6061','\X2\94DD\X0\ 
6061');
#4606=DESCRIPTIVE_REPRESENTATION_ITEM('\X2\5E3889C4\X0\','\X2\5E3889C4\X0\');
#4607=PROPERTY_DEFINITION('material property','material name',#8442);
#4608=PROPERTY_DEFINITION('material property','density of part',#8442);
#4609=PROPERTY_DEFINITION('material property','material name',#8443);
#4610=PROPERTY_DEFINITION('material property','density of part',#8443);
#4611=PROPERTY_DEFINITION('material property','material name',#8444);
#4612=PROPERTY_DEFINITION('material property','density of part',#8444);
#4613=PRESENTATION_STYLE_ASSIGNMENT((#4615));
#4614=PRESENTATION_STYLE_ASSIGNMENT((#4616));
#4615=SURFACE_STYLE_USAGE(.BOTH.,#4621);
#4616=SURFACE_STYLE_USAGE(.BOTH.,#4622);
#4617=SURFACE_STYLE_RENDERING_WITH_PROPERTIES($,#4629,(#4619));
#4618=SURFACE_STYLE_RENDERING_WITH_PROPERTIES($,#4630,(#4620));
#4619=SURFACE_STYLE_TRANSPARENT(0.);
#4620=SURFACE_STYLE_TRANSPARENT(0.);
#4621=SURFACE_SIDE_STYLE('',(#4623,#4617));
#4622=SURFACE_SIDE_STYLE('',(#4624,#4618));
#4623=SURFACE_STYLE_FILL_AREA(#4625);
#4624=SURFACE_STYLE_FILL_AREA(#4626);
#4625=FILL_AREA_STYLE('',(#4627));
#4626=FILL_AREA_STYLE('',(#4628));
#4627=FILL_AREA_STYLE_COLOUR('',#4629);
#4628=FILL_AREA_STYLE_COLOUR('',#4630);
#4629=COLOUR_RGB('',0.749019607843137,0.749019607843137,0.749019607843137);
#4630=COLOUR_RGB('',0.996078431372549,0.996078431372549,1.);
#4631=DATE_TIME_ROLE('creation_date');
#4632=DATE_TIME_ROLE('creation_date');
#4633=DATE_TIME_ROLE('creation_date');
#4634=DATE_TIME_ROLE('creation_date');
#4635=CC_DESIGN_DATE_AND_TIME_ASSIGNMENT(#4639,#4631,(#8441));
#4636=CC_DESIGN_DATE_AND_TIME_ASSIGNMENT(#4640,#4632,(#8442));
#4637=CC_DESIGN_DATE_AND_TIME_ASSIGNMENT(#4641,#4633,(#8443));
#4638=CC_DESIGN_DATE_AND_TIME_ASSIGNMENT(#4642,#4634,(#8444));
#4639=DATE_AND_TIME(#4643,#4647);
#4640=DATE_AND_TIME(#4644,#4648);
#4641=DATE_AND_TIME(#4645,#4649);
#4642=DATE_AND_TIME(#4646,#4650);
#4643=CALENDAR_DATE(2023,2,8);
#4644=CALENDAR_DATE(2023,2,8);
#4645=CALENDAR_DATE(2022,1,12);
#4646=CALENDAR_DATE(2022,17,9);
#4647=LOCAL_TIME(14,14,28.,#4651);
#4648=LOCAL_TIME(14,10,6.,#4652);
#4649=LOCAL_TIME(0,28,19.,#4653);
#4650=LOCAL_TIME(8,25,2.,#4654);
#4651=COORDINATED_UNIVERSAL_TIME_OFFSET(0,0,.BEHIND.);
#4652=COORDINATED_UNIVERSAL_TIME_OFFSET(0,0,.BEHIND.);
#4653=COORDINATED_UNIVERSAL_TIME_OFFSET(0,0,.BEHIND.);
#4654=COORDINATED_UNIVERSAL_TIME_OFFSET(0,0,.BEHIND.);
#4655=AXIS2_PLACEMENT_3D('placement',#6963,#5342,#5343);
#4656=AXIS2_PLACEMENT_3D('placement',#6964,#5344,#5345);
#4657=AXIS2_PLACEMENT_3D('',#6965,#5346,#5347);
#4658=AXIS2_PLACEMENT_3D('',#6967,#5348,#5349);
#4659=AXIS2_PLACEMENT_3D('',#6971,#5351,#5352);
#4660=AXIS2_PLACEMENT_3D('',#6972,#5353,#5354);
#4661=AXIS2_PLACEMENT_3D('',#6973,#5355,#5356);
#4662=AXIS2_PLACEMENT_3D('',#6975,#5357,#5358);
#4663=AXIS2_PLACEMENT_3D('',#6978,#5359,#5360);
#4664=AXIS2_PLACEMENT_3D('',#6979,#5361,#5362);
#4665=AXIS2_PLACEMENT_3D('',#6982,#5363,#5364);
#4666=AXIS2_PLACEMENT_3D('',#6983,#5365,#5366);
#4667=AXIS2_PLACEMENT_3D('',#6986,#5367,#5368);
#4668=AXIS2_PLACEMENT_3D('',#6987,#5369,#5370);
#4669=AXIS2_PLACEMENT_3D('',#6990,#5371,#5372);
#4670=AXIS2_PLACEMENT_3D('',#6992,#5373,#5374);
#4671=AXIS2_PLACEMENT_3D('',#6996,#5376,#5377);
#4672=AXIS2_PLACEMENT_3D('',#6998,#5378,#5379);
#4673=AXIS2_PLACEMENT_3D('',#7000,#5380,#5381);
#4674=AXIS2_PLACEMENT_3D('',#7002,#5382,#5383);
#4675=AXIS2_PLACEMENT_3D('',#7004,#5384,#5385);
#4676=AXIS2_PLACEMENT_3D('',#7006,#5386,#5387);
#4677=AXIS2_PLACEMENT_3D('',#7008,#5388,#5389);
#4678=AXIS2_PLACEMENT_3D('',#7011,#5391,#5392);
#4679=AXIS2_PLACEMENT_3D('',#7014,#5393,#5394);
#4680=AXIS2_PLACEMENT_3D('',#7016,#5395,#5396);
#4681=AXIS2_PLACEMENT_3D('',#7020,#5398,#5399);
#4682=AXIS2_PLACEMENT_3D('',#7022,#5400,#5401);
#4683=AXIS2_PLACEMENT_3D('',#7024,#5402,#5403);
#4684=AXIS2_PLACEMENT_3D('',#7026,#5404,#5405);
#4685=AXIS2_PLACEMENT_3D('',#7028,#5406,#5407);
#4686=AXIS2_PLACEMENT_3D('',#7030,#5408,#5409);
#4687=AXIS2_PLACEMENT_3D('',#7032,#5410,#5411);
#4688=AXIS2_PLACEMENT_3D('',#7035,#5413,#5414);
#4689=AXIS2_PLACEMENT_3D('',#7038,#5415,#5416);
#4690=AXIS2_PLACEMENT_3D('',#7040,#5417,#5418);
#4691=AXIS2_PLACEMENT_3D('',#7042,#5419,#5420);
#4692=AXIS2_PLACEMENT_3D('',#7044,#5421,#5422);
#4693=AXIS2_PLACEMENT_3D('',#7048,#5424,#5425);
#4694=AXIS2_PLACEMENT_3D('',#7050,#5426,#5427);
#4695=AXIS2_PLACEMENT_3D('',#7052,#5428,#5429);
#4696=AXIS2_PLACEMENT_3D('',#7056,#5431,#5432);
#4697=AXIS2_PLACEMENT_3D('',#7058,#5433,#5434);
#4698=AXIS2_PLACEMENT_3D('',#7059,#5435,#5436);
#4699=AXIS2_PLACEMENT_3D('',#7060,#5437,#5438);
#4700=AXIS2_PLACEMENT_3D('',#7063,#5440,#5441);
#4701=AXIS2_PLACEMENT_3D('',#7064,#5442,#5443);
#4702=AXIS2_PLACEMENT_3D('',#7067,#5444,#5445);
#4703=AXIS2_PLACEMENT_3D('',#7069,#5446,#5447);
#4704=AXIS2_PLACEMENT_3D('',#7071,#5448,#5449);
#4705=AXIS2_PLACEMENT_3D('',#7072,#5450,#5451);
#4706=AXIS2_PLACEMENT_3D('',#7073,#5452,#5453);
#4707=AXIS2_PLACEMENT_3D('',#7074,#5454,#5455);
#4708=AXIS2_PLACEMENT_3D('',#7078,#5457,#5458);
#4709=AXIS2_PLACEMENT_3D('',#7079,#5459,#5460);
#4710=AXIS2_PLACEMENT_3D('',#7080,#5461,#5462);
#4711=AXIS2_PLACEMENT_3D('',#7081,#5463,#5464);
#4712=AXIS2_PLACEMENT_3D('',#7085,#5466,#5467);
#4713=AXIS2_PLACEMENT_3D('',#7086,#5468,#5469);
#4714=AXIS2_PLACEMENT_3D('',#7087,#5470,#5471);
#4715=AXIS2_PLACEMENT_3D('',#7091,#5473,#5474);
#4716=AXIS2_PLACEMENT_3D('',#7092,#5475,#5476);
#4717=AXIS2_PLACEMENT_3D('',#7093,#5477,#5478);
#4718=AXIS2_PLACEMENT_3D('',#7094,#5479,#5480);
#4719=AXIS2_PLACEMENT_3D('',#7098,#5482,#5483);
#4720=AXIS2_PLACEMENT_3D('',#7099,#5484,#5485);
#4721=AXIS2_PLACEMENT_3D('',#7100,#5486,#5487);
#4722=AXIS2_PLACEMENT_3D('',#7101,#5488,#5489);
#4723=AXIS2_PLACEMENT_3D('',#7105,#5491,#5492);
#4724=AXIS2_PLACEMENT_3D('',#7106,#5493,#5494);
#4725=AXIS2_PLACEMENT_3D('',#7107,#5495,#5496);
#4726=AXIS2_PLACEMENT_3D('',#7108,#5497,#5498);
#4727=AXIS2_PLACEMENT_3D('',#7112,#5500,#5501);
#4728=AXIS2_PLACEMENT_3D('',#7113,#5502,#5503);
#4729=AXIS2_PLACEMENT_3D('',#7114,#5504,#5505);
#4730=AXIS2_PLACEMENT_3D('',#7115,#5506,#5507);
#4731=AXIS2_PLACEMENT_3D('',#7118,#5508,#5509);
#4732=AXIS2_PLACEMENT_3D('',#7120,#5510,#5511);
#4733=AXIS2_PLACEMENT_3D('',#7122,#5512,#5513);
#4734=AXIS2_PLACEMENT_3D('',#7124,#5514,#5515);
#4735=AXIS2_PLACEMENT_3D('',#7126,#5516,#5517);
#4736=AXIS2_PLACEMENT_3D('',#7128,#5518,#5519);
#4737=AXIS2_PLACEMENT_3D('',#7130,#5520,#5521);
#4738=AXIS2_PLACEMENT_3D('',#7131,#5522,#5523);
#4739=AXIS2_PLACEMENT_3D('',#7132,#5524,#5525);
#4740=AXIS2_PLACEMENT_3D('',#7135,#5526,#5527);
#4741=AXIS2_PLACEMENT_3D('',#7137,#5528,#5529);
#4742=AXIS2_PLACEMENT_3D('',#7139,#5530,#5531);
#4743=AXIS2_PLACEMENT_3D('',#7141,#5532,#5533);
#4744=AXIS2_PLACEMENT_3D('',#7143,#5534,#5535);
#4745=AXIS2_PLACEMENT_3D('',#7145,#5536,#5537);
#4746=AXIS2_PLACEMENT_3D('',#7147,#5538,#5539);
#4747=AXIS2_PLACEMENT_3D('',#7148,#5540,#5541);
#4748=AXIS2_PLACEMENT_3D('',#7149,#5542,#5543);
#4749=AXIS2_PLACEMENT_3D('',#7152,#5544,#5545);
#4750=AXIS2_PLACEMENT_3D('',#7154,#5546,#5547);
#4751=AXIS2_PLACEMENT_3D('',#7156,#5548,#5549);
#4752=AXIS2_PLACEMENT_3D('',#7158,#5550,#5551);
#4753=AXIS2_PLACEMENT_3D('',#7160,#5552,#5553);
#4754=AXIS2_PLACEMENT_3D('',#7162,#5554,#5555);
#4755=AXIS2_PLACEMENT_3D('',#7164,#5556,#5557);
#4756=AXIS2_PLACEMENT_3D('',#7165,#5558,#5559);
#4757=AXIS2_PLACEMENT_3D('',#7166,#5560,#5561);
#4758=AXIS2_PLACEMENT_3D('',#7170,#5563,#5564);
#4759=AXIS2_PLACEMENT_3D('',#7172,#5566,#5567);
#4760=AXIS2_PLACEMENT_3D('',#7175,#5569,#5570);
#4761=AXIS2_PLACEMENT_3D('',#7176,#5571,#5572);
#4762=AXIS2_PLACEMENT_3D('',#7179,#5574,#5575);
#4763=AXIS2_PLACEMENT_3D('',#7180,#5576,#5577);
#4764=AXIS2_PLACEMENT_3D('',#7184,#5579,#5580);
#4765=AXIS2_PLACEMENT_3D('',#7186,#5582,#5583);
#4766=AXIS2_PLACEMENT_3D('',#7190,#5585,#5586);
#4767=AXIS2_PLACEMENT_3D('',#7192,#5588,#5589);
#4768=AXIS2_PLACEMENT_3D('',#7195,#5591,#5592);
#4769=AXIS2_PLACEMENT_3D('',#7196,#5593,#5594);
#4770=AXIS2_PLACEMENT_3D('',#7200,#5596,#5597);
#4771=AXIS2_PLACEMENT_3D('',#7202,#5599,#5600);
#4772=AXIS2_PLACEMENT_3D('',#7205,#5602,#5603);
#4773=AXIS2_PLACEMENT_3D('',#7206,#5604,#5605);
#4774=AXIS2_PLACEMENT_3D('',#7209,#5607,#5608);
#4775=AXIS2_PLACEMENT_3D('',#7210,#5609,#5610);
#4776=AXIS2_PLACEMENT_3D('',#7214,#5612,#5613);
#4777=AXIS2_PLACEMENT_3D('',#7216,#5615,#5616);
#4778=AXIS2_PLACEMENT_3D('',#7220,#5619,#5620);
#4779=AXIS2_PLACEMENT_3D('',#7223,#5622,#5623);
#4780=AXIS2_PLACEMENT_3D('',#7224,#5624,#5625);
#4781=AXIS2_PLACEMENT_3D('',#7227,#5627,#5628);
#4782=AXIS2_PLACEMENT_3D('',#7228,#5629,#5630);
#4783=AXIS2_PLACEMENT_3D('',#7231,#5632,#5633);
#4784=AXIS2_PLACEMENT_3D('',#7232,#5634,#5635);
#4785=AXIS2_PLACEMENT_3D('',#7236,#5637,#5638);
#4786=AXIS2_PLACEMENT_3D('',#7240,#5641,#5642);
#4787=AXIS2_PLACEMENT_3D('',#7241,#5643,#5644);
#4788=AXIS2_PLACEMENT_3D('',#7244,#5646,#5647);
#4789=AXIS2_PLACEMENT_3D('',#7245,#5648,#5649);
#4790=AXIS2_PLACEMENT_3D('',#7246,#5650,#5651);
#4791=AXIS2_PLACEMENT_3D('',#7247,#5652,#5653);
#4792=AXIS2_PLACEMENT_3D('',#7248,#5654,#5655);
#4793=AXIS2_PLACEMENT_3D('',#7250,#5656,#5657);
#4794=AXIS2_PLACEMENT_3D('',#7252,#5659,#5660);
#4795=AXIS2_PLACEMENT_3D('',#7253,#5661,#5662);
#4796=AXIS2_PLACEMENT_3D('',#7256,#5664,#5665);
#4797=AXIS2_PLACEMENT_3D('',#7260,#5667,#5668);
#4798=AXIS2_PLACEMENT_3D('',#7262,#5670,#5671);
#4799=AXIS2_PLACEMENT_3D('',#7265,#5673,#5674);
#4800=AXIS2_PLACEMENT_3D('',#7266,#5675,#5676);
#4801=AXIS2_PLACEMENT_3D('',#7269,#5678,#5679);
#4802=AXIS2_PLACEMENT_3D('',#7270,#5680,#5681);
#4803=AXIS2_PLACEMENT_3D('',#7273,#5683,#5684);
#4804=AXIS2_PLACEMENT_3D('',#7274,#5685,#5686);
#4805=AXIS2_PLACEMENT_3D('',#7278,#5689,#5690);
#4806=AXIS2_PLACEMENT_3D('',#7281,#5692,#5693);
#4807=AXIS2_PLACEMENT_3D('',#7282,#5694,#5695);
#4808=AXIS2_PLACEMENT_3D('',#7286,#5697,#5698);
#4809=AXIS2_PLACEMENT_3D('',#7288,#5700,#5701);
#4810=AXIS2_PLACEMENT_3D('',#7289,#5702,#5703);
#4811=AXIS2_PLACEMENT_3D('',#7290,#5704,#5705);
#4812=AXIS2_PLACEMENT_3D('',#7296,#5709,#5710);
#4813=AXIS2_PLACEMENT_3D('',#7299,#5712,#5713);
#4814=AXIS2_PLACEMENT_3D('',#7300,#5714,#5715);
#4815=AXIS2_PLACEMENT_3D('',#7303,#5717,#5718);
#4816=AXIS2_PLACEMENT_3D('',#7306,#5720,#5721);
#4817=AXIS2_PLACEMENT_3D('',#7307,#5722,#5723);
#4818=AXIS2_PLACEMENT_3D('',#7310,#5725,#5726);
#4819=AXIS2_PLACEMENT_3D('',#7311,#5727,#5728);
#4820=AXIS2_PLACEMENT_3D('',#7314,#5730,#5731);
#4821=AXIS2_PLACEMENT_3D('',#7315,#5732,#5733);
#4822=AXIS2_PLACEMENT_3D('',#7318,#5735,#5736);
#4823=AXIS2_PLACEMENT_3D('',#7319,#5737,#5738);
#4824=AXIS2_PLACEMENT_3D('',#7322,#5740,#5741);
#4825=AXIS2_PLACEMENT_3D('',#7324,#5742,#5743);
#4826=AXIS2_PLACEMENT_3D('',#7326,#5745,#5746);
#4827=AXIS2_PLACEMENT_3D('',#7329,#5748,#5749);
#4828=AXIS2_PLACEMENT_3D('',#7330,#5750,#5751);
#4829=AXIS2_PLACEMENT_3D('',#7333,#5753,#5754);
#4830=AXIS2_PLACEMENT_3D('',#7334,#5755,#5756);
#4831=AXIS2_PLACEMENT_3D('',#7335,#5757,#5758);
#4832=AXIS2_PLACEMENT_3D('',#7336,#5759,#5760);
#4833=AXIS2_PLACEMENT_3D('',#7337,#5761,#5762);
#4834=AXIS2_PLACEMENT_3D('',#7341,#5764,#5765);
#4835=AXIS2_PLACEMENT_3D('',#7343,#5767,#5768);
#4836=AXIS2_PLACEMENT_3D('',#7347,#5771,#5772);
#4837=AXIS2_PLACEMENT_3D('',#7348,#5773,#5774);
#4838=AXIS2_PLACEMENT_3D('',#7349,#5775,#5776);
#4839=AXIS2_PLACEMENT_3D('',#7350,#5777,#5778);
#4840=AXIS2_PLACEMENT_3D('',#7351,#5779,#5780);
#4841=AXIS2_PLACEMENT_3D('',#7354,#5782,#5783);
#4842=AXIS2_PLACEMENT_3D('',#7355,#5784,#5785);
#4843=AXIS2_PLACEMENT_3D('',#7356,#5786,#5787);
#4844=AXIS2_PLACEMENT_3D('',#7357,#5788,#5789);
#4845=AXIS2_PLACEMENT_3D('',#7358,#5790,#5791);
#4846=AXIS2_PLACEMENT_3D('',#7361,#5793,#5794);
#4847=AXIS2_PLACEMENT_3D('',#7362,#5795,#5796);
#4848=AXIS2_PLACEMENT_3D('',#7366,#5799,#5800);
#4849=AXIS2_PLACEMENT_3D('',#7369,#5802,#5803);
#4850=AXIS2_PLACEMENT_3D('',#7370,#5804,#5805);
#4851=AXIS2_PLACEMENT_3D('',#7373,#5807,#5808);
#4852=AXIS2_PLACEMENT_3D('',#7374,#5809,#5810);
#4853=AXIS2_PLACEMENT_3D('',#7375,#5811,#5812);
#4854=AXIS2_PLACEMENT_3D('',#7376,#5813,#5814);
#4855=AXIS2_PLACEMENT_3D('',#7379,#5816,#5817);
#4856=AXIS2_PLACEMENT_3D('',#7380,#5818,#5819);
#4857=AXIS2_PLACEMENT_3D('',#7383,#5821,#5822);
#4858=AXIS2_PLACEMENT_3D('',#7384,#5823,#5824);
#4859=AXIS2_PLACEMENT_3D('',#7385,#5825,#5826);
#4860=AXIS2_PLACEMENT_3D('',#7386,#5827,#5828);
#4861=AXIS2_PLACEMENT_3D('',#7387,#5829,#5830);
#4862=AXIS2_PLACEMENT_3D('',#7391,#5832,#5833);
#4863=AXIS2_PLACEMENT_3D('',#7393,#5835,#5836);
#4864=AXIS2_PLACEMENT_3D('',#7396,#5838,#5839);
#4865=AXIS2_PLACEMENT_3D('',#7397,#5840,#5841);
#4866=AXIS2_PLACEMENT_3D('',#7398,#5842,#5843);
#4867=AXIS2_PLACEMENT_3D('',#7399,#5844,#5845);
#4868=AXIS2_PLACEMENT_3D('',#7402,#5847,#5848);
#4869=AXIS2_PLACEMENT_3D('',#7403,#5849,#5850);
#4870=AXIS2_PLACEMENT_3D('',#7405,#5852,#5853);
#4871=AXIS2_PLACEMENT_3D('',#7406,#5854,#5855);
#4872=AXIS2_PLACEMENT_3D('',#7408,#5856,#5857);
#4873=AXIS2_PLACEMENT_3D('',#7409,#5858,#5859);
#4874=AXIS2_PLACEMENT_3D('',#7411,#5860,#5861);
#4875=AXIS2_PLACEMENT_3D('',#7412,#5862,#5863);
#4876=AXIS2_PLACEMENT_3D('',#7414,#5864,#5865);
#4877=AXIS2_PLACEMENT_3D('',#7415,#5866,#5867);
#4878=AXIS2_PLACEMENT_3D('',#7417,#5868,#5869);
#4879=AXIS2_PLACEMENT_3D('',#7418,#5870,#5871);
#4880=AXIS2_PLACEMENT_3D('',#7420,#5872,#5873);
#4881=AXIS2_PLACEMENT_3D('',#7422,#5874,#5875);
#4882=AXIS2_PLACEMENT_3D('',#7423,#5876,#5877);
#4883=AXIS2_PLACEMENT_3D('',#7426,#5878,#5879);
#4884=AXIS2_PLACEMENT_3D('',#7430,#5881,#5882);
#4885=AXIS2_PLACEMENT_3D('',#7432,#5884,#5885);
#4886=AXIS2_PLACEMENT_3D('',#7436,#5887,#5888);
#4887=AXIS2_PLACEMENT_3D('',#7438,#5890,#5891);
#4888=AXIS2_PLACEMENT_3D('',#7442,#5894,#5895);
#4889=AXIS2_PLACEMENT_3D('',#7460,#5897,#5898);
#4890=AXIS2_PLACEMENT_3D('',#7463,#5900,#5901);
#4891=AXIS2_PLACEMENT_3D('',#7464,#5902,#5903);
#4892=AXIS2_PLACEMENT_3D('',#7468,#5905,#5906);
#4893=AXIS2_PLACEMENT_3D('',#7471,#5908,#5909);
#4894=AXIS2_PLACEMENT_3D('',#7474,#5910,#5911);
#4895=AXIS2_PLACEMENT_3D('',#7475,#5912,#5913);
#4896=AXIS2_PLACEMENT_3D('',#7478,#5914,#5915);
#4897=AXIS2_PLACEMENT_3D('',#7479,#5916,#5917);
#4898=AXIS2_PLACEMENT_3D('',#7482,#5918,#5919);
#4899=AXIS2_PLACEMENT_3D('',#7483,#5920,#5921);
#4900=AXIS2_PLACEMENT_3D('',#7484,#5922,#5923);
#4901=AXIS2_PLACEMENT_3D('',#7496,#5930,#5931);
#4902=AXIS2_PLACEMENT_3D('',#7499,#5932,#5933);
#4903=AXIS2_PLACEMENT_3D('',#7503,#5935,#5936);
#4904=AXIS2_PLACEMENT_3D('',#7518,#5938,#5939);
#4905=AXIS2_PLACEMENT_3D('',#7532,#5947,#5948);
#4906=AXIS2_PLACEMENT_3D('',#7534,#5949,#5950);
#4907=AXIS2_PLACEMENT_3D('',#7537,#5952,#5953);
#4908=AXIS2_PLACEMENT_3D('',#7540,#5954,#5955);
#4909=AXIS2_PLACEMENT_3D('',#7541,#5956,#5957);
#4910=AXIS2_PLACEMENT_3D('',#7544,#5958,#5959);
#4911=AXIS2_PLACEMENT_3D('',#7545,#5960,#5961);
#4912=AXIS2_PLACEMENT_3D('',#7548,#5962,#5963);
#4913=AXIS2_PLACEMENT_3D('',#7549,#5964,#5965);
#4914=AXIS2_PLACEMENT_3D('',#7550,#5966,#5967);
#4915=AXIS2_PLACEMENT_3D('',#7552,#5968,#5969);
#4916=AXIS2_PLACEMENT_3D('',#7556,#5971,#5972);
#4917=AXIS2_PLACEMENT_3D('',#7557,#5973,#5974);
#4918=AXIS2_PLACEMENT_3D('',#7559,#5975,#5976);
#4919=AXIS2_PLACEMENT_3D('',#7563,#5978,#5979);
#4920=AXIS2_PLACEMENT_3D('',#7566,#5981,#5982);
#4921=AXIS2_PLACEMENT_3D('',#7567,#5983,#5984);
#4922=AXIS2_PLACEMENT_3D('',#7568,#5985,#5986);
#4923=AXIS2_PLACEMENT_3D('',#7570,#5987,#5988);
#4924=AXIS2_PLACEMENT_3D('',#7573,#5990,#5991);
#4925=AXIS2_PLACEMENT_3D('',#7574,#5992,#5993);
#4926=AXIS2_PLACEMENT_3D('',#7578,#5994,#5995);
#4927=AXIS2_PLACEMENT_3D('',#7586,#6000,#6001);
#4928=AXIS2_PLACEMENT_3D('',#7589,#6002,#6003);
#4929=AXIS2_PLACEMENT_3D('',#7593,#6005,#6006);
#4930=AXIS2_PLACEMENT_3D('',#7595,#6008,#6009);
#4931=AXIS2_PLACEMENT_3D('',#7597,#6010,#6011);
#4932=AXIS2_PLACEMENT_3D('',#7599,#6012,#6013);
#4933=AXIS2_PLACEMENT_3D('',#7601,#6015,#6016);
#4934=AXIS2_PLACEMENT_3D('',#7603,#6017,#6018);
#4935=AXIS2_PLACEMENT_3D('',#7605,#6019,#6020);
#4936=AXIS2_PLACEMENT_3D('',#7607,#6022,#6023);
#4937=AXIS2_PLACEMENT_3D('',#7609,#6024,#6025);
#4938=AXIS2_PLACEMENT_3D('',#7611,#6026,#6027);
#4939=AXIS2_PLACEMENT_3D('',#7613,#6029,#6030);
#4940=AXIS2_PLACEMENT_3D('',#7615,#6031,#6032);
#4941=AXIS2_PLACEMENT_3D('',#7617,#6033,#6034);
#4942=AXIS2_PLACEMENT_3D('',#7619,#6036,#6037);
#4943=AXIS2_PLACEMENT_3D('',#7621,#6038,#6039);
#4944=AXIS2_PLACEMENT_3D('',#7623,#6040,#6041);
#4945=AXIS2_PLACEMENT_3D('',#7625,#6043,#6044);
#4946=AXIS2_PLACEMENT_3D('',#7626,#6045,#6046);
#4947=AXIS2_PLACEMENT_3D('',#7627,#6047,#6048);
#4948=AXIS2_PLACEMENT_3D('',#7628,#6049,#6050);
#4949=AXIS2_PLACEMENT_3D('',#7639,#6055,#6056);
#4950=AXIS2_PLACEMENT_3D('',#7642,#6057,#6058);
#4951=AXIS2_PLACEMENT_3D('',#7646,#6060,#6061);
#4952=AXIS2_PLACEMENT_3D('',#7648,#6063,#6064);
#4953=AXIS2_PLACEMENT_3D('',#7650,#6065,#6066);
#4954=AXIS2_PLACEMENT_3D('',#7652,#6067,#6068);
#4955=AXIS2_PLACEMENT_3D('',#7654,#6070,#6071);
#4956=AXIS2_PLACEMENT_3D('',#7656,#6072,#6073);
#4957=AXIS2_PLACEMENT_3D('',#7658,#6074,#6075);
#4958=AXIS2_PLACEMENT_3D('',#7660,#6077,#6078);
#4959=AXIS2_PLACEMENT_3D('',#7663,#6079,#6080);
#4960=AXIS2_PLACEMENT_3D('',#7667,#6082,#6083);
#4961=AXIS2_PLACEMENT_3D('',#7669,#6085,#6086);
#4962=AXIS2_PLACEMENT_3D('',#7671,#6087,#6088);
#4963=AXIS2_PLACEMENT_3D('',#7673,#6089,#6090);
#4964=AXIS2_PLACEMENT_3D('',#7675,#6092,#6093);
#4965=AXIS2_PLACEMENT_3D('',#7676,#6094,#6095);
#4966=AXIS2_PLACEMENT_3D('',#7677,#6096,#6097);
#4967=AXIS2_PLACEMENT_3D('',#7678,#6098,#6099);
#4968=AXIS2_PLACEMENT_3D('',#7679,#6100,#6101);
#4969=AXIS2_PLACEMENT_3D('',#7680,#6102,#6103);
#4970=AXIS2_PLACEMENT_3D('',#7681,#6104,#6105);
#4971=AXIS2_PLACEMENT_3D('',#7682,#6106,#6107);
#4972=AXIS2_PLACEMENT_3D('',#7683,#6108,#6109);
#4973=AXIS2_PLACEMENT_3D('',#7684,#6110,#6111);
#4974=AXIS2_PLACEMENT_3D('',#7685,#6112,#6113);
#4975=AXIS2_PLACEMENT_3D('',#7688,#6114,#6115);
#4976=AXIS2_PLACEMENT_3D('',#7689,#6116,#6117);
#4977=AXIS2_PLACEMENT_3D('',#7692,#6118,#6119);
#4978=AXIS2_PLACEMENT_3D('',#7693,#6120,#6121);
#4979=AXIS2_PLACEMENT_3D('',#7694,#6122,#6123);
#4980=AXIS2_PLACEMENT_3D('',#7695,#6124,#6125);
#4981=AXIS2_PLACEMENT_3D('',#7698,#6126,#6127);
#4982=AXIS2_PLACEMENT_3D('',#7699,#6128,#6129);
#4983=AXIS2_PLACEMENT_3D('',#7702,#6130,#6131);
#4984=AXIS2_PLACEMENT_3D('',#7703,#6132,#6133);
#4985=AXIS2_PLACEMENT_3D('',#7704,#6134,#6135);
#4986=AXIS2_PLACEMENT_3D('',#7707,#6137,#6138);
#4987=AXIS2_PLACEMENT_3D('',#7708,#6139,#6140);
#4988=AXIS2_PLACEMENT_3D('',#7710,#6142,#6143);
#4989=AXIS2_PLACEMENT_3D('',#7713,#6144,#6145);
#4990=AXIS2_PLACEMENT_3D('',#7714,#6146,#6147);
#4991=AXIS2_PLACEMENT_3D('',#7718,#6149,#6150);
#4992=AXIS2_PLACEMENT_3D('',#7719,#6151,#6152);
#4993=AXIS2_PLACEMENT_3D('',#7720,#6153,#6154);
#4994=AXIS2_PLACEMENT_3D('',#7722,#6156,#6157);
#4995=AXIS2_PLACEMENT_3D('',#7726,#6159,#6160);
#4996=AXIS2_PLACEMENT_3D('',#7727,#6161,#6162);
#4997=AXIS2_PLACEMENT_3D('',#7728,#6163,#6164);
#4998=AXIS2_PLACEMENT_3D('',#7732,#6166,#6167);
#4999=AXIS2_PLACEMENT_3D('',#7733,#6168,#6169);
#5000=AXIS2_PLACEMENT_3D('',#7734,#6170,#6171);
#5001=AXIS2_PLACEMENT_3D('',#7738,#6173,#6174);
#5002=AXIS2_PLACEMENT_3D('',#7739,#6175,#6176);
#5003=AXIS2_PLACEMENT_3D('',#7740,#6177,#6178);
#5004=AXIS2_PLACEMENT_3D('',#7744,#6180,#6181);
#5005=AXIS2_PLACEMENT_3D('',#7745,#6182,#6183);
#5006=AXIS2_PLACEMENT_3D('',#7746,#6184,#6185);
#5007=AXIS2_PLACEMENT_3D('',#7750,#6187,#6188);
#5008=AXIS2_PLACEMENT_3D('',#7751,#6189,#6190);
#5009=AXIS2_PLACEMENT_3D('',#7752,#6191,#6192);
#5010=AXIS2_PLACEMENT_3D('',#7756,#6194,#6195);
#5011=AXIS2_PLACEMENT_3D('',#7757,#6196,#6197);
#5012=AXIS2_PLACEMENT_3D('',#7758,#6198,#6199);
#5013=AXIS2_PLACEMENT_3D('',#7760,#6201,#6202);
#5014=AXIS2_PLACEMENT_3D('',#7762,#6204,#6205);
#5015=AXIS2_PLACEMENT_3D('',#7764,#6207,#6208);
#5016=AXIS2_PLACEMENT_3D('',#7766,#6210,#6211);
#5017=AXIS2_PLACEMENT_3D('',#7767,#6212,#6213);
#5018=AXIS2_PLACEMENT_3D('',#7770,#6215,#6216);
#5019=AXIS2_PLACEMENT_3D('',#7771,#6217,#6218);
#5020=AXIS2_PLACEMENT_3D('',#7775,#6221,#6222);
#5021=AXIS2_PLACEMENT_3D('',#7776,#6223,#6224);
#5022=AXIS2_PLACEMENT_3D('',#7777,#6225,#6226);
#5023=AXIS2_PLACEMENT_3D('',#7778,#6227,#6228);
#5024=AXIS2_PLACEMENT_3D('',#7779,#6229,#6230);
#5025=AXIS2_PLACEMENT_3D('',#7780,#6231,#6232);
#5026=AXIS2_PLACEMENT_3D('',#7781,#6233,#6234);
#5027=AXIS2_PLACEMENT_3D('',#7782,#6235,#6236);
#5028=AXIS2_PLACEMENT_3D('',#7783,#6237,#6238);
#5029=AXIS2_PLACEMENT_3D('',#7784,#6239,#6240);
#5030=AXIS2_PLACEMENT_3D('',#7785,#6241,#6242);
#5031=AXIS2_PLACEMENT_3D('',#7786,#6243,#6244);
#5032=AXIS2_PLACEMENT_3D('',#7787,#6245,#6246);
#5033=AXIS2_PLACEMENT_3D('',#7788,#6247,#6248);
#5034=AXIS2_PLACEMENT_3D('',#7789,#6249,#6250);
#5035=AXIS2_PLACEMENT_3D('',#7790,#6251,#6252);
#5036=AXIS2_PLACEMENT_3D('',#7793,#6253,#6254);
#5037=AXIS2_PLACEMENT_3D('',#7795,#6255,#6256);
#5038=AXIS2_PLACEMENT_3D('',#7797,#6257,#6258);
#5039=AXIS2_PLACEMENT_3D('',#7799,#6259,#6260);
#5040=AXIS2_PLACEMENT_3D('',#7800,#6261,#6262);
#5041=AXIS2_PLACEMENT_3D('',#7801,#6263,#6264);
#5042=AXIS2_PLACEMENT_3D('',#7802,#6265,#6266);
#5043=AXIS2_PLACEMENT_3D('',#7803,#6267,#6268);
#5044=AXIS2_PLACEMENT_3D('',#7806,#6269,#6270);
#5045=AXIS2_PLACEMENT_3D('',#7808,#6272,#6273);
#5046=AXIS2_PLACEMENT_3D('',#7809,#6274,#6275);
#5047=AXIS2_PLACEMENT_3D('',#7812,#6276,#6277);
#5048=AXIS2_PLACEMENT_3D('',#7813,#6278,#6279);
#5049=AXIS2_PLACEMENT_3D('',#7815,#6281,#6282);
#5050=AXIS2_PLACEMENT_3D('placement',#7816,#6283,#6284);
#5051=AXIS2_PLACEMENT_3D('',#7817,#6285,#6286);
#5052=AXIS2_PLACEMENT_3D('',#7820,#6287,#6288);
#5053=AXIS2_PLACEMENT_3D('',#7821,#6289,#6290);
#5054=AXIS2_PLACEMENT_3D('',#7825,#6292,#6293);
#5055=AXIS2_PLACEMENT_3D('',#7826,#6294,#6295);
#5056=AXIS2_PLACEMENT_3D('',#7827,#6296,#6297);
#5057=AXIS2_PLACEMENT_3D('',#7830,#6298,#6299);
#5058=AXIS2_PLACEMENT_3D('',#7831,#6300,#6301);
#5059=AXIS2_PLACEMENT_3D('',#7835,#6303,#6304);
#5060=AXIS2_PLACEMENT_3D('',#7836,#6305,#6306);
#5061=AXIS2_PLACEMENT_3D('',#7837,#6307,#6308);
#5062=AXIS2_PLACEMENT_3D('',#7840,#6309,#6310);
#5063=AXIS2_PLACEMENT_3D('',#7841,#6311,#6312);
#5064=AXIS2_PLACEMENT_3D('',#7845,#6314,#6315);
#5065=AXIS2_PLACEMENT_3D('',#7846,#6316,#6317);
#5066=AXIS2_PLACEMENT_3D('',#7847,#6318,#6319);
#5067=AXIS2_PLACEMENT_3D('',#7851,#6321,#6322);
#5068=AXIS2_PLACEMENT_3D('',#7855,#6324,#6325);
#5069=AXIS2_PLACEMENT_3D('',#7858,#6327,#6328);
#5070=AXIS2_PLACEMENT_3D('',#7859,#6329,#6330);
#5071=AXIS2_PLACEMENT_3D('',#7862,#6331,#6332);
#5072=AXIS2_PLACEMENT_3D('',#7863,#6333,#6334);
#5073=AXIS2_PLACEMENT_3D('',#7865,#6336,#6337);
#5074=AXIS2_PLACEMENT_3D('',#7868,#6338,#6339);
#5075=AXIS2_PLACEMENT_3D('',#7869,#6340,#6341);
#5076=AXIS2_PLACEMENT_3D('',#7871,#6343,#6344);
#5077=AXIS2_PLACEMENT_3D('',#7874,#6345,#6346);
#5078=AXIS2_PLACEMENT_3D('',#7875,#6347,#6348);
#5079=AXIS2_PLACEMENT_3D('',#7877,#6350,#6351);
#5080=AXIS2_PLACEMENT_3D('',#7880,#6352,#6353);
#5081=AXIS2_PLACEMENT_3D('',#7881,#6354,#6355);
#5082=AXIS2_PLACEMENT_3D('',#7883,#6357,#6358);
#5083=AXIS2_PLACEMENT_3D('',#7886,#6359,#6360);
#5084=AXIS2_PLACEMENT_3D('',#7890,#6362,#6363);
#5085=AXIS2_PLACEMENT_3D('',#7893,#6365,#6366);
#5086=AXIS2_PLACEMENT_3D('',#7897,#6368,#6369);
#5087=AXIS2_PLACEMENT_3D('',#7901,#6371,#6372);
#5088=AXIS2_PLACEMENT_3D('',#7905,#6374,#6375);
#5089=AXIS2_PLACEMENT_3D('',#7909,#6377,#6378);
#5090=AXIS2_PLACEMENT_3D('',#7912,#6380,#6381);
#5091=AXIS2_PLACEMENT_3D('',#7913,#6382,#6383);
#5092=AXIS2_PLACEMENT_3D('',#7915,#6384,#6385);
#5093=AXIS2_PLACEMENT_3D('',#7917,#6386,#6387);
#5094=AXIS2_PLACEMENT_3D('',#7919,#6389,#6390);
#5095=AXIS2_PLACEMENT_3D('',#7921,#6391,#6392);
#5096=AXIS2_PLACEMENT_3D('',#7924,#6394,#6395);
#5097=AXIS2_PLACEMENT_3D('',#7925,#6396,#6397);
#5098=AXIS2_PLACEMENT_3D('',#7928,#6398,#6399);
#5099=AXIS2_PLACEMENT_3D('',#7932,#6401,#6402);
#5100=AXIS2_PLACEMENT_3D('',#7934,#6404,#6405);
#5101=AXIS2_PLACEMENT_3D('',#7935,#6406,#6407);
#5102=AXIS2_PLACEMENT_3D('',#7938,#6409,#6410);
#5103=AXIS2_PLACEMENT_3D('',#7940,#6411,#6412);
#5104=AXIS2_PLACEMENT_3D('',#7942,#6414,#6415);
#5105=AXIS2_PLACEMENT_3D('',#7946,#6418,#6419);
#5106=AXIS2_PLACEMENT_3D('',#7948,#6420,#6421);
#5107=AXIS2_PLACEMENT_3D('',#7950,#6422,#6423);
#5108=AXIS2_PLACEMENT_3D('',#7952,#6424,#6425);
#5109=AXIS2_PLACEMENT_3D('',#7954,#6427,#6428);
#5110=AXIS2_PLACEMENT_3D('',#7956,#6430,#6431);
#5111=AXIS2_PLACEMENT_3D('',#7957,#6432,#6433);
#5112=AXIS2_PLACEMENT_3D('',#7958,#6434,#6435);
#5113=AXIS2_PLACEMENT_3D('',#7959,#6436,#6437);
#5114=AXIS2_PLACEMENT_3D('',#7960,#6438,#6439);
#5115=AXIS2_PLACEMENT_3D('',#7961,#6440,#6441);
#5116=AXIS2_PLACEMENT_3D('',#7962,#6442,#6443);
#5117=AXIS2_PLACEMENT_3D('',#7963,#6444,#6445);
#5118=AXIS2_PLACEMENT_3D('',#7964,#6446,#6447);
#5119=AXIS2_PLACEMENT_3D('',#7965,#6448,#6449);
#5120=AXIS2_PLACEMENT_3D('',#7966,#6450,#6451);
#5121=AXIS2_PLACEMENT_3D('',#7967,#6452,#6453);
#5122=AXIS2_PLACEMENT_3D('',#7968,#6454,#6455);
#5123=AXIS2_PLACEMENT_3D('',#7989,#6456,#6457);
#5124=AXIS2_PLACEMENT_3D('',#7990,#6458,#6459);
#5125=AXIS2_PLACEMENT_3D('placement',#7991,#6460,#6461);
#5126=AXIS2_PLACEMENT_3D('',#7992,#6462,#6463);
#5127=AXIS2_PLACEMENT_3D('',#7995,#6464,#6465);
#5128=AXIS2_PLACEMENT_3D('',#7996,#6466,#6467);
#5129=AXIS2_PLACEMENT_3D('',#8000,#6469,#6470);
#5130=AXIS2_PLACEMENT_3D('',#8001,#6471,#6472);
#5131=AXIS2_PLACEMENT_3D('',#8002,#6473,#6474);
#5132=AXIS2_PLACEMENT_3D('',#8005,#6475,#6476);
#5133=AXIS2_PLACEMENT_3D('',#8006,#6477,#6478);
#5134=AXIS2_PLACEMENT_3D('',#8010,#6480,#6481);
#5135=AXIS2_PLACEMENT_3D('',#8011,#6482,#6483);
#5136=AXIS2_PLACEMENT_3D('',#8012,#6484,#6485);
#5137=AXIS2_PLACEMENT_3D('',#8015,#6486,#6487);
#5138=AXIS2_PLACEMENT_3D('',#8016,#6488,#6489);
#5139=AXIS2_PLACEMENT_3D('',#8020,#6491,#6492);
#5140=AXIS2_PLACEMENT_3D('',#8021,#6493,#6494);
#5141=AXIS2_PLACEMENT_3D('',#8022,#6495,#6496);
#5142=AXIS2_PLACEMENT_3D('',#8025,#6497,#6498);
#5143=AXIS2_PLACEMENT_3D('',#8026,#6499,#6500);
#5144=AXIS2_PLACEMENT_3D('',#8030,#6502,#6503);
#5145=AXIS2_PLACEMENT_3D('',#8031,#6504,#6505);
#5146=AXIS2_PLACEMENT_3D('',#8032,#6506,#6507);
#5147=AXIS2_PLACEMENT_3D('',#8035,#6508,#6509);
#5148=AXIS2_PLACEMENT_3D('',#8039,#6511,#6512);
#5149=AXIS2_PLACEMENT_3D('',#8041,#6514,#6515);
#5150=AXIS2_PLACEMENT_3D('',#8044,#6516,#6517);
#5151=AXIS2_PLACEMENT_3D('',#8048,#6519,#6520);
#5152=AXIS2_PLACEMENT_3D('',#8050,#6522,#6523);
#5153=AXIS2_PLACEMENT_3D('',#8053,#6524,#6525);
#5154=AXIS2_PLACEMENT_3D('',#8057,#6527,#6528);
#5155=AXIS2_PLACEMENT_3D('',#8059,#6530,#6531);
#5156=AXIS2_PLACEMENT_3D('',#8062,#6532,#6533);
#5157=AXIS2_PLACEMENT_3D('',#8066,#6535,#6536);
#5158=AXIS2_PLACEMENT_3D('',#8068,#6538,#6539);
#5159=AXIS2_PLACEMENT_3D('',#8071,#6540,#6541);
#5160=AXIS2_PLACEMENT_3D('',#8075,#6543,#6544);
#5161=AXIS2_PLACEMENT_3D('',#8077,#6546,#6547);
#5162=AXIS2_PLACEMENT_3D('',#8080,#6548,#6549);
#5163=AXIS2_PLACEMENT_3D('',#8084,#6551,#6552);
#5164=AXIS2_PLACEMENT_3D('',#8086,#6554,#6555);
#5165=AXIS2_PLACEMENT_3D('',#8088,#6556,#6557);
#5166=AXIS2_PLACEMENT_3D('',#8091,#6559,#6560);
#5167=AXIS2_PLACEMENT_3D('',#8092,#6561,#6562);
#5168=AXIS2_PLACEMENT_3D('',#8094,#6563,#6564);
#5169=AXIS2_PLACEMENT_3D('',#8096,#6565,#6566);
#5170=AXIS2_PLACEMENT_3D('',#8098,#6568,#6569);
#5171=AXIS2_PLACEMENT_3D('',#8101,#6570,#6571);
#5172=AXIS2_PLACEMENT_3D('',#8105,#6573,#6574);
#5173=AXIS2_PLACEMENT_3D('',#8106,#6575,#6576);
#5174=AXIS2_PLACEMENT_3D('',#8107,#6577,#6578);
#5175=AXIS2_PLACEMENT_3D('',#8108,#6579,#6580);
#5176=AXIS2_PLACEMENT_3D('',#8111,#6581,#6582);
#5177=AXIS2_PLACEMENT_3D('',#8113,#6584,#6585);
#5178=AXIS2_PLACEMENT_3D('',#8114,#6586,#6587);
#5179=AXIS2_PLACEMENT_3D('',#8117,#6588,#6589);
#5180=AXIS2_PLACEMENT_3D('',#8118,#6590,#6591);
#5181=AXIS2_PLACEMENT_3D('',#8120,#6593,#6594);
#5182=AXIS2_PLACEMENT_3D('',#8123,#6595,#6596);
#5183=AXIS2_PLACEMENT_3D('',#8124,#6597,#6598);
#5184=AXIS2_PLACEMENT_3D('',#8126,#6600,#6601);
#5185=AXIS2_PLACEMENT_3D('',#8129,#6602,#6603);
#5186=AXIS2_PLACEMENT_3D('',#8130,#6604,#6605);
#5187=AXIS2_PLACEMENT_3D('',#8132,#6607,#6608);
#5188=AXIS2_PLACEMENT_3D('',#8135,#6609,#6610);
#5189=AXIS2_PLACEMENT_3D('',#8138,#6613,#6614);
#5190=AXIS2_PLACEMENT_3D('',#8141,#6615,#6616);
#5191=AXIS2_PLACEMENT_3D('',#8144,#6619,#6620);
#5192=AXIS2_PLACEMENT_3D('',#8147,#6621,#6622);
#5193=AXIS2_PLACEMENT_3D('',#8151,#6624,#6625);
#5194=AXIS2_PLACEMENT_3D('',#8153,#6627,#6628);
#5195=AXIS2_PLACEMENT_3D('',#8156,#6629,#6630);
#5196=AXIS2_PLACEMENT_3D('',#8159,#6633,#6634);
#5197=AXIS2_PLACEMENT_3D('',#8162,#6635,#6636);
#5198=AXIS2_PLACEMENT_3D('',#8165,#6639,#6640);
#5199=AXIS2_PLACEMENT_3D('',#8168,#6641,#6642);
#5200=AXIS2_PLACEMENT_3D('',#8171,#6645,#6646);
#5201=AXIS2_PLACEMENT_3D('',#8174,#6647,#6648);
#5202=AXIS2_PLACEMENT_3D('',#8177,#6651,#6652);
#5203=AXIS2_PLACEMENT_3D('',#8180,#6653,#6654);
#5204=AXIS2_PLACEMENT_3D('',#8183,#6657,#6658);
#5205=AXIS2_PLACEMENT_3D('',#8186,#6659,#6660);
#5206=AXIS2_PLACEMENT_3D('',#8187,#6661,#6662);
#5207=AXIS2_PLACEMENT_3D('',#8191,#6664,#6665);
#5208=AXIS2_PLACEMENT_3D('',#8192,#6666,#6667);
#5209=AXIS2_PLACEMENT_3D('',#8193,#6668,#6669);
#5210=AXIS2_PLACEMENT_3D('',#8196,#6670,#6671);
#5211=AXIS2_PLACEMENT_3D('',#8197,#6672,#6673);
#5212=AXIS2_PLACEMENT_3D('',#8201,#6675,#6676);
#5213=AXIS2_PLACEMENT_3D('',#8202,#6677,#6678);
#5214=AXIS2_PLACEMENT_3D('',#8203,#6679,#6680);
#5215=AXIS2_PLACEMENT_3D('',#8206,#6681,#6682);
#5216=AXIS2_PLACEMENT_3D('',#8207,#6683,#6684);
#5217=AXIS2_PLACEMENT_3D('',#8211,#6686,#6687);
#5218=AXIS2_PLACEMENT_3D('',#8212,#6688,#6689);
#5219=AXIS2_PLACEMENT_3D('',#8213,#6690,#6691);
#5220=AXIS2_PLACEMENT_3D('',#8217,#6693,#6694);
#5221=AXIS2_PLACEMENT_3D('',#8218,#6695,#6696);
#5222=AXIS2_PLACEMENT_3D('',#8219,#6697,#6698);
#5223=AXIS2_PLACEMENT_3D('',#8222,#6699,#6700);
#5224=AXIS2_PLACEMENT_3D('',#8223,#6701,#6702);
#5225=AXIS2_PLACEMENT_3D('',#8225,#6704,#6705);
#5226=AXIS2_PLACEMENT_3D('',#8228,#6706,#6707);
#5227=AXIS2_PLACEMENT_3D('',#8229,#6708,#6709);
#5228=AXIS2_PLACEMENT_3D('',#8231,#6711,#6712);
#5229=AXIS2_PLACEMENT_3D('',#8234,#6713,#6714);
#5230=AXIS2_PLACEMENT_3D('',#8235,#6715,#6716);
#5231=AXIS2_PLACEMENT_3D('',#8237,#6718,#6719);
#5232=AXIS2_PLACEMENT_3D('',#8240,#6720,#6721);
#5233=AXIS2_PLACEMENT_3D('',#8244,#6723,#6724);
#5234=AXIS2_PLACEMENT_3D('',#8245,#6725,#6726);
#5235=AXIS2_PLACEMENT_3D('',#8246,#6727,#6728);
#5236=AXIS2_PLACEMENT_3D('',#8247,#6729,#6730);
#5237=AXIS2_PLACEMENT_3D('',#8250,#6731,#6732);
#5238=AXIS2_PLACEMENT_3D('',#8251,#6733,#6734);
#5239=AXIS2_PLACEMENT_3D('',#8255,#6736,#6737);
#5240=AXIS2_PLACEMENT_3D('',#8256,#6738,#6739);
#5241=AXIS2_PLACEMENT_3D('',#8257,#6740,#6741);
#5242=AXIS2_PLACEMENT_3D('',#8260,#6742,#6743);
#5243=AXIS2_PLACEMENT_3D('',#8261,#6744,#6745);
#5244=AXIS2_PLACEMENT_3D('',#8263,#6747,#6748);
#5245=AXIS2_PLACEMENT_3D('',#8266,#6749,#6750);
#5246=AXIS2_PLACEMENT_3D('',#8267,#6751,#6752);
#5247=AXIS2_PLACEMENT_3D('',#8269,#6754,#6755);
#5248=AXIS2_PLACEMENT_3D('',#8272,#6756,#6757);
#5249=AXIS2_PLACEMENT_3D('',#8273,#6758,#6759);
#5250=AXIS2_PLACEMENT_3D('',#8275,#6761,#6762);
#5251=AXIS2_PLACEMENT_3D('',#8277,#6763,#6764);
#5252=AXIS2_PLACEMENT_3D('',#8279,#6765,#6766);
#5253=AXIS2_PLACEMENT_3D('',#8280,#6767,#6768);
#5254=AXIS2_PLACEMENT_3D('',#8282,#6769,#6770);
#5255=AXIS2_PLACEMENT_3D('',#8284,#6771,#6772);
#5256=AXIS2_PLACEMENT_3D('',#8285,#6773,#6774);
#5257=AXIS2_PLACEMENT_3D('',#8287,#6775,#6776);
#5258=AXIS2_PLACEMENT_3D('',#8289,#6777,#6778);
#5259=AXIS2_PLACEMENT_3D('',#8290,#6779,#6780);
#5260=AXIS2_PLACEMENT_3D('',#8292,#6781,#6782);
#5261=AXIS2_PLACEMENT_3D('',#8294,#6783,#6784);
#5262=AXIS2_PLACEMENT_3D('',#8295,#6785,#6786);
#5263=AXIS2_PLACEMENT_3D('',#8297,#6787,#6788);
#5264=AXIS2_PLACEMENT_3D('',#8299,#6789,#6790);
#5265=AXIS2_PLACEMENT_3D('',#8300,#6791,#6792);
#5266=AXIS2_PLACEMENT_3D('',#8301,#6793,#6794);
#5267=AXIS2_PLACEMENT_3D('',#8302,#6795,#6796);
#5268=AXIS2_PLACEMENT_3D('',#8306,#6798,#6799);
#5269=AXIS2_PLACEMENT_3D('',#8307,#6800,#6801);
#5270=AXIS2_PLACEMENT_3D('',#8308,#6802,#6803);
#5271=AXIS2_PLACEMENT_3D('',#8310,#6804,#6805);
#5272=AXIS2_PLACEMENT_3D('',#8313,#6807,#6808);
#5273=AXIS2_PLACEMENT_3D('',#8314,#6809,#6810);
#5274=AXIS2_PLACEMENT_3D('',#8315,#6811,#6812);
#5275=AXIS2_PLACEMENT_3D('',#8316,#6813,#6814);
#5276=AXIS2_PLACEMENT_3D('',#8317,#6815,#6816);
#5277=AXIS2_PLACEMENT_3D('',#8319,#6817,#6818);
#5278=AXIS2_PLACEMENT_3D('',#8322,#6820,#6821);
#5279=AXIS2_PLACEMENT_3D('',#8323,#6822,#6823);
#5280=AXIS2_PLACEMENT_3D('',#8325,#6824,#6825);
#5281=AXIS2_PLACEMENT_3D('',#8328,#6827,#6828);
#5282=AXIS2_PLACEMENT_3D('',#8329,#6829,#6830);
#5283=AXIS2_PLACEMENT_3D('',#8330,#6831,#6832);
#5284=AXIS2_PLACEMENT_3D('',#8331,#6833,#6834);
#5285=AXIS2_PLACEMENT_3D('',#8332,#6835,#6836);
#5286=AXIS2_PLACEMENT_3D('',#8333,#6837,#6838);
#5287=AXIS2_PLACEMENT_3D('',#8334,#6839,#6840);
#5288=AXIS2_PLACEMENT_3D('',#8335,#6841,#6842);
#5289=AXIS2_PLACEMENT_3D('',#8336,#6843,#6844);
#5290=AXIS2_PLACEMENT_3D('',#8337,#6845,#6846);
#5291=AXIS2_PLACEMENT_3D('',#8338,#6847,#6848);
#5292=AXIS2_PLACEMENT_3D('',#8342,#6850,#6851);
#5293=AXIS2_PLACEMENT_3D('',#8343,#6852,#6853);
#5294=AXIS2_PLACEMENT_3D('',#8344,#6854,#6855);
#5295=AXIS2_PLACEMENT_3D('',#8346,#6856,#6857);
#5296=AXIS2_PLACEMENT_3D('',#8349,#6859,#6860);
#5297=AXIS2_PLACEMENT_3D('',#8350,#6861,#6862);
#5298=AXIS2_PLACEMENT_3D('',#8351,#6863,#6864);
#5299=AXIS2_PLACEMENT_3D('',#8352,#6865,#6866);
#5300=AXIS2_PLACEMENT_3D('',#8353,#6867,#6868);
#5301=AXIS2_PLACEMENT_3D('',#8355,#6869,#6870);
#5302=AXIS2_PLACEMENT_3D('',#8358,#6872,#6873);
#5303=AXIS2_PLACEMENT_3D('',#8359,#6874,#6875);
#5304=AXIS2_PLACEMENT_3D('',#8361,#6876,#6877);
#5305=AXIS2_PLACEMENT_3D('',#8364,#6879,#6880);
#5306=AXIS2_PLACEMENT_3D('',#8365,#6881,#6882);
#5307=AXIS2_PLACEMENT_3D('',#8366,#6883,#6884);
#5308=AXIS2_PLACEMENT_3D('',#8367,#6885,#6886);
#5309=AXIS2_PLACEMENT_3D('',#8368,#6887,#6888);
#5310=AXIS2_PLACEMENT_3D('',#8369,#6889,#6890);
#5311=AXIS2_PLACEMENT_3D('',#8370,#6891,#6892);
#5312=AXIS2_PLACEMENT_3D('',#8371,#6893,#6894);
#5313=AXIS2_PLACEMENT_3D('',#8372,#6895,#6896);
#5314=AXIS2_PLACEMENT_3D('',#8373,#6897,#6898);
#5315=AXIS2_PLACEMENT_3D('',#8374,#6899,#6900);
#5316=AXIS2_PLACEMENT_3D('',#8375,#6901,#6902);
#5317=AXIS2_PLACEMENT_3D('',#8376,#6903,#6904);
#5318=AXIS2_PLACEMENT_3D('',#8377,#6905,#6906);
#5319=AXIS2_PLACEMENT_3D('',#8378,#6907,#6908);
#5320=AXIS2_PLACEMENT_3D('',#8379,#6909,#6910);
#5321=AXIS2_PLACEMENT_3D('',#8380,#6911,#6912);
#5322=AXIS2_PLACEMENT_3D('',#8381,#6913,#6914);
#5323=AXIS2_PLACEMENT_3D('',#8382,#6915,#6916);
#5324=AXIS2_PLACEMENT_3D('',#8383,#6917,#6918);
#5325=AXIS2_PLACEMENT_3D('',#8386,#6921,#6922);
#5326=AXIS2_PLACEMENT_3D('',#8387,#6923,#6924);
#5327=AXIS2_PLACEMENT_3D('',#8388,#6925,#6926);
#5328=AXIS2_PLACEMENT_3D('',#8391,#6929,#6930);
#5329=AXIS2_PLACEMENT_3D('',#8392,#6931,#6932);
#5330=AXIS2_PLACEMENT_3D('',#8393,#6933,#6934);
#5331=AXIS2_PLACEMENT_3D('',#8395,#6936,#6937);
#5332=AXIS2_PLACEMENT_3D('',#8397,#6939,#6940);
#5333=AXIS2_PLACEMENT_3D('',#8398,#6941,#6942);
#5334=AXIS2_PLACEMENT_3D('',#8401,#6945,#6946);
#5335=AXIS2_PLACEMENT_3D('',#8402,#6947,#6948);
#5336=AXIS2_PLACEMENT_3D('',#8403,#6949,#6950);
#5337=AXIS2_PLACEMENT_3D('',#8406,#6953,#6954);
#5338=AXIS2_PLACEMENT_3D('',#8407,#6955,#6956);
#5339=AXIS2_PLACEMENT_3D('',#8408,#6957,#6958);
#5340=AXIS2_PLACEMENT_3D('',#8409,#6959,#6960);
#5341=AXIS2_PLACEMENT_3D('',#8410,#6961,#6962);
#5342=DIRECTION('axis',(0.,0.,1.));
#5343=DIRECTION('refdir',(1.,0.,0.));
#5344=DIRECTION('axis',(0.,0.,1.));
#5345=DIRECTION('refdir',(1.,0.,0.));
#5346=DIRECTION('center_axis',(1.,0.,5.66245565720257E-16));
#5347=DIRECTION('ref_axis',(5.60602278376639E-16,1.02615544467831E-34,-1.));
#5348=DIRECTION('center_axis',(1.,1.86887482130209E-17,5.66245565720256E-16));
#5349=DIRECTION('ref_axis',(5.66245565720256E-16,2.08081520726434E-34,-1.));
#5350=DIRECTION('',(0.707106781186545,8.65956056235495E-17,0.70710678118655));
#5351=DIRECTION('center_axis',(-1.,-1.86887482130209E-17,-5.66245565720256E-16));
#5352=DIRECTION('ref_axis',(5.55111512312578E-16,0.,-1.));
#5353=DIRECTION('center_axis',(-1.,-1.86887482130209E-17,-5.66245565720256E-16));
#5354=DIRECTION('ref_axis',(5.55111512312578E-16,0.,-1.));
#5355=DIRECTION('center_axis',(-1.,-1.86887482130209E-17,-5.66245565720256E-16));
#5356=DIRECTION('ref_axis',(-5.66245565720256E-16,0.,1.));
#5357=DIRECTION('center_axis',(-1.,-1.86887482130209E-17,-5.66245565720256E-16));
#5358=DIRECTION('ref_axis',(5.66245565720256E-16,2.08081520726418E-34,-1.));
#5359=DIRECTION('center_axis',(1.,1.86887482130209E-17,5.66245565720256E-16));
#5360=DIRECTION('ref_axis',(-5.66245565720256E-16,0.,1.));
#5361=DIRECTION('center_axis',(1.,1.86887482130209E-17,5.66245565720256E-16));
#5362=DIRECTION('ref_axis',(-5.66245565720256E-16,0.,1.));
#5363=DIRECTION('center_axis',(1.,1.86887482130209E-17,5.66245565720256E-16));
#5364=DIRECTION('ref_axis',(-5.66245565720256E-16,0.,1.));
#5365=DIRECTION('center_axis',(1.,1.86887482130209E-17,5.66245565720256E-16));
#5366=DIRECTION('ref_axis',(-5.66245565720256E-16,0.,1.));
#5367=DIRECTION('center_axis',(1.,1.86887482130209E-17,5.66245565720256E-16));
#5368=DIRECTION('ref_axis',(-5.66245565720256E-16,0.,1.));
#5369=DIRECTION('center_axis',(1.,1.86887482130209E-17,5.66245565720256E-16));
#5370=DIRECTION('ref_axis',(-5.66245565720256E-16,0.,1.));
#5371=DIRECTION('center_axis',(-1.,-1.86887482130209E-17,-5.66245565720256E-16));
#5372=DIRECTION('ref_axis',(-9.24279651981249E-17,0.990327040250632,0.138752849874963));
#5373=DIRECTION('center_axis',(1.,1.86887482130209E-17,5.66245565720256E-16));
#5374=DIRECTION('ref_axis',(-2.24087593575732E-22,0.999999999999943,3.36400267642006E-7));
#5375=DIRECTION('',(-5.66245566322504E-16,3.2225178925414E-8,0.999999999999999));
#5376=DIRECTION('center_axis',(1.,1.86887482130209E-17,5.66245565720256E-16));
#5377=DIRECTION('ref_axis',(-5.58313665438275E-16,0.545454545455396,0.838140405207891));
#5378=DIRECTION('center_axis',(-1.,-1.86887482130209E-17,-5.66245565720256E-16));
#5379=DIRECTION('ref_axis',(-5.58312889611927E-16,0.545456335073,0.838139240537473));
#5380=DIRECTION('center_axis',(1.,1.86887482130209E-17,5.66245565720256E-16));
#5381=DIRECTION('ref_axis',(-6.16365200372752E-16,-0.379266789051158,0.925287362240955));
#5382=DIRECTION('center_axis',(1.,1.86887482130209E-17,5.66245565720256E-16));
#5383=DIRECTION('ref_axis',(8.93882106555248E-17,-0.990955679688272,-0.134189570733179));
#5384=DIRECTION('center_axis',(1.,1.86887482130209E-17,5.66245565720256E-16));
#5385=DIRECTION('ref_axis',(4.97013203642651E-16,0.486820835791443,-0.873501845355418));
#5386=DIRECTION('center_axis',(-1.,-1.86887482130209E-17,-5.66245565720256E-16));
#5387=DIRECTION('ref_axis',(4.97013203642651E-16,0.486820835791443,-0.873501845355418));
#5388=DIRECTION('center_axis',(1.,1.86887482130209E-17,5.66245565720256E-16));
#5389=DIRECTION('ref_axis',(4.927598869739E-16,0.499997873433589,-0.866026631554647));
#5390=DIRECTION('',(-2.99306532364224E-16,0.866026631554646,0.499997873433591));
#5391=DIRECTION('center_axis',(1.,1.86887482130209E-17,5.66245565720256E-16));
#5392=DIRECTION('ref_axis',(-7.89488975755616E-17,0.990327037631743,0.138752868566872));
#5393=DIRECTION('center_axis',(-1.,-1.86887482130209E-17,-5.66245565720256E-16));
#5394=DIRECTION('ref_axis',(-5.25094588573466E-16,-0.61532703708646,0.788271931144575));
#5395=DIRECTION('center_axis',(1.,1.86887482130209E-17,5.66245565720256E-16));
#5396=DIRECTION('ref_axis',(-5.76888805915085E-16,-0.499999999999958,0.866025403784463));
#5397=DIRECTION('',(2.99314955030569E-16,-0.866017876758237,-0.500013036965193));
#5398=DIRECTION('center_axis',(1.,1.86887482130209E-17,5.66245565720256E-16));
#5399=DIRECTION('ref_axis',(-3.550978868947E-17,-0.998578155575923,0.0533072903699675));
#5400=DIRECTION('center_axis',(-1.,-1.86887482130209E-17,-5.66245565720256E-16));
#5401=DIRECTION('ref_axis',(-3.55120012341048E-17,-0.998577978259617,0.0533106118416984));
#5402=DIRECTION('center_axis',(1.,1.86887482130209E-17,5.66245565720256E-16));
#5403=DIRECTION('ref_axis',(5.26977366460686E-16,-0.611688964616184,-0.79109835707501));
#5404=DIRECTION('center_axis',(1.,1.86887482130209E-17,5.66245565720256E-16));
#5405=DIRECTION('ref_axis',(5.26977364737928E-16,0.611688967960926,-0.791098354488806));
#5406=DIRECTION('center_axis',(1.,1.86887482130209E-17,5.66245565720256E-16));
#5407=DIRECTION('ref_axis',(-5.71776048880847E-16,0.513064370442943,0.858350133559719));
#5408=DIRECTION('center_axis',(-1.,-1.86887482130209E-17,-5.66245565720256E-16));
#5409=DIRECTION('ref_axis',(-5.71778481419615E-16,0.513058261101154,0.858353785286615));
#5410=DIRECTION('center_axis',(1.,1.86887482130209E-17,5.66245565720256E-16));
#5411=DIRECTION('ref_axis',(-5.76882769945115E-16,0.50001569412577,0.866016342587093));
#5412=DIRECTION('',(-2.6694537493711E-16,-0.866017876758276,0.500013036965125));
#5413=DIRECTION('center_axis',(1.,1.86887482130209E-17,5.66245565720256E-16));
#5414=DIRECTION('ref_axis',(-5.25094593376154E-16,-0.615327027850268,0.78827193835437));
#5415=DIRECTION('center_axis',(1.,1.86887482130209E-17,5.66245565720256E-16));
#5416=DIRECTION('ref_axis',(-6.16365200279826E-16,0.379266789391492,0.925287362101455));
#5417=DIRECTION('center_axis',(1.,1.86887482130209E-17,5.66245565720256E-16));
#5418=DIRECTION('ref_axis',(-1.01032556388117E-17,-0.999884974347378,0.0151670061100605));
#5419=DIRECTION('center_axis',(-1.,-1.86887482130209E-17,-5.66245565720256E-16));
#5420=DIRECTION('ref_axis',(-1.00930675739514E-17,-0.999885206226136,0.0151517117883575));
#5421=DIRECTION('center_axis',(1.,1.86887482130209E-17,5.66245565720256E-16));
#5422=DIRECTION('ref_axis',(2.49640296539897E-21,-0.999999999992978,-3.74759982157914E-6));
#5423=DIRECTION('',(5.66245566323045E-16,-3.22541120699893E-8,-0.999999999999999));
#5424=DIRECTION('center_axis',(1.,1.86887482130209E-17,5.66245565720256E-16));
#5425=DIRECTION('ref_axis',(6.17522571028787E-16,-0.375000009791656,-0.927024806926038));
#5426=DIRECTION('center_axis',(-1.,-1.86887482130209E-17,-5.66245565720256E-16));
#5427=DIRECTION('ref_axis',(5.14602144012204E-16,-0.375000003164221,-0.927024809606967));
#5428=DIRECTION('center_axis',(1.,1.86887482130209E-17,5.66245565720256E-16));
#5429=DIRECTION('ref_axis',(4.80740671595906E-16,-0.499999999999953,-0.866025403784466));
#5430=DIRECTION('',(2.66936625038414E-16,0.866026631554666,-0.499997873433557));
#5431=DIRECTION('center_axis',(1.,1.86887482130209E-17,5.66245565720256E-16));
#5432=DIRECTION('ref_axis',(4.94852878439775E-16,0.453123610120865,-0.891447695577836));
#5433=DIRECTION('center_axis',(-1.,-1.86887482130209E-17,-5.66245565720256E-16));
#5434=DIRECTION('ref_axis',(4.94853289184155E-16,0.45312215442232,-0.89144843550913));
#5435=DIRECTION('center_axis',(1.,1.86887482130209E-17,5.66245565720256E-16));
#5436=DIRECTION('ref_axis',(7.44898609655757E-17,0.990955756427148,-0.134189004034979));
#5437=DIRECTION('center_axis',(-1.,0.,-5.55111512312578E-16));
#5438=DIRECTION('ref_axis',(-5.55111512312578E-16,0.,1.));
#5439=DIRECTION('',(1.,0.,5.55111512312578E-16));
#5440=DIRECTION('center_axis',(1.,1.86887482130209E-17,5.66245565720256E-16));
#5441=DIRECTION('ref_axis',(-5.55111512312578E-16,0.,1.));
#5442=DIRECTION('center_axis',(-1.,-1.86887482130209E-17,-5.66245565720256E-16));
#5443=DIRECTION('ref_axis',(-6.45947941600091E-16,0.,1.));
#5444=DIRECTION('center_axis',(1.,1.86887482130209E-17,5.66245565720256E-16));
#5445=DIRECTION('ref_axis',(5.66245565720256E-16,1.01184212441555E-16,-1.));
#5446=DIRECTION('center_axis',(1.86887482130208E-17,-1.,1.00929365875014E-16));
#5447=DIRECTION('ref_axis',(4.03717463500057E-16,-1.00929365875014E-16,
-1.));
#5448=DIRECTION('center_axis',(-1.,-1.86887482130209E-17,-5.66245565720256E-16));
#5449=DIRECTION('ref_axis',(5.66150661705158E-16,1.01184212441555E-16,-1.));
#5450=DIRECTION('center_axis',(-1.,-1.86887482130209E-17,-5.66245565720256E-16));
#5451=DIRECTION('ref_axis',(5.66150661705158E-16,1.01184212441555E-16,-1.));
#5452=DIRECTION('center_axis',(1.,1.86887482130209E-17,5.66245565720256E-16));
#5453=DIRECTION('ref_axis',(5.66245565720256E-16,1.01184212441555E-16,-1.));
#5454=DIRECTION('center_axis',(-1.,0.,0.));
#5455=DIRECTION('ref_axis',(0.,0.,1.));
#5456=DIRECTION('',(1.,0.,0.));
#5457=DIRECTION('center_axis',(1.,1.86887482130209E-17,5.66245565720256E-16));
#5458=DIRECTION('ref_axis',(0.,0.,1.));
#5459=DIRECTION('center_axis',(1.,1.86887482130209E-17,5.66245565720256E-16));
#5460=DIRECTION('ref_axis',(0.,0.,1.));
#5461=DIRECTION('center_axis',(-1.,-1.86887482130209E-17,-5.66245565720256E-16));
#5462=DIRECTION('ref_axis',(-5.66245565720256E-16,0.,1.));
#5463=DIRECTION('center_axis',(-1.,0.,-5.66245565720255E-16));
#5464=DIRECTION('ref_axis',(5.61297097594081E-16,1.15600845876159E-34,-1.));
#5465=DIRECTION('',(0.707106781186547,-8.65956056235495E-17,-0.707106781186548));
#5466=DIRECTION('center_axis',(1.,1.86887482130209E-17,5.66245565720256E-16));
#5467=DIRECTION('ref_axis',(5.55111512312579E-16,0.,-1.));
#5468=DIRECTION('center_axis',(1.,1.86887482130209E-17,5.66245565720256E-16));
#5469=DIRECTION('ref_axis',(5.55111512312579E-16,0.,-1.));
#5470=DIRECTION('center_axis',(1.,0.,5.55111512312579E-16));
#5471=DIRECTION('ref_axis',(-5.55111512312579E-16,0.,1.));
#5472=DIRECTION('',(1.,0.,5.55111512312579E-16));
#5473=DIRECTION('center_axis',(1.,1.86887482130209E-17,5.66245565720256E-16));
#5474=DIRECTION('ref_axis',(-5.66245565720256E-16,0.,1.));
#5475=DIRECTION('center_axis',(1.,1.86887482130209E-17,5.66245565720256E-16));
#5476=DIRECTION('ref_axis',(-5.66245565720256E-16,0.,1.));
#5477=DIRECTION('center_axis',(-1.,-1.86887482130209E-17,-5.66245565720256E-16));
#5478=DIRECTION('ref_axis',(-5.66245565720256E-16,0.,1.));
#5479=DIRECTION('center_axis',(-1.,-1.86887482130209E-17,-5.66245565720256E-16));
#5480=DIRECTION('ref_axis',(-5.66245565720256E-16,0.,1.));
#5481=DIRECTION('',(1.,1.86887482130209E-17,5.66245565720256E-16));
#5482=DIRECTION('center_axis',(-1.,-1.86887482130209E-17,-5.66245565720256E-16));
#5483=DIRECTION('ref_axis',(-5.66245565720256E-16,0.,1.));
#5484=DIRECTION('center_axis',(-1.,-1.86887482130209E-17,-5.66245565720256E-16));
#5485=DIRECTION('ref_axis',(-5.66245565720256E-16,0.,1.));
#5486=DIRECTION('center_axis',(-1.,-1.86887482130209E-17,-5.66245565720256E-16));
#5487=DIRECTION('ref_axis',(-5.66245565720256E-16,0.,1.));
#5488=DIRECTION('center_axis',(-1.,-1.86887482130209E-17,-5.66245565720256E-16));
#5489=DIRECTION('ref_axis',(-5.66245565720256E-16,0.,1.));
#5490=DIRECTION('',(1.,1.86887482130209E-17,5.66245565720256E-16));
#5491=DIRECTION('center_axis',(-1.,-1.86887482130209E-17,-5.66245565720256E-16));
#5492=DIRECTION('ref_axis',(-5.66245565720256E-16,0.,1.));
#5493=DIRECTION('center_axis',(-1.,-1.86887482130209E-17,-5.66245565720256E-16));
#5494=DIRECTION('ref_axis',(-5.66245565720256E-16,0.,1.));
#5495=DIRECTION('center_axis',(-1.,-1.86887482130209E-17,-5.66245565720256E-16));
#5496=DIRECTION('ref_axis',(-5.66245565720256E-16,0.,1.));
#5497=DIRECTION('center_axis',(-1.,-1.86887482130209E-17,-5.66245565720256E-16));
#5498=DIRECTION('ref_axis',(-5.66245565720256E-16,0.,1.));
#5499=DIRECTION('',(1.,1.86887482130209E-17,5.66245565720256E-16));
#5500=DIRECTION('center_axis',(-1.,-1.86887482130209E-17,-5.66245565720256E-16));
#5501=DIRECTION('ref_axis',(-5.66245565720256E-16,0.,1.));
#5502=DIRECTION('center_axis',(-1.,-1.86887482130209E-17,-5.66245565720256E-16));
#5503=DIRECTION('ref_axis',(-5.66245565720256E-16,0.,1.));
#5504=DIRECTION('center_axis',(-1.,-1.86887482130209E-17,-5.66245565720256E-16));
#5505=DIRECTION('ref_axis',(-5.66245565720256E-16,0.,1.));
#5506=DIRECTION('center_axis',(-1.,-1.86887482130209E-17,-5.66245565720256E-16));
#5507=DIRECTION('ref_axis',(-5.66245565720256E-16,0.,1.));
#5508=DIRECTION('center_axis',(1.,1.86887482130209E-17,5.66245565720257E-16));
#5509=DIRECTION('ref_axis',(9.45039705815244E-17,-0.990955679688272,-0.134189570733179));
#5510=DIRECTION('center_axis',(-1.,-1.86887482130209E-17,-5.66245565720256E-16));
#5511=DIRECTION('ref_axis',(6.56224633373953E-16,-0.171843063463515,-0.985124338111426));
#5512=DIRECTION('center_axis',(1.,1.86887482130209E-17,5.66245565720256E-16));
#5513=DIRECTION('ref_axis',(6.56225604628502E-16,-0.171834704710136,-0.985125796158633));
#5514=DIRECTION('center_axis',(-1.,-1.86887482130209E-17,-5.66245565720256E-16));
#5515=DIRECTION('ref_axis',(5.40616212618462E-16,0.584251041848575,-0.811572991232985));
#5516=DIRECTION('center_axis',(-1.,-1.86887482130209E-17,-5.66245565720256E-16));
#5517=DIRECTION('ref_axis',(-9.70761586765364E-17,0.990327040250632,0.138752849874963));
#5518=DIRECTION('center_axis',(-1.,-1.86887482130209E-17,-5.66245565720256E-16));
#5519=DIRECTION('ref_axis',(-5.32609771009854E-16,-0.351832713373205,0.936062894147849));
#5520=DIRECTION('center_axis',(1.,1.86887482130209E-17,5.66245565720256E-16));
#5521=DIRECTION('ref_axis',(-5.32610532651505E-16,-0.351829151996557,0.936064232734797));
#5522=DIRECTION('center_axis',(-1.,-1.86887482130209E-17,-5.66245565720256E-16));
#5523=DIRECTION('ref_axis',(-1.09603834412415E-16,-0.981271660688204,0.192628990368051));
#5524=DIRECTION('center_axis',(-1.,-1.86887482130209E-17,-5.66245565720256E-16));
#5525=DIRECTION('ref_axis',(-5.66245565720256E-16,0.,1.));
#5526=DIRECTION('center_axis',(1.,1.86887482130209E-17,5.66245565720256E-16));
#5527=DIRECTION('ref_axis',(-2.2898328469078E-16,0.93906131775647,0.343749678535823));
#5528=DIRECTION('center_axis',(-1.,-1.86887482130209E-17,-5.66245565720256E-16));
#5529=DIRECTION('ref_axis',(-6.07357355880057E-16,0.410712761925745,0.911764787207384));
#5530=DIRECTION('center_axis',(-1.,-1.86887482130208E-17,-5.66245565720257E-16));
#5531=DIRECTION('ref_axis',(-4.34855793527586E-16,-0.61532703708646,0.788271931144575));
#5532=DIRECTION('center_axis',(-1.,-1.86887482130209E-17,-5.66245565720256E-16));
#5533=DIRECTION('ref_axis',(5.14739927174459E-16,-0.634737889184193,-0.772727514738537));
#5534=DIRECTION('center_axis',(1.,1.86887482130209E-17,5.66245565720256E-16));
#5535=DIRECTION('ref_axis',(5.14739927172724E-16,-0.634737889187364,-0.772727514735932));
#5536=DIRECTION('center_axis',(-1.,-1.86887482130209E-17,-5.66245565720256E-16));
#5537=DIRECTION('ref_axis',(6.3024297703782E-16,0.323814238504843,-0.9461206788468));
#5538=DIRECTION('center_axis',(1.,1.86887482130209E-17,5.66245565720257E-16));
#5539=DIRECTION('ref_axis',(4.36524234170974E-16,0.611688967960926,-0.791098354488806));
#5540=DIRECTION('center_axis',(-1.,-1.86887482130209E-17,-5.66245565720256E-16));
#5541=DIRECTION('ref_axis',(-2.28983284702749E-16,0.939061317749893,0.343749678553791));
#5542=DIRECTION('center_axis',(-1.,-1.86887482130209E-17,-5.66245565720256E-16));
#5543=DIRECTION('ref_axis',(-5.66245565720256E-16,0.,1.));
#5544=DIRECTION('center_axis',(-1.,-1.86887482130209E-17,-5.66245565720256E-16));
#5545=DIRECTION('ref_axis',(1.08804848061469E-16,0.986570197766904,-0.163337824395245));
#5546=DIRECTION('center_axis',(1.,1.86887482130209E-17,5.66245565720256E-16));
#5547=DIRECTION('ref_axis',(1.08803219384123E-16,0.986570602556191,-0.163335379425015));
#5548=DIRECTION('center_axis',(-1.,-1.86887482130209E-17,-5.66245565720256E-16));
#5549=DIRECTION('ref_axis',(-5.01925156045644E-16,0.657459388220092,0.753489981911679));
#5550=DIRECTION('center_axis',(1.,1.86887482130209E-17,5.66245565720257E-16));
#5551=DIRECTION('ref_axis',(-5.31027887339441E-16,0.379266789391492,0.925287362101455));
#5552=DIRECTION('center_axis',(-1.,-1.86887482130209E-17,-5.66245565720256E-16));
#5553=DIRECTION('ref_axis',(-3.56035266608509E-16,-0.767226613040472,0.641376117611535));
#5554=DIRECTION('center_axis',(1.,1.86887482130209E-17,5.66245565720256E-16));
#5555=DIRECTION('ref_axis',(-3.56037823990157E-16,-0.767222761742815,0.641380724580749));
#5556=DIRECTION('center_axis',(-1.,-1.86887482130209E-17,-5.66245565720256E-16));
#5557=DIRECTION('ref_axis',(5.56192359486593E-17,-0.994967848960612,-0.100194708117205));
#5558=DIRECTION('center_axis',(-1.,-1.86887482130209E-17,-5.66245565720257E-16));
#5559=DIRECTION('ref_axis',(5.31931968391628E-16,-0.375000003164221,-0.927024809606967));
#5560=DIRECTION('center_axis',(1.,0.,6.66133814775094E-16));
#5561=DIRECTION('ref_axis',(5.40616212618462E-16,0.584251041848575,-0.811572991232985));
#5562=DIRECTION('',(1.,0.,6.66133814775094E-16));
#5563=DIRECTION('center_axis',(1.,1.86887482130209E-17,5.66245565720256E-16));
#5564=DIRECTION('ref_axis',(4.48630686929699E-16,0.584251041848575,-0.811572991232985));
#5565=DIRECTION('',(1.,0.,6.66133814775094E-16));
#5566=DIRECTION('center_axis',(1.,0.,6.66133814775094E-16));
#5567=DIRECTION('ref_axis',(6.56225604628502E-16,-0.171834704710136,-0.985125796158633));
#5568=DIRECTION('',(1.,0.,6.66133814775094E-16));
#5569=DIRECTION('center_axis',(-1.,-1.86887482130209E-17,-5.66245565720256E-16));
#5570=DIRECTION('ref_axis',(5.6103448928205E-16,-0.171834704710136,-0.985125796158633));
#5571=DIRECTION('center_axis',(1.,0.,6.66133814775094E-16));
#5572=DIRECTION('ref_axis',(6.56224633373953E-16,-0.171843063463515,-0.985124338111426));
#5573=DIRECTION('',(1.,0.,6.66133814775094E-16));
#5574=DIRECTION('center_axis',(1.,1.86887482130209E-17,5.66245565720256E-16));
#5575=DIRECTION('ref_axis',(5.61033819883921E-16,-0.171843063463515,-0.985124338111426));
#5576=DIRECTION('center_axis',(1.,0.,6.66133814775094E-16));
#5577=DIRECTION('ref_axis',(5.14739927174459E-16,-0.634737889184193,-0.772727514738537));
#5578=DIRECTION('',(1.,0.,6.66133814775094E-16));
#5579=DIRECTION('center_axis',(1.,1.86887482130208E-17,5.66245565720256E-16));
#5580=DIRECTION('ref_axis',(4.49415985322958E-16,-0.634737889184193,-0.772727514738537));
#5581=DIRECTION('',(1.,0.,6.66133814775094E-16));
#5582=DIRECTION('center_axis',(1.,0.,6.66133814775094E-16));
#5583=DIRECTION('ref_axis',(-6.07357355880057E-16,0.410712761925745,0.911764787207384));
#5584=DIRECTION('',(1.,0.,6.66133814775094E-16));
#5585=DIRECTION('center_axis',(1.,1.86887482130209E-17,5.66245565720257E-16));
#5586=DIRECTION('ref_axis',(-5.23958475131559E-16,0.410712761925745,0.911764787207384));
#5587=DIRECTION('',(1.,0.,6.66133814775094E-16));
#5588=DIRECTION('center_axis',(1.,0.,6.66133814775094E-16));
#5589=DIRECTION('ref_axis',(-2.2898328469078E-16,0.93906131775647,0.343749678535823));
#5590=DIRECTION('',(1.,0.,6.66133814775094E-16));
#5591=DIRECTION('center_axis',(-1.,-1.86887482130209E-17,-5.66245565720257E-16));
#5592=DIRECTION('ref_axis',(-2.12196611712812E-16,0.93906131775647,0.343749678535823));
#5593=DIRECTION('center_axis',(1.,0.,6.66133814775094E-16));
#5594=DIRECTION('ref_axis',(-5.01925156045644E-16,0.657459388220092,0.753489981911679));
#5595=DIRECTION('',(1.,0.,6.66133814775094E-16));
#5596=DIRECTION('center_axis',(1.,1.86887482130208E-17,5.66245565720257E-16));
#5597=DIRECTION('ref_axis',(-4.38947454038857E-16,0.657459388220092,0.753489981911679));
#5598=DIRECTION('',(1.,0.,6.66133814775094E-16));
#5599=DIRECTION('center_axis',(1.,0.,6.66133814775094E-16));
#5600=DIRECTION('ref_axis',(1.08803219384123E-16,0.986570602556191,-0.163335379425015));
#5601=DIRECTION('',(1.,0.,6.66133814775094E-16));
#5602=DIRECTION('center_axis',(-1.,-1.86887482130209E-17,-5.66245565720256E-16));
#5603=DIRECTION('ref_axis',(7.40501647391093E-17,0.986570602556191,-0.163335379425015));
#5604=DIRECTION('center_axis',(1.,0.,6.66133814775094E-16));
#5605=DIRECTION('ref_axis',(1.08804848061469E-16,0.986570197766904,-0.163337824395245));
#5606=DIRECTION('',(1.,0.,6.66133814775094E-16));
#5607=DIRECTION('center_axis',(1.,1.86887482130209E-17,5.66245565720256E-16));
#5608=DIRECTION('ref_axis',(7.40515567576655E-17,0.986570197766904,-0.163337824395245));
#5609=DIRECTION('center_axis',(1.,0.,6.66133814775094E-16));
#5610=DIRECTION('ref_axis',(-5.25094593376154E-16,-0.615327027850268,0.78827193835437));
#5611=DIRECTION('',(1.,0.,6.66133814775094E-16));
#5612=DIRECTION('center_axis',(1.,1.86887482130208E-17,5.66245565720257E-16));
#5613=DIRECTION('ref_axis',(-4.34855797782713E-16,-0.615327027850268,0.78827193835437));
#5614=DIRECTION('',(1.,0.,6.66133814775094E-16));
#5615=DIRECTION('center_axis',(-5.76883791908418E-16,0.500013036965125,
0.866017876758276));
#5616=DIRECTION('ref_axis',(-2.6694537493711E-16,-0.866017876758276,0.500013036965125));
#5617=DIRECTION('',(1.,0.,6.66133814775094E-16));
#5618=DIRECTION('',(-2.6694537493711E-16,-0.866017876758276,0.500013036965125));
#5619=DIRECTION('center_axis',(1.,0.,6.66133814775094E-16));
#5620=DIRECTION('ref_axis',(-5.76882769945115E-16,0.50001569412577,0.866016342587093));
#5621=DIRECTION('',(1.,0.,6.66133814775094E-16));
#5622=DIRECTION('center_axis',(1.,1.86887482130208E-17,5.66245565720257E-16));
#5623=DIRECTION('ref_axis',(-4.99722581241291E-16,0.50001569412577,0.866016342587093));
#5624=DIRECTION('center_axis',(1.,0.,6.66133814775094E-16));
#5625=DIRECTION('ref_axis',(-5.71778481419615E-16,0.513058261101154,0.858353785286615));
#5626=DIRECTION('',(1.,0.,6.66133814775094E-16));
#5627=DIRECTION('center_axis',(-1.,-1.86887482130209E-17,-5.66245565720256E-16));
#5628=DIRECTION('ref_axis',(-4.95627441398072E-16,0.513058261101154,0.858353785286615));
#5629=DIRECTION('center_axis',(1.,0.,6.66133814775094E-16));
#5630=DIRECTION('ref_axis',(-5.71776048880847E-16,0.513064370442943,0.858350133559719));
#5631=DIRECTION('',(1.,0.,6.66133814775094E-16));
#5632=DIRECTION('center_axis',(1.,1.86887482130208E-17,5.66245565720256E-16));
#5633=DIRECTION('ref_axis',(-4.95625487799861E-16,0.513064370442943,0.858350133559719));
#5634=DIRECTION('center_axis',(1.,0.,6.66133814775094E-16));
#5635=DIRECTION('ref_axis',(5.26977364737928E-16,0.611688967960926,-0.791098354488806));
#5636=DIRECTION('',(1.,0.,6.66133814775094E-16));
#5637=DIRECTION('center_axis',(1.,1.86887482130209E-17,5.66245565720257E-16));
#5638=DIRECTION('ref_axis',(4.36524234170974E-16,0.611688967960926,-0.791098354488806));
#5639=DIRECTION('',(1.,0.,6.66133814775094E-16));
#5640=DIRECTION('',(1.,0.,6.66133814775094E-16));
#5641=DIRECTION('center_axis',(1.,1.86887482130209E-17,5.66245565720257E-16));
#5642=DIRECTION('ref_axis',(4.36524234170974E-16,0.611688967960926,-0.791098354488806));
#5643=DIRECTION('center_axis',(1.,0.,6.66133814775094E-16));
#5644=DIRECTION('ref_axis',(6.3024297703782E-16,0.323814238504843,-0.9461206788468));
#5645=DIRECTION('',(1.,0.,6.66133814775094E-16));
#5646=DIRECTION('center_axis',(1.,1.86887482130208E-17,5.66245565720257E-16));
#5647=DIRECTION('ref_axis',(5.29684956262031E-16,0.323814238504843,-0.9461206788468));
#5648=DIRECTION('center_axis',(1.,0.,6.66133814775094E-16));
#5649=DIRECTION('ref_axis',(5.14739927172724E-16,-0.634737889187364,-0.772727514735932));
#5650=DIRECTION('center_axis',(-1.,-1.86887482130208E-17,-5.66245565720256E-16));
#5651=DIRECTION('ref_axis',(4.49415985321542E-16,-0.634737889187364,-0.772727514735932));
#5652=DIRECTION('center_axis',(1.,0.,6.66133814775094E-16));
#5653=DIRECTION('ref_axis',(-5.25094588573466E-16,-0.61532703708646,0.788271931144575));
#5654=DIRECTION('center_axis',(-1.,-1.86887482130208E-17,-5.66245565720257E-16));
#5655=DIRECTION('ref_axis',(-4.34855793527586E-16,-0.61532703708646,0.788271931144575));
#5656=DIRECTION('center_axis',(-1.,-1.86887482130208E-17,-5.66245565720257E-16));
#5657=DIRECTION('ref_axis',(-4.34855793527586E-16,-0.61532703708646,0.788271931144575));
#5658=DIRECTION('',(1.,0.,6.66133814775094E-16));
#5659=DIRECTION('center_axis',(-1.,-1.86887482130209E-17,-5.66245565720256E-16));
#5660=DIRECTION('ref_axis',(-5.66245565720256E-16,0.,1.));
#5661=DIRECTION('center_axis',(1.,0.,6.66133814775094E-16));
#5662=DIRECTION('ref_axis',(8.93882106555248E-17,-0.990955679688272,-0.134189570733179));
#5663=DIRECTION('',(1.,0.,6.66133814775094E-16));
#5664=DIRECTION('center_axis',(1.,1.86887482130209E-17,5.66245565720257E-16));
#5665=DIRECTION('ref_axis',(9.45039705815244E-17,-0.990955679688272,-0.134189570733179));
#5666=DIRECTION('',(1.,0.,5.68989300120393E-16));
#5667=DIRECTION('center_axis',(1.,1.86887482130209E-17,5.66245565720257E-16));
#5668=DIRECTION('ref_axis',(9.45039705815244E-17,-0.990955679688272,-0.134189570733179));
#5669=DIRECTION('',(1.,0.,5.68989300120393E-16));
#5670=DIRECTION('center_axis',(1.,0.,6.66133814775094E-16));
#5671=DIRECTION('ref_axis',(-6.16365200372752E-16,-0.379266789051158,0.925287362240955));
#5672=DIRECTION('',(1.,0.,6.66133814775094E-16));
#5673=DIRECTION('center_axis',(1.,1.86887482130208E-17,5.66245565720257E-16));
#5674=DIRECTION('ref_axis',(-5.16851844359796E-16,-0.379266789051158,0.925287362240955));
#5675=DIRECTION('center_axis',(1.,0.,6.66133814775094E-16));
#5676=DIRECTION('ref_axis',(-5.58312889611927E-16,0.545456335073,0.838139240537473));
#5677=DIRECTION('',(1.,0.,6.66133814775094E-16));
#5678=DIRECTION('center_axis',(-1.,-1.86887482130208E-17,-5.66245565720257E-16));
#5679=DIRECTION('ref_axis',(-4.84786524517864E-16,0.545456335073,0.838139240537473));
#5680=DIRECTION('center_axis',(1.,0.,6.66133814775094E-16));
#5681=DIRECTION('ref_axis',(-5.58313665438275E-16,0.545454545455396,0.838140405207891));
#5682=DIRECTION('',(1.,0.,6.66133814775094E-16));
#5683=DIRECTION('center_axis',(1.,1.86887482130208E-17,5.66245565720256E-16));
#5684=DIRECTION('ref_axis',(-4.84787150561611E-16,0.545454545455396,0.838140405207891));
#5685=DIRECTION('center_axis',(2.1466281369396E-23,1.,-3.2225178925414E-8));
#5686=DIRECTION('ref_axis',(-5.66245566322504E-16,3.2225178925414E-8,0.999999999999999));
#5687=DIRECTION('',(1.,0.,6.66133814775094E-16));
#5688=DIRECTION('',(-5.66245566322504E-16,3.2225178925414E-8,0.999999999999999));
#5689=DIRECTION('center_axis',(1.,0.,6.66133814775094E-16));
#5690=DIRECTION('ref_axis',(-2.24087593575732E-22,0.999999999999943,3.36400267642006E-7));
#5691=DIRECTION('',(1.,0.,6.66133814775094E-16));
#5692=DIRECTION('center_axis',(1.,1.86887482130209E-17,5.66245565720256E-16));
#5693=DIRECTION('ref_axis',(-1.86889386981797E-17,0.999999999999943,3.36400267642006E-7));
#5694=DIRECTION('center_axis',(1.,0.,6.66133814775094E-16));
#5695=DIRECTION('ref_axis',(-9.24279651981249E-17,0.990327040250632,0.138752849874963));
#5696=DIRECTION('',(1.,0.,5.68989300120393E-16));
#5697=DIRECTION('center_axis',(-1.,-1.86887482130209E-17,-5.66245565720256E-16));
#5698=DIRECTION('ref_axis',(-9.70761586765364E-17,0.990327040250632,0.138752849874963));
#5699=DIRECTION('',(1.,0.,5.68989300120393E-16));
#5700=DIRECTION('center_axis',(-1.,-1.86887482130209E-17,-5.66245565720256E-16));
#5701=DIRECTION('ref_axis',(-9.70761586765364E-17,0.990327040250632,0.138752849874963));
#5702=DIRECTION('center_axis',(-1.,-1.86887482130209E-17,-5.66245565720256E-16));
#5703=DIRECTION('ref_axis',(-5.66245565720256E-16,0.,1.));
#5704=DIRECTION('center_axis',(4.80741353145279E-16,-0.499997873433557,
-0.866026631554666));
#5705=DIRECTION('ref_axis',(2.66936625038414E-16,0.866026631554666,-0.499997873433557));
#5706=DIRECTION('',(1.,0.,5.55111512312578E-16));
#5707=DIRECTION('',(2.66936625038414E-16,0.866026631554666,-0.499997873433557));
#5708=DIRECTION('',(1.,0.,5.55111512312578E-16));
#5709=DIRECTION('center_axis',(1.,0.,5.55111512312578E-16));
#5710=DIRECTION('ref_axis',(4.80740671595906E-16,-0.499999999999953,-0.866025403784466));
#5711=DIRECTION('',(1.,0.,5.55111512312578E-16));
#5712=DIRECTION('center_axis',(1.,1.86887482130209E-17,5.66245565720256E-16));
#5713=DIRECTION('ref_axis',(4.99727418800558E-16,-0.499999999999953,-0.866025403784466));
#5714=DIRECTION('center_axis',(1.,0.,5.55111512312578E-16));
#5715=DIRECTION('ref_axis',(5.14602144012204E-16,-0.375000003164221,-0.927024809606967));
#5716=DIRECTION('',(1.,0.,6.66133814775094E-16));
#5717=DIRECTION('center_axis',(-1.,-1.86887482130209E-17,-5.66245565720257E-16));
#5718=DIRECTION('ref_axis',(5.31931968391628E-16,-0.375000003164221,-0.927024809606967));
#5719=DIRECTION('',(1.,0.,5.55111512312578E-16));
#5720=DIRECTION('center_axis',(-1.,-1.86887482130209E-17,-5.66245565720257E-16));
#5721=DIRECTION('ref_axis',(5.31931968391628E-16,-0.375000003164221,-0.927024809606967));
#5722=DIRECTION('center_axis',(1.,0.,5.55111512312578E-16));
#5723=DIRECTION('ref_axis',(5.56192359486593E-17,-0.994967848960612,-0.100194708117205));
#5724=DIRECTION('',(1.,0.,5.55111512312578E-16));
#5725=DIRECTION('center_axis',(1.,1.86887482130209E-17,5.66245565720257E-16));
#5726=DIRECTION('ref_axis',(7.53295127892788E-17,-0.994967848960612,-0.100194708117205));
#5727=DIRECTION('center_axis',(1.,0.,5.55111512312578E-16));
#5728=DIRECTION('ref_axis',(-3.56037823990157E-16,-0.767222761742815,0.641380724580749));
#5729=DIRECTION('',(1.,0.,5.55111512312578E-16));
#5730=DIRECTION('center_axis',(-1.,-1.86887482130208E-17,-5.66245565720256E-16));
#5731=DIRECTION('ref_axis',(-3.48840558214784E-16,-0.767222761742815,0.641380724580749));
#5732=DIRECTION('center_axis',(1.,0.,5.55111512312578E-16));
#5733=DIRECTION('ref_axis',(-3.56035266608509E-16,-0.767226613040472,0.641376117611535));
#5734=DIRECTION('',(1.,0.,5.55111512312578E-16));
#5735=DIRECTION('center_axis',(1.,1.86887482130209E-17,5.66245565720257E-16));
#5736=DIRECTION('ref_axis',(-3.48837877562963E-16,-0.767226613040472,0.641376117611535));
#5737=DIRECTION('center_axis',(1.,0.,5.55111512312578E-16));
#5738=DIRECTION('ref_axis',(-5.13637666899855E-16,0.379266789391492,0.925287362101455));
#5739=DIRECTION('',(1.,0.,5.55111512312578E-16));
#5740=DIRECTION('center_axis',(1.,1.86887482130209E-17,5.66245565720257E-16));
#5741=DIRECTION('ref_axis',(-5.31027887339441E-16,0.379266789391492,0.925287362101455));
#5742=DIRECTION('center_axis',(1.,1.86887482130209E-17,5.66245565720257E-16));
#5743=DIRECTION('ref_axis',(-5.31027887339441E-16,0.379266789391492,0.925287362101455));
#5744=DIRECTION('',(1.,0.,6.66133814775094E-16));
#5745=DIRECTION('center_axis',(1.,0.,5.55111512312578E-16));
#5746=DIRECTION('ref_axis',(7.44898609655757E-17,0.990955756427148,-0.134189004034979));
#5747=DIRECTION('',(1.,0.,5.55111512312578E-16));
#5748=DIRECTION('center_axis',(1.,1.86887482130209E-17,5.66245565720257E-16));
#5749=DIRECTION('ref_axis',(5.74642058811137E-17,0.990955756427148,-0.134189004034979));
#5750=DIRECTION('center_axis',(1.,0.,5.55111512312578E-16));
#5751=DIRECTION('ref_axis',(4.94853289184155E-16,0.45312215442232,-0.89144843550913));
#5752=DIRECTION('',(1.,0.,5.55111512312578E-16));
#5753=DIRECTION('center_axis',(-1.,-1.86887482130208E-17,-5.66245565720256E-16));
#5754=DIRECTION('ref_axis',(4.96310437821565E-16,0.45312215442232,-0.89144843550913));
#5755=DIRECTION('center_axis',(1.,0.,5.55111512312578E-16));
#5756=DIRECTION('ref_axis',(4.94852878439775E-16,0.453123610120865,-0.891447695577836));
#5757=DIRECTION('center_axis',(1.,1.86887482130208E-17,5.66245565720256E-16));
#5758=DIRECTION('ref_axis',(4.96309991633567E-16,0.453123610120865,-0.891447695577836));
#5759=DIRECTION('center_axis',(-1.,-1.86887482130209E-17,-5.66245565720256E-16));
#5760=DIRECTION('ref_axis',(-5.66245565720256E-16,0.,1.));
#5761=DIRECTION('center_axis',(1.,0.,6.66133814775094E-16));
#5762=DIRECTION('ref_axis',(-3.550978868947E-17,-0.998578155575923,0.0533072903699675));
#5763=DIRECTION('',(1.,0.,6.66133814775094E-16));
#5764=DIRECTION('center_axis',(1.,1.86887482130209E-17,5.66245565720257E-16));
#5765=DIRECTION('ref_axis',(-1.1522841071975E-17,-0.998578155575923,0.0533072903699675));
#5766=DIRECTION('',(1.,0.,6.66133814775094E-16));
#5767=DIRECTION('center_axis',(-5.76883791908392E-16,-0.500013036965193,
0.866017876758237));
#5768=DIRECTION('ref_axis',(2.99314955030569E-16,-0.866017876758237,-0.500013036965193));
#5769=DIRECTION('',(1.,0.,6.66133814775094E-16));
#5770=DIRECTION('',(2.99314955030569E-16,-0.866017876758237,-0.500013036965193));
#5771=DIRECTION('center_axis',(1.,0.,6.66133814775094E-16));
#5772=DIRECTION('ref_axis',(-5.76888805915085E-16,-0.499999999999958,0.866025403784463));
#5773=DIRECTION('center_axis',(1.,1.86887482130209E-17,5.66245565720256E-16));
#5774=DIRECTION('ref_axis',(-4.81038670587537E-16,-0.499999999999958,0.866025403784463));
#5775=DIRECTION('center_axis',(1.,0.,6.66133814775094E-16));
#5776=DIRECTION('ref_axis',(-2.28983284702749E-16,0.939061317749893,0.343749678553791));
#5777=DIRECTION('center_axis',(1.,1.86887482130209E-17,5.66245565720256E-16));
#5778=DIRECTION('ref_axis',(-2.12196611722863E-16,0.939061317749893,0.343749678553791));
#5779=DIRECTION('center_axis',(1.,0.,6.66133814775094E-16));
#5780=DIRECTION('ref_axis',(5.26977366460686E-16,-0.611688964616184,-0.79109835707501));
#5781=DIRECTION('',(1.,0.,6.66133814775094E-16));
#5782=DIRECTION('center_axis',(1.,1.86887482130208E-17,5.66245565720257E-16));
#5783=DIRECTION('ref_axis',(4.593876377867E-16,-0.611688964616184,-0.79109835707501));
#5784=DIRECTION('center_axis',(1.,0.,6.66133814775094E-16));
#5785=DIRECTION('ref_axis',(-3.55120012341048E-17,-0.998577978259617,0.0533106118416984));
#5786=DIRECTION('center_axis',(-1.,-1.86887482130209E-17,-5.66245565720256E-16));
#5787=DIRECTION('ref_axis',(-1.15247251544341E-17,-0.998577978259617,0.0533106118416984));
#5788=DIRECTION('center_axis',(-1.,-1.86887482130209E-17,-5.66245565720256E-16));
#5789=DIRECTION('ref_axis',(-5.66245565720256E-16,0.,1.));
#5790=DIRECTION('center_axis',(1.,0.,5.68989300120393E-16));
#5791=DIRECTION('ref_axis',(-7.89488975755616E-17,0.990327037631743,0.138752868566872));
#5792=DIRECTION('',(1.,0.,5.68989300120393E-16));
#5793=DIRECTION('center_axis',(1.,1.86887482130208E-17,5.66245565720257E-16));
#5794=DIRECTION('ref_axis',(-9.70761692118035E-17,0.990327037631743,0.138752868566872));
#5795=DIRECTION('center_axis',(4.92759886973899E-16,0.499997873433591,-0.866026631554646));
#5796=DIRECTION('ref_axis',(-2.99306532364224E-16,0.866026631554646,0.499997873433591));
#5797=DIRECTION('',(1.,0.,5.68989300120393E-16));
#5798=DIRECTION('',(-2.99306532364224E-16,0.866026631554646,0.499997873433591));
#5799=DIRECTION('center_axis',(1.,0.,5.68989300120393E-16));
#5800=DIRECTION('ref_axis',(4.927598869739E-16,0.499997873433589,-0.866026631554647));
#5801=DIRECTION('',(1.,0.,5.68989300120393E-16));
#5802=DIRECTION('center_axis',(1.,1.86887482130208E-17,5.66245565720257E-16));
#5803=DIRECTION('ref_axis',(4.81039405549823E-16,0.499997873433589,-0.866026631554647));
#5804=DIRECTION('center_axis',(1.,0.,5.68989300120393E-16));
#5805=DIRECTION('ref_axis',(4.97013203642651E-16,0.486820835791443,-0.873501845355418));
#5806=DIRECTION('',(1.,0.,5.68989300120393E-16));
#5807=DIRECTION('center_axis',(-1.,-1.86887482130208E-17,-5.66245565720256E-16));
#5808=DIRECTION('ref_axis',(4.85518474556008E-16,0.486820835791443,-0.873501845355418));
#5809=DIRECTION('center_axis',(1.,0.,5.68989300120393E-16));
#5810=DIRECTION('ref_axis',(4.97013203642651E-16,0.486820835791443,-0.873501845355418));
#5811=DIRECTION('center_axis',(1.,1.86887482130209E-17,5.66245565720257E-16));
#5812=DIRECTION('ref_axis',(4.85518474556008E-16,0.486820835791443,-0.873501845355418));
#5813=DIRECTION('center_axis',(1.,0.,5.68989300120393E-16));
#5814=DIRECTION('ref_axis',(-1.09603834412415E-16,-0.981271660688204,0.192628990368051));
#5815=DIRECTION('',(1.,0.,5.68989300120393E-16));
#5816=DIRECTION('center_axis',(1.,1.86887482130209E-17,5.66245565720257E-16));
#5817=DIRECTION('ref_axis',(-9.07365726299043E-17,-0.981271660688204,0.192628990368051));
#5818=DIRECTION('center_axis',(1.,0.,5.68989300120393E-16));
#5819=DIRECTION('ref_axis',(-5.32610532651505E-16,-0.351829151996557,0.936064232734797));
#5820=DIRECTION('',(1.,0.,5.68989300120393E-16));
#5821=DIRECTION('center_axis',(-1.,-1.86887482130209E-17,-5.66245565720256E-16));
#5822=DIRECTION('ref_axis',(-5.23466974579749E-16,-0.351829151996557,0.936064232734797));
#5823=DIRECTION('center_axis',(1.,0.,5.68989300120393E-16));
#5824=DIRECTION('ref_axis',(-5.32609771009854E-16,-0.351832713373205,0.936062894147849));
#5825=DIRECTION('center_axis',(1.,1.86887482130209E-17,5.66245565720256E-16));
#5826=DIRECTION('ref_axis',(-5.23466150053154E-16,-0.351832713373205,0.936062894147849));
#5827=DIRECTION('center_axis',(-1.,-1.86887482130209E-17,-5.66245565720256E-16));
#5828=DIRECTION('ref_axis',(-5.66245565720256E-16,0.,1.));
#5829=DIRECTION('center_axis',(1.,0.,6.66133814775094E-16));
#5830=DIRECTION('ref_axis',(2.49640296539897E-21,-0.999999999992978,-3.74759982157914E-6));
#5831=DIRECTION('',(1.,0.,6.66133814775094E-16));
#5832=DIRECTION('center_axis',(1.,1.86887482130209E-17,5.66245565720257E-16));
#5833=DIRECTION('ref_axis',(1.86908702746707E-17,-0.999999999992978,-3.74759982157914E-6));
#5834=DIRECTION('',(1.,0.,6.66133814775094E-16));
#5835=DIRECTION('center_axis',(1.,0.,6.66133814775094E-16));
#5836=DIRECTION('ref_axis',(-1.00930675739514E-17,-0.999885206226136,0.0151517117883575));
#5837=DIRECTION('',(1.,0.,6.66133814775094E-16));
#5838=DIRECTION('center_axis',(-1.,-1.86887482130209E-17,-5.66245565720256E-16));
#5839=DIRECTION('ref_axis',(1.01070132478559E-17,-0.999885206226136,0.0151517117883575));
#5840=DIRECTION('center_axis',(1.,0.,6.66133814775094E-16));
#5841=DIRECTION('ref_axis',(-1.01032556388117E-17,-0.999884974347378,0.0151670061100605));
#5842=DIRECTION('center_axis',(1.,1.86887482130209E-17,5.66245565720256E-16));
#5843=DIRECTION('ref_axis',(1.00983485724872E-17,-0.999884974347378,0.0151670061100605));
#5844=DIRECTION('center_axis',(1.,0.,6.66133814775094E-16));
#5845=DIRECTION('ref_axis',(6.17522571028787E-16,-0.375000009791656,-0.927024806926038));
#5846=DIRECTION('',(1.,0.,6.66133814775094E-16));
#5847=DIRECTION('center_axis',(1.,1.86887482130209E-17,5.66245565720257E-16));
#5848=DIRECTION('ref_axis',(5.31931966997423E-16,-0.375000009791656,-0.927024806926038));
#5849=DIRECTION('center_axis',(-2.14855547153654E-23,-1.,3.22541120699894E-8));
#5850=DIRECTION('ref_axis',(5.66245566323045E-16,-3.22541120699893E-8,-0.999999999999999));
#5851=DIRECTION('',(5.66245566323045E-16,-3.22541120699893E-8,-0.999999999999999));
#5852=DIRECTION('center_axis',(-1.,-1.86887482130209E-17,-5.66245565720256E-16));
#5853=DIRECTION('ref_axis',(-5.66245565720256E-16,0.,1.));
#5854=DIRECTION('center_axis',(1.,-7.32452073575268E-18,-2.21923766127706E-16));
#5855=DIRECTION('ref_axis',(-2.21923766127706E-16,0.,-1.));
#5856=DIRECTION('center_axis',(-1.,7.32452073575268E-18,2.21923766127706E-16));
#5857=DIRECTION('ref_axis',(0.,-0.0329867088562032,-0.999455790437394));
#5858=DIRECTION('center_axis',(1.,-7.32452073575268E-18,-2.21923766127706E-16));
#5859=DIRECTION('ref_axis',(-2.21923766127706E-16,0.,-1.));
#5860=DIRECTION('center_axis',(-1.,7.32452073575268E-18,2.21923766127706E-16));
#5861=DIRECTION('ref_axis',(7.88598494689829E-16,-0.0329867088562032,-0.999455790437394));
#5862=DIRECTION('center_axis',(1.,-7.32452073575268E-18,-2.21923766127706E-16));
#5863=DIRECTION('ref_axis',(-2.21923766127706E-16,0.,-1.));
#5864=DIRECTION('center_axis',(-1.,7.32452073575268E-18,2.21923766127706E-16));
#5865=DIRECTION('ref_axis',(7.88598494689829E-16,-0.0329867088562032,-0.999455790437394));
#5866=DIRECTION('center_axis',(1.,-7.32452073575268E-18,-2.21923766127706E-16));
#5867=DIRECTION('ref_axis',(-2.21923766127706E-16,0.,-1.));
#5868=DIRECTION('center_axis',(-1.,7.32452073575268E-18,2.21923766127706E-16));
#5869=DIRECTION('ref_axis',(0.,-0.0329867088562032,-0.999455790437394));
#5870=DIRECTION('center_axis',(1.,-7.32452073575268E-18,-2.21923766127706E-16));
#5871=DIRECTION('ref_axis',(-2.21923766127706E-16,0.,-1.));
#5872=DIRECTION('center_axis',(-1.,7.32452073575268E-18,2.21923766127706E-16));
#5873=DIRECTION('ref_axis',(-5.66553889764798E-16,0.0329867088562033,0.999455790437394));
#5874=DIRECTION('center_axis',(1.,-7.32452073575268E-18,-2.21923766127706E-16));
#5875=DIRECTION('ref_axis',(0.,0.825722374955637,-0.564076731923612));
#5876=DIRECTION('center_axis',(1.,-7.32452073575268E-18,-2.21923766127706E-16));
#5877=DIRECTION('ref_axis',(-2.21923766127706E-16,0.,-1.));
#5878=DIRECTION('center_axis',(-1.,7.32452073575268E-18,2.21923766127706E-16));
#5879=DIRECTION('ref_axis',(0.,0.471160567361984,-0.882047458906341));
#5880=DIRECTION('',(1.11022302462518E-16,0.882047458906336,0.471160567361993));
#5881=DIRECTION('center_axis',(-1.,7.32452073575268E-18,2.21923766127706E-16));
#5882=DIRECTION('ref_axis',(0.,-0.471160567361989,0.882047458906338));
#5883=DIRECTION('',(-1.11022302462515E-16,-0.882047458906341,-0.471160567361983));
#5884=DIRECTION('center_axis',(-1.,0.,0.));
#5885=DIRECTION('ref_axis',(0.,-0.471160567361989,0.882047458906338));
#5886=DIRECTION('',(-1.,0.,0.));
#5887=DIRECTION('center_axis',(-1.,-3.2080862782088E-31,1.05881829949217E-32));
#5888=DIRECTION('ref_axis',(0.,-0.471160567361989,0.882047458906338));
#5889=DIRECTION('',(-1.,0.,0.));
#5890=DIRECTION('center_axis',(0.,-0.471160567361993,0.882047458906336));
#5891=DIRECTION('ref_axis',(0.,0.882047458906336,0.471160567361993));
#5892=DIRECTION('',(-1.,0.,0.));
#5893=DIRECTION('',(-2.77979700657416E-31,0.882047458906336,0.471160567361993));
#5894=DIRECTION('center_axis',(1.,2.79641664051972E-29,8.28249349777556E-29));
#5895=DIRECTION('ref_axis',(0.,-0.821878453191438,-0.569662889944263));
#5896=DIRECTION('',(-1.,0.,0.));
#5897=DIRECTION('center_axis',(-1.,-6.21549148655992E-31,2.0514024734964E-32));
#5898=DIRECTION('ref_axis',(0.,-0.821878453191438,-0.569662889944263));
#5899=DIRECTION('',(1.,2.79641664051972E-29,8.28249349777556E-29));
#5900=DIRECTION('center_axis',(-1.,0.,0.));
#5901=DIRECTION('ref_axis',(0.,-0.821878453191438,-0.569662889944263));
#5902=DIRECTION('center_axis',(1.,0.,0.));
#5903=DIRECTION('ref_axis',(0.,-0.0329867088562033,-0.999455790437394));
#5904=DIRECTION('',(0.,0.99945579043739,-0.0329867088563093));
#5905=DIRECTION('center_axis',(-1.,-1.86887482130209E-17,-5.66245565720256E-16));
#5906=DIRECTION('ref_axis',(5.66553889764798E-16,-0.0329867088562033,-0.999455790437394));
#5907=DIRECTION('',(0.,0.999455790437405,-0.0329867088558696));
#5908=DIRECTION('center_axis',(-1.,6.90992522240817E-17,2.09362043516703E-15));
#5909=DIRECTION('ref_axis',(2.09476042382104E-15,0.0329867088562033,0.999455790437394));
#5910=DIRECTION('center_axis',(-1.,7.32452073575268E-18,2.21923766127706E-16));
#5911=DIRECTION('ref_axis',(2.22044604925031E-16,0.0329867088562033,0.999455790437394));
#5912=DIRECTION('center_axis',(-1.,7.32452073575268E-18,2.21923766127706E-16));
#5913=DIRECTION('ref_axis',(2.22044604925031E-16,0.0329867088562033,0.999455790437394));
#5914=DIRECTION('center_axis',(-1.,7.32452073575268E-18,2.21923766127706E-16));
#5915=DIRECTION('ref_axis',(2.22044604925031E-16,0.0329867088562033,0.999455790437394));
#5916=DIRECTION('center_axis',(-1.,7.32452073575268E-18,2.21923766127706E-16));
#5917=DIRECTION('ref_axis',(2.22044604925031E-16,0.0329867088562033,0.999455790437394));
#5918=DIRECTION('center_axis',(-1.,7.32452073575268E-18,2.21923766127706E-16));
#5919=DIRECTION('ref_axis',(2.22044604925031E-16,0.0329867088562033,0.999455790437394));
#5920=DIRECTION('center_axis',(-1.,7.32452073575268E-18,2.21923766127706E-16));
#5921=DIRECTION('ref_axis',(2.22044604925031E-16,0.0329867088562033,0.999455790437394));
#5922=DIRECTION('center_axis',(-8.37023066717358E-29,0.0329867088563093,
0.999455790437391));
#5923=DIRECTION('ref_axis',(0.,-0.999455790437391,0.0329867088563093));
#5924=DIRECTION('',(6.21887585827065E-31,-0.999455790437394,0.0329867088562032));
#5925=DIRECTION('',(-1.,-2.76106362078207E-30,-8.36567550760326E-29));
#5926=DIRECTION('',(0.,0.99945579043739,-0.0329867088563093));
#5927=DIRECTION('',(1.,0.,0.));
#5928=DIRECTION('',(0.,0.99945579043739,-0.0329867088563093));
#5929=DIRECTION('',(1.,1.86887482130209E-17,5.66245565720257E-16));
#5930=DIRECTION('center_axis',(1.,-2.11436924571658E-16,7.96006297200951E-16));
#5931=DIRECTION('ref_axis',(0.,-0.782527688580032,0.62261578570222));
#5932=DIRECTION('center_axis',(-1.,0.,0.));
#5933=DIRECTION('ref_axis',(0.,-0.782527688580032,0.62261578570222));
#5934=DIRECTION('',(-1.,2.11436924571658E-16,-7.96006297200951E-16));
#5935=DIRECTION('center_axis',(-1.,-6.21549148655992E-31,2.0514024734964E-32));
#5936=DIRECTION('ref_axis',(0.,-0.782527688580032,0.62261578570222));
#5937=DIRECTION('',(1.,0.,0.));
#5938=DIRECTION('center_axis',(7.88598494689829E-16,-0.0329867088561783,
-0.999455790437395));
#5939=DIRECTION('ref_axis',(0.,0.999455790437395,-0.0329867088561783));
#5940=DIRECTION('',(0.,-0.999455790437395,0.0329867088561783));
#5941=DIRECTION('',(-1.,-1.86887482130209E-17,-5.66245565720257E-16));
#5942=DIRECTION('',(0.,-0.999455790437394,0.0329867088562032));
#5943=DIRECTION('',(1.,2.60132689487539E-17,7.88169331847963E-16));
#5944=DIRECTION('',(0.,-0.999455790437395,0.0329867088561783));
#5945=DIRECTION('',(1.,2.60132689487539E-17,7.88169331847963E-16));
#5946=DIRECTION('',(-6.21887585827065E-31,0.999455790437394,-0.0329867088562032));
#5947=DIRECTION('center_axis',(1.,0.,0.));
#5948=DIRECTION('ref_axis',(0.,-0.0329867088562033,-0.999455790437394));
#5949=DIRECTION('center_axis',(1.,0.,0.));
#5950=DIRECTION('ref_axis',(2.09476042382104E-15,0.0329867088562033,0.999455790437394));
#5951=DIRECTION('',(0.,-0.999455790437366,0.0329867088570407));
#5952=DIRECTION('center_axis',(-1.,-1.86887482130209E-17,-5.66245565720256E-16));
#5953=DIRECTION('ref_axis',(5.66553889764798E-16,-0.0329867088562033,-0.999455790437394));
#5954=DIRECTION('center_axis',(-1.,7.32452073575268E-18,2.21923766127706E-16));
#5955=DIRECTION('ref_axis',(2.22044604925031E-16,0.0329867088562033,0.999455790437394));
#5956=DIRECTION('center_axis',(-1.,7.32452073575268E-18,2.21923766127706E-16));
#5957=DIRECTION('ref_axis',(2.22044604925031E-16,0.0329867088562033,0.999455790437394));
#5958=DIRECTION('center_axis',(-1.,7.32452073575268E-18,2.21923766127706E-16));
#5959=DIRECTION('ref_axis',(2.22044604925031E-16,0.0329867088562033,0.999455790437394));
#5960=DIRECTION('center_axis',(-1.,7.32452073575268E-18,2.21923766127706E-16));
#5961=DIRECTION('ref_axis',(2.22044604925031E-16,0.0329867088562033,0.999455790437394));
#5962=DIRECTION('center_axis',(-1.,7.32452073575268E-18,2.21923766127706E-16));
#5963=DIRECTION('ref_axis',(2.22044604925031E-16,0.0329867088562033,0.999455790437394));
#5964=DIRECTION('center_axis',(-1.,7.32452073575268E-18,2.21923766127706E-16));
#5965=DIRECTION('ref_axis',(2.22044604925031E-16,0.0329867088562033,0.999455790437394));
#5966=DIRECTION('center_axis',(1.,0.,0.));
#5967=DIRECTION('ref_axis',(0.,-0.0329867088562033,-0.999455790437394));
#5968=DIRECTION('center_axis',(-1.,0.,0.));
#5969=DIRECTION('ref_axis',(0.,-0.0329867088562033,-0.999455790437394));
#5970=DIRECTION('',(-1.,0.,0.));
#5971=DIRECTION('center_axis',(1.,0.,0.));
#5972=DIRECTION('ref_axis',(0.,-0.0329867088562033,-0.999455790437394));
#5973=DIRECTION('center_axis',(1.,0.,0.));
#5974=DIRECTION('ref_axis',(0.,-0.0329867088562033,-0.999455790437394));
#5975=DIRECTION('center_axis',(-1.,0.,0.));
#5976=DIRECTION('ref_axis',(0.,-0.0329867088562033,-0.999455790437394));
#5977=DIRECTION('',(-1.,0.,0.));
#5978=DIRECTION('center_axis',(-1.,-3.2080862782088E-31,1.05881829949217E-32));
#5979=DIRECTION('ref_axis',(0.,-0.0329867088562033,-0.999455790437394));
#5980=DIRECTION('',(1.,0.,0.));
#5981=DIRECTION('center_axis',(-1.,0.,0.));
#5982=DIRECTION('ref_axis',(0.,-0.0329867088562033,-0.999455790437394));
#5983=DIRECTION('center_axis',(-1.,0.,0.));
#5984=DIRECTION('ref_axis',(0.,-0.0329867088562033,-0.999455790437394));
#5985=DIRECTION('center_axis',(1.,6.21549148655992E-31,-2.0514024734964E-32));
#5986=DIRECTION('ref_axis',(-6.21887585827065E-31,0.999455790437394,-0.0329867088562033));
#5987=DIRECTION('center_axis',(1.,2.60132689487735E-17,7.88169331847962E-16));
#5988=DIRECTION('ref_axis',(7.88598494689829E-16,-0.0329867088562033,-0.999455790437394));
#5989=DIRECTION('',(-4.90419614049515E-46,0.0329867088562032,0.999455790437394));
#5990=DIRECTION('center_axis',(1.,2.60132689487735E-17,7.88169331847962E-16));
#5991=DIRECTION('ref_axis',(7.88598494689829E-16,-0.0329867088562033,-0.999455790437394));
#5992=DIRECTION('center_axis',(-1.,6.90992522240817E-17,2.09362043516703E-15));
#5993=DIRECTION('ref_axis',(-2.09475079165372E-15,-0.0299556480453729,-0.999551228877331));
#5994=DIRECTION('center_axis',(0.,-0.0329867088570407,-0.999455790437366));
#5995=DIRECTION('ref_axis',(0.,-0.999455790437366,0.0329867088570407));
#5996=DIRECTION('',(3.20983310007623E-31,-0.999455790437366,0.0329867088570407));
#5997=DIRECTION('',(-1.,0.,0.));
#5998=DIRECTION('',(0.,-0.999455790437366,0.0329867088570407));
#5999=DIRECTION('',(1.,1.86887482130209E-17,5.66245565720256E-16));
#6000=DIRECTION('center_axis',(-1.,0.,0.));
#6001=DIRECTION('ref_axis',(0.,-0.250779942578195,-0.968044121102172));
#6002=DIRECTION('center_axis',(-1.,-3.2080862782088E-31,1.05881829949217E-32));
#6003=DIRECTION('ref_axis',(0.,-0.250779942578195,-0.968044121102172));
#6004=DIRECTION('',(-1.,0.,0.));
#6005=DIRECTION('center_axis',(-1.,0.,0.));
#6006=DIRECTION('ref_axis',(0.,-0.250779942578195,-0.968044121102172));
#6007=DIRECTION('',(-1.,0.,0.));
#6008=DIRECTION('center_axis',(-1.,0.,0.));
#6009=DIRECTION('ref_axis',(0.,-0.905915936980011,-0.423457571812842));
#6010=DIRECTION('center_axis',(1.,3.2080862782088E-31,-1.05881829949217E-32));
#6011=DIRECTION('ref_axis',(0.,-0.905915936980011,-0.423457571812842));
#6012=DIRECTION('center_axis',(1.,0.,0.));
#6013=DIRECTION('ref_axis',(0.,-0.905915936980011,-0.423457571812842));
#6014=DIRECTION('',(-1.,0.,0.));
#6015=DIRECTION('center_axis',(-1.,0.,0.));
#6016=DIRECTION('ref_axis',(0.,-0.905915936980066,-0.423457571812725));
#6017=DIRECTION('center_axis',(-1.,-3.2080862782088E-31,1.05881829949217E-32));
#6018=DIRECTION('ref_axis',(0.,-0.905915936980066,-0.423457571812725));
#6019=DIRECTION('center_axis',(-1.,0.,0.));
#6020=DIRECTION('ref_axis',(0.,-0.905915936980066,-0.423457571812725));
#6021=DIRECTION('',(-1.,0.,0.));
#6022=DIRECTION('center_axis',(-1.,0.,0.));
#6023=DIRECTION('ref_axis',(0.,0.18640376062657,-0.982473225092813));
#6024=DIRECTION('center_axis',(-1.,-3.2080862782088E-31,1.05881829949217E-32));
#6025=DIRECTION('ref_axis',(0.,0.18640376062657,-0.982473225092813));
#6026=DIRECTION('center_axis',(-1.,0.,0.));
#6027=DIRECTION('ref_axis',(0.,0.18640376062657,-0.982473225092813));
#6028=DIRECTION('',(-1.,0.,0.));
#6029=DIRECTION('center_axis',(-1.,0.,0.));
#6030=DIRECTION('ref_axis',(0.,0.683698487106588,-0.729764605011892));
#6031=DIRECTION('center_axis',(-1.,-3.2080862782088E-31,1.05881829949217E-32));
#6032=DIRECTION('ref_axis',(0.,0.683698487106588,-0.729764605011892));
#6033=DIRECTION('center_axis',(-1.,0.,0.));
#6034=DIRECTION('ref_axis',(0.,0.683698487106588,-0.729764605011892));
#6035=DIRECTION('',(-1.,0.,0.));
#6036=DIRECTION('center_axis',(-1.,0.,0.));
#6037=DIRECTION('ref_axis',(0.,-0.31005958120606,-0.950717127279362));
#6038=DIRECTION('center_axis',(1.,3.2080862782088E-31,-1.05881829949217E-32));
#6039=DIRECTION('ref_axis',(0.,-0.31005958120606,-0.950717127279362));
#6040=DIRECTION('center_axis',(1.,0.,0.));
#6041=DIRECTION('ref_axis',(0.,-0.31005958120606,-0.950717127279362));
#6042=DIRECTION('',(-1.,0.,0.));
#6043=DIRECTION('center_axis',(-1.,0.,0.));
#6044=DIRECTION('ref_axis',(0.,-0.310059581206075,-0.950717127279357));
#6045=DIRECTION('center_axis',(-1.,-3.2080862782088E-31,1.05881829949217E-32));
#6046=DIRECTION('ref_axis',(0.,-0.310059581206075,-0.950717127279357));
#6047=DIRECTION('center_axis',(-1.,0.,0.));
#6048=DIRECTION('ref_axis',(0.,-0.310059581206075,-0.950717127279357));
#6049=DIRECTION('center_axis',(0.,0.0329867088558696,0.999455790437405));
#6050=DIRECTION('ref_axis',(0.,0.999455790437405,-0.0329867088558696));
#6051=DIRECTION('',(-1.,-1.86887482130209E-17,-5.66245565720256E-16));
#6052=DIRECTION('',(0.,0.999455790437405,-0.0329867088558696));
#6053=DIRECTION('',(1.,2.60132689487735E-17,7.88169331847963E-16));
#6054=DIRECTION('',(-3.20983310007623E-31,0.999455790437405,-0.0329867088558696));
#6055=DIRECTION('center_axis',(-1.,0.,0.));
#6056=DIRECTION('ref_axis',(0.,0.250779942578293,0.968044121102147));
#6057=DIRECTION('center_axis',(-1.,-3.2080862782088E-31,1.05881829949217E-32));
#6058=DIRECTION('ref_axis',(0.,0.250779942578293,0.968044121102147));
#6059=DIRECTION('',(-1.,0.,0.));
#6060=DIRECTION('center_axis',(-1.,0.,0.));
#6061=DIRECTION('ref_axis',(0.,0.250779942578293,0.968044121102147));
#6062=DIRECTION('',(-1.,0.,0.));
#6063=DIRECTION('center_axis',(-1.,0.,0.));
#6064=DIRECTION('ref_axis',(0.,0.905915936980076,0.423457571812704));
#6065=DIRECTION('center_axis',(1.,3.2080862782088E-31,-1.05881829949217E-32));
#6066=DIRECTION('ref_axis',(0.,0.905915936980076,0.423457571812704));
#6067=DIRECTION('center_axis',(1.,0.,0.));
#6068=DIRECTION('ref_axis',(0.,0.905915936980076,0.423457571812704));
#6069=DIRECTION('',(-1.,0.,0.));
#6070=DIRECTION('center_axis',(-1.,0.,0.));
#6071=DIRECTION('ref_axis',(0.,0.905915936980073,0.423457571812711));
#6072=DIRECTION('center_axis',(-1.,-3.2080862782088E-31,1.05881829949217E-32));
#6073=DIRECTION('ref_axis',(0.,0.905915936980073,0.423457571812711));
#6074=DIRECTION('center_axis',(-1.,0.,0.));
#6075=DIRECTION('ref_axis',(0.,0.905915936980073,0.423457571812711));
#6076=DIRECTION('',(-1.,0.,0.));
#6077=DIRECTION('center_axis',(-1.,0.,0.));
#6078=DIRECTION('ref_axis',(0.,-0.683698456880881,0.729764633329611));
#6079=DIRECTION('center_axis',(-1.,-3.2080862782088E-31,1.05881829949217E-32));
#6080=DIRECTION('ref_axis',(0.,-0.683698456880881,0.729764633329611));
#6081=DIRECTION('',(-1.,0.,0.));
#6082=DIRECTION('center_axis',(-1.,0.,0.));
#6083=DIRECTION('ref_axis',(0.,-0.683698456880881,0.729764633329611));
#6084=DIRECTION('',(-1.,0.,0.));
#6085=DIRECTION('center_axis',(-1.,0.,0.));
#6086=DIRECTION('ref_axis',(0.,0.310059495475332,0.950717155238919));
#6087=DIRECTION('center_axis',(1.,3.2080862782088E-31,-1.05881829949217E-32));
#6088=DIRECTION('ref_axis',(0.,0.310059495475332,0.950717155238919));
#6089=DIRECTION('center_axis',(1.,0.,0.));
#6090=DIRECTION('ref_axis',(0.,0.310059495475332,0.950717155238919));
#6091=DIRECTION('',(-1.,0.,0.));
#6092=DIRECTION('center_axis',(-1.,0.,0.));
#6093=DIRECTION('ref_axis',(0.,0.310059495475391,0.9507171552389));
#6094=DIRECTION('center_axis',(-1.,-3.2080862782088E-31,1.05881829949217E-32));
#6095=DIRECTION('ref_axis',(0.,0.310059495475391,0.9507171552389));
#6096=DIRECTION('center_axis',(-1.,0.,0.));
#6097=DIRECTION('ref_axis',(0.,0.310059495475391,0.9507171552389));
#6098=DIRECTION('center_axis',(-1.,6.90992522240817E-17,2.09362043516703E-15));
#6099=DIRECTION('ref_axis',(2.09476042382104E-15,0.0329867088562033,0.999455790437394));
#6100=DIRECTION('center_axis',(1.,1.86887482130209E-17,5.66245565720256E-16));
#6101=DIRECTION('ref_axis',(-5.66553889764798E-16,0.0329867088562171,0.999455790437394));
#6102=DIRECTION('center_axis',(1.,1.86887482130209E-17,5.66245565720256E-16));
#6103=DIRECTION('ref_axis',(5.66553889764798E-16,-0.0329867088562033,-0.999455790437394));
#6104=DIRECTION('center_axis',(1.,1.86887482130209E-17,5.66245565720256E-16));
#6105=DIRECTION('ref_axis',(5.66553889764798E-16,-0.0329867088562033,-0.999455790437394));
#6106=DIRECTION('center_axis',(1.,1.86887482130209E-17,5.66245565720256E-16));
#6107=DIRECTION('ref_axis',(5.66553889764798E-16,-0.0329867088562033,-0.999455790437394));
#6108=DIRECTION('center_axis',(1.,0.,0.));
#6109=DIRECTION('ref_axis',(0.,-0.0329867088562033,-0.999455790437394));
#6110=DIRECTION('center_axis',(-1.,0.,0.));
#6111=DIRECTION('ref_axis',(0.,-0.186403760626573,0.982473225092812));
#6112=DIRECTION('center_axis',(-1.,0.,0.));
#6113=DIRECTION('ref_axis',(0.,0.931390982562937,-0.364020380748725));
#6114=DIRECTION('center_axis',(-1.,0.,0.));
#6115=DIRECTION('ref_axis',(0.,-0.0329867088562032,-0.999455790437394));
#6116=DIRECTION('center_axis',(-1.,0.,0.));
#6117=DIRECTION('ref_axis',(0.,-0.0329867088562032,-0.999455790437394));
#6118=DIRECTION('center_axis',(-1.,-2.60132689487735E-17,-7.88169331847962E-16));
#6119=DIRECTION('ref_axis',(7.88598494689829E-16,-0.0329867088562032,-0.999455790437394));
#6120=DIRECTION('center_axis',(-1.,-2.60132689487735E-17,-7.88169331847962E-16));
#6121=DIRECTION('ref_axis',(7.88598494689829E-16,-0.0329867088562032,-0.999455790437394));
#6122=DIRECTION('center_axis',(1.,0.,0.));
#6123=DIRECTION('ref_axis',(0.,-0.0329867088562033,-0.999455790437394));
#6124=DIRECTION('center_axis',(-1.,0.,0.));
#6125=DIRECTION('ref_axis',(0.,-0.936064880195705,-0.351827429380086));
#6126=DIRECTION('center_axis',(-1.,-2.60132689487735E-17,-7.88169331847962E-16));
#6127=DIRECTION('ref_axis',(7.88598494689829E-16,-0.0329867088562032,-0.999455790437394));
#6128=DIRECTION('center_axis',(-1.,-2.60132689487735E-17,-7.88169331847962E-16));
#6129=DIRECTION('ref_axis',(7.88598494689829E-16,-0.0329867088562032,-0.999455790437394));
#6130=DIRECTION('center_axis',(-1.,0.,0.));
#6131=DIRECTION('ref_axis',(0.,-0.0329867088562032,-0.999455790437394));
#6132=DIRECTION('center_axis',(-1.,0.,0.));
#6133=DIRECTION('ref_axis',(0.,-0.0329867088562032,-0.999455790437394));
#6134=DIRECTION('center_axis',(-1.,0.,0.));
#6135=DIRECTION('ref_axis',(0.,0.471160567361984,-0.882047458906341));
#6136=DIRECTION('',(-1.,0.,0.));
#6137=DIRECTION('center_axis',(-1.,-3.2080862782088E-31,1.05881829949217E-32));
#6138=DIRECTION('ref_axis',(0.,0.471160567361984,-0.882047458906341));
#6139=DIRECTION('center_axis',(0.,0.471160567361983,-0.882047458906342));
#6140=DIRECTION('ref_axis',(0.,-0.882047458906341,-0.471160567361983));
#6141=DIRECTION('',(2.77979700657417E-31,-0.882047458906341,-0.471160567361983));
#6142=DIRECTION('center_axis',(1.,1.86887482130208E-17,5.66245565720254E-16));
#6143=DIRECTION('ref_axis',(5.66553889764796E-16,-0.0329867088562033,-0.999455790437394));
#6144=DIRECTION('center_axis',(1.,1.86887482130208E-17,5.66245565720254E-16));
#6145=DIRECTION('ref_axis',(5.66553889764796E-16,-0.0329867088562033,-0.999455790437394));
#6146=DIRECTION('center_axis',(1.,1.86887482130208E-17,5.66245565720254E-16));
#6147=DIRECTION('ref_axis',(5.66553889764796E-16,-0.0329867088562033,-0.999455790437394));
#6148=DIRECTION('',(0.70710678118644,0.0233251255212511,0.70672196691455));
#6149=DIRECTION('center_axis',(-1.,-3.2080862782088E-31,1.05881829949217E-32));
#6150=DIRECTION('ref_axis',(-3.20983310007623E-31,0.999455790437394,-0.0329867088562033));
#6151=DIRECTION('center_axis',(-1.,-3.2080862782088E-31,1.05881829949217E-32));
#6152=DIRECTION('ref_axis',(-3.20983310007623E-31,0.999455790437394,-0.0329867088562033));
#6153=DIRECTION('center_axis',(-1.,-1.86887482130209E-17,-5.66245565720256E-16));
#6154=DIRECTION('ref_axis',(-5.66553889764798E-16,0.0329867088562033,0.999455790437394));
#6155=DIRECTION('',(-1.,-1.86887482130209E-17,-5.66245565720256E-16));
#6156=DIRECTION('center_axis',(-1.,7.32452073575268E-18,2.21923766127706E-16));
#6157=DIRECTION('ref_axis',(2.22044604925031E-16,0.0329867088562033,0.999455790437394));
#6158=DIRECTION('',(-1.,7.32452073575268E-18,2.21923766127706E-16));
#6159=DIRECTION('center_axis',(1.,-7.32452073575268E-18,-2.21923766127706E-16));
#6160=DIRECTION('ref_axis',(2.22044604925031E-16,0.0329867088562033,0.999455790437394));
#6161=DIRECTION('center_axis',(1.,-7.32452073575268E-18,-2.21923766127706E-16));
#6162=DIRECTION('ref_axis',(2.22044604925031E-16,0.0329867088562033,0.999455790437394));
#6163=DIRECTION('center_axis',(-1.,7.32452073575268E-18,2.21923766127706E-16));
#6164=DIRECTION('ref_axis',(2.22044604925031E-16,0.0329867088562033,0.999455790437394));
#6165=DIRECTION('',(-1.,7.32452073575268E-18,2.21923766127706E-16));
#6166=DIRECTION('center_axis',(1.,-7.32452073575268E-18,-2.21923766127706E-16));
#6167=DIRECTION('ref_axis',(2.22044604925031E-16,0.0329867088562033,0.999455790437394));
#6168=DIRECTION('center_axis',(1.,-7.32452073575268E-18,-2.21923766127706E-16));
#6169=DIRECTION('ref_axis',(2.22044604925031E-16,0.0329867088562033,0.999455790437394));
#6170=DIRECTION('center_axis',(-1.,7.32452073575268E-18,2.21923766127706E-16));
#6171=DIRECTION('ref_axis',(2.22044604925031E-16,0.0329867088562033,0.999455790437394));
#6172=DIRECTION('',(-1.,7.32452073575268E-18,2.21923766127706E-16));
#6173=DIRECTION('center_axis',(1.,-7.32452073575268E-18,-2.21923766127706E-16));
#6174=DIRECTION('ref_axis',(2.22044604925031E-16,0.0329867088562033,0.999455790437394));
#6175=DIRECTION('center_axis',(1.,-7.32452073575268E-18,-2.21923766127706E-16));
#6176=DIRECTION('ref_axis',(2.22044604925031E-16,0.0329867088562033,0.999455790437394));
#6177=DIRECTION('center_axis',(-1.,7.32452073575268E-18,2.21923766127706E-16));
#6178=DIRECTION('ref_axis',(2.22044604925031E-16,0.0329867088562033,0.999455790437394));
#6179=DIRECTION('',(-1.,7.32452073575268E-18,2.21923766127706E-16));
#6180=DIRECTION('center_axis',(1.,-7.32452073575268E-18,-2.21923766127706E-16));
#6181=DIRECTION('ref_axis',(2.22044604925031E-16,0.0329867088562033,0.999455790437394));
#6182=DIRECTION('center_axis',(1.,-7.32452073575268E-18,-2.21923766127706E-16));
#6183=DIRECTION('ref_axis',(2.22044604925031E-16,0.0329867088562033,0.999455790437394));
#6184=DIRECTION('center_axis',(-1.,7.32452073575268E-18,2.21923766127706E-16));
#6185=DIRECTION('ref_axis',(2.22044604925031E-16,0.0329867088562033,0.999455790437394));
#6186=DIRECTION('',(-1.,7.32452073575268E-18,2.21923766127706E-16));
#6187=DIRECTION('center_axis',(1.,-7.32452073575268E-18,-2.21923766127706E-16));
#6188=DIRECTION('ref_axis',(2.22044604925031E-16,0.0329867088562033,0.999455790437394));
#6189=DIRECTION('center_axis',(1.,-7.32452073575268E-18,-2.21923766127706E-16));
#6190=DIRECTION('ref_axis',(2.22044604925031E-16,0.0329867088562033,0.999455790437394));
#6191=DIRECTION('center_axis',(-1.,7.32452073575268E-18,2.21923766127706E-16));
#6192=DIRECTION('ref_axis',(2.22044604925031E-16,0.0329867088562033,0.999455790437394));
#6193=DIRECTION('',(-1.,7.32452073575268E-18,2.21923766127706E-16));
#6194=DIRECTION('center_axis',(1.,-7.32452073575268E-18,-2.21923766127706E-16));
#6195=DIRECTION('ref_axis',(2.22044604925031E-16,0.0329867088562033,0.999455790437394));
#6196=DIRECTION('center_axis',(1.,-7.32452073575268E-18,-2.21923766127706E-16));
#6197=DIRECTION('ref_axis',(2.22044604925031E-16,0.0329867088562033,0.999455790437394));
#6198=DIRECTION('center_axis',(1.,0.,0.));
#6199=DIRECTION('ref_axis',(0.,-0.0329867088562032,-0.999455790437394));
#6200=DIRECTION('',(1.,0.,0.));
#6201=DIRECTION('center_axis',(1.,2.60132689487735E-17,7.88169331847962E-16));
#6202=DIRECTION('ref_axis',(7.88598494689829E-16,-0.0329867088562032,-0.999455790437394));
#6203=DIRECTION('',(1.,2.60132689487735E-17,7.88169331847963E-16));
#6204=DIRECTION('center_axis',(1.,2.60132689487735E-17,7.88169331847962E-16));
#6205=DIRECTION('ref_axis',(7.88598494689829E-16,-0.0329867088562032,-0.999455790437394));
#6206=DIRECTION('',(1.,2.60132689487735E-17,7.88169331847962E-16));
#6207=DIRECTION('center_axis',(1.,0.,0.));
#6208=DIRECTION('ref_axis',(0.,-0.0329867088562032,-0.999455790437394));
#6209=DIRECTION('',(1.,0.,0.));
#6210=DIRECTION('center_axis',(-1.,-1.86887482130209E-17,-5.66245565720256E-16));
#6211=DIRECTION('ref_axis',(-5.66553889764798E-16,0.0329867088562033,0.999455790437394));
#6212=DIRECTION('center_axis',(1.,2.60132689487735E-17,7.88169331847962E-16));
#6213=DIRECTION('ref_axis',(7.88598494689829E-16,-0.0329867088562033,-0.999455790437394));
#6214=DIRECTION('',(-1.,-2.60132689487735E-17,-7.88169331847963E-16));
#6215=DIRECTION('center_axis',(-1.,-2.60132689487735E-17,-7.88169331847962E-16));
#6216=DIRECTION('ref_axis',(7.88598494689829E-16,-0.0329867088562033,-0.999455790437394));
#6217=DIRECTION('center_axis',(0.,0.999455790437394,-0.0329867088562033));
#6218=DIRECTION('ref_axis',(0.,0.0329867088562033,0.999455790437394));
#6219=DIRECTION('',(-1.,0.,0.));
#6220=DIRECTION('',(0.,-0.0329867088562032,-0.999455790437394));
#6221=DIRECTION('center_axis',(1.,2.60132689487735E-17,7.88169331847962E-16));
#6222=DIRECTION('ref_axis',(7.88598494689829E-16,-0.0329867088562033,-0.999455790437394));
#6223=DIRECTION('center_axis',(-1.,-2.60132689487735E-17,-7.88169331847962E-16));
#6224=DIRECTION('ref_axis',(7.88598494689829E-16,-0.0329867088562033,-0.999455790437394));
#6225=DIRECTION('center_axis',(1.,3.2080862782088E-31,-1.05881829949217E-32));
#6226=DIRECTION('ref_axis',(-3.20983310007623E-31,0.999455790437394,-0.0329867088562033));
#6227=DIRECTION('center_axis',(-1.,-3.2080862782088E-31,1.05881829949217E-32));
#6228=DIRECTION('ref_axis',(0.,-0.936064880195705,-0.351827429380086));
#6229=DIRECTION('center_axis',(1.,2.60132689487735E-17,7.88169331847962E-16));
#6230=DIRECTION('ref_axis',(7.88598494689829E-16,-0.0329867088562033,-0.999455790437394));
#6231=DIRECTION('center_axis',(1.,2.60132689487735E-17,7.88169331847962E-16));
#6232=DIRECTION('ref_axis',(7.88598494689829E-16,-0.0329867088562033,-0.999455790437394));
#6233=DIRECTION('center_axis',(1.,2.60132689487735E-17,7.88169331847962E-16));
#6234=DIRECTION('ref_axis',(7.88598494689829E-16,-0.0329867088562033,-0.999455790437394));
#6235=DIRECTION('center_axis',(1.,2.60132689487735E-17,7.88169331847962E-16));
#6236=DIRECTION('ref_axis',(7.88598494689829E-16,-0.0329867088562033,-0.999455790437394));
#6237=DIRECTION('center_axis',(1.,2.60132689487735E-17,7.88169331847962E-16));
#6238=DIRECTION('ref_axis',(7.88598494689829E-16,-0.0329867088562032,-0.999455790437394));
#6239=DIRECTION('center_axis',(-1.,7.32452073575268E-18,2.21923766127706E-16));
#6240=DIRECTION('ref_axis',(2.22044604925031E-16,0.0329867088562033,0.999455790437394));
#6241=DIRECTION('center_axis',(-1.,7.32452073575268E-18,2.21923766127706E-16));
#6242=DIRECTION('ref_axis',(2.22044604925031E-16,0.0329867088562033,0.999455790437394));
#6243=DIRECTION('center_axis',(-1.,7.32452073575268E-18,2.21923766127706E-16));
#6244=DIRECTION('ref_axis',(2.22044604925031E-16,0.0329867088562033,0.999455790437394));
#6245=DIRECTION('center_axis',(-1.,7.32452073575268E-18,2.21923766127706E-16));
#6246=DIRECTION('ref_axis',(2.22044604925031E-16,0.0329867088562033,0.999455790437394));
#6247=DIRECTION('center_axis',(-1.,7.32452073575268E-18,2.21923766127706E-16));
#6248=DIRECTION('ref_axis',(2.22044604925031E-16,0.0329867088562033,0.999455790437394));
#6249=DIRECTION('center_axis',(-1.,7.32452073575268E-18,2.21923766127706E-16));
#6250=DIRECTION('ref_axis',(2.22044604925031E-16,0.0329867088562033,0.999455790437394));
#6251=DIRECTION('center_axis',(1.,0.,0.));
#6252=DIRECTION('ref_axis',(0.,-0.913217068726003,0.407473416786282));
#6253=DIRECTION('center_axis',(-1.,0.,0.));
#6254=DIRECTION('ref_axis',(0.,0.913217068726003,-0.407473416786281));
#6255=DIRECTION('center_axis',(0.,0.407473416786281,0.913217068726003));
#6256=DIRECTION('ref_axis',(0.,0.913217068726003,-0.407473416786281));
#6257=DIRECTION('center_axis',(1.,0.,0.));
#6258=DIRECTION('ref_axis',(0.,0.825722374955637,-0.564076731923612));
#6259=DIRECTION('center_axis',(1.,0.,0.));
#6260=DIRECTION('ref_axis',(0.,0.825722374955637,-0.564076731923612));
#6261=DIRECTION('center_axis',(1.,0.,0.));
#6262=DIRECTION('ref_axis',(0.,0.825722374955637,-0.564076731923612));
#6263=DIRECTION('center_axis',(-1.,0.,0.));
#6264=DIRECTION('ref_axis',(0.,0.913217068726003,-0.407473416786281));
#6265=DIRECTION('center_axis',(1.,0.,0.));
#6266=DIRECTION('ref_axis',(0.,-0.913217068726003,0.407473416786281));
#6267=DIRECTION('center_axis',(1.,0.,0.));
#6268=DIRECTION('ref_axis',(0.,0.825722374955637,-0.564076731923612));
#6269=DIRECTION('center_axis',(1.,0.,0.));
#6270=DIRECTION('ref_axis',(0.,-0.564076731923612,-0.825722374955637));
#6271=DIRECTION('',(-1.,0.,0.));
#6272=DIRECTION('center_axis',(1.,0.,0.));
#6273=DIRECTION('ref_axis',(0.,-0.564076731923612,-0.825722374955637));
#6274=DIRECTION('center_axis',(1.,0.,0.));
#6275=DIRECTION('ref_axis',(0.,0.825722374955637,-0.564076731923612));
#6276=DIRECTION('center_axis',(1.,0.,0.));
#6277=DIRECTION('ref_axis',(0.,-0.564076731923612,-0.825722374955637));
#6278=DIRECTION('center_axis',(1.,0.,0.));
#6279=DIRECTION('ref_axis',(0.,-0.564076731923612,-0.825722374955637));
#6280=DIRECTION('',(-1.,0.,0.));
#6281=DIRECTION('center_axis',(1.,0.,0.));
#6282=DIRECTION('ref_axis',(0.,-0.564076731923612,-0.825722374955637));
#6283=DIRECTION('axis',(0.,0.,1.));
#6284=DIRECTION('refdir',(1.,0.,0.));
#6285=DIRECTION('center_axis',(-1.,0.,0.));
#6286=DIRECTION('ref_axis',(0.,0.,1.));
#6287=DIRECTION('center_axis',(-1.,0.,0.));
#6288=DIRECTION('ref_axis',(0.,0.,-1.));
#6289=DIRECTION('center_axis',(-1.,0.,0.));
#6290=DIRECTION('ref_axis',(0.,0.,-1.));
#6291=DIRECTION('',(0.707106781186713,8.65956056235291E-17,0.707106781186382));
#6292=DIRECTION('center_axis',(1.,0.,0.));
#6293=DIRECTION('ref_axis',(0.,0.,-1.));
#6294=DIRECTION('center_axis',(1.,0.,0.));
#6295=DIRECTION('ref_axis',(0.,0.,-1.));
#6296=DIRECTION('center_axis',(1.,0.,0.));
#6297=DIRECTION('ref_axis',(0.,0.,-1.));
#6298=DIRECTION('center_axis',(1.,0.,0.));
#6299=DIRECTION('ref_axis',(0.,0.,-1.));
#6300=DIRECTION('center_axis',(1.,0.,0.));
#6301=DIRECTION('ref_axis',(0.,0.,-1.));
#6302=DIRECTION('',(1.,0.,0.));
#6303=DIRECTION('center_axis',(-1.,0.,0.));
#6304=DIRECTION('ref_axis',(0.,0.,-1.));
#6305=DIRECTION('center_axis',(-1.,0.,0.));
#6306=DIRECTION('ref_axis',(0.,0.,-1.));
#6307=DIRECTION('center_axis',(1.,0.,0.));
#6308=DIRECTION('ref_axis',(0.,0.,-1.));
#6309=DIRECTION('center_axis',(1.,0.,0.));
#6310=DIRECTION('ref_axis',(0.,0.,-1.));
#6311=DIRECTION('center_axis',(1.,0.,0.));
#6312=DIRECTION('ref_axis',(0.,0.,-1.));
#6313=DIRECTION('',(1.,0.,0.));
#6314=DIRECTION('center_axis',(-1.,0.,0.));
#6315=DIRECTION('ref_axis',(0.,0.,-1.));
#6316=DIRECTION('center_axis',(-1.,0.,0.));
#6317=DIRECTION('ref_axis',(0.,0.,-1.));
#6318=DIRECTION('center_axis',(1.,0.,0.));
#6319=DIRECTION('ref_axis',(0.,0.,-1.));
#6320=DIRECTION('',(-1.,0.,0.));
#6321=DIRECTION('center_axis',(1.,0.,0.));
#6322=DIRECTION('ref_axis',(0.,0.,-1.));
#6323=DIRECTION('',(1.,0.,0.));
#6324=DIRECTION('center_axis',(1.,0.,0.));
#6325=DIRECTION('ref_axis',(0.,0.,-1.));
#6326=DIRECTION('',(-1.,0.,0.));
#6327=DIRECTION('center_axis',(1.,0.,0.));
#6328=DIRECTION('ref_axis',(0.,0.,-1.));
#6329=DIRECTION('center_axis',(1.,0.,0.));
#6330=DIRECTION('ref_axis',(0.,0.,-1.));
#6331=DIRECTION('center_axis',(1.,0.,0.));
#6332=DIRECTION('ref_axis',(0.,0.,-1.));
#6333=DIRECTION('center_axis',(1.,0.,0.));
#6334=DIRECTION('ref_axis',(0.,0.,-1.));
#6335=DIRECTION('',(0.707106781208878,-8.65956056208147E-17,0.707106781164217));
#6336=DIRECTION('center_axis',(1.,0.,0.));
#6337=DIRECTION('ref_axis',(0.,0.,-1.));
#6338=DIRECTION('center_axis',(1.,0.,0.));
#6339=DIRECTION('ref_axis',(0.,0.,-1.));
#6340=DIRECTION('center_axis',(1.,0.,0.));
#6341=DIRECTION('ref_axis',(0.,0.,-1.));
#6342=DIRECTION('',(0.707106781208878,-8.65956056208147E-17,0.707106781164217));
#6343=DIRECTION('center_axis',(1.,0.,2.22044604925031E-16));
#6344=DIRECTION('ref_axis',(2.22044604925031E-16,0.,-1.));
#6345=DIRECTION('center_axis',(1.,0.,2.22044604925031E-16));
#6346=DIRECTION('ref_axis',(2.22044604925031E-16,0.,-1.));
#6347=DIRECTION('center_axis',(1.,0.,2.22044604925031E-16));
#6348=DIRECTION('ref_axis',(2.22044604925031E-16,0.,-1.));
#6349=DIRECTION('',(1.,0.,2.22044604925031E-16));
#6350=DIRECTION('center_axis',(1.,0.,2.22044604925031E-16));
#6351=DIRECTION('ref_axis',(2.22044604925031E-16,0.,-1.));
#6352=DIRECTION('center_axis',(1.,0.,2.22044604925031E-16));
#6353=DIRECTION('ref_axis',(2.22044604925031E-16,0.,-1.));
#6354=DIRECTION('center_axis',(1.,0.,2.22044604925031E-16));
#6355=DIRECTION('ref_axis',(2.22044604925031E-16,0.,-1.));
#6356=DIRECTION('',(1.,0.,2.22044604925031E-16));
#6357=DIRECTION('center_axis',(1.,0.,0.));
#6358=DIRECTION('ref_axis',(0.,0.,-1.));
#6359=DIRECTION('center_axis',(1.,0.,0.));
#6360=DIRECTION('ref_axis',(0.,0.,-1.));
#6361=DIRECTION('',(1.,0.,2.22044604925031E-16));
#6362=DIRECTION('center_axis',(-1.,0.,0.));
#6363=DIRECTION('ref_axis',(0.,-2.92163953848723E-15,-1.));
#6364=DIRECTION('',(-1.,-5.39760534693403E-79,-1.09476442525376E-47));
#6365=DIRECTION('center_axis',(1.,0.,0.));
#6366=DIRECTION('ref_axis',(0.,0.,-1.));
#6367=DIRECTION('',(1.,0.,0.));
#6368=DIRECTION('center_axis',(-1.,0.,0.));
#6369=DIRECTION('ref_axis',(0.,1.16865581539489E-14,-1.));
#6370=DIRECTION('',(1.,0.,2.22044604925031E-16));
#6371=DIRECTION('center_axis',(-1.,0.,0.));
#6372=DIRECTION('ref_axis',(0.,-2.92163953848723E-15,-1.));
#6373=DIRECTION('',(1.,0.,0.));
#6374=DIRECTION('center_axis',(-1.,0.,0.));
#6375=DIRECTION('ref_axis',(0.,0.,-1.));
#6376=DIRECTION('',(-1.,0.,0.));
#6377=DIRECTION('center_axis',(-1.,0.,0.));
#6378=DIRECTION('ref_axis',(0.,-2.92163953848723E-15,-1.));
#6379=DIRECTION('',(-1.,0.,-2.22044604925031E-16));
#6380=DIRECTION('center_axis',(-1.,0.,0.));
#6381=DIRECTION('ref_axis',(0.,1.16865581539489E-14,-1.));
#6382=DIRECTION('center_axis',(1.,0.,2.22044604925031E-16));
#6383=DIRECTION('ref_axis',(2.22044604925031E-16,0.,-1.));
#6384=DIRECTION('center_axis',(1.,0.,2.22044604925031E-16));
#6385=DIRECTION('ref_axis',(2.22044604925031E-16,0.,-1.));
#6386=DIRECTION('center_axis',(-1.,0.,-2.22044604925031E-16));
#6387=DIRECTION('ref_axis',(2.22044604925031E-16,2.52323414687508E-14,-1.));
#6388=DIRECTION('',(1.,0.,0.));
#6389=DIRECTION('center_axis',(1.,0.,2.22044604925031E-16));
#6390=DIRECTION('ref_axis',(2.22044604925031E-16,0.,-1.));
#6391=DIRECTION('center_axis',(1.,0.,2.22044604925031E-16));
#6392=DIRECTION('ref_axis',(2.22044604925031E-16,0.,-1.));
#6393=DIRECTION('',(-1.,0.,0.));
#6394=DIRECTION('center_axis',(-1.,0.,-2.22044604925031E-16));
#6395=DIRECTION('ref_axis',(2.22044604925031E-16,-1.76626390281257E-13,
-1.));
#6396=DIRECTION('center_axis',(1.,0.,0.));
#6397=DIRECTION('ref_axis',(0.,0.,-1.));
#6398=DIRECTION('center_axis',(-1.,0.,0.));
#6399=DIRECTION('ref_axis',(0.,0.,-1.));
#6400=DIRECTION('',(1.,0.,0.));
#6401=DIRECTION('center_axis',(1.,0.,0.));
#6402=DIRECTION('ref_axis',(0.,0.,-1.));
#6403=DIRECTION('',(-1.,0.,-2.22044604925031E-16));
#6404=DIRECTION('center_axis',(1.,0.,0.));
#6405=DIRECTION('ref_axis',(0.,0.,-1.));
#6406=DIRECTION('center_axis',(-1.,0.,0.));
#6407=DIRECTION('ref_axis',(0.,0.,1.));
#6408=DIRECTION('',(0.,-1.,0.));
#6409=DIRECTION('center_axis',(-1.,0.,0.));
#6410=DIRECTION('ref_axis',(0.,0.,1.));
#6411=DIRECTION('center_axis',(-1.,0.,0.));
#6412=DIRECTION('ref_axis',(0.,0.,1.));
#6413=DIRECTION('',(0.,1.,0.));
#6414=DIRECTION('center_axis',(2.22044604925031E-16,0.,-1.));
#6415=DIRECTION('ref_axis',(-1.,0.,-2.22044604925031E-16));
#6416=DIRECTION('',(1.,0.,2.22044604925031E-16));
#6417=DIRECTION('',(0.,-1.,0.));
#6418=DIRECTION('center_axis',(1.,4.93038065763132E-32,1.09476442525376E-47));
#6419=DIRECTION('ref_axis',(-4.93038065763132E-32,1.,0.));
#6420=DIRECTION('center_axis',(1.,4.93038065763132E-32,1.09476442525376E-47));
#6421=DIRECTION('ref_axis',(-4.93038065763132E-32,1.,-5.39760534693403E-79));
#6422=DIRECTION('center_axis',(-1.,-4.93038065763132E-32,-1.09476442525376E-47));
#6423=DIRECTION('ref_axis',(-4.93038065763132E-32,1.,1.77635683940025E-15));
#6424=DIRECTION('center_axis',(1.,4.93038065763132E-32,1.09476442525376E-47));
#6425=DIRECTION('ref_axis',(-4.93038065763132E-32,1.,-5.39760534693403E-79));
#6426=DIRECTION('',(4.93038065763132E-32,-1.,0.));
#6427=DIRECTION('center_axis',(-1.09476442525376E-47,4.93038065763132E-32,
1.));
#6428=DIRECTION('ref_axis',(0.,-1.,4.93038065763132E-32));
#6429=DIRECTION('',(-1.,-5.39760534693403E-79,-1.09476442525376E-47));
#6430=DIRECTION('center_axis',(-1.,0.,0.));
#6431=DIRECTION('ref_axis',(0.,0.,1.));
#6432=DIRECTION('center_axis',(1.,0.,2.22044604925031E-16));
#6433=DIRECTION('ref_axis',(2.22044604925031E-16,0.,-1.));
#6434=DIRECTION('center_axis',(1.,0.,2.22044604925031E-16));
#6435=DIRECTION('ref_axis',(2.22044604925031E-16,0.,-1.));
#6436=DIRECTION('center_axis',(-1.,0.,0.));
#6437=DIRECTION('ref_axis',(0.,0.,1.));
#6438=DIRECTION('center_axis',(-1.,0.,0.));
#6439=DIRECTION('ref_axis',(0.,0.,-1.));
#6440=DIRECTION('center_axis',(-1.,0.,0.));
#6441=DIRECTION('ref_axis',(0.,0.,1.));
#6442=DIRECTION('center_axis',(-1.,0.,-2.22044604925031E-16));
#6443=DIRECTION('ref_axis',(2.22044604925031E-16,0.,-1.));
#6444=DIRECTION('center_axis',(1.,0.,0.));
#6445=DIRECTION('ref_axis',(0.,0.,-1.));
#6446=DIRECTION('center_axis',(-1.,0.,-2.22044604925031E-16));
#6447=DIRECTION('ref_axis',(2.22044604925031E-16,0.,-1.));
#6448=DIRECTION('center_axis',(1.,0.,2.22044604925031E-16));
#6449=DIRECTION('ref_axis',(-1.94066157371187E-16,0.485932621867977,0.8739962740221));
#6450=DIRECTION('center_axis',(1.,0.,2.22044604925031E-16));
#6451=DIRECTION('ref_axis',(-1.94066157371187E-16,-0.485932621867973,0.873996274022102));
#6452=DIRECTION('center_axis',(1.,0.,0.));
#6453=DIRECTION('ref_axis',(0.,-7.6571373978539E-16,1.));
#6454=DIRECTION('center_axis',(1.,0.,0.));
#6455=DIRECTION('ref_axis',(0.,0.,-1.));
#6456=DIRECTION('center_axis',(1.,0.,0.));
#6457=DIRECTION('ref_axis',(0.,0.,-1.));
#6458=DIRECTION('center_axis',(1.,0.,0.));
#6459=DIRECTION('ref_axis',(0.,0.,-1.));
#6460=DIRECTION('axis',(0.,0.,1.));
#6461=DIRECTION('refdir',(1.,0.,0.));
#6462=DIRECTION('center_axis',(-1.,0.,0.));
#6463=DIRECTION('ref_axis',(0.,0.,1.));
#6464=DIRECTION('center_axis',(-1.,0.,0.));
#6465=DIRECTION('ref_axis',(0.,0.,1.));
#6466=DIRECTION('center_axis',(-1.,0.,0.));
#6467=DIRECTION('ref_axis',(0.,0.,1.));
#6468=DIRECTION('',(-0.707106781186646,-8.65956056235373E-17,-0.707106781186449));
#6469=DIRECTION('center_axis',(1.,0.,0.));
#6470=DIRECTION('ref_axis',(0.,0.,1.));
#6471=DIRECTION('center_axis',(1.,0.,0.));
#6472=DIRECTION('ref_axis',(0.,0.,1.));
#6473=DIRECTION('center_axis',(-1.,0.,0.));
#6474=DIRECTION('ref_axis',(0.,0.,1.));
#6475=DIRECTION('center_axis',(-1.,0.,0.));
#6476=DIRECTION('ref_axis',(0.,0.,1.));
#6477=DIRECTION('center_axis',(-1.,0.,0.));
#6478=DIRECTION('ref_axis',(0.,0.,1.));
#6479=DIRECTION('',(-0.707106781186455,-8.65956056235607E-17,-0.70710678118664));
#6480=DIRECTION('center_axis',(1.,0.,0.));
#6481=DIRECTION('ref_axis',(0.,0.,1.));
#6482=DIRECTION('center_axis',(1.,0.,0.));
#6483=DIRECTION('ref_axis',(0.,0.,1.));
#6484=DIRECTION('center_axis',(-1.,0.,0.));
#6485=DIRECTION('ref_axis',(0.,0.,1.));
#6486=DIRECTION('center_axis',(-1.,0.,0.));
#6487=DIRECTION('ref_axis',(0.,0.,1.));
#6488=DIRECTION('center_axis',(-1.,0.,0.));
#6489=DIRECTION('ref_axis',(0.,0.,1.));
#6490=DIRECTION('',(-0.707106781186651,-8.65956056235367E-17,-0.707106781186444));
#6491=DIRECTION('center_axis',(1.,0.,0.));
#6492=DIRECTION('ref_axis',(0.,0.,1.));
#6493=DIRECTION('center_axis',(1.,0.,0.));
#6494=DIRECTION('ref_axis',(0.,0.,1.));
#6495=DIRECTION('center_axis',(-1.,0.,2.22044604925031E-16));
#6496=DIRECTION('ref_axis',(2.22044604925031E-16,0.,1.));
#6497=DIRECTION('center_axis',(-1.,0.,2.22044604925031E-16));
#6498=DIRECTION('ref_axis',(2.22044604925031E-16,0.,1.));
#6499=DIRECTION('center_axis',(-1.,0.,2.22044604925031E-16));
#6500=DIRECTION('ref_axis',(2.22044604925031E-16,0.,1.));
#6501=DIRECTION('',(-0.707106781186372,-8.65956056235708E-17,-0.707106781186722));
#6502=DIRECTION('center_axis',(1.,0.,0.));
#6503=DIRECTION('ref_axis',(0.,0.,1.));
#6504=DIRECTION('center_axis',(1.,0.,0.));
#6505=DIRECTION('ref_axis',(0.,0.,1.));
#6506=DIRECTION('center_axis',(-1.,0.,4.3368086899449E-15));
#6507=DIRECTION('ref_axis',(4.3368086899449E-15,0.,1.));
#6508=DIRECTION('center_axis',(-1.,0.,4.3368086899449E-15));
#6509=DIRECTION('ref_axis',(4.3368086899449E-15,0.,1.));
#6510=DIRECTION('',(-0.707106781186384,-0.692197054346331,0.144441122795739));
#6511=DIRECTION('center_axis',(1.,0.,0.));
#6512=DIRECTION('ref_axis',(0.,7.65671375323013E-14,1.));
#6513=DIRECTION('',(0.707106781186348,-0.692197054346688,0.144441122794204));
#6514=DIRECTION('center_axis',(-1.,0.,0.));
#6515=DIRECTION('ref_axis',(0.,0.,1.));
#6516=DIRECTION('center_axis',(-1.,0.,0.));
#6517=DIRECTION('ref_axis',(0.,0.,1.));
#6518=DIRECTION('',(-0.707106781186704,-0.471188208865122,-0.52723967209065));
#6519=DIRECTION('center_axis',(1.,0.,0.));
#6520=DIRECTION('ref_axis',(0.,0.,1.));
#6521=DIRECTION('',(0.707106781186646,-0.471188208864298,-0.527239672091465));
#6522=DIRECTION('center_axis',(-1.,0.,2.22044604924538E-16));
#6523=DIRECTION('ref_axis',(2.22044604924538E-16,0.,1.));
#6524=DIRECTION('center_axis',(-1.,0.,2.22044604924538E-16));
#6525=DIRECTION('ref_axis',(2.22044604924538E-16,0.,1.));
#6526=DIRECTION('',(0.707106781186527,0.221008845481999,-0.67168079488604));
#6527=DIRECTION('center_axis',(1.,0.,0.));
#6528=DIRECTION('ref_axis',(0.,-8.81129425927098E-15,1.));
#6529=DIRECTION('',(0.707106781186547,-0.221008845482398,-0.671680794885888));
#6530=DIRECTION('center_axis',(-1.,0.,0.));
#6531=DIRECTION('ref_axis',(0.,0.,1.));
#6532=DIRECTION('center_axis',(-1.,0.,0.));
#6533=DIRECTION('ref_axis',(0.,0.,1.));
#6534=DIRECTION('',(-0.707106781186489,-0.4711882088621,0.52723967209364));
#6535=DIRECTION('center_axis',(1.,0.,0.));
#6536=DIRECTION('ref_axis',(0.,-7.65671375322938E-14,1.));
#6537=DIRECTION('',(0.707106781186509,-0.471188208864469,0.527239672091496));
#6538=DIRECTION('center_axis',(-1.,0.,4.3368086899425E-15));
#6539=DIRECTION('ref_axis',(4.3368086899425E-15,0.,1.));
#6540=DIRECTION('center_axis',(-1.,0.,4.3368086899425E-15));
#6541=DIRECTION('ref_axis',(4.3368086899425E-15,0.,1.));
#6542=DIRECTION('',(-0.707106781186434,-0.692197054347174,-0.144441122791452));
#6543=DIRECTION('center_axis',(1.,0.,0.));
#6544=DIRECTION('ref_axis',(0.,0.,1.));
#6545=DIRECTION('',(0.707106781186329,-0.692197054346678,-0.144441122794341));
#6546=DIRECTION('center_axis',(1.,0.,0.));
#6547=DIRECTION('ref_axis',(0.,0.,-1.));
#6548=DIRECTION('center_axis',(-1.,0.,0.));
#6549=DIRECTION('ref_axis',(0.,0.,1.));
#6550=DIRECTION('',(0.707106781186627,0.2210088454823,-0.671680794885836));
#6551=DIRECTION('center_axis',(1.,0.,0.));
#6552=DIRECTION('ref_axis',(0.,-4.93432454394654E-15,1.));
#6553=DIRECTION('',(-0.707106781186644,0.221008845482305,0.671680794885816));
#6554=DIRECTION('center_axis',(-1.,0.,0.));
#6555=DIRECTION('ref_axis',(0.,0.,1.));
#6556=DIRECTION('center_axis',(-1.,0.,0.));
#6557=DIRECTION('ref_axis',(0.,0.,1.));
#6558=DIRECTION('',(-0.707106781186658,-0.221008845485057,-0.671680794884897));
#6559=DIRECTION('center_axis',(1.,0.,0.));
#6560=DIRECTION('ref_axis',(0.,0.,1.));
#6561=DIRECTION('center_axis',(-1.,0.,0.));
#6562=DIRECTION('ref_axis',(0.,0.,1.));
#6563=DIRECTION('center_axis',(-1.,0.,0.));
#6564=DIRECTION('ref_axis',(0.,0.,1.));
#6565=DIRECTION('center_axis',(1.,0.,0.));
#6566=DIRECTION('ref_axis',(0.,0.,1.));
#6567=DIRECTION('',(0.707106781186656,-0.221008845482309,0.671680794885802));
#6568=DIRECTION('center_axis',(1.,0.,0.));
#6569=DIRECTION('ref_axis',(0.,0.,-1.));
#6570=DIRECTION('center_axis',(-1.,0.,0.));
#6571=DIRECTION('ref_axis',(0.,1.,0.));
#6572=DIRECTION('',(-0.707106781186548,8.65956056235494E-17,-0.707106781186548));
#6573=DIRECTION('center_axis',(-1.,0.,0.));
#6574=DIRECTION('ref_axis',(0.,0.,-1.));
#6575=DIRECTION('center_axis',(-1.,0.,0.));
#6576=DIRECTION('ref_axis',(0.,0.,-1.));
#6577=DIRECTION('center_axis',(-1.,0.,0.));
#6578=DIRECTION('ref_axis',(0.,1.,0.));
#6579=DIRECTION('center_axis',(-1.,0.,0.));
#6580=DIRECTION('ref_axis',(0.,0.,1.));
#6581=DIRECTION('center_axis',(1.,0.,0.));
#6582=DIRECTION('ref_axis',(0.,0.,1.));
#6583=DIRECTION('',(-1.,0.,0.));
#6584=DIRECTION('center_axis',(1.,0.,0.));
#6585=DIRECTION('ref_axis',(0.,0.,1.));
#6586=DIRECTION('center_axis',(-1.,0.,2.22044604925031E-16));
#6587=DIRECTION('ref_axis',(2.22044604925031E-16,0.,1.));
#6588=DIRECTION('center_axis',(-1.,0.,2.22044604925031E-16));
#6589=DIRECTION('ref_axis',(2.22044604925031E-16,0.,1.));
#6590=DIRECTION('center_axis',(-1.,0.,2.22044604925031E-16));
#6591=DIRECTION('ref_axis',(2.22044604925031E-16,0.,1.));
#6592=DIRECTION('',(-1.,0.,2.22044604925031E-16));
#6593=DIRECTION('center_axis',(-1.,0.,2.22044604925031E-16));
#6594=DIRECTION('ref_axis',(2.22044604925031E-16,0.,1.));
#6595=DIRECTION('center_axis',(-1.,0.,2.22044604925031E-16));
#6596=DIRECTION('ref_axis',(2.22044604925031E-16,0.,1.));
#6597=DIRECTION('center_axis',(-1.,0.,2.22044604925031E-16));
#6598=DIRECTION('ref_axis',(2.22044604925031E-16,0.,1.));
#6599=DIRECTION('',(-1.,0.,2.22044604925031E-16));
#6600=DIRECTION('center_axis',(-1.,0.,2.22044604925031E-16));
#6601=DIRECTION('ref_axis',(2.22044604925031E-16,0.,1.));
#6602=DIRECTION('center_axis',(-1.,0.,2.22044604925031E-16));
#6603=DIRECTION('ref_axis',(2.22044604925031E-16,0.,1.));
#6604=DIRECTION('center_axis',(-1.,0.,2.22044604925031E-16));
#6605=DIRECTION('ref_axis',(2.22044604925031E-16,0.,1.));
#6606=DIRECTION('',(-1.,0.,2.22044604925031E-16));
#6607=DIRECTION('center_axis',(-1.,0.,2.22044604925031E-16));
#6608=DIRECTION('ref_axis',(2.22044604925031E-16,0.,1.));
#6609=DIRECTION('center_axis',(-1.,0.,2.22044604925031E-16));
#6610=DIRECTION('ref_axis',(2.22044604925031E-16,0.,1.));
#6611=DIRECTION('',(-1.,0.,2.22044604925031E-16));
#6612=DIRECTION('',(-1.,0.,2.22044604925031E-16));
#6613=DIRECTION('center_axis',(-1.,0.,2.22044604925031E-16));
#6614=DIRECTION('ref_axis',(2.22044604925031E-16,0.,1.));
#6615=DIRECTION('center_axis',(-1.,0.,2.22044604925031E-16));
#6616=DIRECTION('ref_axis',(2.22044604925031E-16,0.,1.));
#6617=DIRECTION('',(-1.,0.,2.22044604925031E-16));
#6618=DIRECTION('',(1.,0.,-2.22044604925031E-16));
#6619=DIRECTION('center_axis',(-1.,0.,0.));
#6620=DIRECTION('ref_axis',(0.,0.,1.));
#6621=DIRECTION('center_axis',(1.,0.,0.));
#6622=DIRECTION('ref_axis',(0.,0.,1.));
#6623=DIRECTION('',(1.,0.,-2.22044604925031E-16));
#6624=DIRECTION('center_axis',(1.,0.,0.));
#6625=DIRECTION('ref_axis',(0.,0.,1.));
#6626=DIRECTION('',(-1.,0.,2.22044604925031E-16));
#6627=DIRECTION('center_axis',(-1.,0.,2.22044604925031E-16));
#6628=DIRECTION('ref_axis',(2.22044604925031E-16,0.,1.));
#6629=DIRECTION('center_axis',(-1.,0.,2.22044604925031E-16));
#6630=DIRECTION('ref_axis',(2.22044604925031E-16,0.,1.));
#6631=DIRECTION('',(-1.,0.,2.22044604925031E-16));
#6632=DIRECTION('',(-1.,0.,2.22044604925031E-16));
#6633=DIRECTION('center_axis',(-1.,0.,2.22044604925031E-16));
#6634=DIRECTION('ref_axis',(2.22044604925031E-16,0.,1.));
#6635=DIRECTION('center_axis',(-1.,0.,2.22044604925031E-16));
#6636=DIRECTION('ref_axis',(2.22044604925031E-16,0.,1.));
#6637=DIRECTION('',(-1.,0.,2.22044604925031E-16));
#6638=DIRECTION('',(-1.,0.,2.22044604925031E-16));
#6639=DIRECTION('center_axis',(-1.,0.,2.22044604925031E-16));
#6640=DIRECTION('ref_axis',(2.22044604925031E-16,0.,1.));
#6641=DIRECTION('center_axis',(-1.,0.,2.22044604925031E-16));
#6642=DIRECTION('ref_axis',(2.22044604925031E-16,0.,1.));
#6643=DIRECTION('',(-1.,0.,2.22044604925031E-16));
#6644=DIRECTION('',(1.,0.,-2.22044604925031E-16));
#6645=DIRECTION('center_axis',(-1.,0.,2.22044604925031E-16));
#6646=DIRECTION('ref_axis',(2.22044604925031E-16,0.,1.));
#6647=DIRECTION('center_axis',(-1.,0.,2.22044604925031E-16));
#6648=DIRECTION('ref_axis',(2.22044604925031E-16,0.,1.));
#6649=DIRECTION('',(-1.,0.,2.22044604925031E-16));
#6650=DIRECTION('',(-1.,0.,2.22044604925031E-16));
#6651=DIRECTION('center_axis',(-1.,0.,2.22044604925031E-16));
#6652=DIRECTION('ref_axis',(2.22044604925031E-16,0.,1.));
#6653=DIRECTION('center_axis',(-1.,0.,2.22044604925031E-16));
#6654=DIRECTION('ref_axis',(2.22044604925031E-16,0.,1.));
#6655=DIRECTION('',(-1.,0.,2.22044604925031E-16));
#6656=DIRECTION('',(1.,0.,-2.22044604925031E-16));
#6657=DIRECTION('center_axis',(-1.,0.,0.));
#6658=DIRECTION('ref_axis',(0.,0.,1.));
#6659=DIRECTION('center_axis',(-1.,0.,0.));
#6660=DIRECTION('ref_axis',(0.,0.,1.));
#6661=DIRECTION('center_axis',(-1.,0.,0.));
#6662=DIRECTION('ref_axis',(0.,0.,1.));
#6663=DIRECTION('',(-1.,0.,0.));
#6664=DIRECTION('center_axis',(1.,0.,0.));
#6665=DIRECTION('ref_axis',(0.,0.,1.));
#6666=DIRECTION('center_axis',(1.,0.,0.));
#6667=DIRECTION('ref_axis',(0.,0.,1.));
#6668=DIRECTION('center_axis',(-1.,0.,0.));
#6669=DIRECTION('ref_axis',(0.,0.,1.));
#6670=DIRECTION('center_axis',(-1.,0.,0.));
#6671=DIRECTION('ref_axis',(0.,0.,1.));
#6672=DIRECTION('center_axis',(-1.,0.,0.));
#6673=DIRECTION('ref_axis',(0.,0.,1.));
#6674=DIRECTION('',(-1.,0.,0.));
#6675=DIRECTION('center_axis',(1.,0.,0.));
#6676=DIRECTION('ref_axis',(0.,0.,1.));
#6677=DIRECTION('center_axis',(1.,0.,0.));
#6678=DIRECTION('ref_axis',(0.,0.,1.));
#6679=DIRECTION('center_axis',(-1.,0.,0.));
#6680=DIRECTION('ref_axis',(0.,0.,1.));
#6681=DIRECTION('center_axis',(-1.,0.,0.));
#6682=DIRECTION('ref_axis',(0.,0.,1.));
#6683=DIRECTION('center_axis',(-1.,0.,0.));
#6684=DIRECTION('ref_axis',(0.,0.,1.));
#6685=DIRECTION('',(-1.,0.,0.));
#6686=DIRECTION('center_axis',(1.,0.,0.));
#6687=DIRECTION('ref_axis',(0.,0.,1.));
#6688=DIRECTION('center_axis',(1.,0.,0.));
#6689=DIRECTION('ref_axis',(0.,0.,1.));
#6690=DIRECTION('center_axis',(-1.,0.,0.));
#6691=DIRECTION('ref_axis',(0.,0.,1.));
#6692=DIRECTION('',(1.,0.,0.));
#6693=DIRECTION('center_axis',(-1.,0.,0.));
#6694=DIRECTION('ref_axis',(0.,0.,1.));
#6695=DIRECTION('center_axis',(-1.,0.,0.));
#6696=DIRECTION('ref_axis',(0.,0.,1.));
#6697=DIRECTION('center_axis',(-1.,0.,0.));
#6698=DIRECTION('ref_axis',(0.,0.,1.));
#6699=DIRECTION('center_axis',(-1.,0.,0.));
#6700=DIRECTION('ref_axis',(0.,1.,0.));
#6701=DIRECTION('center_axis',(-1.,0.,0.));
#6702=DIRECTION('ref_axis',(0.,1.,0.));
#6703=DIRECTION('',(-0.707106781186548,-8.65956056235493E-17,-0.707106781186548));
#6704=DIRECTION('center_axis',(-1.,0.,0.));
#6705=DIRECTION('ref_axis',(0.,0.,1.));
#6706=DIRECTION('center_axis',(-1.,0.,0.));
#6707=DIRECTION('ref_axis',(0.,1.,0.));
#6708=DIRECTION('center_axis',(-1.,0.,0.));
#6709=DIRECTION('ref_axis',(0.,1.,0.));
#6710=DIRECTION('',(-0.707106781186548,-8.65956056235493E-17,-0.707106781186548));
#6711=DIRECTION('center_axis',(-1.,0.,0.));
#6712=DIRECTION('ref_axis',(0.,0.,1.));
#6713=DIRECTION('center_axis',(-1.,0.,0.));
#6714=DIRECTION('ref_axis',(0.,1.,0.));
#6715=DIRECTION('center_axis',(-1.,0.,0.));
#6716=DIRECTION('ref_axis',(0.,1.,0.));
#6717=DIRECTION('',(-0.707106781186548,-8.65956056235494E-17,-0.707106781186548));
#6718=DIRECTION('center_axis',(-1.,0.,0.));
#6719=DIRECTION('ref_axis',(0.,0.,1.));
#6720=DIRECTION('center_axis',(1.,0.,0.));
#6721=DIRECTION('ref_axis',(0.,0.,1.));
#6722=DIRECTION('',(-1.,0.,0.));
#6723=DIRECTION('center_axis',(1.,0.,0.));
#6724=DIRECTION('ref_axis',(0.,0.,1.));
#6725=DIRECTION('center_axis',(1.,0.,0.));
#6726=DIRECTION('ref_axis',(0.,0.,1.));
#6727=DIRECTION('center_axis',(1.,0.,0.));
#6728=DIRECTION('ref_axis',(0.,0.,1.));
#6729=DIRECTION('center_axis',(-1.,0.,0.));
#6730=DIRECTION('ref_axis',(0.,0.,1.));
#6731=DIRECTION('center_axis',(-1.,0.,0.));
#6732=DIRECTION('ref_axis',(0.,0.,1.));
#6733=DIRECTION('center_axis',(-1.,0.,0.));
#6734=DIRECTION('ref_axis',(0.,0.,1.));
#6735=DIRECTION('',(-1.,0.,0.));
#6736=DIRECTION('center_axis',(-1.,0.,0.));
#6737=DIRECTION('ref_axis',(0.,0.,1.));
#6738=DIRECTION('center_axis',(-1.,0.,0.));
#6739=DIRECTION('ref_axis',(0.,0.,1.));
#6740=DIRECTION('center_axis',(-1.,0.,2.22044604925031E-16));
#6741=DIRECTION('ref_axis',(2.22044604925031E-16,0.,1.));
#6742=DIRECTION('center_axis',(-1.,0.,2.22044604925031E-16));
#6743=DIRECTION('ref_axis',(2.22044604925031E-16,0.,1.));
#6744=DIRECTION('center_axis',(-1.,0.,2.22044604925031E-16));
#6745=DIRECTION('ref_axis',(2.22044604925031E-16,0.,1.));
#6746=DIRECTION('',(-1.,0.,2.22044604925031E-16));
#6747=DIRECTION('center_axis',(-1.,0.,2.22044604925031E-16));
#6748=DIRECTION('ref_axis',(2.22044604925031E-16,0.,1.));
#6749=DIRECTION('center_axis',(-1.,0.,2.22044604925031E-16));
#6750=DIRECTION('ref_axis',(2.22044604925031E-16,0.,1.));
#6751=DIRECTION('center_axis',(-1.,0.,2.22044604925031E-16));
#6752=DIRECTION('ref_axis',(2.22044604925031E-16,0.,1.));
#6753=DIRECTION('',(-1.,0.,2.22044604925031E-16));
#6754=DIRECTION('center_axis',(-1.,0.,2.22044604925031E-16));
#6755=DIRECTION('ref_axis',(2.22044604925031E-16,0.,1.));
#6756=DIRECTION('center_axis',(-1.,0.,2.22044604925031E-16));
#6757=DIRECTION('ref_axis',(2.22044604925031E-16,0.,1.));
#6758=DIRECTION('center_axis',(-1.,0.,2.22044604925031E-16));
#6759=DIRECTION('ref_axis',(2.22044604925031E-16,0.,1.));
#6760=DIRECTION('',(-1.,0.,2.22044604925031E-16));
#6761=DIRECTION('center_axis',(-1.,0.,0.));
#6762=DIRECTION('ref_axis',(0.,0.,1.));
#6763=DIRECTION('center_axis',(-1.,0.,0.));
#6764=DIRECTION('ref_axis',(0.,0.,1.));
#6765=DIRECTION('center_axis',(1.,0.,0.));
#6766=DIRECTION('ref_axis',(0.,0.,1.));
#6767=DIRECTION('center_axis',(1.,0.,0.));
#6768=DIRECTION('ref_axis',(0.,0.,1.));
#6769=DIRECTION('center_axis',(-1.,0.,0.));
#6770=DIRECTION('ref_axis',(0.,0.,1.));
#6771=DIRECTION('center_axis',(1.,0.,0.));
#6772=DIRECTION('ref_axis',(0.,0.,1.));
#6773=DIRECTION('center_axis',(1.,0.,0.));
#6774=DIRECTION('ref_axis',(0.,0.,1.));
#6775=DIRECTION('center_axis',(1.,0.,0.));
#6776=DIRECTION('ref_axis',(0.,0.,1.));
#6777=DIRECTION('center_axis',(-1.,0.,0.));
#6778=DIRECTION('ref_axis',(0.,0.,1.));
#6779=DIRECTION('center_axis',(1.,0.,0.));
#6780=DIRECTION('ref_axis',(0.,0.,1.));
#6781=DIRECTION('center_axis',(1.,0.,0.));
#6782=DIRECTION('ref_axis',(0.,0.,1.));
#6783=DIRECTION('center_axis',(-1.,0.,0.));
#6784=DIRECTION('ref_axis',(0.,0.,1.));
#6785=DIRECTION('center_axis',(1.,0.,0.));
#6786=DIRECTION('ref_axis',(0.,0.,1.));
#6787=DIRECTION('center_axis',(1.,0.,0.));
#6788=DIRECTION('ref_axis',(0.,0.,1.));
#6789=DIRECTION('center_axis',(-1.,0.,0.));
#6790=DIRECTION('ref_axis',(0.,0.,1.));
#6791=DIRECTION('center_axis',(1.,0.,0.));
#6792=DIRECTION('ref_axis',(0.,0.,1.));
#6793=DIRECTION('center_axis',(1.,0.,0.));
#6794=DIRECTION('ref_axis',(0.,0.,1.));
#6795=DIRECTION('center_axis',(-1.,0.,4.33680868994201E-16));
#6796=DIRECTION('ref_axis',(4.33680868994201E-16,0.,1.));
#6797=DIRECTION('',(1.,0.,-2.22044604925031E-16));
#6798=DIRECTION('center_axis',(1.,0.,-4.33680868994096E-16));
#6799=DIRECTION('ref_axis',(4.33680868994096E-16,9.8686490878931E-15,1.));
#6800=DIRECTION('center_axis',(1.,0.,-4.33680868994201E-16));
#6801=DIRECTION('ref_axis',(4.33680868994201E-16,-4.93432454394655E-15,
1.));
#6802=DIRECTION('center_axis',(-1.,0.,2.22044604925031E-16));
#6803=DIRECTION('ref_axis',(2.22044604925031E-16,0.,1.));
#6804=DIRECTION('center_axis',(-1.,0.,2.22044604924662E-16));
#6805=DIRECTION('ref_axis',(2.22044604924662E-16,0.,1.));
#6806=DIRECTION('',(-1.,0.,2.22044604925031E-16));
#6807=DIRECTION('center_axis',(-1.,0.,2.22044604925031E-16));
#6808=DIRECTION('ref_axis',(2.22044604925031E-16,0.,1.));
#6809=DIRECTION('center_axis',(-1.,0.,2.22044604925031E-16));
#6810=DIRECTION('ref_axis',(-1.47961810671499E-16,-0.745629494893931,-0.666360755405225));
#6811=DIRECTION('center_axis',(-1.,0.,0.));
#6812=DIRECTION('ref_axis',(0.,0.,1.));
#6813=DIRECTION('center_axis',(-1.,0.,2.22044604925031E-16));
#6814=DIRECTION('ref_axis',(2.22044604925031E-16,0.,1.));
#6815=DIRECTION('center_axis',(-1.,0.,0.));
#6816=DIRECTION('ref_axis',(0.,0.,1.));
#6817=DIRECTION('center_axis',(1.,0.,0.));
#6818=DIRECTION('ref_axis',(0.,4.93432454394654E-15,1.));
#6819=DIRECTION('',(-1.,0.,2.22044604925031E-16));
#6820=DIRECTION('center_axis',(1.,0.,0.));
#6821=DIRECTION('ref_axis',(0.,4.93432454394654E-15,1.));
#6822=DIRECTION('center_axis',(-1.,0.,2.22044604925031E-16));
#6823=DIRECTION('ref_axis',(-1.47961810671772E-16,0.745629494892832,-0.666360755406454));
#6824=DIRECTION('center_axis',(-1.,0.,0.));
#6825=DIRECTION('ref_axis',(0.,0.,1.));
#6826=DIRECTION('',(-1.,0.,2.22044604925031E-16));
#6827=DIRECTION('center_axis',(-1.,0.,2.22044604925031E-16));
#6828=DIRECTION('ref_axis',(2.22044604925031E-16,0.,1.));
#6829=DIRECTION('center_axis',(-1.,0.,2.22044604925031E-16));
#6830=DIRECTION('ref_axis',(2.22044604925031E-16,0.,1.));
#6831=DIRECTION('center_axis',(-1.,0.,2.22044604925031E-16));
#6832=DIRECTION('ref_axis',(2.22044604925031E-16,0.,1.));
#6833=DIRECTION('center_axis',(-1.,0.,2.22044604925031E-16));
#6834=DIRECTION('ref_axis',(2.22044604925031E-16,0.,1.));
#6835=DIRECTION('center_axis',(-1.,0.,2.22044604925031E-16));
#6836=DIRECTION('ref_axis',(-6.94008643187223E-17,-0.949900089713373,-0.312553706684988));
#6837=DIRECTION('center_axis',(-1.,0.,0.));
#6838=DIRECTION('ref_axis',(0.,0.,1.));
#6839=DIRECTION('center_axis',(-1.,0.,2.22044604925031E-16));
#6840=DIRECTION('ref_axis',(2.22044604925031E-16,0.,1.));
#6841=DIRECTION('center_axis',(-1.,0.,2.22044604925031E-16));
#6842=DIRECTION('ref_axis',(-6.94008643190408E-17,0.949900089712901,-0.312553706686423));
#6843=DIRECTION('center_axis',(-1.,0.,0.));
#6844=DIRECTION('ref_axis',(0.,0.,1.));
#6845=DIRECTION('center_axis',(-1.,0.,2.22044604925031E-16));
#6846=DIRECTION('ref_axis',(2.22044604925031E-16,0.,1.));
#6847=DIRECTION('center_axis',(-1.,0.,0.));
#6848=DIRECTION('ref_axis',(0.,0.,1.));
#6849=DIRECTION('',(1.,0.,-2.22044604925031E-16));
#6850=DIRECTION('center_axis',(1.,0.,0.));
#6851=DIRECTION('ref_axis',(0.,4.93432454394654E-15,1.));
#6852=DIRECTION('center_axis',(1.,0.,0.));
#6853=DIRECTION('ref_axis',(0.,-9.86864908789308E-15,1.));
#6854=DIRECTION('center_axis',(-1.,0.,2.22044604925031E-16));
#6855=DIRECTION('ref_axis',(2.22044604925031E-16,0.,1.));
#6856=DIRECTION('center_axis',(-1.,0.,2.22044604925031E-16));
#6857=DIRECTION('ref_axis',(2.22044604925031E-16,0.,1.));
#6858=DIRECTION('',(-1.,0.,2.22044604925031E-16));
#6859=DIRECTION('center_axis',(-1.,0.,2.22044604925031E-16));
#6860=DIRECTION('ref_axis',(2.22044604925031E-16,0.,1.));
#6861=DIRECTION('center_axis',(-1.,0.,2.22044604925031E-16));
#6862=DIRECTION('ref_axis',(-2.17362674990555E-16,0.204270594818946,-0.978914462091716));
#6863=DIRECTION('center_axis',(-1.,0.,4.33680868994009E-15));
#6864=DIRECTION('ref_axis',(4.33680868994009E-15,0.,1.));
#6865=DIRECTION('center_axis',(-1.,0.,2.22044604925031E-16));
#6866=DIRECTION('ref_axis',(2.22044604925031E-16,0.,1.));
#6867=DIRECTION('center_axis',(-1.,0.,4.33680868994177E-16));
#6868=DIRECTION('ref_axis',(4.33680868994177E-16,0.,1.));
#6869=DIRECTION('center_axis',(1.,0.,-4.33680868994348E-16));
#6870=DIRECTION('ref_axis',(4.33680868994348E-16,0.,1.));
#6871=DIRECTION('',(-1.,0.,2.22044604925031E-16));
#6872=DIRECTION('center_axis',(1.,0.,-4.33680868994177E-16));
#6873=DIRECTION('ref_axis',(4.33680868994177E-16,4.93432454394655E-15,1.));
#6874=DIRECTION('center_axis',(-1.,0.,2.22044604925031E-16));
#6875=DIRECTION('ref_axis',(-2.17362674990479E-16,-0.204270594820586,-0.978914462091374));
#6876=DIRECTION('center_axis',(-1.,0.,4.3368086899425E-15));
#6877=DIRECTION('ref_axis',(4.3368086899425E-15,0.,1.));
#6878=DIRECTION('',(-1.,0.,2.22044604925031E-16));
#6879=DIRECTION('center_axis',(-1.,0.,2.22044604925031E-16));
#6880=DIRECTION('ref_axis',(2.22044604925031E-16,0.,1.));
#6881=DIRECTION('center_axis',(-1.,0.,2.22044604925031E-16));
#6882=DIRECTION('ref_axis',(2.22044604925031E-16,0.,1.));
#6883=DIRECTION('center_axis',(-1.,0.,2.22044604925031E-16));
#6884=DIRECTION('ref_axis',(2.22044604925031E-16,0.,1.));
#6885=DIRECTION('center_axis',(-1.,0.,2.22044604925031E-16));
#6886=DIRECTION('ref_axis',(2.22044604925031E-16,0.,1.));
#6887=DIRECTION('center_axis',(-1.,0.,0.));
#6888=DIRECTION('ref_axis',(0.,4.69509915641919E-14,-1.));
#6889=DIRECTION('center_axis',(1.,0.,0.));
#6890=DIRECTION('ref_axis',(0.,0.,1.));
#6891=DIRECTION('center_axis',(-1.,0.,2.22044604925031E-16));
#6892=DIRECTION('ref_axis',(-2.22044604925031E-16,-1.029062320053E-13,-1.));
#6893=DIRECTION('center_axis',(-1.,0.,2.22044604924415E-16));
#6894=DIRECTION('ref_axis',(2.22044604924415E-16,0.,1.));
#6895=DIRECTION('center_axis',(-1.,0.,2.22044604925031E-16));
#6896=DIRECTION('ref_axis',(2.22044604925031E-16,0.,1.));
#6897=DIRECTION('center_axis',(1.,0.,0.));
#6898=DIRECTION('ref_axis',(0.,0.,-1.));
#6899=DIRECTION('center_axis',(1.,0.,0.));
#6900=DIRECTION('ref_axis',(0.,0.,-1.));
#6901=DIRECTION('center_axis',(-1.,0.,2.22044604925031E-16));
#6902=DIRECTION('ref_axis',(2.22044604925031E-16,0.,1.));
#6903=DIRECTION('center_axis',(-1.,0.,2.22044604925031E-16));
#6904=DIRECTION('ref_axis',(2.22044604925031E-16,0.,1.));
#6905=DIRECTION('center_axis',(-1.,0.,2.22044604925031E-16));
#6906=DIRECTION('ref_axis',(2.22044604925031E-16,0.,1.));
#6907=DIRECTION('center_axis',(-1.,0.,2.22044604925031E-16));
#6908=DIRECTION('ref_axis',(2.22044604925031E-16,0.,1.));
#6909=DIRECTION('center_axis',(-1.,0.,2.22044604925031E-16));
#6910=DIRECTION('ref_axis',(2.22044604925031E-16,0.,1.));
#6911=DIRECTION('center_axis',(-1.,0.,2.22044604925031E-16));
#6912=DIRECTION('ref_axis',(2.22044604925031E-16,0.,1.));
#6913=DIRECTION('center_axis',(1.,0.,0.));
#6914=DIRECTION('ref_axis',(0.,0.,-1.));
#6915=DIRECTION('center_axis',(-1.,0.,2.22044604924415E-16));
#6916=DIRECTION('ref_axis',(-2.22044604924415E-16,-1.20914729759132E-13,
-1.));
#6917=DIRECTION('center_axis',(-1.,0.,0.));
#6918=DIRECTION('ref_axis',(0.,0.745629494892576,-0.666360755406741));
#6919=DIRECTION('',(-0.70710678118639,-0.47118820886439,-0.527239672091726));
#6920=DIRECTION('',(0.707106781186402,-0.471188208864005,-0.527239672092054));
#6921=DIRECTION('center_axis',(1.,0.,0.));
#6922=DIRECTION('ref_axis',(0.,0.,-1.));
#6923=DIRECTION('center_axis',(-1.,0.,2.22044604925031E-16));
#6924=DIRECTION('ref_axis',(2.22044604925031E-16,0.,1.));
#6925=DIRECTION('center_axis',(-1.,0.,4.3368086899425E-15));
#6926=DIRECTION('ref_axis',(-4.24536474590789E-15,-0.204270594820985,-0.978914462091291));
#6927=DIRECTION('',(-0.707106781186547,-0.692197054346499,0.144441122794137));
#6928=DIRECTION('',(0.707106781186358,-0.692197054346707,0.144441122794065));
#6929=DIRECTION('center_axis',(1.,0.,-4.33680868994348E-16));
#6930=DIRECTION('ref_axis',(-4.33680868994348E-16,0.,-1.));
#6931=DIRECTION('center_axis',(-1.,0.,2.22044604925031E-16));
#6932=DIRECTION('ref_axis',(2.22044604925031E-16,0.,1.));
#6933=DIRECTION('center_axis',(-1.,0.,0.));
#6934=DIRECTION('ref_axis',(0.,0.949900089712702,-0.312553706687027));
#6935=DIRECTION('',(-0.707106781186541,-0.221008845482396,-0.671680794885895));
#6936=DIRECTION('center_axis',(1.,0.,0.));
#6937=DIRECTION('ref_axis',(0.,-5.84973110202935E-14,1.));
#6938=DIRECTION('',(-0.70710678118653,0.221008845480822,-0.671680794886424));
#6939=DIRECTION('center_axis',(-1.,0.,0.));
#6940=DIRECTION('ref_axis',(0.,-0.949900089713555,-0.312553706684435));
#6941=DIRECTION('center_axis',(-1.,0.,4.33680868994009E-15));
#6942=DIRECTION('ref_axis',(-4.24536474590799E-15,0.204270594818276,-0.978914462091856));
#6943=DIRECTION('',(-0.707106781186353,-0.69219705434671,-0.144441122794076));
#6944=DIRECTION('',(0.707106781186364,-0.692197054346721,-0.144441122793967));
#6945=DIRECTION('center_axis',(-1.,0.,2.22044604925031E-16));
#6946=DIRECTION('ref_axis',(2.22044604925031E-16,0.,1.));
#6947=DIRECTION('center_axis',(1.,0.,0.));
#6948=DIRECTION('ref_axis',(0.,0.,-1.));
#6949=DIRECTION('center_axis',(-1.,0.,0.));
#6950=DIRECTION('ref_axis',(0.,-0.745629494894405,-0.666360755404694));
#6951=DIRECTION('',(-0.707106781186435,-0.471188208864288,0.527239672091757));
#6952=DIRECTION('',(0.707106781186451,-0.471188208863906,0.527239672092076));
#6953=DIRECTION('center_axis',(-1.,0.,2.22044604924662E-16));
#6954=DIRECTION('ref_axis',(2.22044604924662E-16,0.,1.));
#6955=DIRECTION('center_axis',(1.,0.,-4.33680868994096E-16));
#6956=DIRECTION('ref_axis',(-4.33680868994096E-16,0.,-1.));
#6957=DIRECTION('',(0.,-0.0228694088014164,0.999738460869178));
#6958=DIRECTION('',(1.,0.,0.));
#6959=DIRECTION('',(0.,0.0101211184905821,0.999948780168514));
#6960=DIRECTION('',(1.,0.,0.));
#6961=DIRECTION('',(0.,-0.00115417251773616,0.999999333942678));
#6962=DIRECTION('',(1.,0.,0.));
#6963=CARTESIAN_POINT('',(0.,0.,0.));
#6964=CARTESIAN_POINT('',(0.,0.,0.));
#6965=CARTESIAN_POINT('Origin',(-48.0103111548958,-12.2352261243627,-1.72598328458279E-14));
#6966=CARTESIAN_POINT('',(-48.2603111548958,-12.2352261243627,18.));
#6967=CARTESIAN_POINT('Origin',(-48.2603111548958,-12.2352261243627,-1.7401394237258E-14));
#6968=CARTESIAN_POINT('',(-47.7603111548958,-12.2352261243627,18.5));
#6969=CARTESIAN_POINT('',(-48.0103111548958,-12.2352261243627,18.25));
#6970=CARTESIAN_POINT('',(-47.7603111548958,-12.2352261243627,-18.5));
#6971=CARTESIAN_POINT('Origin',(-47.7603111548958,-12.2352261243627,-1.71182714543978E-14));
#6972=CARTESIAN_POINT('Origin',(-47.7603111548958,-12.2352261243627,-1.71182714543978E-14));
#6973=CARTESIAN_POINT('Origin',(-48.2603111548958,-12.2352261243627,-1.77635683940025E-14));
#6974=CARTESIAN_POINT('',(-48.2603111548958,-12.2352261243627,4.99999959977212));
#6975=CARTESIAN_POINT('Origin',(-48.2603111548958,-12.2352261243627,-1.74069612639618E-14));
#6976=CARTESIAN_POINT('',(-48.2603111548958,-12.2352197734412,14.7294974634914));
#6977=CARTESIAN_POINT('',(-48.2603111548958,-12.2352197734412,12.2704974634914));
#6978=CARTESIAN_POINT('Origin',(-48.2603111548958,-12.2352197734412,13.4999974634914));
#6979=CARTESIAN_POINT('Origin',(-48.2603111548958,-12.2352197734412,13.4999974634914));
#6980=CARTESIAN_POINT('',(-48.2603111548958,-0.543903180974274,-5.52048793804796));
#6981=CARTESIAN_POINT('',(-48.2603111548958,-0.543903180974275,-7.97948793804796));
#6982=CARTESIAN_POINT('Origin',(-48.2603111548958,-0.543903180974274,-6.74998793804796));
#6983=CARTESIAN_POINT('Origin',(-48.2603111548958,-0.543903180974274,-6.74998793804796));
#6984=CARTESIAN_POINT('',(-48.2603111548958,-23.9265597086237,-5.52049429845697));
#6985=CARTESIAN_POINT('',(-48.2603111548958,-23.9265597086237,-7.97949429845697));
#6986=CARTESIAN_POINT('Origin',(-48.2603111548958,-23.9265597086237,-6.74999429845697));
#6987=CARTESIAN_POINT('Origin',(-48.2603111548958,-23.9265597086237,-6.74999429845697));
#6988=CARTESIAN_POINT('',(-48.2603111548958,-18.177188159038,-0.83251707027145));
#6989=CARTESIAN_POINT('',(-48.2603111548958,-14.485226065034,5.5621486640322));
#6990=CARTESIAN_POINT('Origin',(-48.2603111548958,-12.2352261243627,-1.73958272105541E-14));
#6991=CARTESIAN_POINT('',(-48.2603111548958,-13.2352260846131,7.41619895068667));
#6992=CARTESIAN_POINT('Origin',(-48.2603111548958,-15.2352260846132,7.41619827788614));
#6993=CARTESIAN_POINT('',(-48.2603111548958,-13.2352260371122,8.89022931118612));
#6994=CARTESIAN_POINT('',(-48.2603111548958,-13.2352262041073,3.70809949145592));
#6995=CARTESIAN_POINT('',(-48.2603111548958,-14.1443169462018,10.5665101216025));
#6996=CARTESIAN_POINT('Origin',(-48.2603111548958,-15.2352260371129,8.89022931118616));
#6997=CARTESIAN_POINT('',(-48.2603111548958,-15.7348178170998,13.4469547182398));
#6998=CARTESIAN_POINT('Origin',(-48.2603111548958,-12.2352197734412,13.4999974634914));
#6999=CARTESIAN_POINT('',(-48.2603111548958,-18.4931218076548,15.2672260191453));
#7000=CARTESIAN_POINT('Origin',(-48.2603111548958,-17.7345882295523,13.4166512946631));
#7001=CARTESIAN_POINT('',(-48.2603111548958,-28.5859782843158,-2.2141256753268));
#7002=CARTESIAN_POINT('Origin',(-48.2603111548958,-12.2352261243627,-1.73958272105541E-14));
#7003=CARTESIAN_POINT('',(-48.2603111548958,-25.6304250998755,-3.69275135798979));
#7004=CARTESIAN_POINT('Origin',(-48.2603111548958,-26.6040667714584,-1.9457476672789));
#7005=CARTESIAN_POINT('',(-48.2603111548958,-22.3406332936837,-3.62994156253441));
#7006=CARTESIAN_POINT('Origin',(-48.2603111548958,-23.9265597086237,-6.74999429845697));
#7007=CARTESIAN_POINT('',(-48.2603111548958,-20.4343903265745,-3.57909943448805));
#7008=CARTESIAN_POINT('Origin',(-48.2603111548958,-21.4343860734418,-1.84704617137852));
#7009=CARTESIAN_POINT('',(-48.2603111548958,-19.1578390702574,-2.84207909538688));
#7010=CARTESIAN_POINT('',(-48.2603111548958,-16.5847994716656,-1.35654972191329));
#7011=CARTESIAN_POINT('Origin',(-48.2603111548958,-20.1578422343447,-1.11002280741125));
#7012=CARTESIAN_POINT('',(-48.2603111548958,-8.54326403039668,-4.72963142218346));
#7013=CARTESIAN_POINT('',(-48.2603111548958,-15.9271882183137,-4.72963142219521));
#7014=CARTESIAN_POINT('Origin',(-48.2603111548958,-12.2352261243627,-1.73958272105541E-14));
#7015=CARTESIAN_POINT('',(-48.2603111548958,-18.157845429611,-4.57411902614122));
#7016=CARTESIAN_POINT('Origin',(-48.2603111548958,-17.1578422739984,-6.3061752989165));
#7017=CARTESIAN_POINT('',(-48.2603111548958,-19.4344118615608,-5.31116333532192));
#7018=CARTESIAN_POINT('',(-48.2603111548958,-14.9465619193995,-2.72001188308629));
#7019=CARTESIAN_POINT('',(-48.2603111548958,-20.4315367847147,-6.93658143990293));
#7020=CARTESIAN_POINT('Origin',(-48.2603111548958,-18.4343804735621,-7.04319602064291));
#7021=CARTESIAN_POINT('',(-48.2603111548958,-22.130845153841,-9.75422618656939));
#7022=CARTESIAN_POINT('Origin',(-48.2603111548958,-23.9265597086237,-6.74999429845697));
#7023=CARTESIAN_POINT('',(-48.2603111548958,-22.3280943422083,-13.0531231678517));
#7024=CARTESIAN_POINT('Origin',(-48.2603111548958,-21.1047164129758,-11.4709264537015));
#7025=CARTESIAN_POINT('',(-48.2603111548958,-2.14235790651708,-13.0531231678517));
#7026=CARTESIAN_POINT('Origin',(-48.2603111548958,-12.2352261243627,-1.73958272105541E-14));
#7027=CARTESIAN_POINT('',(-48.2603111548958,-2.33960709483242,-9.75422618655798));
#7028=CARTESIAN_POINT('Origin',(-48.2603111548958,-3.36573583571835,-11.4709264536775));
#7029=CARTESIAN_POINT('',(-48.2603111548958,-4.03892609295003,-6.93657530302229));
#7030=CARTESIAN_POINT('Origin',(-48.2603111548958,-0.543903180974274,-6.74998793804796));
#7031=CARTESIAN_POINT('',(-48.2603111548958,-5.03606164434784,-5.31115106200865));
#7032=CARTESIAN_POINT('Origin',(-48.2603111548958,-6.03608240410216,-7.04318988376222));
#7033=CARTESIAN_POINT('',(-48.2603111548958,-6.31260681912315,-4.57411902607648));
#7034=CARTESIAN_POINT('',(-48.2603111548958,-8.88561931967727,-3.08853063364175));
#7035=CARTESIAN_POINT('Origin',(-48.2603111548958,-7.31260997466924,-6.30617529892668));
#7036=CARTESIAN_POINT('',(-48.2603111548958,4.11551028716897,-2.21412847940158));
#7037=CARTESIAN_POINT('',(-48.2603111548958,-5.9773362115688,15.267211924937));
#7038=CARTESIAN_POINT('Origin',(-48.2603111548958,-12.2352261243627,-1.73958272105541E-14));
#7039=CARTESIAN_POINT('',(-48.2603111548958,-8.73562842732122,13.4469665764223));
#7040=CARTESIAN_POINT('Origin',(-48.2603111548958,-6.73585847862644,13.4166325642022));
#7041=CARTESIAN_POINT('',(-48.2603111548958,-10.3261352075209,10.5665101216425));
#7042=CARTESIAN_POINT('Origin',(-48.2603111548958,-12.2352197734412,13.4999974634914));
#7043=CARTESIAN_POINT('',(-48.2603111548958,-11.2352261165962,8.89022181602686));
#7044=CARTESIAN_POINT('Origin',(-48.2603111548958,-9.23522611660999,8.8902293112265));
#7045=CARTESIAN_POINT('',(-48.2603111548958,-11.2352261641396,7.41619827792634));
#7046=CARTESIAN_POINT('',(-48.2603111548958,-11.2352262599693,4.44511089188637));
#7047=CARTESIAN_POINT('',(-48.2603111548958,-9.98522618369563,5.56214866403388));
#7048=CARTESIAN_POINT('Origin',(-48.2603111548958,-9.23522616409597,7.41619827792636));
#7049=CARTESIAN_POINT('',(-48.2603111548958,-6.29326408968659,-0.832517070265641));
#7050=CARTESIAN_POINT('Origin',(-48.2603111548958,-12.2352261243627,-1.73958272105541E-14));
#7051=CARTESIAN_POINT('',(-48.2603111548958,-5.31260680258828,-2.8420827764421));
#7052=CARTESIAN_POINT('Origin',(-48.2603111548958,-4.3126100144229,-1.11002280739836));
#7053=CARTESIAN_POINT('',(-48.2603111548958,-4.03606192207102,-3.57909943448807));
#7054=CARTESIAN_POINT('',(-48.2603111548958,-8.52392679930343,-0.988044133053373));
#7055=CARTESIAN_POINT('',(-48.2603111548958,-2.12981895496162,-3.62994156253437));
#7056=CARTESIAN_POINT('Origin',(-48.2603111548958,-3.03606617520366,-1.84704617137809));
#7057=CARTESIAN_POINT('',(-48.2603111548958,1.15995710273141,-3.69275416204266));
#7058=CARTESIAN_POINT('Origin',(-48.2603111548958,-0.543903180974274,-6.74998793804796));
#7059=CARTESIAN_POINT('Origin',(-48.2603111548958,2.13359877431442,-1.94575047133159));
#7060=CARTESIAN_POINT('Origin',(-44.2603111548958,-12.2352261243627,-1.51753811613038E-14));
#7061=CARTESIAN_POINT('',(-46.2603111548958,-12.2352261243627,-18.5));
#7062=CARTESIAN_POINT('',(-44.2603111548958,-12.2352261243627,-18.5));
#7063=CARTESIAN_POINT('Origin',(-46.2603111548958,-12.2352261243627,-1.6285604185929E-14));
#7064=CARTESIAN_POINT('Origin',(-45.9603111548958,-12.2352261243627,-1.51753811613038E-14));
#7065=CARTESIAN_POINT('',(-46.2603111548958,-12.2352261243627,21.7));
#7066=CARTESIAN_POINT('',(-46.2603111548958,-12.2352261243627,-21.7));
#7067=CARTESIAN_POINT('Origin',(-46.2603111548958,-12.2352261243627,-1.53452548310199E-14));
#7068=CARTESIAN_POINT('',(-45.9603111548958,-12.2352261243627,-22.));
#7069=CARTESIAN_POINT('Origin',(-45.9603111548958,-12.2352261243627,-21.7));
#7070=CARTESIAN_POINT('',(-45.9603111548958,-12.2352261243627,22.));
#7071=CARTESIAN_POINT('Origin',(-45.9603111548958,-12.2352261243627,-1.51753811613038E-14));
#7072=CARTESIAN_POINT('Origin',(-45.9603111548958,-12.2352261243627,-1.51753811613038E-14));
#7073=CARTESIAN_POINT('Origin',(-46.2603111548958,-12.2352261243627,-1.53452548310199E-14));
#7074=CARTESIAN_POINT('Origin',(-44.2603111548958,-12.2352261243627,-1.51753811613038E-14));
#7075=CARTESIAN_POINT('',(-44.2603111548958,-12.2352261243627,-22.));
#7076=CARTESIAN_POINT('',(-44.2603111548958,-12.2352261243627,-22.));
#7077=CARTESIAN_POINT('',(-44.2603111548958,-12.2352261243627,22.));
#7078=CARTESIAN_POINT('Origin',(-44.2603111548958,-12.2352261243627,-1.51753811613038E-14));
#7079=CARTESIAN_POINT('Origin',(-44.2603111548958,-12.2352261243627,-1.51753811613038E-14));
#7080=CARTESIAN_POINT('Origin',(-46.2603111548958,-12.2352261243627,-1.33226762955019E-14));
#7081=CARTESIAN_POINT('Origin',(-47.7603111548958,-12.2352261243627,-1.71238384811017E-14));
#7082=CARTESIAN_POINT('',(-47.2603111548958,-12.2352261243627,3.99999959977212));
#7083=CARTESIAN_POINT('',(-47.7603111548958,-12.2352261243627,4.49999959977212));
#7084=CARTESIAN_POINT('',(-47.2603111548958,-12.2352261243627,-3.99999959977216));
#7085=CARTESIAN_POINT('Origin',(-47.2603111548958,-12.2352261243627,-1.68407156982415E-14));
#7086=CARTESIAN_POINT('Origin',(-47.2603111548958,-12.2352261243627,-1.68407156982415E-14));
#7087=CARTESIAN_POINT('Origin',(-48.2603111548958,-12.2352261243627,-1.73958272105541E-14));
#7088=CARTESIAN_POINT('',(-45.2603111548958,-12.2352261243627,-3.99999959977215));
#7089=CARTESIAN_POINT('',(-48.2603111548958,-12.2352261243627,-3.99999959977216));
#7090=CARTESIAN_POINT('',(-45.2603111548958,-12.2352261243627,3.99999959977212));
#7091=CARTESIAN_POINT('Origin',(-45.2603111548958,-12.2352261243627,-1.57304926736164E-14));
#7092=CARTESIAN_POINT('Origin',(-45.2603111548958,-12.2352261243627,-1.57304926736164E-14));
#7093=CARTESIAN_POINT('Origin',(-45.2603111548958,-12.2352261243627,-1.55431223447522E-14));
#7094=CARTESIAN_POINT('Origin',(-46.2603111548958,-12.2352197734412,13.4999974634914));
#7095=CARTESIAN_POINT('',(-44.2603111548958,-12.2352197734412,12.2704974634914));
#7096=CARTESIAN_POINT('',(-46.2603111548958,-12.2352197734412,12.2704974634914));
#7097=CARTESIAN_POINT('',(-44.2603111548958,-12.2352197734412,14.7294974634914));
#7098=CARTESIAN_POINT('Origin',(-44.2603111548958,-12.2352197734412,13.4999974634914));
#7099=CARTESIAN_POINT('Origin',(-44.2603111548958,-12.2352197734412,13.4999974634914));
#7100=CARTESIAN_POINT('Origin',(-44.2603111548958,-12.2352197734412,13.4999974634914));
#7101=CARTESIAN_POINT('Origin',(-46.2603111548958,-0.543903180974274,-6.74998793804796));
#7102=CARTESIAN_POINT('',(-44.2603111548958,-0.543903180974274,-7.97948793804796));
#7103=CARTESIAN_POINT('',(-46.2603111548958,-0.543903180974275,-7.97948793804796));
#7104=CARTESIAN_POINT('',(-44.2603111548958,-0.543903180974274,-5.52048793804796));
#7105=CARTESIAN_POINT('Origin',(-44.2603111548958,-0.543903180974274,-6.74998793804796));
#7106=CARTESIAN_POINT('Origin',(-44.2603111548958,-0.543903180974274,-6.74998793804796));
#7107=CARTESIAN_POINT('Origin',(-44.2603111548958,-0.543903180974274,-6.74998793804796));
#7108=CARTESIAN_POINT('Origin',(-46.2603111548958,-23.9265597086237,-6.74999429845697));
#7109=CARTESIAN_POINT('',(-44.2603111548958,-23.9265597086237,-7.97949429845697));
#7110=CARTESIAN_POINT('',(-46.2603111548958,-23.9265597086237,-7.97949429845697));
#7111=CARTESIAN_POINT('',(-44.2603111548958,-23.9265597086237,-5.52049429845697));
#7112=CARTESIAN_POINT('Origin',(-44.2603111548958,-23.9265597086237,-6.74999429845697));
#7113=CARTESIAN_POINT('Origin',(-44.2603111548958,-23.9265597086237,-6.74999429845697));
#7114=CARTESIAN_POINT('Origin',(-44.2603111548958,-23.9265597086237,-6.74999429845697));
#7115=CARTESIAN_POINT('Origin',(-46.2603111548958,-22.0834743014505,6.51689594051364));
#7116=CARTESIAN_POINT('',(-46.2603111548958,-23.0832361084713,12.432623539988));
#7117=CARTESIAN_POINT('',(-46.2603111548958,-28.4261921325934,3.17837512300785));
#7118=CARTESIAN_POINT('Origin',(-46.2603111548958,-12.2352261243627,-1.6285604185929E-14));
#7119=CARTESIAN_POINT('',(-46.2603111548958,-22.112017746611,8.95538243333698));
#7120=CARTESIAN_POINT('Origin',(-46.2603111548958,-21.7683316196839,10.92563110956));
#7121=CARTESIAN_POINT('',(-46.2603111548958,-19.6678100530736,6.49001118314133));
#7122=CARTESIAN_POINT('Origin',(-46.2603111548958,-22.6275218607414,6.00000504486094));
#7123=CARTESIAN_POINT('',(-46.2603111548958,-15.7407564702898,4.86942034410674));
#7124=CARTESIAN_POINT('Origin',(-46.2603111548958,-17.201384074894,6.89835282216532));
#7125=CARTESIAN_POINT('',(-46.2603111548958,-18.2050329989255,0.601168341015727));
#7126=CARTESIAN_POINT('Origin',(-46.2603111548958,-12.2352261243627,-1.6285604185929E-14));
#7127=CARTESIAN_POINT('',(-46.2603111548958,-21.57203440476,3.19181234667836));
#7128=CARTESIAN_POINT('Origin',(-46.2603111548958,-20.692452621327,0.851655111308755));
#7129=CARTESIAN_POINT('',(-46.2603111548958,-24.9291955851339,4.07586937749263));
#7130=CARTESIAN_POINT('Origin',(-46.2603111548958,-22.6275218607414,6.00000504486094));
#7131=CARTESIAN_POINT('Origin',(-46.2603111548958,-26.4636488112169,2.79311714227173));
#7132=CARTESIAN_POINT('Origin',(-46.2603111548958,-12.2352261243202,-10.9852944582141));
#7133=CARTESIAN_POINT('',(-46.2603111548958,-14.1394397919135,-9.68181928765414));
#7134=CARTESIAN_POINT('',(-46.2603111548958,-15.0524100775979,-13.0312508674506));
#7135=CARTESIAN_POINT('Origin',(-46.2603111548958,-12.2352261243284,-12.0000018318431));
#7136=CARTESIAN_POINT('',(-46.2603111548958,-14.6995026100774,-5.47058853277604));
#7137=CARTESIAN_POINT('Origin',(-46.2603111548958,-15.7262845148979,-7.75000050080813));
#7138=CARTESIAN_POINT('',(-46.2603111548958,-9.77094959577009,-5.4705885134613));
#7139=CARTESIAN_POINT('Origin',(-46.2603111548958,-12.2352261243627,-1.51753811613038E-14));
#7140=CARTESIAN_POINT('',(-46.2603111548958,-10.3310124567572,-9.68181928762413));
#7141=CARTESIAN_POINT('Origin',(-46.2603111548958,-8.7441677337967,-7.75000050077782));
#7142=CARTESIAN_POINT('',(-46.2603111548958,-9.41804217104997,-13.031250867468));
#7143=CARTESIAN_POINT('Origin',(-46.2603111548958,-12.2352261243284,-12.0000018318431));
#7144=CARTESIAN_POINT('',(-46.2603111548958,-6.8922910585474,-15.6109915822245));
#7145=CARTESIAN_POINT('Origin',(-46.2603111548958,-7.53991953554776,-13.7187502245582));
#7146=CARTESIAN_POINT('',(-46.2603111548958,-17.5781611901011,-15.6109915822541));
#7147=CARTESIAN_POINT('Origin',(-46.2603111548958,-12.2352261243627,-1.51753811613038E-14));
#7148=CARTESIAN_POINT('Origin',(-46.2603111548958,-16.9305327130978,-13.7187502245582));
#7149=CARTESIAN_POINT('Origin',(-46.2603111548958,-2.38698541950654,6.516890203025));
#7150=CARTESIAN_POINT('',(-46.2603111548958,-4.80265170096486,6.4900147558063));
#7151=CARTESIAN_POINT('',(-46.2603111548958,-8.72969577840287,4.86942034408311));
#7152=CARTESIAN_POINT('Origin',(-46.2603111548958,-7.26907719538213,6.89835931679441));
#7153=CARTESIAN_POINT('',(-46.2603111548958,-2.35844400742767,8.95538600600674));
#7154=CARTESIAN_POINT('Origin',(-46.2603111548958,-1.84293989329665,6.00000861753132));
#7155=CARTESIAN_POINT('',(-46.2603111548958,-1.38722615375944,12.4326120650392));
#7156=CARTESIAN_POINT('Origin',(-46.2603111548958,-2.70214493019973,10.9256321012157));
#7157=CARTESIAN_POINT('',(-46.2603111548958,3.9557249393898,3.17837218930063));
#7158=CARTESIAN_POINT('Origin',(-46.2603111548958,-12.2352261243627,-1.6285604185929E-14));
#7159=CARTESIAN_POINT('',(-46.2603111548958,0.458728391931922,4.07586644378897));
#7160=CARTESIAN_POINT('Origin',(-46.2603111548958,1.99318161801298,2.79311420856579));
#7161=CARTESIAN_POINT('',(-46.2603111548958,-2.89841784399984,3.1918123466865));
#7162=CARTESIAN_POINT('Origin',(-46.2603111548958,-1.84293989329665,6.00000861753132));
#7163=CARTESIAN_POINT('',(-46.2603111548958,-6.26541924979949,0.601168341010789));
#7164=CARTESIAN_POINT('Origin',(-46.2603111548958,-3.77799962739799,0.851655111303799));
#7165=CARTESIAN_POINT('Origin',(-46.2603111548958,-12.2352261243627,-1.6285604185929E-14));
#7166=CARTESIAN_POINT('Origin',(-48.2603111548958,-17.201384074894,6.89835282216532));
#7167=CARTESIAN_POINT('',(-43.2603111548958,-19.6678100530736,6.49001118314133));
#7168=CARTESIAN_POINT('',(-48.2603111548958,-19.6678100530736,6.49001118314133));
#7169=CARTESIAN_POINT('',(-43.2603111548958,-15.7407564702898,4.86942034410674));
#7170=CARTESIAN_POINT('Origin',(-43.2603111548958,-17.201384074894,6.89835282216532));
#7171=CARTESIAN_POINT('',(-48.2603111548958,-15.7407564702898,4.86942034410673));
#7172=CARTESIAN_POINT('Origin',(-48.2603111548958,-22.6275218607414,6.00000504486094));
#7173=CARTESIAN_POINT('',(-43.2603111548958,-22.112017746611,8.95538243333698));
#7174=CARTESIAN_POINT('',(-48.2603111548958,-22.112017746611,8.95538243333698));
#7175=CARTESIAN_POINT('Origin',(-43.2603111548958,-22.6275218607414,6.00000504486095));
#7176=CARTESIAN_POINT('Origin',(-48.2603111548958,-21.7683316196839,10.92563110956));
#7177=CARTESIAN_POINT('',(-43.2603111548958,-23.0832361084713,12.432623539988));
#7178=CARTESIAN_POINT('',(-48.2603111548958,-23.0832361084713,12.432623539988));
#7179=CARTESIAN_POINT('Origin',(-43.2603111548958,-21.7683316196839,10.92563110956));
#7180=CARTESIAN_POINT('Origin',(-48.2603111548958,-8.7441677337967,-7.75000050077782));
#7181=CARTESIAN_POINT('',(-43.2603111548958,-9.77094959577009,-5.4705885134613));
#7182=CARTESIAN_POINT('',(-48.2603111548958,-9.77094959577009,-5.47058851346131));
#7183=CARTESIAN_POINT('',(-43.2603111548958,-10.3310124567572,-9.68181928762413));
#7184=CARTESIAN_POINT('Origin',(-43.2603111548958,-8.7441677337967,-7.75000050077782));
#7185=CARTESIAN_POINT('',(-48.2603111548958,-10.3310124567572,-9.68181928762413));
#7186=CARTESIAN_POINT('Origin',(-48.2603111548958,-15.7262845148979,-7.75000050080813));
#7187=CARTESIAN_POINT('',(-43.2603111548958,-14.1394397919135,-9.68181928765414));
#7188=CARTESIAN_POINT('',(-48.2603111548958,-14.1394397919135,-9.68181928765414));
#7189=CARTESIAN_POINT('',(-43.2603111548958,-14.6995026100774,-5.47058853277604));
#7190=CARTESIAN_POINT('Origin',(-43.2603111548958,-15.7262845148979,-7.75000050080812));
#7191=CARTESIAN_POINT('',(-48.2603111548958,-14.6995026100774,-5.47058853277604));
#7192=CARTESIAN_POINT('Origin',(-48.2603111548958,-12.2352261243284,-12.0000018318431));
#7193=CARTESIAN_POINT('',(-43.2603111548958,-15.0524100775979,-13.0312508674506));
#7194=CARTESIAN_POINT('',(-48.2603111548958,-15.0524100775979,-13.0312508674506));
#7195=CARTESIAN_POINT('Origin',(-43.2603111548958,-12.2352261243284,-12.0000018318431));
#7196=CARTESIAN_POINT('Origin',(-48.2603111548958,-2.70214493019973,10.9256321012157));
#7197=CARTESIAN_POINT('',(-43.2603111548958,-2.35844400742767,8.95538600600674));
#7198=CARTESIAN_POINT('',(-48.2603111548958,-2.35844400742767,8.95538600600674));
#7199=CARTESIAN_POINT('',(-43.2603111548958,-1.38722615375944,12.4326120650392));
#7200=CARTESIAN_POINT('Origin',(-43.2603111548958,-2.70214493019973,10.9256321012157));
#7201=CARTESIAN_POINT('',(-48.2603111548958,-1.38722615375944,12.4326120650392));
#7202=CARTESIAN_POINT('Origin',(-48.2603111548958,-1.84293989329665,6.00000861753131));
#7203=CARTESIAN_POINT('',(-43.2603111548958,-4.80265170096486,6.4900147558063));
#7204=CARTESIAN_POINT('',(-48.2603111548958,-4.80265170096486,6.4900147558063));
#7205=CARTESIAN_POINT('Origin',(-43.2603111548958,-1.84293989329665,6.00000861753132));
#7206=CARTESIAN_POINT('Origin',(-48.2603111548958,-7.26907719538213,6.89835931679441));
#7207=CARTESIAN_POINT('',(-43.2603111548958,-8.72969577840287,4.86942034408311));
#7208=CARTESIAN_POINT('',(-48.2603111548958,-8.72969577840287,4.86942034408311));
#7209=CARTESIAN_POINT('Origin',(-43.2603111548958,-7.26907719538213,6.89835931679442));
#7210=CARTESIAN_POINT('Origin',(-48.2603111548958,-7.31260997466924,-6.30617529892668));
#7211=CARTESIAN_POINT('',(-43.2603111548958,-6.31260681912315,-4.57411902607648));
#7212=CARTESIAN_POINT('',(-48.2603111548958,-6.31260681912315,-4.57411902607648));
#7213=CARTESIAN_POINT('',(-43.2603111548958,-8.54326403039668,-4.72963142218346));
#7214=CARTESIAN_POINT('Origin',(-43.2603111548958,-7.31260997466924,-6.30617529892667));
#7215=CARTESIAN_POINT('',(-48.2603111548958,-8.54326403039668,-4.72963142218346));
#7216=CARTESIAN_POINT('Origin',(-48.2603111548958,-5.03606164434784,-5.31115106200865));
#7217=CARTESIAN_POINT('',(-43.2603111548958,-5.03606164434784,-5.31115106200864));
#7218=CARTESIAN_POINT('',(-48.2603111548958,-5.03606164434784,-5.31115106200865));
#7219=CARTESIAN_POINT('',(-43.2603111548958,-6.31261013054784,-4.57410982700853));
#7220=CARTESIAN_POINT('Origin',(-48.2603111548958,-6.03608240410216,-7.04318988376222));
#7221=CARTESIAN_POINT('',(-43.2603111548958,-4.03892609295003,-6.93657530302228));
#7222=CARTESIAN_POINT('',(-48.2603111548958,-4.03892609295003,-6.93657530302229));
#7223=CARTESIAN_POINT('Origin',(-43.2603111548958,-6.03608240410216,-7.04318988376222));
#7224=CARTESIAN_POINT('Origin',(-48.2603111548958,-0.543903180974274,-6.74998793804796));
#7225=CARTESIAN_POINT('',(-43.2603111548958,-2.33960709483242,-9.75422618655797));
#7226=CARTESIAN_POINT('',(-48.2603111548958,-2.33960709483242,-9.75422618655798));
#7227=CARTESIAN_POINT('Origin',(-43.2603111548958,-0.543903180974274,-6.74998793804796));
#7228=CARTESIAN_POINT('Origin',(-48.2603111548958,-3.36573583571835,-11.4709264536775));
#7229=CARTESIAN_POINT('',(-43.2603111548958,-2.14235790651708,-13.0531231678517));
#7230=CARTESIAN_POINT('',(-48.2603111548958,-2.14235790651708,-13.0531231678517));
#7231=CARTESIAN_POINT('Origin',(-43.2603111548958,-3.36573583571835,-11.4709264536775));
#7232=CARTESIAN_POINT('Origin',(-48.2603111548958,-12.2352261243627,-1.73958272105541E-14));
#7233=CARTESIAN_POINT('',(-43.2603111548958,-22.3280943422083,-13.0531231678517));
#7234=CARTESIAN_POINT('',(-48.2603111548958,-22.3280943422083,-13.0531231678517));
#7235=CARTESIAN_POINT('',(-43.2603111548958,-17.5781611901011,-15.6109915822541));
#7236=CARTESIAN_POINT('Origin',(-43.2603111548958,-12.2352261243627,-1.40651581366787E-14));
#7237=CARTESIAN_POINT('',(-48.2603111548958,-17.5781611901011,-15.6109915822541));
#7238=CARTESIAN_POINT('',(-43.2603111548958,-6.8922910585474,-15.6109915822245));
#7239=CARTESIAN_POINT('',(-48.2603111548958,-6.8922910585474,-15.6109915822245));
#7240=CARTESIAN_POINT('Origin',(-43.2603111548958,-12.2352261243627,-1.40651581366787E-14));
#7241=CARTESIAN_POINT('Origin',(-48.2603111548958,-7.53991953554776,-13.7187502245582));
#7242=CARTESIAN_POINT('',(-43.2603111548958,-9.41804217104997,-13.031250867468));
#7243=CARTESIAN_POINT('',(-48.2603111548958,-9.41804217104997,-13.031250867468));
#7244=CARTESIAN_POINT('Origin',(-43.2603111548958,-7.53991953554776,-13.7187502245582));
#7245=CARTESIAN_POINT('Origin',(-48.2603111548958,-12.2352261243284,-12.0000018318431));
#7246=CARTESIAN_POINT('Origin',(-43.2603111548958,-12.2352261243284,-12.0000018318431));
#7247=CARTESIAN_POINT('Origin',(-48.2603111548958,-12.2352261243627,-1.73958272105541E-14));
#7248=CARTESIAN_POINT('Origin',(-43.2603111548958,-12.2352261243627,-1.40651581366787E-14));
#7249=CARTESIAN_POINT('',(-43.2603111548958,-15.9271882183137,-4.72963142219521));
#7250=CARTESIAN_POINT('Origin',(-43.2603111548958,-12.2352261243627,-1.40651581366787E-14));
#7251=CARTESIAN_POINT('',(-48.2603111548958,-15.9271882183137,-4.72963142219521));
#7252=CARTESIAN_POINT('Origin',(-43.2603111548958,-6.30495178475745,-10.0124627617187));
#7253=CARTESIAN_POINT('Origin',(-48.2603111548958,-12.2352261243627,-1.73958272105541E-14));
#7254=CARTESIAN_POINT('',(-43.2603111548958,-18.4931218076548,15.2672260191453));
#7255=CARTESIAN_POINT('',(-48.2603111548958,-18.4931218076548,15.2672260191453));
#7256=CARTESIAN_POINT('Origin',(-43.2603111548958,-12.2352261243627,-1.40651581366787E-14));
#7257=CARTESIAN_POINT('',(-43.2603111548958,-28.4261921325934,3.17837512300785));
#7258=CARTESIAN_POINT('',(-48.2603111548958,-28.4261921325934,3.17837512300785));
#7259=CARTESIAN_POINT('',(-43.2603111548958,-28.5859782843158,-2.2141256753268));
#7260=CARTESIAN_POINT('Origin',(-43.2603111548958,-12.2352261243627,-1.45508807099522E-14));
#7261=CARTESIAN_POINT('',(-48.2603111548958,-28.5859782843158,-2.2141256753268));
#7262=CARTESIAN_POINT('Origin',(-48.2603111548958,-17.7345882295523,13.4166512946631));
#7263=CARTESIAN_POINT('',(-43.2603111548958,-15.7348178170998,13.4469547182398));
#7264=CARTESIAN_POINT('',(-48.2603111548958,-15.7348178170998,13.4469547182398));
#7265=CARTESIAN_POINT('Origin',(-43.2603111548958,-17.7345882295523,13.4166512946631));
#7266=CARTESIAN_POINT('Origin',(-48.2603111548958,-12.2352197734412,13.4999974634914));
#7267=CARTESIAN_POINT('',(-43.2603111548958,-14.1443169462018,10.5665101216025));
#7268=CARTESIAN_POINT('',(-48.2603111548958,-14.1443169462018,10.5665101216025));
#7269=CARTESIAN_POINT('Origin',(-43.2603111548958,-12.2352197734412,13.4999974634914));
#7270=CARTESIAN_POINT('Origin',(-48.2603111548958,-15.2352260371129,8.89022931118616));
#7271=CARTESIAN_POINT('',(-43.2603111548958,-13.2352260371122,8.89022931118613));
#7272=CARTESIAN_POINT('',(-48.2603111548958,-13.2352260371122,8.89022931118612));
#7273=CARTESIAN_POINT('Origin',(-43.2603111548958,-15.2352260371129,8.89022931118616));
#7274=CARTESIAN_POINT('Origin',(-48.2603111548958,-13.2352260846131,7.41619895068667));
#7275=CARTESIAN_POINT('',(-43.2603111548958,-13.2352260846131,7.41619895068668));
#7276=CARTESIAN_POINT('',(-48.2603111548958,-13.2352260846131,7.41619895068667));
#7277=CARTESIAN_POINT('',(-43.2603111548958,-13.2352260371122,8.89022931118613));
#7278=CARTESIAN_POINT('Origin',(-48.2603111548958,-15.2352260846132,7.41619827788614));
#7279=CARTESIAN_POINT('',(-43.2603111548958,-14.485226065034,5.5621486640322));
#7280=CARTESIAN_POINT('',(-48.2603111548958,-14.485226065034,5.5621486640322));
#7281=CARTESIAN_POINT('Origin',(-43.2603111548958,-15.2352260846132,7.41619827788614));
#7282=CARTESIAN_POINT('Origin',(-48.2603111548958,-12.2352261243627,-1.73958272105541E-14));
#7283=CARTESIAN_POINT('',(-43.2603111548958,-18.177188159038,-0.832517070271447));
#7284=CARTESIAN_POINT('',(-48.2603111548958,-18.177188159038,-0.83251707027145));
#7285=CARTESIAN_POINT('',(-43.2603111548958,-18.2050329989255,0.601168341015729));
#7286=CARTESIAN_POINT('Origin',(-43.2603111548958,-12.2352261243627,-1.45508807099522E-14));
#7287=CARTESIAN_POINT('',(-48.2603111548958,-18.2050329989255,0.601168341015726));
#7288=CARTESIAN_POINT('Origin',(-43.2603111548958,-12.2352261243627,-1.40651581366787E-14));
#7289=CARTESIAN_POINT('Origin',(-43.2603111548958,-18.5017788283982,9.90750205841436));
#7290=CARTESIAN_POINT('Origin',(-48.2603111548958,-5.31260996665788,-2.84208825680248));
#7291=CARTESIAN_POINT('',(-43.2603111548958,-5.31260680258828,-2.84208277644209));
#7292=CARTESIAN_POINT('',(-48.2603111548958,-5.31260680258828,-2.8420827764421));
#7293=CARTESIAN_POINT('',(-43.2603111548958,-4.03606192207102,-3.57909943448807));
#7294=CARTESIAN_POINT('',(-43.2603111548958,-4.03606192207111,-3.57909943448803));
#7295=CARTESIAN_POINT('',(-48.2603111548958,-4.03606192207102,-3.57909943448807));
#7296=CARTESIAN_POINT('Origin',(-48.2603111548958,-4.3126100144229,-1.11002280739836));
#7297=CARTESIAN_POINT('',(-43.2603111548958,-6.29326408968659,-0.832517070265638));
#7298=CARTESIAN_POINT('',(-48.2603111548958,-6.29326408968659,-0.832517070265641));
#7299=CARTESIAN_POINT('Origin',(-43.2603111548958,-4.3126100144229,-1.11002280739836));
#7300=CARTESIAN_POINT('Origin',(-48.2603111548958,-12.2352261243627,-1.73958272105541E-14));
#7301=CARTESIAN_POINT('',(-43.2603111548958,-9.98522618369563,5.56214866403388));
#7302=CARTESIAN_POINT('',(-48.2603111548958,-9.98522618369563,5.56214866403388));
#7303=CARTESIAN_POINT('Origin',(-43.2603111548958,-12.2352261243627,-1.40651581366787E-14));
#7304=CARTESIAN_POINT('',(-43.2603111548958,-6.26541924979949,0.60116834101079));
#7305=CARTESIAN_POINT('',(-48.2603111548958,-6.26541924979949,0.601168341010787));
#7306=CARTESIAN_POINT('Origin',(-43.2603111548958,-12.2352261243627,-1.46202696489912E-14));
#7307=CARTESIAN_POINT('Origin',(-48.2603111548958,-3.77799962739799,0.851655111303798));
#7308=CARTESIAN_POINT('',(-43.2603111548958,-2.89841784399984,3.1918123466865));
#7309=CARTESIAN_POINT('',(-48.2603111548958,-2.89841784399984,3.19181234668649));
#7310=CARTESIAN_POINT('Origin',(-43.2603111548958,-3.77799962739799,0.851655111303801));
#7311=CARTESIAN_POINT('Origin',(-48.2603111548958,-1.84293989329665,6.00000861753131));
#7312=CARTESIAN_POINT('',(-43.2603111548958,0.458728391931922,4.07586644378897));
#7313=CARTESIAN_POINT('',(-48.2603111548958,0.458728391931922,4.07586644378896));
#7314=CARTESIAN_POINT('Origin',(-43.2603111548958,-1.84293989329665,6.00000861753132));
#7315=CARTESIAN_POINT('Origin',(-48.2603111548958,1.99318161801298,2.79311420856579));
#7316=CARTESIAN_POINT('',(-43.2603111548958,3.9557249393898,3.17837218930063));
#7317=CARTESIAN_POINT('',(-48.2603111548958,3.9557249393898,3.17837218930063));
#7318=CARTESIAN_POINT('Origin',(-43.2603111548958,1.99318161801298,2.7931142085658));
#7319=CARTESIAN_POINT('Origin',(-48.2603111548958,-12.2352261243627,-1.73958272105541E-14));
#7320=CARTESIAN_POINT('',(-43.2603111548958,4.11551028716897,-2.21412847940158));
#7321=CARTESIAN_POINT('',(-48.2603111548958,4.11551028716897,-2.21412847940158));
#7322=CARTESIAN_POINT('Origin',(-43.2603111548958,-12.2352261243627,-1.46202696489912E-14));
#7323=CARTESIAN_POINT('',(-43.2603111548958,-5.9773362115688,15.267211924937));
#7324=CARTESIAN_POINT('Origin',(-43.2603111548958,-12.2352261243627,-1.40651581366787E-14));
#7325=CARTESIAN_POINT('',(-48.2603111548958,-5.9773362115688,15.267211924937));
#7326=CARTESIAN_POINT('Origin',(-48.2603111548958,2.13359877431442,-1.94575047133159));
#7327=CARTESIAN_POINT('',(-43.2603111548958,1.15995710273141,-3.69275416204265));
#7328=CARTESIAN_POINT('',(-48.2603111548958,1.15995710273141,-3.69275416204266));
#7329=CARTESIAN_POINT('Origin',(-43.2603111548958,2.13359877431442,-1.94575047133159));
#7330=CARTESIAN_POINT('Origin',(-48.2603111548958,-0.543903180974274,-6.74998793804796));
#7331=CARTESIAN_POINT('',(-43.2603111548958,-2.12981895496162,-3.62994156253437));
#7332=CARTESIAN_POINT('',(-48.2603111548958,-2.12981895496162,-3.62994156253437));
#7333=CARTESIAN_POINT('Origin',(-43.2603111548958,-0.543903180974274,-6.74998793804796));
#7334=CARTESIAN_POINT('Origin',(-48.2603111548958,-3.03606617520366,-1.84704617137809));
#7335=CARTESIAN_POINT('Origin',(-43.2603111548958,-3.03606617520366,-1.84704617137809));
#7336=CARTESIAN_POINT('Origin',(-43.2603111548958,-1.0239340372641,0.423681868617053));
#7337=CARTESIAN_POINT('Origin',(-48.2603111548958,-18.4343804735621,-7.04319602064291));
#7338=CARTESIAN_POINT('',(-43.2603111548958,-19.4344118615608,-5.31116333532192));
#7339=CARTESIAN_POINT('',(-48.2603111548958,-19.4344118615608,-5.31116333532192));
#7340=CARTESIAN_POINT('',(-43.2603111548958,-20.4315367847147,-6.93658143990293));
#7341=CARTESIAN_POINT('Origin',(-43.2603111548958,-18.4343804735621,-7.0431960206429));
#7342=CARTESIAN_POINT('',(-48.2603111548958,-20.4315367847147,-6.93658143990293));
#7343=CARTESIAN_POINT('Origin',(-48.2603111548958,-18.1578485851001,-4.57411356086378));
#7344=CARTESIAN_POINT('',(-43.2603111548958,-18.157845429611,-4.57411902614122));
#7345=CARTESIAN_POINT('',(-48.2603111548958,-18.157845429611,-4.57411902614122));
#7346=CARTESIAN_POINT('',(-43.2603111548958,-19.4344012332943,-5.31115719887603));
#7347=CARTESIAN_POINT('Origin',(-48.2603111548958,-17.1578422739984,-6.3061752989165));
#7348=CARTESIAN_POINT('Origin',(-43.2603111548958,-17.1578422739984,-6.30617529891649));
#7349=CARTESIAN_POINT('Origin',(-48.2603111548958,-16.9305327130978,-13.7187502245582));
#7350=CARTESIAN_POINT('Origin',(-43.2603111548958,-16.9305327130978,-13.7187502245582));
#7351=CARTESIAN_POINT('Origin',(-48.2603111548958,-21.1047164129758,-11.4709264537015));
#7352=CARTESIAN_POINT('',(-43.2603111548958,-22.130845153841,-9.75422618656939));
#7353=CARTESIAN_POINT('',(-48.2603111548958,-22.130845153841,-9.75422618656939));
#7354=CARTESIAN_POINT('Origin',(-43.2603111548958,-21.1047164129758,-11.4709264537015));
#7355=CARTESIAN_POINT('Origin',(-48.2603111548958,-23.9265597086237,-6.74999429845697));
#7356=CARTESIAN_POINT('Origin',(-43.2603111548958,-23.9265597086237,-6.74999429845697));
#7357=CARTESIAN_POINT('Origin',(-43.2603111548958,-18.1655004639295,-10.0124627617373));
#7358=CARTESIAN_POINT('Origin',(-48.2603111548958,-20.1578422343447,-1.11002280741125));
#7359=CARTESIAN_POINT('',(-43.2603111548958,-19.1578390702574,-2.84207909538687));
#7360=CARTESIAN_POINT('',(-48.2603111548958,-19.1578390702574,-2.84207909538688));
#7361=CARTESIAN_POINT('Origin',(-43.2603111548958,-20.1578422343447,-1.11002280741124));
#7362=CARTESIAN_POINT('Origin',(-48.2603111548958,-20.4343903265745,-3.57909943448805));
#7363=CARTESIAN_POINT('',(-43.2603111548958,-20.4343903265745,-3.57909943448804));
#7364=CARTESIAN_POINT('',(-48.2603111548958,-20.4343903265745,-3.57909943448805));
#7365=CARTESIAN_POINT('',(-43.2603111548958,-19.1578422819979,-2.8420882568083));
#7366=CARTESIAN_POINT('Origin',(-48.2603111548958,-21.4343860734418,-1.84704617137852));
#7367=CARTESIAN_POINT('',(-43.2603111548958,-22.3406332936837,-3.62994156253441));
#7368=CARTESIAN_POINT('',(-48.2603111548958,-22.3406332936837,-3.62994156253441));
#7369=CARTESIAN_POINT('Origin',(-43.2603111548958,-21.4343860734418,-1.84704617137852));
#7370=CARTESIAN_POINT('Origin',(-48.2603111548958,-23.9265597086237,-6.74999429845697));
#7371=CARTESIAN_POINT('',(-43.2603111548958,-25.6304250998755,-3.69275135798979));
#7372=CARTESIAN_POINT('',(-48.2603111548958,-25.6304250998755,-3.69275135798979));
#7373=CARTESIAN_POINT('Origin',(-43.2603111548958,-23.9265597086237,-6.74999429845697));
#7374=CARTESIAN_POINT('Origin',(-48.2603111548958,-26.6040667714584,-1.9457476672789));
#7375=CARTESIAN_POINT('Origin',(-43.2603111548958,-26.6040667714584,-1.9457476672789));
#7376=CARTESIAN_POINT('Origin',(-48.2603111548958,-26.4636488112169,2.79311714227173));
#7377=CARTESIAN_POINT('',(-43.2603111548958,-24.9291955851339,4.07586937749263));
#7378=CARTESIAN_POINT('',(-48.2603111548958,-24.9291955851339,4.07586937749263));
#7379=CARTESIAN_POINT('Origin',(-43.2603111548958,-26.4636488112169,2.79311714227173));
#7380=CARTESIAN_POINT('Origin',(-48.2603111548958,-22.6275218607414,6.00000504486094));
#7381=CARTESIAN_POINT('',(-43.2603111548958,-21.57203440476,3.19181234667836));
#7382=CARTESIAN_POINT('',(-48.2603111548958,-21.57203440476,3.19181234667836));
#7383=CARTESIAN_POINT('Origin',(-43.2603111548958,-22.6275218607414,6.00000504486095));
#7384=CARTESIAN_POINT('Origin',(-48.2603111548958,-20.692452621327,0.851655111308754));
#7385=CARTESIAN_POINT('Origin',(-43.2603111548958,-20.692452621327,0.851655111308757));
#7386=CARTESIAN_POINT('Origin',(-43.2603111548958,-23.4465258263491,0.423684737496444));
#7387=CARTESIAN_POINT('Origin',(-48.2603111548958,-9.23522611660999,8.8902293112265));
#7388=CARTESIAN_POINT('',(-43.2603111548958,-10.3261352075209,10.5665101216425));
#7389=CARTESIAN_POINT('',(-48.2603111548958,-10.3261352075209,10.5665101216425));
#7390=CARTESIAN_POINT('',(-43.2603111548958,-11.2352261165962,8.89022181602686));
#7391=CARTESIAN_POINT('Origin',(-43.2603111548958,-9.23522611660999,8.8902293112265));
#7392=CARTESIAN_POINT('',(-48.2603111548958,-11.2352261165962,8.89022181602686));
#7393=CARTESIAN_POINT('Origin',(-48.2603111548958,-12.2352197734412,13.4999974634914));
#7394=CARTESIAN_POINT('',(-43.2603111548958,-8.73562842732122,13.4469665764223));
#7395=CARTESIAN_POINT('',(-48.2603111548958,-8.73562842732122,13.4469665764223));
#7396=CARTESIAN_POINT('Origin',(-43.2603111548958,-12.2352197734412,13.4999974634914));
#7397=CARTESIAN_POINT('Origin',(-48.2603111548958,-6.73585847862644,13.4166325642022));
#7398=CARTESIAN_POINT('Origin',(-43.2603111548958,-6.73585847862644,13.4166325642022));
#7399=CARTESIAN_POINT('Origin',(-48.2603111548958,-9.23522616409597,7.41619827792636));
#7400=CARTESIAN_POINT('',(-43.2603111548958,-11.2352261641396,7.41619827792634));
#7401=CARTESIAN_POINT('',(-48.2603111548958,-11.2352261641396,7.41619827792634));
#7402=CARTESIAN_POINT('Origin',(-43.2603111548958,-9.23522616409597,7.41619827792637));
#7403=CARTESIAN_POINT('Origin',(-48.2603111548958,-11.2352261165962,8.89022181602686));
#7404=CARTESIAN_POINT('',(-43.2603111548958,-11.2352261641396,7.41619827792634));
#7405=CARTESIAN_POINT('Origin',(-43.2603111548958,-5.96868554716957,9.90749594049831));
#7406=CARTESIAN_POINT('Origin',(-18.2603111548954,-12.2352261243601,-3.68594044175552E-13));
#7407=CARTESIAN_POINT('',(-18.2603111548954,-11.6315693522917,18.2900409650043));
#7408=CARTESIAN_POINT('Origin',(-18.2603111548954,-11.6579587193767,17.4904763326543));
#7409=CARTESIAN_POINT('Origin',(-18.2603111548954,-12.2352261243601,-3.68594044175552E-13));
#7410=CARTESIAN_POINT('',(-18.2603111548954,1.63933761152545,-8.57881686863821));
#7411=CARTESIAN_POINT('Origin',(-18.2603111548954,1.61294824444049,-9.37838150098812));
#7412=CARTESIAN_POINT('Origin',(-18.2603111548954,-12.2352261243601,-3.68594044175552E-13));
#7413=CARTESIAN_POINT('',(-18.2603111548954,-26.0570110930894,10.177947132794));
#7414=CARTESIAN_POINT('Origin',(-18.2603111548954,-26.0834004601743,9.37838250044412));
#7415=CARTESIAN_POINT('Origin',(-18.2603111548954,-12.2352261243601,-3.68594044175552E-13));
#7416=CARTESIAN_POINT('',(-18.2603111548954,-12.7861041622588,-16.6909117003045));
#7417=CARTESIAN_POINT('Origin',(-18.2603111548954,-12.8124935293437,-17.4904763326545));
#7418=CARTESIAN_POINT('Origin',(-18.2603111548954,-12.2352261243601,-3.68594044175552E-13));
#7419=CARTESIAN_POINT('',(-18.2603111548954,-12.4826264407817,-7.49591842828053));
#7420=CARTESIAN_POINT('Origin',(-18.2603111548954,-12.2352261243602,-7.10542735760102E-14));
#7421=CARTESIAN_POINT('',(-18.2603111548954,-15.3729711491941,2.14349158130972));
#7422=CARTESIAN_POINT('Origin',(-18.2603111548954,-12.2352261243627,0.));
#7423=CARTESIAN_POINT('Origin',(-18.2603111548954,-12.2352261243601,-3.68594044175552E-13));
#7424=CARTESIAN_POINT('',(-18.2603111548954,-4.31590699293288,-11.6419235736458));
#7425=CARTESIAN_POINT('',(-18.2603111548954,-2.90242529084694,-14.2880659503648));
#7426=CARTESIAN_POINT('Origin',(-18.2603111548954,-3.60916614188994,-12.9649947620053));
#7427=CARTESIAN_POINT('',(-18.2603111548954,-6.96204936965195,-13.0554052757318));
#7428=CARTESIAN_POINT('',(-18.2603111548954,-6.30051377547216,-12.7020348502102));
#7429=CARTESIAN_POINT('',(-18.2603111548954,-5.548567667566,-15.7015476524508));
#7430=CARTESIAN_POINT('Origin',(-18.2603111548954,-6.25530851860894,-14.3784764640913));
#7431=CARTESIAN_POINT('',(-18.2603111548954,-3.56396088502673,-14.6414363758863));
#7432=CARTESIAN_POINT('Origin',(-15.2603111548953,-6.25530851860894,-14.3784764640913));
#7433=CARTESIAN_POINT('',(-17.2603111548952,-6.96204936965195,-13.0554052757318));
#7434=CARTESIAN_POINT('',(-15.2603111548953,-6.96204936965195,-13.0554052757318));
#7435=CARTESIAN_POINT('',(-17.2603111548952,-5.548567667566,-15.7015476524508));
#7436=CARTESIAN_POINT('Origin',(-17.2603111548952,-6.25530851860894,-14.3784764640913));
#7437=CARTESIAN_POINT('',(-15.2603111548953,-5.548567667566,-15.7015476524508));
#7438=CARTESIAN_POINT('Origin',(-15.2603111548953,-6.96204936965195,-13.0554052757318));
#7439=CARTESIAN_POINT('',(-17.2603111548952,-4.31590699293288,-11.6419235736458));
#7440=CARTESIAN_POINT('',(-15.2603111548953,-4.31590699293288,-11.6419235736458));
#7441=CARTESIAN_POINT('',(-17.2603111548952,-3.0540428717574,-10.9678775126731));
#7442=CARTESIAN_POINT('Origin',(-23.510311154895,-36.8690564003918,8.31711524097582));
#7443=CARTESIAN_POINT('',(-15.2603111548952,-37.0244384580343,7.84187170744498));
#7444=CARTESIAN_POINT('',(-15.7603111548951,-37.3427839057,8.47705976484074));
#7445=CARTESIAN_POINT('Ctrl Pts',(-15.2603111548952,-37.0244384580343,7.84187170744508));
#7446=CARTESIAN_POINT('Ctrl Pts',(-15.3190143769654,-37.0802376909428,7.86011540570182));
#7447=CARTESIAN_POINT('Ctrl Pts',(-15.3823785830055,-37.1372180153232,7.89010762516705));
#7448=CARTESIAN_POINT('Ctrl Pts',(-15.504935890303,-37.2390764098346,7.97423494716993));
#7449=CARTESIAN_POINT('Ctrl Pts',(-15.5639713756905,-37.2835733302146,8.02902682835104));
#7450=CARTESIAN_POINT('Ctrl Pts',(-15.6530569160932,-37.3407886915734,8.14183013239936));
#7451=CARTESIAN_POINT('Ctrl Pts',(-15.6914977115483,-37.3608661951946,8.20449109206352));
#7452=CARTESIAN_POINT('Ctrl Pts',(-15.7317692680479,-37.3700578907198,8.30537698134716));
#7453=CARTESIAN_POINT('Ctrl Pts',(-15.7424016168568,-37.3697439563016,8.34016180458515));
#7454=CARTESIAN_POINT('Ctrl Pts',(-15.7566714915453,-37.3616876735877,8.40947104753606));
#7455=CARTESIAN_POINT('Ctrl Pts',(-15.7603111548951,-37.3539474626656,8.44399527557992));
#7456=CARTESIAN_POINT('Ctrl Pts',(-15.7603111548951,-37.3427839057001,8.47705976484072));
#7457=CARTESIAN_POINT('',(-18.2603111548954,-37.3427839057,8.47705976484074));
#7458=CARTESIAN_POINT('',(-23.510311154895,-37.3427839057,8.47705976484074));
#7459=CARTESIAN_POINT('',(-18.2603111548954,-36.88554975482,7.81738734575611));
#7460=CARTESIAN_POINT('Origin',(-18.2603111548954,-36.8690564003918,8.31711524097582));
#7461=CARTESIAN_POINT('',(-15.2603111548952,-36.88554975482,7.81738734575712));
#7462=CARTESIAN_POINT('',(-23.510311154895,-36.88554975482,7.81738734575712));
#7463=CARTESIAN_POINT('Origin',(-15.2603111548953,-36.8690564003918,8.31711524097582));
#7464=CARTESIAN_POINT('Origin',(-15.2603111548953,6.75443389395014,-0.626747468267941));
#7465=CARTESIAN_POINT('',(-15.2603111548952,-29.6582282375867,7.57885198183113));
#7466=CARTESIAN_POINT('',(-15.2603111548952,-25.1971355961403,7.4316150899622));
#7467=CARTESIAN_POINT('',(-15.2603111548953,5.64958991285316,6.41352908428991));
#7468=CARTESIAN_POINT('Origin',(-15.2603111548953,-12.2352261243602,-6.88338275267597E-14));
#7469=CARTESIAN_POINT('',(-15.260311154895,13.02202189867,6.17020439719254));
#7470=CARTESIAN_POINT('',(-15.2603111548953,5.94005101958146,6.40394251122358));
#7471=CARTESIAN_POINT('Origin',(-15.2603111548952,-12.2352261243602,-8.21565038222616E-14));
#7472=CARTESIAN_POINT('',(-15.2603111548953,8.7463873891425,12.1895190813287));
#7473=CARTESIAN_POINT('',(-15.2603111548953,8.6804139714301,10.1906075004539));
#7474=CARTESIAN_POINT('Origin',(-15.2603111548953,8.7134006802863,11.1900632908913));
#7475=CARTESIAN_POINT('Origin',(-15.2603111548953,8.7134006802863,11.1900632908913));
#7476=CARTESIAN_POINT('',(-15.2603111548953,-32.367431897695,13.5464671322154));
#7477=CARTESIAN_POINT('',(-15.2603111548953,-32.4334053154074,11.5475555513406));
#7478=CARTESIAN_POINT('Origin',(-15.2603111548953,-32.4004186065512,12.547011341778));
#7479=CARTESIAN_POINT('Origin',(-15.2603111548953,-32.4004186065512,12.547011341778));
#7480=CARTESIAN_POINT('',(-15.2603111548953,-11.4188050930482,24.7365304231066));
#7481=CARTESIAN_POINT('',(-15.2603111548953,-11.4847785107606,22.7376188422318));
#7482=CARTESIAN_POINT('Origin',(-15.2603111548953,-11.4517918019044,23.7370746326692));
#7483=CARTESIAN_POINT('Origin',(-15.2603111548953,-11.4517918019044,23.7370746326692));
#7484=CARTESIAN_POINT('Origin',(-18.2603111548954,-25.1971355961403,7.4316150899622));
#7485=CARTESIAN_POINT('',(-18.2603111548954,-25.1971355961403,7.43161508996232));
#7486=CARTESIAN_POINT('',(-18.2603111548954,-33.7521079921571,7.71396913343319));
#7487=CARTESIAN_POINT('',(-17.2603111548953,-25.1971355961402,7.4316150899622));
#7488=CARTESIAN_POINT('',(-18.2603111548954,-25.19713559614,7.43161508996219));
#7489=CARTESIAN_POINT('',(-17.2603111548952,-28.6454688056266,7.54542619067233));
#7490=CARTESIAN_POINT('',(-17.2603111548953,-25.1971355961403,7.4316150899622));
#7491=CARTESIAN_POINT('',(-14.2603111548954,-28.6454688056266,7.54542619067233));
#7492=CARTESIAN_POINT('',(-14.2603111548954,-28.6454688056266,7.54542619067241));
#7493=CARTESIAN_POINT('',(-14.2603111548954,-29.6582282375867,7.57885198183114));
#7494=CARTESIAN_POINT('',(-14.2603111548954,-25.1971355961403,7.4316150899622));
#7495=CARTESIAN_POINT('',(-15.2603111548953,-29.6582282375867,7.57885198183113));
#7496=CARTESIAN_POINT('Origin',(-23.510311154895,-37.3638570332349,-6.67472161558481));
#7497=CARTESIAN_POINT('',(-15.2603111548953,-37.4875645639973,-6.19026682220091));
#7498=CARTESIAN_POINT('',(-15.2603111548953,-37.3473636788067,-6.17499372036611));
#7499=CARTESIAN_POINT('Origin',(-15.2603111548953,-37.3638570332349,-6.67472161558481));
#7500=CARTESIAN_POINT('',(-18.2603111548954,-37.3473636788067,-6.17499372036631));
#7501=CARTESIAN_POINT('',(-23.510311154895,-37.3473636788067,-6.17499372036611));
#7502=CARTESIAN_POINT('',(-18.2603111548954,-37.8470999353286,-6.80308164665375));
#7503=CARTESIAN_POINT('Origin',(-18.2603111548954,-37.3638570332349,-6.67472161558481));
#7504=CARTESIAN_POINT('',(-15.7603111548951,-37.8470999353286,-6.80308164665374));
#7505=CARTESIAN_POINT('',(-23.510311154895,-37.8470999353286,-6.80308164665375));
#7506=CARTESIAN_POINT('Ctrl Pts',(-15.7603111548951,-37.8470999353286,-6.80308164665374));
#7507=CARTESIAN_POINT('Ctrl Pts',(-15.7603111548951,-37.8560590074138,-6.7693530166553));
#7508=CARTESIAN_POINT('Ctrl Pts',(-15.7566714915453,-37.8615059319514,-6.73439355155316));
#7509=CARTESIAN_POINT('Ctrl Pts',(-15.7424016168568,-37.8649746030114,-6.66470393130254));
#7510=CARTESIAN_POINT('Ctrl Pts',(-15.7317692680479,-37.8629942294497,-6.62997410833906));
#7511=CARTESIAN_POINT('Ctrl Pts',(-15.6914977115483,-37.8471703725423,-6.52991384911617));
#7512=CARTESIAN_POINT('Ctrl Pts',(-15.6530569160932,-37.8230048545796,-6.46871311579309));
#7513=CARTESIAN_POINT('Ctrl Pts',(-15.5639713756905,-37.7584760384385,-6.35992793818575));
#7514=CARTESIAN_POINT('Ctrl Pts',(-15.504935890303,-37.7104631138484,-6.30818931393849));
#7515=CARTESIAN_POINT('Ctrl Pts',(-15.3823785830056,-37.6032792417513,-6.23096136302661));
#7516=CARTESIAN_POINT('Ctrl Pts',(-15.3190143769654,-37.5444453081682,-6.20479155496317));
#7517=CARTESIAN_POINT('Ctrl Pts',(-15.2603111548953,-37.4875645639973,-6.19026682220089));
#7518=CARTESIAN_POINT('Origin',(-18.2603111548954,-43.8576850428196,-5.96012271011275));
#7519=CARTESIAN_POINT('',(-15.2603111548953,-30.1200421615733,-6.41352908429113));
#7520=CARTESIAN_POINT('',(-15.2603111548953,-43.8576850428196,-5.96012271011275));
#7521=CARTESIAN_POINT('',(-14.2603111548954,-30.1200421615733,-6.41352908429119));
#7522=CARTESIAN_POINT('',(-15.2603111548953,-30.1200421615733,-6.41352908429112));
#7523=CARTESIAN_POINT('',(-14.2603111548954,-29.3652134319417,-6.43844195765577));
#7524=CARTESIAN_POINT('',(-14.2603111548954,-13.2656977187036,-6.96980116597663));
#7525=CARTESIAN_POINT('',(-17.2603111548953,-29.3652134319417,-6.43844195765571));
#7526=CARTESIAN_POINT('',(-18.2603111548954,-29.3652134319414,-6.43844195765571));
#7527=CARTESIAN_POINT('',(-17.2603111548953,-25.6589495201273,-6.56076597615949));
#7528=CARTESIAN_POINT('',(-17.2603111548953,-43.8576850428196,-5.96012271011275));
#7529=CARTESIAN_POINT('',(-18.2603111548954,-25.6589495201273,-6.56076597615974));
#7530=CARTESIAN_POINT('',(-18.2603111548954,-25.6589495201271,-6.5607659761595));
#7531=CARTESIAN_POINT('',(-18.2603111548954,-34.2139219161439,-6.27841193268923));
#7532=CARTESIAN_POINT('Origin',(-15.2603111548953,6.75443389395014,-0.626747468267941));
#7533=CARTESIAN_POINT('',(-15.2603111548952,12.560207974682,-7.82217666893644));
#7534=CARTESIAN_POINT('Origin',(-15.2603111548953,-12.2352261243602,-8.21565038222616E-14));
#7535=CARTESIAN_POINT('',(-15.2603111548953,5.18777598886643,-7.57885198183047));
#7536=CARTESIAN_POINT('',(-15.2603111548953,10.318546668334,-7.74819137656425));
#7537=CARTESIAN_POINT('Origin',(-15.2603111548953,-12.2352261243602,-6.88338275267597E-14));
#7538=CARTESIAN_POINT('',(-15.2603111548953,7.96295306668675,-11.5475555513406));
#7539=CARTESIAN_POINT('',(-15.2603111548953,7.89697964897435,-13.5464671322154));
#7540=CARTESIAN_POINT('Origin',(-15.2603111548953,7.92996635783055,-12.547011341778));
#7541=CARTESIAN_POINT('Origin',(-15.2603111548953,7.92996635783055,-12.547011341778));
#7542=CARTESIAN_POINT('',(-15.2603111548953,-33.1508662201507,-10.1906075004541));
#7543=CARTESIAN_POINT('',(-15.2603111548953,-33.2168396378631,-12.1895190813289));
#7544=CARTESIAN_POINT('Origin',(-15.2603111548953,-33.1838529290069,-11.1900632908915));
#7545=CARTESIAN_POINT('Origin',(-15.2603111548953,-33.1838529290069,-11.1900632908915));
#7546=CARTESIAN_POINT('',(-15.2603111548953,-12.9856737379598,-22.737618842232));
#7547=CARTESIAN_POINT('',(-15.2603111548953,-13.0516471556722,-24.7365304231068));
#7548=CARTESIAN_POINT('Origin',(-15.2603111548953,-13.018660446816,-23.7370746326694));
#7549=CARTESIAN_POINT('Origin',(-15.2603111548953,-13.018660446816,-23.7370746326694));
#7550=CARTESIAN_POINT('Origin',(-23.510311154895,-12.2352261243602,-8.21565038222616E-14));
#7551=CARTESIAN_POINT('',(-15.7603111548951,-11.3610783396708,26.4855784465909));
#7552=CARTESIAN_POINT('Origin',(-15.7603111548951,-12.2352261243602,-8.21565038222616E-14));
#7553=CARTESIAN_POINT('',(-44.2603111548954,-11.3610783396708,26.4855784465909));
#7554=CARTESIAN_POINT('',(-23.510311154895,-11.3610783396708,26.4855784465909));
#7555=CARTESIAN_POINT('',(-44.2603111548954,-13.1093739090496,-26.485578446591));
#7556=CARTESIAN_POINT('Origin',(-44.2603111548954,-12.2352261243602,-8.21565038222616E-14));
#7557=CARTESIAN_POINT('Origin',(-44.2603111548954,-12.2352261243602,-8.21565038222616E-14));
#7558=CARTESIAN_POINT('',(-15.7603111548951,13.5405273565615,6.15309129549931));
#7559=CARTESIAN_POINT('Origin',(-15.7603111548951,-12.2352261243602,-8.21565038222616E-14));
#7560=CARTESIAN_POINT('',(-17.2603111548952,13.5405273565615,6.15309129549931));
#7561=CARTESIAN_POINT('',(-17.5103111548952,13.5405273565615,6.15309129549931));
#7562=CARTESIAN_POINT('',(-17.2603111548952,13.0787134325735,-7.83928977063029));
#7563=CARTESIAN_POINT('Origin',(-17.2603111548952,-12.2352261243602,-8.21565038222616E-14));
#7564=CARTESIAN_POINT('',(-15.7603111548951,13.0787134325735,-7.83928977063029));
#7565=CARTESIAN_POINT('',(-17.5103111548952,13.0787134325735,-7.83928977063029));
#7566=CARTESIAN_POINT('Origin',(-15.7603111548951,-12.2352261243602,-8.21565038222616E-14));
#7567=CARTESIAN_POINT('Origin',(-18.2603111548954,-12.2352261243602,-8.21565038222616E-14));
#7568=CARTESIAN_POINT('Origin',(-18.2603111548954,-33.9830149541505,0.717778600372452));
#7569=CARTESIAN_POINT('',(-18.2603111548954,-23.3875760216815,-4.43453399668105));
#7570=CARTESIAN_POINT('Origin',(-18.2603111548954,-25.5863787606438,-4.3619632371974));
#7571=CARTESIAN_POINT('',(-18.2603111548954,-23.070903616662,5.16024159151654));
#7572=CARTESIAN_POINT('',(-18.2603111548954,-23.2292398191717,0.362853797418057));
#7573=CARTESIAN_POINT('Origin',(-18.2603111548954,-25.2697063556241,5.23281235100023));
#7574=CARTESIAN_POINT('Origin',(-15.7603111548951,-12.2352261243602,-8.21565038222616E-14));
#7575=CARTESIAN_POINT('Ctrl Pts',(-15.7603111548951,13.0787134325736,-7.83928977063029));
#7576=CARTESIAN_POINT('Ctrl Pts',(-15.5077479095472,12.8169916300836,-7.83065172882506));
#7577=CARTESIAN_POINT('Ctrl Pts',(-15.2603111548952,12.560207974682,-7.82217666893644));
#7578=CARTESIAN_POINT('Origin',(-14.2603111548954,14.113566404717,-7.87344475179959));
#7579=CARTESIAN_POINT('',(-17.2603111548952,4.17501586730111,-7.54542616791079));
#7580=CARTESIAN_POINT('',(-17.2603111548952,0.823716659179041,-7.43481764242236));
#7581=CARTESIAN_POINT('',(-14.2603111548954,4.17501586730111,-7.54542616791079));
#7582=CARTESIAN_POINT('',(-14.2603111548954,4.17501586730111,-7.54542616791079));
#7583=CARTESIAN_POINT('',(-14.2603111548954,5.18777598886643,-7.57885198183047));
#7584=CARTESIAN_POINT('',(-14.2603111548954,0.423934343011396,-7.42162295887979));
#7585=CARTESIAN_POINT('',(-15.2603111548953,5.18777598886643,-7.57885198183047));
#7586=CARTESIAN_POINT('Origin',(-14.2603111548954,-16.2727831998708,-15.5855103497445));
#7587=CARTESIAN_POINT('',(-17.2603111548952,-14.3455332567923,-16.6465040617451));
#7588=CARTESIAN_POINT('',(-17.2603111548952,-16.8244990735429,-17.7152074161695));
#7589=CARTESIAN_POINT('Origin',(-17.2603111548952,-16.2727831998708,-15.5855103497445));
#7590=CARTESIAN_POINT('',(-14.2603111548954,-16.8244990735429,-17.7152074161695));
#7591=CARTESIAN_POINT('',(-14.2603111548954,-16.8244990735429,-17.7152074161695));
#7592=CARTESIAN_POINT('',(-14.2603111548954,-14.3455332567923,-16.6465040617451));
#7593=CARTESIAN_POINT('Origin',(-14.2603111548954,-16.2727831998708,-15.5855103497445));
#7594=CARTESIAN_POINT('',(-14.2603111548954,-14.3455332567923,-16.6465040617451));
#7595=CARTESIAN_POINT('Origin',(-14.2603111548954,-12.8124935293436,-17.4904763326547));
#7596=CARTESIAN_POINT('',(-17.2603111548952,-11.2271406396286,-16.7494255819822));
#7597=CARTESIAN_POINT('Origin',(-17.2603111548952,-12.8124935293436,-17.4904763326547));
#7598=CARTESIAN_POINT('',(-14.2603111548954,-11.2271406396286,-16.7494255819822));
#7599=CARTESIAN_POINT('Origin',(-14.2603111548954,-12.8124935293436,-17.4904763326547));
#7600=CARTESIAN_POINT('',(-14.2603111548954,-11.2271406396286,-16.7494255819822));
#7601=CARTESIAN_POINT('Origin',(-14.2603111548954,-9.23412557827241,-15.8178189239942));
#7602=CARTESIAN_POINT('',(-17.2603111548952,-8.82403730489401,-17.9792600191984));
#7603=CARTESIAN_POINT('Origin',(-17.2603111548952,-9.23412557827241,-15.8178189239942));
#7604=CARTESIAN_POINT('',(-14.2603111548954,-8.82403730489401,-17.9792600191984));
#7605=CARTESIAN_POINT('Origin',(-14.2603111548954,-9.23412557827241,-15.8178189239942));
#7606=CARTESIAN_POINT('',(-14.2603111548954,-8.82403730489401,-17.9792600191984));
#7607=CARTESIAN_POINT('Origin',(-14.2603111548954,-12.2352261243602,-3.99680288865056E-14));
#7608=CARTESIAN_POINT('',(-17.2603111548952,0.276456189690251,-13.3546922717176));
#7609=CARTESIAN_POINT('Origin',(-17.2603111548952,-12.2352261243602,-3.99680288865056E-14));
#7610=CARTESIAN_POINT('',(-14.2603111548954,0.276456189690251,-13.3546922717176));
#7611=CARTESIAN_POINT('Origin',(-14.2603111548954,-12.2352261243602,-3.99680288865056E-14));
#7612=CARTESIAN_POINT('',(-14.2603111548954,0.276456189690251,-13.3546922717176));
#7613=CARTESIAN_POINT('Origin',(-14.2603111548954,-1.22768048194423,-11.7492101406914));
#7614=CARTESIAN_POINT('',(-17.2603111548952,0.461342004014256,-10.3395282468137));
#7615=CARTESIAN_POINT('Origin',(-17.2603111548952,-1.22768048194423,-11.7492101406914));
#7616=CARTESIAN_POINT('',(-14.2603111548954,0.461342004014256,-10.3395282468137));
#7617=CARTESIAN_POINT('Origin',(-14.2603111548954,-1.22768048194423,-11.7492101406914));
#7618=CARTESIAN_POINT('',(-14.2603111548954,0.461342004014256,-10.3395282468137));
#7619=CARTESIAN_POINT('Origin',(-14.2603111548954,1.61294824444056,-9.37838150098806));
#7620=CARTESIAN_POINT('',(-17.2603111548952,2.07803761624959,-7.95230581006904));
#7621=CARTESIAN_POINT('Origin',(-17.2603111548952,1.61294824444056,-9.37838150098806));
#7622=CARTESIAN_POINT('',(-14.2603111548954,2.07803761624959,-7.95230581006904));
#7623=CARTESIAN_POINT('Origin',(-14.2603111548954,1.61294824444056,-9.37838150098806));
#7624=CARTESIAN_POINT('',(-14.2603111548954,2.07803761624959,-7.95230581006904));
#7625=CARTESIAN_POINT('Origin',(-14.2603111548954,2.76016869490292,-5.86072813005445));
#7626=CARTESIAN_POINT('Origin',(-17.2603111548952,2.76016869490292,-5.86072813005445));
#7627=CARTESIAN_POINT('Origin',(-14.2603111548954,2.76016869490292,-5.86072813005445));
#7628=CARTESIAN_POINT('Origin',(-14.2603111548954,4.89476118322166,6.43844195765423));
#7629=CARTESIAN_POINT('Ctrl Pts',(-15.260311154895,13.02202189867,6.17020439719254));
#7630=CARTESIAN_POINT('Ctrl Pts',(-15.507747909511,13.278805554034,6.16172933730547));
#7631=CARTESIAN_POINT('Ctrl Pts',(-15.760311154895,13.5405273565615,6.15309129549931));
#7632=CARTESIAN_POINT('',(-14.2603111548954,5.64958991285316,6.41352908428992));
#7633=CARTESIAN_POINT('',(-15.2603111548953,5.64958991285316,6.41352908428991));
#7634=CARTESIAN_POINT('',(-14.2603111548954,4.89476118322166,6.43844195765423));
#7635=CARTESIAN_POINT('',(-14.2603111548954,-3.95456130575184,6.73051092889679));
#7636=CARTESIAN_POINT('',(-17.2603111548952,4.89476118322166,6.43844195765423));
#7637=CARTESIAN_POINT('',(-17.2603111548955,4.89476118322159,6.43844195765424));
#7638=CARTESIAN_POINT('',(-17.2603111548952,-3.55477898957389,6.71731624535434));
#7639=CARTESIAN_POINT('Origin',(-14.2603111548954,-8.19766904884965,15.5855103497444));
#7640=CARTESIAN_POINT('',(-17.2603111548952,-10.124918991928,16.6465040617449));
#7641=CARTESIAN_POINT('',(-17.2603111548952,-7.64595317517745,17.7152074161691));
#7642=CARTESIAN_POINT('Origin',(-17.2603111548952,-8.19766904884965,15.5855103497444));
#7643=CARTESIAN_POINT('',(-14.2603111548954,-7.64595317517745,17.7152074161691));
#7644=CARTESIAN_POINT('',(-14.2603111548954,-7.64595317517745,17.7152074161691));
#7645=CARTESIAN_POINT('',(-14.2603111548954,-10.124918991928,16.6465040617449));
#7646=CARTESIAN_POINT('Origin',(-14.2603111548954,-8.19766904884965,15.5855103497444));
#7647=CARTESIAN_POINT('',(-14.2603111548954,-10.124918991928,16.6465040617449));
#7648=CARTESIAN_POINT('Origin',(-14.2603111548954,-11.6579587193768,17.4904763326543));
#7649=CARTESIAN_POINT('',(-17.2603111548952,-13.243311609092,16.7494255819821));
#7650=CARTESIAN_POINT('Origin',(-17.2603111548952,-11.6579587193768,17.4904763326543));
#7651=CARTESIAN_POINT('',(-14.2603111548954,-13.243311609092,16.7494255819821));
#7652=CARTESIAN_POINT('Origin',(-14.2603111548954,-11.6579587193768,17.4904763326543));
#7653=CARTESIAN_POINT('',(-14.2603111548954,-13.243311609092,16.7494255819821));
#7654=CARTESIAN_POINT('Origin',(-14.2603111548954,-15.236326670448,15.8178189239941));
#7655=CARTESIAN_POINT('',(-17.2603111548952,-15.6464149438265,17.9792600191983));
#7656=CARTESIAN_POINT('Origin',(-17.2603111548952,-15.236326670448,15.8178189239941));
#7657=CARTESIAN_POINT('',(-14.2603111548954,-15.6464149438265,17.9792600191983));
#7658=CARTESIAN_POINT('Origin',(-14.2603111548954,-15.236326670448,15.8178189239941));
#7659=CARTESIAN_POINT('',(-14.2603111548954,-15.6464149438265,17.9792600191983));
#7660=CARTESIAN_POINT('Origin',(-14.2603111548954,-23.2427712801427,11.7492105966065));
#7661=CARTESIAN_POINT('',(-17.2603111548952,-24.931794035837,10.3395290259154));
#7662=CARTESIAN_POINT('',(-17.2603111548952,-24.7469078852805,13.3546927899315));
#7663=CARTESIAN_POINT('Origin',(-17.2603111548952,-23.2427712801427,11.7492105966065));
#7664=CARTESIAN_POINT('',(-14.2603111548954,-24.7469078852805,13.3546927899315));
#7665=CARTESIAN_POINT('',(-14.2603111548954,-24.7469078852805,13.3546927899315));
#7666=CARTESIAN_POINT('',(-14.2603111548954,-24.931794035837,10.3395290259154));
#7667=CARTESIAN_POINT('Origin',(-14.2603111548954,-23.2427712801427,11.7492105966065));
#7668=CARTESIAN_POINT('',(-14.2603111548954,-24.931794035837,10.3395290259154));
#7669=CARTESIAN_POINT('Origin',(-14.2603111548954,-26.0834004601743,9.37838250044406));
#7670=CARTESIAN_POINT('',(-17.2603111548952,-26.5484897033873,7.95230676758549));
#7671=CARTESIAN_POINT('Origin',(-17.2603111548952,-26.0834004601743,9.37838250044406));
#7672=CARTESIAN_POINT('',(-14.2603111548954,-26.5484897033873,7.95230676758549));
#7673=CARTESIAN_POINT('Origin',(-14.2603111548954,-26.0834004601743,9.37838250044406));
#7674=CARTESIAN_POINT('',(-14.2603111548954,-26.5484897033873,7.95230676758549));
#7675=CARTESIAN_POINT('Origin',(-14.2603111548954,-27.2306205934332,5.86072902605991));
#7676=CARTESIAN_POINT('Origin',(-17.2603111548952,-27.2306205934332,5.86072902605991));
#7677=CARTESIAN_POINT('Origin',(-14.2603111548954,-27.2306205934332,5.86072902605991));
#7678=CARTESIAN_POINT('Origin',(-15.7603111548951,-12.2352261243602,-8.21565038222616E-14));
#7679=CARTESIAN_POINT('Origin',(-15.2603111548953,-12.2352261243602,-6.88338275267597E-14));
#7680=CARTESIAN_POINT('Origin',(-14.2603111548954,-12.2352261243602,-6.66133814775094E-14));
#7681=CARTESIAN_POINT('Origin',(-15.2603111548953,-12.2352261243602,-6.88338275267597E-14));
#7682=CARTESIAN_POINT('Origin',(-14.2603111548954,-12.2352261243602,-6.66133814775094E-14));
#7683=CARTESIAN_POINT('Origin',(-14.2603111548954,-13.6120581616937,-17.4640869655695));
#7684=CARTESIAN_POINT('Origin',(-14.2603111548954,-12.2352261243602,-3.99680288865056E-14));
#7685=CARTESIAN_POINT('Origin',(-14.2603111548954,-12.2352261243602,-3.99680288865056E-14));
#7686=CARTESIAN_POINT('',(-14.2603111548954,-11.6843480864616,16.6909117003044));
#7687=CARTESIAN_POINT('',(-14.2603111548954,-11.6315693522917,18.2900409650043));
#7688=CARTESIAN_POINT('Origin',(-14.2603111548954,-11.6579587193767,17.4904763326543));
#7689=CARTESIAN_POINT('Origin',(-14.2603111548954,-11.6579587193767,17.4904763326543));
#7690=CARTESIAN_POINT('',(-14.2603111548954,-26.1097898272593,8.57881786809421));
#7691=CARTESIAN_POINT('',(-14.2603111548954,-26.0570110930894,10.177947132794));
#7692=CARTESIAN_POINT('Origin',(-14.2603111548954,-26.0834004601743,9.37838250044412));
#7693=CARTESIAN_POINT('Origin',(-14.2603111548954,-26.0834004601743,9.37838250044412));
#7694=CARTESIAN_POINT('Origin',(-14.2603111548954,-13.6120581616937,-17.4640869655695));
#7695=CARTESIAN_POINT('Origin',(-14.2603111548954,-12.2352261243602,-3.99680288865056E-14));
#7696=CARTESIAN_POINT('',(-14.2603111548954,1.58655887735549,-10.177946133338));
#7697=CARTESIAN_POINT('',(-14.2603111548954,1.63933761152545,-8.57881686863821));
#7698=CARTESIAN_POINT('Origin',(-14.2603111548954,1.61294824444049,-9.37838150098812));
#7699=CARTESIAN_POINT('Origin',(-14.2603111548954,1.61294824444049,-9.37838150098812));
#7700=CARTESIAN_POINT('',(-14.2603111548954,-12.8388828964287,-18.2900409650044));
#7701=CARTESIAN_POINT('',(-14.2603111548954,-12.7861041622588,-16.6909117003045));
#7702=CARTESIAN_POINT('Origin',(-14.2603111548954,-12.8124935293437,-17.4904763326545));
#7703=CARTESIAN_POINT('Origin',(-14.2603111548954,-12.8124935293437,-17.4904763326545));
#7704=CARTESIAN_POINT('Origin',(-15.2603111548953,-3.60916614188994,-12.9649947620053));
#7705=CARTESIAN_POINT('',(-17.2603111548952,-2.90242529084694,-14.2880659503648));
#7706=CARTESIAN_POINT('',(-15.2603111548953,-2.90242529084694,-14.2880659503648));
#7707=CARTESIAN_POINT('Origin',(-17.2603111548952,-3.60916614188994,-12.9649947620053));
#7708=CARTESIAN_POINT('Origin',(-15.2603111548953,-2.90242529084694,-14.2880659503648));
#7709=CARTESIAN_POINT('',(-17.2603111548952,-0.317489981312065,-12.9072790383492));
#7710=CARTESIAN_POINT('Origin',(-17.2603111548952,-12.2352261243602,-7.105427357601E-14));
#7711=CARTESIAN_POINT('',(-17.460311154895,-12.4826264407817,-7.49591842828053));
#7712=CARTESIAN_POINT('',(-17.460311154895,-11.9878258079387,7.49591842828042));
#7713=CARTESIAN_POINT('Origin',(-17.460311154895,-12.2352261243602,-7.105427357601E-14));
#7714=CARTESIAN_POINT('Origin',(-17.460311154895,-12.2352261243602,-7.105427357601E-14));
#7715=CARTESIAN_POINT('',(-17.2603111548952,-11.9812284661674,7.6958095863678));
#7716=CARTESIAN_POINT('',(-17.2603111548952,-11.9812284661674,7.6958095863678));
#7717=CARTESIAN_POINT('',(-17.2603111548952,-12.4892237825529,-7.69580958636794));
#7718=CARTESIAN_POINT('Origin',(-17.2603111548952,-12.2352261243602,-7.105427357601E-14));
#7719=CARTESIAN_POINT('Origin',(-17.2603111548952,-12.2352261243602,-7.105427357601E-14));
#7720=CARTESIAN_POINT('Origin',(-18.2603111548951,-12.2352261243602,-7.105427357601E-14));
#7721=CARTESIAN_POINT('',(-18.2603111548951,-12.4826264407817,-7.49591842828053));
#7722=CARTESIAN_POINT('Origin',(-14.2603111548954,8.7134006802863,11.1900632908913));
#7723=CARTESIAN_POINT('',(-18.2603111548954,8.6804139714301,10.1906075004539));
#7724=CARTESIAN_POINT('',(-14.2603111548954,8.6804139714301,10.1906075004539));
#7725=CARTESIAN_POINT('',(-18.2603111548954,8.7463873891425,12.1895190813287));
#7726=CARTESIAN_POINT('Origin',(-18.2603111548954,8.7134006802863,11.1900632908913));
#7727=CARTESIAN_POINT('Origin',(-18.2603111548954,8.7134006802863,11.1900632908913));
#7728=CARTESIAN_POINT('Origin',(-14.2603111548954,-13.018660446816,-23.7370746326694));
#7729=CARTESIAN_POINT('',(-18.2603111548954,-13.0516471556722,-24.7365304231068));
#7730=CARTESIAN_POINT('',(-14.2603111548954,-13.0516471556722,-24.7365304231068));
#7731=CARTESIAN_POINT('',(-18.2603111548954,-12.9856737379598,-22.737618842232));
#7732=CARTESIAN_POINT('Origin',(-18.2603111548954,-13.018660446816,-23.7370746326694));
#7733=CARTESIAN_POINT('Origin',(-18.2603111548954,-13.018660446816,-23.7370746326694));
#7734=CARTESIAN_POINT('Origin',(-14.2603111548954,-33.1838529290069,-11.1900632908915));
#7735=CARTESIAN_POINT('',(-18.2603111548954,-33.2168396378631,-12.1895190813289));
#7736=CARTESIAN_POINT('',(-14.2603111548954,-33.2168396378631,-12.1895190813289));
#7737=CARTESIAN_POINT('',(-18.2603111548954,-33.1508662201507,-10.1906075004541));
#7738=CARTESIAN_POINT('Origin',(-18.2603111548954,-33.1838529290069,-11.1900632908915));
#7739=CARTESIAN_POINT('Origin',(-18.2603111548954,-33.1838529290069,-11.1900632908915));
#7740=CARTESIAN_POINT('Origin',(-14.2603111548954,-32.4004186065512,12.547011341778));
#7741=CARTESIAN_POINT('',(-18.2603111548954,-32.4334053154074,11.5475555513406));
#7742=CARTESIAN_POINT('',(-14.2603111548954,-32.4334053154074,11.5475555513406));
#7743=CARTESIAN_POINT('',(-18.2603111548954,-32.367431897695,13.5464671322154));
#7744=CARTESIAN_POINT('Origin',(-18.2603111548954,-32.4004186065512,12.547011341778));
#7745=CARTESIAN_POINT('Origin',(-18.2603111548954,-32.4004186065512,12.547011341778));
#7746=CARTESIAN_POINT('Origin',(-14.2603111548954,-11.4517918019044,23.7370746326692));
#7747=CARTESIAN_POINT('',(-18.2603111548954,-11.4847785107606,22.7376188422318));
#7748=CARTESIAN_POINT('',(-14.2603111548954,-11.4847785107606,22.7376188422318));
#7749=CARTESIAN_POINT('',(-18.2603111548954,-11.4188050930482,24.7365304231066));
#7750=CARTESIAN_POINT('Origin',(-18.2603111548954,-11.4517918019044,23.7370746326692));
#7751=CARTESIAN_POINT('Origin',(-18.2603111548954,-11.4517918019044,23.7370746326692));
#7752=CARTESIAN_POINT('Origin',(-14.2603111548954,7.92996635783055,-12.547011341778));
#7753=CARTESIAN_POINT('',(-18.2603111548954,7.89697964897435,-13.5464671322154));
#7754=CARTESIAN_POINT('',(-14.2603111548954,7.89697964897435,-13.5464671322154));
#7755=CARTESIAN_POINT('',(-18.2603111548954,7.96295306668675,-11.5475555513406));
#7756=CARTESIAN_POINT('Origin',(-18.2603111548954,7.92996635783055,-12.547011341778));
#7757=CARTESIAN_POINT('Origin',(-18.2603111548954,7.92996635783055,-12.547011341778));
#7758=CARTESIAN_POINT('Origin',(-19.2603111548954,-12.8124935293437,-17.4904763326545));
#7759=CARTESIAN_POINT('',(-19.2603111548954,-12.7861041622588,-16.6909117003045));
#7760=CARTESIAN_POINT('Origin',(-19.2603111548954,-26.0834004601743,9.37838250044412));
#7761=CARTESIAN_POINT('',(-19.2603111548954,-26.0570110930894,10.177947132794));
#7762=CARTESIAN_POINT('Origin',(-19.2603111548954,1.61294824444049,-9.37838150098813));
#7763=CARTESIAN_POINT('',(-19.2603111548954,1.63933761152545,-8.57881686863821));
#7764=CARTESIAN_POINT('Origin',(-19.2603111548954,-11.6579587193767,17.4904763326543));
#7765=CARTESIAN_POINT('',(-19.2603111548954,-11.6315693522917,18.2900409650043));
#7766=CARTESIAN_POINT('Origin',(-44.2603111548958,14.2503523222306,-0.874147784689465));
#7767=CARTESIAN_POINT('Origin',(-18.2603111548954,-25.2697063556241,5.23281235100023));
#7768=CARTESIAN_POINT('',(-17.2603111548953,-23.0709036166619,5.16024159151653));
#7769=CARTESIAN_POINT('',(-18.2603111548954,-23.0709036166619,5.16024159151648));
#7770=CARTESIAN_POINT('Origin',(-17.2603111548953,-25.2697063556241,5.23281235100024));
#7771=CARTESIAN_POINT('Origin',(-18.2603111548954,-23.3875760216814,-4.43453399668105));
#7772=CARTESIAN_POINT('',(-17.2603111548953,-23.3875760216814,-4.43453399668105));
#7773=CARTESIAN_POINT('',(-18.2603111548954,-23.3875760216814,-4.43453399668105));
#7774=CARTESIAN_POINT('',(-17.2603111548953,-23.3875760216814,-4.43453399668105));
#7775=CARTESIAN_POINT('Origin',(-18.2603111548954,-25.5863787606438,-4.3619632371974));
#7776=CARTESIAN_POINT('Origin',(-17.2603111548953,-25.5863787606438,-4.3619632371974));
#7777=CARTESIAN_POINT('Origin',(-17.2603111548952,-3.73985190564248,-0.280387025277797));
#7778=CARTESIAN_POINT('Origin',(-17.2603111548952,-12.2352261243602,-3.99680288865056E-14));
#7779=CARTESIAN_POINT('Origin',(-17.2603111548953,-12.2352261243603,-6.88338275267597E-14));
#7780=CARTESIAN_POINT('Origin',(-17.2603111548953,-12.2352261243595,-1.34781075189494E-12));
#7781=CARTESIAN_POINT('Origin',(-17.2603111548953,-12.2352261243595,-1.34781075189494E-12));
#7782=CARTESIAN_POINT('Origin',(-17.2603111548953,-12.2352261243603,-6.88338275267597E-14));
#7783=CARTESIAN_POINT('Origin',(-17.2603111548953,-12.235226124359,2.1627144519698E-12));
#7784=CARTESIAN_POINT('Origin',(-18.2603111548954,8.7134006802863,11.1900632908913));
#7785=CARTESIAN_POINT('Origin',(-18.2603111548954,-13.018660446816,-23.7370746326695));
#7786=CARTESIAN_POINT('Origin',(-18.2603111548954,-33.1838529290069,-11.1900632908915));
#7787=CARTESIAN_POINT('Origin',(-18.2603111548954,-32.4004186065512,12.547011341778));
#7788=CARTESIAN_POINT('Origin',(-18.2603111548954,-11.4517918019043,23.7370746326693));
#7789=CARTESIAN_POINT('Origin',(-18.2603111548954,7.92996635783055,-12.5470113417781));
#7790=CARTESIAN_POINT('Origin',(-17.6603111548941,-12.2352261243627,0.));
#7791=CARTESIAN_POINT('',(-17.4603111548941,-14.7922339167955,1.14092556700159));
#7792=CARTESIAN_POINT('',(-17.4603111548941,-9.67821833192989,-1.14092556700159));
#7793=CARTESIAN_POINT('Origin',(-17.4603111548941,-12.2352261243627,0.));
#7794=CARTESIAN_POINT('',(-17.6603111548941,-9.49557491818469,-1.22242025035884));
#7795=CARTESIAN_POINT('Origin',(-17.6603111548941,-9.67821833192989,-1.14092556700159));
#7796=CARTESIAN_POINT('',(-17.6603111548941,-14.7123932492296,1.69223019577084));
#7797=CARTESIAN_POINT('Origin',(-17.6603111548941,-12.2352261243627,0.));
#7798=CARTESIAN_POINT('',(-17.6603111548941,-14.9748773305407,1.22242025035884));
#7799=CARTESIAN_POINT('Origin',(-17.6603111548941,-12.2352261243627,0.));
#7800=CARTESIAN_POINT('Origin',(-17.6603111548941,-12.2352261243627,0.));
#7801=CARTESIAN_POINT('Origin',(-17.4603111548941,-12.2352261243627,0.));
#7802=CARTESIAN_POINT('Origin',(-17.4603111548941,-12.2352261243627,0.));
#7803=CARTESIAN_POINT('Origin',(-18.7103111548941,-12.2352261243627,0.));
#7804=CARTESIAN_POINT('',(-17.4603111548941,-9.75805899949579,-1.69223019577084));
#7805=CARTESIAN_POINT('',(-17.4603111548941,-14.7123932492296,1.69223019577084));
#7806=CARTESIAN_POINT('Origin',(-17.4603111548941,-12.2352261243627,0.));
#7807=CARTESIAN_POINT('',(-18.7103111548941,-14.7123932492296,1.69223019577084));
#7808=CARTESIAN_POINT('Origin',(-17.4603111548941,-12.2352261243627,0.));
#7809=CARTESIAN_POINT('Origin',(-18.9603111548941,-12.2352261243627,0.));
#7810=CARTESIAN_POINT('',(-17.4603111548941,-9.09748109953128,-2.14349158130973));
#7811=CARTESIAN_POINT('',(-17.4603111548941,-15.3729711491941,2.14349158130972));
#7812=CARTESIAN_POINT('Origin',(-17.4603111548941,-12.2352261243627,0.));
#7813=CARTESIAN_POINT('Origin',(-17.4603111548941,-12.2352261243627,0.));
#7814=CARTESIAN_POINT('',(-18.9603111548941,-15.3729711491941,2.14349158130972));
#7815=CARTESIAN_POINT('Origin',(-17.4603111548941,-9.75805899949579,-1.69223019577084));
#7816=CARTESIAN_POINT('',(0.,0.,0.));
#7817=CARTESIAN_POINT('Origin',(1063.62240166018,273.607308788577,0.));
#7818=CARTESIAN_POINT('',(1063.42240166018,273.607308788577,20.));
#7819=CARTESIAN_POINT('',(1063.42240166018,273.607308788577,-19.9999999999999));
#7820=CARTESIAN_POINT('Origin',(1063.42240166018,273.607308788577,0.));
#7821=CARTESIAN_POINT('Origin',(1063.42240166018,273.607308788577,0.));
#7822=CARTESIAN_POINT('',(1063.62240166018,273.607308788577,-19.8000000000001));
#7823=CARTESIAN_POINT('',(1063.62240166018,273.607308788577,-19.8000000000001));
#7824=CARTESIAN_POINT('',(1063.62240166018,273.607308788577,19.8000000000001));
#7825=CARTESIAN_POINT('Origin',(1063.62240166018,273.607308788577,0.));
#7826=CARTESIAN_POINT('Origin',(1063.62240166018,273.607308788577,0.));
#7827=CARTESIAN_POINT('Origin',(1063.8561310968,273.607308788577,17.5));
#7828=CARTESIAN_POINT('',(1063.32240166018,273.607308788577,15.5000000000818));
#7829=CARTESIAN_POINT('',(1063.32240166018,273.607308788577,19.5));
#7830=CARTESIAN_POINT('Origin',(1063.32240166018,273.607308788577,17.5));
#7831=CARTESIAN_POINT('Origin',(1063.32240166018,273.607308788577,17.5));
#7832=CARTESIAN_POINT('',(1063.62240166018,273.607308788577,19.5));
#7833=CARTESIAN_POINT('',(1063.8561310968,273.607308788577,19.5));
#7834=CARTESIAN_POINT('',(1063.62240166018,273.607308788577,15.5));
#7835=CARTESIAN_POINT('Origin',(1063.62240166018,273.607308788577,17.5));
#7836=CARTESIAN_POINT('Origin',(1063.62240166018,273.607308788577,17.5));
#7837=CARTESIAN_POINT('Origin',(1063.8561310968,273.607308788577,-17.5));
#7838=CARTESIAN_POINT('',(1063.32240166018,273.607308788577,-19.4999999999432));
#7839=CARTESIAN_POINT('',(1063.32240166018,273.607308788577,-15.5));
#7840=CARTESIAN_POINT('Origin',(1063.32240166018,273.607308788577,-17.5));
#7841=CARTESIAN_POINT('Origin',(1063.32240166018,273.607308788577,-17.5));
#7842=CARTESIAN_POINT('',(1063.62240166018,273.607308788577,-15.5));
#7843=CARTESIAN_POINT('',(1063.8561310968,273.607308788577,-15.5));
#7844=CARTESIAN_POINT('',(1063.62240166018,273.607308788577,-19.5));
#7845=CARTESIAN_POINT('Origin',(1063.62240166018,273.607308788577,-17.5));
#7846=CARTESIAN_POINT('Origin',(1063.62240166018,273.607308788577,-17.5));
#7847=CARTESIAN_POINT('Origin',(1060.62240166018,273.607308788577,0.));
#7848=CARTESIAN_POINT('',(1057.62240166018,273.607308788577,20.));
#7849=CARTESIAN_POINT('',(1060.62240166018,273.607308788577,20.));
#7850=CARTESIAN_POINT('',(1057.62240166018,255.145770327038,7.6923076923063));
#7851=CARTESIAN_POINT('Origin',(1057.62240166018,273.607308788577,0.));
#7852=CARTESIAN_POINT('',(1062.42240166018,255.145770327038,7.6923076923063));
#7853=CARTESIAN_POINT('',(1060.62240166018,255.145770327038,7.6923076923063));
#7854=CARTESIAN_POINT('',(1062.42240166018,255.145770327039,-7.69230769230724));
#7855=CARTESIAN_POINT('Origin',(1062.42240166018,273.607308788577,0.));
#7856=CARTESIAN_POINT('',(1057.62240166018,255.145770327039,-7.69230769230724));
#7857=CARTESIAN_POINT('',(1060.62240166018,255.145770327039,-7.69230769230723));
#7858=CARTESIAN_POINT('Origin',(1057.62240166018,273.607308788577,0.));
#7859=CARTESIAN_POINT('Origin',(1063.32240166012,273.607308788577,17.5));
#7860=CARTESIAN_POINT('',(1062.42240166017,273.607308788577,16.4000000000328));
#7861=CARTESIAN_POINT('',(1062.42240166017,273.607308788577,18.5999999999672));
#7862=CARTESIAN_POINT('Origin',(1062.42240166017,273.607308788577,17.5));
#7863=CARTESIAN_POINT('Origin',(1062.42240166017,273.607308788577,17.5));
#7864=CARTESIAN_POINT('',(1063.32240166012,273.607308788577,19.4999999998549));
#7865=CARTESIAN_POINT('Origin',(1063.32240166012,273.607308788577,-17.5));
#7866=CARTESIAN_POINT('',(1062.42240166017,273.607308788577,-18.5999999999922));
#7867=CARTESIAN_POINT('',(1062.42240166017,273.607308788577,-16.4000000000078));
#7868=CARTESIAN_POINT('Origin',(1062.42240166017,273.607308788577,-17.5));
#7869=CARTESIAN_POINT('Origin',(1062.42240166017,273.607308788577,-17.5));
#7870=CARTESIAN_POINT('',(1063.32240166012,273.607308788577,-15.5000000001201));
#7871=CARTESIAN_POINT('Origin',(1057.62240166018,273.607308788577,17.5));
#7872=CARTESIAN_POINT('',(1061.62240166018,273.607308788577,16.4));
#7873=CARTESIAN_POINT('',(1061.62240166018,273.607308788577,18.6));
#7874=CARTESIAN_POINT('Origin',(1061.62240166018,273.607308788577,17.5));
#7875=CARTESIAN_POINT('Origin',(1061.62240166018,273.607308788577,17.5));
#7876=CARTESIAN_POINT('',(1057.62240166018,273.607308788577,18.6));
#7877=CARTESIAN_POINT('Origin',(1057.62240166018,273.607308788577,-17.5));
#7878=CARTESIAN_POINT('',(1061.62240166018,273.607308788577,-18.6));
#7879=CARTESIAN_POINT('',(1061.62240166018,273.607308788577,-16.4));
#7880=CARTESIAN_POINT('Origin',(1061.62240166018,273.607308788577,-17.5));
#7881=CARTESIAN_POINT('Origin',(1061.62240166018,273.607308788577,-17.5));
#7882=CARTESIAN_POINT('',(1057.62240166018,273.607308788577,-16.4));
#7883=CARTESIAN_POINT('Origin',(1057.62240166018,273.607308788577,-1.16341445918999E-15));
#7884=CARTESIAN_POINT('',(1057.62240166018,255.943787055921,-6.99999999999955));
#7885=CARTESIAN_POINT('',(1057.62240166018,273.607308788577,19.0000000000001));
#7886=CARTESIAN_POINT('Origin',(1057.62240166018,273.607308788577,-1.16341445918999E-15));
#7887=CARTESIAN_POINT('',(1062.22240166018,255.943787055921,-6.99999999999954));
#7888=CARTESIAN_POINT('',(1057.62240166018,255.943787055921,-6.99999999999955));
#7889=CARTESIAN_POINT('',(1062.22240166018,255.943787055921,6.99999999999864));
#7890=CARTESIAN_POINT('Origin',(1062.22240166018,273.607308788577,-1.16341445918999E-15));
#7891=CARTESIAN_POINT('',(1057.62240166018,255.943787055921,6.99999999999864));
#7892=CARTESIAN_POINT('',(1057.62240166018,255.943787055921,6.99999999999864));
#7893=CARTESIAN_POINT('Origin',(1057.62240166018,273.607308788577,-1.16341445918999E-15));
#7894=CARTESIAN_POINT('',(1061.62240166018,273.607308788577,19.0000000000001));
#7895=CARTESIAN_POINT('',(1057.62240166018,273.607308788577,19.0000000000001));
#7896=CARTESIAN_POINT('',(1061.62240166018,268.504828807478,18.3020408163266));
#7897=CARTESIAN_POINT('Origin',(1061.62240166018,273.607308788577,-1.16341445918999E-15));
#7898=CARTESIAN_POINT('',(1062.62240166018,268.504828807478,18.3020408163266));
#7899=CARTESIAN_POINT('',(1057.62240166018,268.504828807478,18.3020408163266));
#7900=CARTESIAN_POINT('',(1062.62240166018,268.504828807478,-18.3020408163265));
#7901=CARTESIAN_POINT('Origin',(1062.62240166018,273.607308788577,-1.16341445918999E-15));
#7902=CARTESIAN_POINT('',(1061.62240166018,268.504828807478,-18.3020408163265));
#7903=CARTESIAN_POINT('',(1057.62240166018,268.504828807478,-18.3020408163266));
#7904=CARTESIAN_POINT('',(1061.62240166018,278.709788769677,-18.3020408163265));
#7905=CARTESIAN_POINT('Origin',(1061.62240166018,273.607308788577,-1.16341445918999E-15));
#7906=CARTESIAN_POINT('',(1062.62240166018,278.709788769677,-18.3020408163265));
#7907=CARTESIAN_POINT('',(1057.62240166018,278.709788769676,-18.3020408163266));
#7908=CARTESIAN_POINT('',(1062.62240166018,278.709788769676,18.3020408163265));
#7909=CARTESIAN_POINT('Origin',(1062.62240166018,273.607308788577,-1.16341445918999E-15));
#7910=CARTESIAN_POINT('',(1061.62240166018,278.709788769676,18.3020408163265));
#7911=CARTESIAN_POINT('',(1057.62240166018,278.709788769676,18.3020408163265));
#7912=CARTESIAN_POINT('Origin',(1061.62240166018,273.607308788577,-1.16341445918999E-15));
#7913=CARTESIAN_POINT('Origin',(1057.62240166018,269.095642278974,-16.1828571428568));
#7914=CARTESIAN_POINT('',(1061.62240166018,271.207486177086,-16.7993920972644));
#7915=CARTESIAN_POINT('Origin',(1061.62240166018,269.095642278974,-16.1828571428568));
#7916=CARTESIAN_POINT('',(1062.62240166018,271.207486177086,-16.7993920972644));
#7917=CARTESIAN_POINT('Origin',(1062.62240166018,269.095642278974,-16.1828571428568));
#7918=CARTESIAN_POINT('',(1061.62240166018,271.207486177086,-16.7993920972645));
#7919=CARTESIAN_POINT('Origin',(1057.62240166018,278.118975298181,-16.1828571428568));
#7920=CARTESIAN_POINT('',(1061.62240166018,276.007131400068,-16.7993920972644));
#7921=CARTESIAN_POINT('Origin',(1061.62240166018,278.118975298181,-16.1828571428568));
#7922=CARTESIAN_POINT('',(1062.62240166018,276.007131400068,-16.7993920972644));
#7923=CARTESIAN_POINT('',(1061.62240166018,276.007131400068,-16.7993920972645));
#7924=CARTESIAN_POINT('Origin',(1062.62240166018,278.118975298181,-16.1828571428568));
#7925=CARTESIAN_POINT('Origin',(1061.62240166018,273.607308788577,17.5));
#7926=CARTESIAN_POINT('',(1061.62240166018,276.007131400068,16.7993920972644));
#7927=CARTESIAN_POINT('',(1061.62240166018,271.207486177086,16.7993920972644));
#7928=CARTESIAN_POINT('Origin',(1061.62240166018,273.607308788577,17.5));
#7929=CARTESIAN_POINT('',(1062.62240166018,276.007131400068,16.7993920972644));
#7930=CARTESIAN_POINT('',(1061.62240166018,276.007131400068,16.7993920972644));
#7931=CARTESIAN_POINT('',(1062.62240166018,271.207486177086,16.7993920972644));
#7932=CARTESIAN_POINT('Origin',(1062.62240166018,273.607308788577,17.5));
#7933=CARTESIAN_POINT('',(1057.62240166018,271.207486177086,16.7993920972643));
#7934=CARTESIAN_POINT('Origin',(1063.62240166018,273.607308788577,0.));
#7935=CARTESIAN_POINT('Origin',(1057.62240166018,293.607308788577,0.));
#7936=CARTESIAN_POINT('',(1057.62240166018,255.607308788577,6.99999999999864));
#7937=CARTESIAN_POINT('',(1057.62240166018,293.607308788577,6.99999999999864));
#7938=CARTESIAN_POINT('Origin',(1057.62240166018,255.607308788577,7.49999999999864));
#7939=CARTESIAN_POINT('',(1057.62240166018,255.607308788577,-6.99999999999955));
#7940=CARTESIAN_POINT('Origin',(1057.62240166018,255.607308788577,-7.49999999999955));
#7941=CARTESIAN_POINT('',(1057.62240166018,293.607308788577,-6.99999999999955));
#7942=CARTESIAN_POINT('Origin',(1057.62240166018,249.069554384347,-6.99999999999955));
#7943=CARTESIAN_POINT('',(1062.22240166018,255.607308788577,-6.99999999999954));
#7944=CARTESIAN_POINT('',(1062.42240166018,255.607308788577,-6.99999999999954));
#7945=CARTESIAN_POINT('',(1062.22240166018,249.069554384347,-6.99999999999954));
#7946=CARTESIAN_POINT('Origin',(1062.22240166018,254.362623975245,-4.54747350886464E-13));
#7947=CARTESIAN_POINT('',(1062.22240166018,255.1791556556,-7.24176581418775));
#7948=CARTESIAN_POINT('Origin',(1062.22240166018,255.607308788577,-7.49999999999955));
#7949=CARTESIAN_POINT('',(1062.22240166018,255.179155655599,7.2417658141868));
#7950=CARTESIAN_POINT('Origin',(1062.22240166018,273.607308788577,0.));
#7951=CARTESIAN_POINT('',(1062.22240166018,255.607308788577,6.99999999999864));
#7952=CARTESIAN_POINT('Origin',(1062.22240166018,255.607308788577,7.49999999999864));
#7953=CARTESIAN_POINT('',(1062.22240166018,254.362623975245,6.99999999999864));
#7954=CARTESIAN_POINT('Origin',(1057.62240166018,259.655693566143,6.99999999999864));
#7955=CARTESIAN_POINT('',(1057.62240166018,255.607308788577,6.99999999999864));
#7956=CARTESIAN_POINT('Origin',(1061.62240166018,292.607308788577,0.));
#7957=CARTESIAN_POINT('Origin',(1061.62240166018,278.118975298181,16.1828571428571));
#7958=CARTESIAN_POINT('Origin',(1061.62240166018,269.095642278974,16.1828571428571));
#7959=CARTESIAN_POINT('Origin',(1061.62240166018,292.607308788577,0.));
#7960=CARTESIAN_POINT('Origin',(1061.62240166018,273.607308788577,-17.5));
#7961=CARTESIAN_POINT('Origin',(1062.62240166018,288.507308788577,0.));
#7962=CARTESIAN_POINT('Origin',(1062.62240166018,278.118975298181,16.1828571428571));
#7963=CARTESIAN_POINT('Origin',(1062.62240166018,273.607308788577,-17.5));
#7964=CARTESIAN_POINT('Origin',(1062.62240166018,269.095642278974,16.1828571428571));
#7965=CARTESIAN_POINT('Origin',(1057.62240166018,269.095642278974,16.1828571428571));
#7966=CARTESIAN_POINT('Origin',(1057.62240166018,278.118975298181,16.1828571428571));
#7967=CARTESIAN_POINT('Origin',(1061.62240166018,273.607308788577,-17.5));
#7968=CARTESIAN_POINT('Origin',(1062.42240166018,273.607308788577,0.));
#7969=CARTESIAN_POINT('Ctrl Pts',(1062.42240166018,255.145770327038,7.69230769230629));
#7970=CARTESIAN_POINT('Ctrl Pts',(1062.42240166018,255.132295374139,7.6599678053488));
#7971=CARTESIAN_POINT('Ctrl Pts',(1062.41875673381,255.122161800371,7.62592476700921));
#7972=CARTESIAN_POINT('Ctrl Pts',(1062.40446447184,255.109340246319,7.55706118060317));
#7973=CARTESIAN_POINT('Ctrl Pts',(1062.39381490773,255.106654457502,7.52224068706422));
#7974=CARTESIAN_POINT('Ctrl Pts',(1062.35346643695,255.109024876539,7.42055991529137));
#7975=CARTESIAN_POINT('Ctrl Pts',(1062.31493553365,255.12494965153,7.35642332019645));
#7976=CARTESIAN_POINT('Ctrl Pts',(1062.25825312731,255.156584223372,7.28231007562558));
#7977=CARTESIAN_POINT('Ctrl Pts',(1062.24076721074,255.167207648203,7.2615756499121));
#7978=CARTESIAN_POINT('Ctrl Pts',(1062.22240166018,255.179155655599,7.24176581418686));
#7979=CARTESIAN_POINT('Ctrl Pts',(1062.22240166018,255.1791556556,-7.24176581418768));
#7980=CARTESIAN_POINT('Ctrl Pts',(1062.24076721074,255.167207648204,-7.26157564991289));
#7981=CARTESIAN_POINT('Ctrl Pts',(1062.25825312731,255.156584223372,-7.28231007562657));
#7982=CARTESIAN_POINT('Ctrl Pts',(1062.31493553365,255.12494965153,-7.3564233201974));
#7983=CARTESIAN_POINT('Ctrl Pts',(1062.35346643695,255.109024876539,-7.4205599152923));
#7984=CARTESIAN_POINT('Ctrl Pts',(1062.39381490773,255.106654457503,-7.52224068706515));
#7985=CARTESIAN_POINT('Ctrl Pts',(1062.40446447184,255.10934024632,-7.55706118060408));
#7986=CARTESIAN_POINT('Ctrl Pts',(1062.41875673381,255.122161800372,-7.62592476701015));
#7987=CARTESIAN_POINT('Ctrl Pts',(1062.42240166018,255.13229537414,-7.65996780534974));
#7988=CARTESIAN_POINT('Ctrl Pts',(1062.42240166018,255.145770327039,-7.69230769230723));
#7989=CARTESIAN_POINT('Origin',(1060.62240166018,255.607308788577,-7.49999999999955));
#7990=CARTESIAN_POINT('Origin',(1060.62240166018,255.607308788577,7.49999999999864));
#7991=CARTESIAN_POINT('',(0.,0.,0.));
#7992=CARTESIAN_POINT('Origin',(700.304795359301,601.789693471085,1.14504475720278E-15));
#7993=CARTESIAN_POINT('',(700.504795359301,601.789693471085,18.7));
#7994=CARTESIAN_POINT('',(700.504795359301,601.789693471085,-18.7000000000001));
#7995=CARTESIAN_POINT('Origin',(700.504795359301,601.789693471085,1.14504475720278E-15));
#7996=CARTESIAN_POINT('Origin',(700.504795359301,601.789693471085,1.14504475720278E-15));
#7997=CARTESIAN_POINT('',(700.304795359301,601.789693471085,-18.9000000000001));
#7998=CARTESIAN_POINT('',(700.304795359301,601.789693471085,-18.9000000000001));
#7999=CARTESIAN_POINT('',(700.304795359301,601.789693471085,18.9000000000001));
#8000=CARTESIAN_POINT('Origin',(700.304795359301,601.789693471085,1.14504475720278E-15));
#8001=CARTESIAN_POINT('Origin',(700.304795359301,601.789693471085,1.14504475720278E-15));
#8002=CARTESIAN_POINT('Origin',(700.304795359301,613.66469327587,-20.5681030017571));
#8003=CARTESIAN_POINT('',(700.504795359301,613.66469327587,-19.2181030017571));
#8004=CARTESIAN_POINT('',(700.504795359301,613.66469327587,-21.9181030017571));
#8005=CARTESIAN_POINT('Origin',(700.504795359301,613.66469327587,-20.5681030017571));
#8006=CARTESIAN_POINT('Origin',(700.504795359301,613.66469327587,-20.5681030017571));
#8007=CARTESIAN_POINT('',(700.304795359301,613.66469327587,-22.1181030017571));
#8008=CARTESIAN_POINT('',(700.304795359301,613.66469327587,-22.1181030017571));
#8009=CARTESIAN_POINT('',(700.304795359301,613.66469327587,-19.018103001757));
#8010=CARTESIAN_POINT('Origin',(700.304795359301,613.66469327587,-20.5681030017571));
#8011=CARTESIAN_POINT('Origin',(700.304795359301,613.66469327587,-20.5681030017571));
#8012=CARTESIAN_POINT('Origin',(700.304795359301,613.66469327587,20.5681030017573));
#8013=CARTESIAN_POINT('',(700.504795359301,613.66469327587,21.9181030017574));
#8014=CARTESIAN_POINT('',(700.504795359301,613.66469327587,19.2181030017573));
#8015=CARTESIAN_POINT('Origin',(700.504795359301,613.66469327587,20.5681030017573));
#8016=CARTESIAN_POINT('Origin',(700.504795359301,613.66469327587,20.5681030017573));
#8017=CARTESIAN_POINT('',(700.304795359301,613.66469327587,19.0181030017573));
#8018=CARTESIAN_POINT('',(700.304795359301,613.66469327587,19.0181030017573));
#8019=CARTESIAN_POINT('',(700.304795359301,613.66469327587,22.1181030017574));
#8020=CARTESIAN_POINT('Origin',(700.304795359301,613.66469327587,20.5681030017573));
#8021=CARTESIAN_POINT('Origin',(700.304795359301,613.66469327587,20.5681030017573));
#8022=CARTESIAN_POINT('Origin',(700.304795359301,578.039693861516,1.22570913903204E-13));
#8023=CARTESIAN_POINT('',(700.504795359301,578.039693861516,1.35000000000015));
#8024=CARTESIAN_POINT('',(700.504795359301,578.039693861516,-1.34999999999992));
#8025=CARTESIAN_POINT('Origin',(700.504795359301,578.039693861516,1.22526504982219E-13));
#8026=CARTESIAN_POINT('Origin',(700.504795359301,578.039693861516,1.22526504982219E-13));
#8027=CARTESIAN_POINT('',(700.304795359301,578.039693861516,-1.54999999999987));
#8028=CARTESIAN_POINT('',(700.304795359301,578.039693861516,-1.54999999999987));
#8029=CARTESIAN_POINT('',(700.304795359301,578.039693861516,1.55000000000011));
#8030=CARTESIAN_POINT('Origin',(700.304795359301,578.039693861516,1.22570913903204E-13));
#8031=CARTESIAN_POINT('Origin',(700.304795359301,578.039693861516,1.22570913903204E-13));
#8032=CARTESIAN_POINT('Origin',(700.304795359301,625.038911389765,-4.85142651095123));
#8033=CARTESIAN_POINT('',(700.504795359301,623.815268912528,-4.59608839270447));
#8034=CARTESIAN_POINT('',(700.504795359301,626.262553867002,-5.10676462919532));
#8035=CARTESIAN_POINT('Origin',(700.504795359301,625.038911389765,-4.85142651095123));
#8036=CARTESIAN_POINT('',(700.304795359301,623.61948602011,-4.55523427374006));
#8037=CARTESIAN_POINT('',(700.504795359301,623.815268912528,-4.59608839270447));
#8038=CARTESIAN_POINT('',(700.304795359301,626.45833675942,-5.14761874815924));
#8039=CARTESIAN_POINT('Origin',(700.304795359301,625.038911389765,-4.85142651095123));
#8040=CARTESIAN_POINT('',(700.304795359301,626.45833675942,-5.14761874815924));
#8041=CARTESIAN_POINT('Origin',(700.304795359301,617.615761033502,17.7087000802214));
#8042=CARTESIAN_POINT('',(700.504795359301,616.782810497928,16.7766636689078));
#8043=CARTESIAN_POINT('',(700.504795359301,618.448711569075,18.6407364915365));
#8044=CARTESIAN_POINT('Origin',(700.504795359301,617.615761033502,17.7087000802214));
#8045=CARTESIAN_POINT('',(700.304795359301,616.649538346846,16.6275377699294));
#8046=CARTESIAN_POINT('',(700.504795359301,616.782810497928,16.7766636689078));
#8047=CARTESIAN_POINT('',(700.304795359301,618.581983720156,18.7898623905149));
#8048=CARTESIAN_POINT('Origin',(700.304795359301,617.615761033502,17.7087000802214));
#8049=CARTESIAN_POINT('',(700.304795359301,618.581983720156,18.7898623905149));
#8050=CARTESIAN_POINT('Origin',(700.304795359301,601.789693471085,-4.54303261676614E-13));
#8051=CARTESIAN_POINT('',(700.504795359301,593.975851173158,23.7475011207321));
#8052=CARTESIAN_POINT('',(700.504795359301,609.603535769017,23.7475011207301));
#8053=CARTESIAN_POINT('Origin',(700.504795359301,601.789693471085,-4.54347670597599E-13));
#8054=CARTESIAN_POINT('',(700.304795359301,593.913340431821,23.9374811386744));
#8055=CARTESIAN_POINT('',(700.304795359301,593.913340431821,23.9374811386744));
#8056=CARTESIAN_POINT('',(700.304795359301,609.666046510354,23.9374811386731));
#8057=CARTESIAN_POINT('Origin',(700.304795359301,601.789693471085,-4.54303261676614E-13));
#8058=CARTESIAN_POINT('',(700.304795359301,609.666046510354,23.9374811386731));
#8059=CARTESIAN_POINT('Origin',(700.304795359301,585.963625908668,17.708700080221));
#8060=CARTESIAN_POINT('',(700.504795359301,585.1306753731,18.6407364915395));
#8061=CARTESIAN_POINT('',(700.504795359301,586.796576444241,16.7766636689058));
#8062=CARTESIAN_POINT('Origin',(700.504795359301,585.963625908668,17.708700080221));
#8063=CARTESIAN_POINT('',(700.304795359301,584.997403222019,18.7898623905186));
#8064=CARTESIAN_POINT('',(700.504795359301,585.1306753731,18.6407364915395));
#8065=CARTESIAN_POINT('',(700.304795359301,586.929848595322,16.6275377699272));
#8066=CARTESIAN_POINT('Origin',(700.304795359301,585.963625908668,17.708700080221));
#8067=CARTESIAN_POINT('',(700.304795359301,586.929848595322,16.6275377699272));
#8068=CARTESIAN_POINT('Origin',(700.304795359301,578.540475552406,-4.85142651095145));
#8069=CARTESIAN_POINT('',(700.504795359301,577.316833075168,-5.10676462919037));
#8070=CARTESIAN_POINT('',(700.504795359301,579.764118029643,-4.59608839270727));
#8071=CARTESIAN_POINT('Origin',(700.504795359301,578.540475552406,-4.85142651095146));
#8072=CARTESIAN_POINT('',(700.304795359301,577.121050182749,-5.14761874815359));
#8073=CARTESIAN_POINT('',(700.504795359301,577.316833075168,-5.10676462919037));
#8074=CARTESIAN_POINT('',(700.304795359301,579.959900922062,-4.55523427374325));
#8075=CARTESIAN_POINT('Origin',(700.304795359301,578.540475552406,-4.85142651095145));
#8076=CARTESIAN_POINT('',(700.304795359301,579.959900922062,-4.55523427374325));
#8077=CARTESIAN_POINT('Origin',(700.304795359301,601.789693471085,9.08995101411847E-13));
#8078=CARTESIAN_POINT('',(700.304795359301,608.759641144348,-21.1827720436697));
#8079=CARTESIAN_POINT('',(700.304795359301,594.819745797825,-21.1827720436702));
#8080=CARTESIAN_POINT('Origin',(700.304795359301,601.789693471085,9.08995101411847E-13));
#8081=CARTESIAN_POINT('',(700.504795359301,608.822151885685,-21.3727520616122));
#8082=CARTESIAN_POINT('',(700.304795359301,608.759641144348,-21.1827720436697));
#8083=CARTESIAN_POINT('',(700.504795359301,594.757235056488,-21.3727520616129));
#8084=CARTESIAN_POINT('Origin',(700.504795359301,601.789693471085,9.08995101411847E-13));
#8085=CARTESIAN_POINT('',(700.504795359301,594.757235056488,-21.3727520616129));
#8086=CARTESIAN_POINT('Origin',(700.304795359301,594.366543114823,-22.5601265911723));
#8087=CARTESIAN_POINT('',(700.504795359301,593.975851173153,-23.7475011207296));
#8088=CARTESIAN_POINT('Origin',(700.504795359301,594.366543114823,-22.5601265911723));
#8089=CARTESIAN_POINT('',(700.304795359301,593.913340431816,-23.937481138672));
#8090=CARTESIAN_POINT('',(700.504795359301,593.975851173153,-23.7475011207296));
#8091=CARTESIAN_POINT('Origin',(700.304795359301,594.366543114823,-22.5601265911723));
#8092=CARTESIAN_POINT('Origin',(700.304795359301,609.212843827348,-22.5601265911723));
#8093=CARTESIAN_POINT('',(700.504795359301,609.603535769013,-23.7475011207316));
#8094=CARTESIAN_POINT('Origin',(700.504795359301,609.212843827348,-22.5601265911723));
#8095=CARTESIAN_POINT('',(700.304795359301,609.666046510349,-23.937481138674));
#8096=CARTESIAN_POINT('Origin',(700.304795359301,609.212843827348,-22.5601265911723));
#8097=CARTESIAN_POINT('',(700.304795359301,609.666046510349,-23.937481138674));
#8098=CARTESIAN_POINT('Origin',(700.804795359301,601.789693471085,0.));
#8099=CARTESIAN_POINT('',(700.804795359301,601.789693471085,-26.5000000000001));
#8100=CARTESIAN_POINT('',(700.804795359301,601.789693471085,26.5000000000001));
#8101=CARTESIAN_POINT('Origin',(700.804795359301,601.789693471085,0.));
#8102=CARTESIAN_POINT('',(700.304795359301,601.789693471085,26.0000000000001));
#8103=CARTESIAN_POINT('',(700.804795359301,601.789693471085,26.5000000000001));
#8104=CARTESIAN_POINT('',(700.304795359301,601.789693471085,-26.));
#8105=CARTESIAN_POINT('Origin',(700.304795359301,601.789693471085,0.));
#8106=CARTESIAN_POINT('Origin',(700.304795359301,601.789693471085,0.));
#8107=CARTESIAN_POINT('Origin',(700.804795359301,601.789693471085,0.));
#8108=CARTESIAN_POINT('Origin',(701.104795359301,601.789693471085,1.14504475720278E-15));
#8109=CARTESIAN_POINT('',(701.104795359301,601.789693471085,18.7));
#8110=CARTESIAN_POINT('',(701.104795359301,601.789693471085,-18.7));
#8111=CARTESIAN_POINT('Origin',(701.104795359301,601.789693471085,1.14504475720278E-15));
#8112=CARTESIAN_POINT('',(701.104795359301,601.789693471085,-18.7));
#8113=CARTESIAN_POINT('Origin',(701.104795359301,601.789693471085,1.14504475720278E-15));
#8114=CARTESIAN_POINT('Origin',(740.315117540231,613.66469327587,20.5681030017573));
#8115=CARTESIAN_POINT('',(703.304795359301,613.66469327587,21.9181030017574));
#8116=CARTESIAN_POINT('',(703.304795359301,613.66469327587,19.2181030017573));
#8117=CARTESIAN_POINT('Origin',(703.304795359301,613.66469327587,20.5681030017573));
#8118=CARTESIAN_POINT('Origin',(703.304795359301,613.66469327587,20.5681030017573));
#8119=CARTESIAN_POINT('',(740.315117540231,613.66469327587,19.2181030017573));
#8120=CARTESIAN_POINT('Origin',(740.315117540231,578.039693861516,1.13686837721616E-13));
#8121=CARTESIAN_POINT('',(703.304795359301,578.039693861516,1.35000000000014));
#8122=CARTESIAN_POINT('',(703.304795359301,578.039693861516,-1.3499999999999));
#8123=CARTESIAN_POINT('Origin',(703.304795359301,578.039693861516,1.21904780088429E-13));
#8124=CARTESIAN_POINT('Origin',(703.304795359301,578.039693861516,1.21904780088429E-13));
#8125=CARTESIAN_POINT('',(740.315117540231,578.039693861516,-1.34999999999991));
#8126=CARTESIAN_POINT('Origin',(740.315117540231,613.66469327587,-20.5681030017571));
#8127=CARTESIAN_POINT('',(703.304795359301,613.66469327587,-19.2181030017571));
#8128=CARTESIAN_POINT('',(703.304795359301,613.66469327587,-21.9181030017571));
#8129=CARTESIAN_POINT('Origin',(703.304795359301,613.66469327587,-20.5681030017571));
#8130=CARTESIAN_POINT('Origin',(703.304795359301,613.66469327587,-20.5681030017571));
#8131=CARTESIAN_POINT('',(740.315117540231,613.66469327587,-21.9181030017571));
#8132=CARTESIAN_POINT('Origin',(702.304795359301,625.038911389765,-4.85142651095123));
#8133=CARTESIAN_POINT('',(702.304795359301,623.815268912528,-4.59608839270592));
#8134=CARTESIAN_POINT('',(702.304795359301,626.262553867002,-5.10676462919519));
#8135=CARTESIAN_POINT('Origin',(702.304795359301,625.038911389765,-4.85142651095123));
#8136=CARTESIAN_POINT('',(702.304795359301,623.815268912528,-4.59608839270447));
#8137=CARTESIAN_POINT('',(702.304795359301,626.262553867002,-5.10676462919532));
#8138=CARTESIAN_POINT('Origin',(702.304795359301,578.540475552406,-4.85142651095146));
#8139=CARTESIAN_POINT('',(702.304795359301,577.316833075168,-5.10676462919277));
#8140=CARTESIAN_POINT('',(702.304795359301,579.764118029643,-4.59608839270745));
#8141=CARTESIAN_POINT('Origin',(702.304795359301,578.540475552406,-4.85142651095146));
#8142=CARTESIAN_POINT('',(702.304795359301,577.316833075168,-5.10676462919037));
#8143=CARTESIAN_POINT('',(702.304795359301,579.764118029643,-4.59608839270727));
#8144=CARTESIAN_POINT('Origin',(702.304795359301,601.789693471085,-4.54497550705923E-13));
#8145=CARTESIAN_POINT('',(702.304795359301,608.822151885683,21.3727520616135));
#8146=CARTESIAN_POINT('',(702.304795359301,594.757235056486,21.3727520616131));
#8147=CARTESIAN_POINT('Origin',(702.304795359301,601.789693471085,-4.54497550705923E-13));
#8148=CARTESIAN_POINT('',(700.504795359301,608.822151885683,21.3727520616133));
#8149=CARTESIAN_POINT('',(702.304795359301,608.822151885683,21.3727520616133));
#8150=CARTESIAN_POINT('',(700.504795359301,594.757235056485,21.3727520616127));
#8151=CARTESIAN_POINT('Origin',(700.504795359301,601.789693471085,-4.54497550705923E-13));
#8152=CARTESIAN_POINT('',(702.304795359301,594.757235056485,21.3727520616127));
#8153=CARTESIAN_POINT('Origin',(702.304795359301,601.789693471085,-4.54747350886464E-13));
#8154=CARTESIAN_POINT('',(702.304795359301,593.975851173158,23.747501120732));
#8155=CARTESIAN_POINT('',(702.304795359301,609.603535769015,23.7475011207308));
#8156=CARTESIAN_POINT('Origin',(702.304795359301,601.789693471085,-4.54747350886464E-13));
#8157=CARTESIAN_POINT('',(702.304795359301,593.975851173158,23.7475011207321));
#8158=CARTESIAN_POINT('',(702.304795359301,609.603535769017,23.7475011207301));
#8159=CARTESIAN_POINT('Origin',(702.304795359301,617.615761033502,17.7087000802214));
#8160=CARTESIAN_POINT('',(702.304795359301,616.782810497929,16.7766636689069));
#8161=CARTESIAN_POINT('',(702.304795359301,618.448711569075,18.6407364915366));
#8162=CARTESIAN_POINT('Origin',(702.304795359301,617.615761033502,17.7087000802214));
#8163=CARTESIAN_POINT('',(702.304795359301,616.782810497928,16.7766636689078));
#8164=CARTESIAN_POINT('',(702.304795359301,618.448711569075,18.6407364915365));
#8165=CARTESIAN_POINT('Origin',(702.304795359301,585.963625908668,17.708700080221));
#8166=CARTESIAN_POINT('',(702.304795359301,585.130675373098,18.6407364915377));
#8167=CARTESIAN_POINT('',(702.304795359301,586.796576444241,16.7766636689057));
#8168=CARTESIAN_POINT('Origin',(702.304795359301,585.963625908668,17.708700080221));
#8169=CARTESIAN_POINT('',(702.304795359301,585.1306753731,18.6407364915395));
#8170=CARTESIAN_POINT('',(702.304795359301,586.796576444241,16.7766636689058));
#8171=CARTESIAN_POINT('Origin',(702.304795359301,609.212843827348,-22.5601265911723));
#8172=CARTESIAN_POINT('',(702.304795359301,608.822151885684,-21.3727520616126));
#8173=CARTESIAN_POINT('',(702.304795359301,609.603535769013,-23.7475011207315));
#8174=CARTESIAN_POINT('Origin',(702.304795359301,609.212843827348,-22.5601265911723));
#8175=CARTESIAN_POINT('',(702.304795359301,608.822151885685,-21.3727520616122));
#8176=CARTESIAN_POINT('',(702.304795359301,609.603535769013,-23.7475011207316));
#8177=CARTESIAN_POINT('Origin',(702.304795359301,594.366543114823,-22.5601265911723));
#8178=CARTESIAN_POINT('',(702.304795359301,593.975851173156,-23.7475011207304));
#8179=CARTESIAN_POINT('',(702.304795359301,594.757235056488,-21.372752061613));
#8180=CARTESIAN_POINT('Origin',(702.304795359301,594.366543114823,-22.5601265911723));
#8181=CARTESIAN_POINT('',(702.304795359301,593.975851173153,-23.7475011207296));
#8182=CARTESIAN_POINT('',(702.304795359301,594.757235056488,-21.3727520616129));
#8183=CARTESIAN_POINT('Origin',(699.990234083138,589.914693666301,-20.5681030017569));
#8184=CARTESIAN_POINT('',(700.604795359302,589.914693666301,-18.5681030017511));
#8185=CARTESIAN_POINT('',(700.604795359302,589.914693666301,-22.5681030017567));
#8186=CARTESIAN_POINT('Origin',(700.604795359302,589.914693666301,-20.5681030017569));
#8187=CARTESIAN_POINT('Origin',(700.604795359302,589.914693666301,-20.5681030017569));
#8188=CARTESIAN_POINT('',(700.304795359301,589.914693666301,-22.5681030017567));
#8189=CARTESIAN_POINT('',(699.990234083138,589.914693666301,-22.5681030017567));
#8190=CARTESIAN_POINT('',(700.304795359301,589.914693666301,-18.568103001757));
#8191=CARTESIAN_POINT('Origin',(700.304795359301,589.914693666301,-20.5681030017569));
#8192=CARTESIAN_POINT('Origin',(700.304795359301,589.914693666301,-20.5681030017569));
#8193=CARTESIAN_POINT('Origin',(699.990234083138,625.539693080654,1.22570913903204E-13));
#8194=CARTESIAN_POINT('',(700.604795359302,625.539693080654,1.9999999999767));
#8195=CARTESIAN_POINT('',(700.604795359302,625.539693080654,-1.99999999999976));
#8196=CARTESIAN_POINT('Origin',(700.604795359302,625.539693080654,1.22570913903204E-13));
#8197=CARTESIAN_POINT('Origin',(700.604795359302,625.539693080654,1.22570913903204E-13));
#8198=CARTESIAN_POINT('',(700.304795359301,625.539693080654,-1.99999999999976));
#8199=CARTESIAN_POINT('',(699.990234083138,625.539693080654,-1.99999999999976));
#8200=CARTESIAN_POINT('',(700.304795359301,625.539693080654,2.00000000000001));
#8201=CARTESIAN_POINT('Origin',(700.304795359301,625.539693080654,1.22570913903204E-13));
#8202=CARTESIAN_POINT('Origin',(700.304795359301,625.539693080654,1.22570913903204E-13));
#8203=CARTESIAN_POINT('Origin',(699.990234083138,589.914693666301,20.5681030017576));
#8204=CARTESIAN_POINT('',(700.604795359302,589.914693666301,22.568103001763));
#8205=CARTESIAN_POINT('',(700.604795359302,589.914693666301,18.5681030017577));
#8206=CARTESIAN_POINT('Origin',(700.604795359302,589.914693666301,20.5681030017576));
#8207=CARTESIAN_POINT('Origin',(700.604795359302,589.914693666301,20.5681030017576));
#8208=CARTESIAN_POINT('',(700.304795359301,589.914693666301,18.5681030017577));
#8209=CARTESIAN_POINT('',(699.990234083138,589.914693666301,18.5681030017577));
#8210=CARTESIAN_POINT('',(700.304795359301,589.914693666301,22.5681030017574));
#8211=CARTESIAN_POINT('Origin',(700.304795359301,589.914693666301,20.5681030017576));
#8212=CARTESIAN_POINT('Origin',(700.304795359301,589.914693666301,20.5681030017576));
#8213=CARTESIAN_POINT('Origin',(702.054795359301,601.789693471085,0.));
#8214=CARTESIAN_POINT('',(703.304795359301,601.789693471085,-26.5));
#8215=CARTESIAN_POINT('',(702.054795359301,601.789693471085,-26.5));
#8216=CARTESIAN_POINT('',(703.304795359301,601.789693471085,26.5));
#8217=CARTESIAN_POINT('Origin',(703.304795359301,601.789693471085,0.));
#8218=CARTESIAN_POINT('Origin',(703.304795359301,601.789693471085,0.));
#8219=CARTESIAN_POINT('Origin',(700.604795359425,589.914693666301,-20.5681030017569));
#8220=CARTESIAN_POINT('',(701.254795359262,589.914693666301,-19.2181030017112));
#8221=CARTESIAN_POINT('',(701.254795359262,589.914693666301,-21.9181030018026));
#8222=CARTESIAN_POINT('Origin',(701.254795359262,589.914693666301,-20.5681030017569));
#8223=CARTESIAN_POINT('Origin',(701.254795359262,589.914693666301,-20.5681030017569));
#8224=CARTESIAN_POINT('',(700.604795359425,589.914693666301,-22.5681030016394));
#8225=CARTESIAN_POINT('Origin',(700.604795359368,625.539693080654,1.22570913903204E-13));
#8226=CARTESIAN_POINT('',(701.254795359262,625.539693080654,1.35000000001663));
#8227=CARTESIAN_POINT('',(701.254795359262,625.539693080654,-1.35000000001638));
#8228=CARTESIAN_POINT('Origin',(701.254795359262,625.539693080654,1.22570913903204E-13));
#8229=CARTESIAN_POINT('Origin',(701.254795359262,625.539693080654,1.22570913903204E-13));
#8230=CARTESIAN_POINT('',(700.604795359368,625.539693080654,-1.99999999991006));
#8231=CARTESIAN_POINT('Origin',(700.604795359425,589.914693666301,20.5681030017576));
#8232=CARTESIAN_POINT('',(701.254795359262,589.914693666301,21.9181030018032));
#8233=CARTESIAN_POINT('',(701.254795359262,589.914693666301,19.218103001712));
#8234=CARTESIAN_POINT('Origin',(701.254795359262,589.914693666301,20.5681030017576));
#8235=CARTESIAN_POINT('Origin',(701.254795359262,589.914693666301,20.5681030017576));
#8236=CARTESIAN_POINT('',(700.604795359425,589.914693666301,18.5681030018751));
#8237=CARTESIAN_POINT('Origin',(701.304795359301,601.789693471085,1.22464679914735E-15));
#8238=CARTESIAN_POINT('',(701.304795359301,601.789693471085,20.));
#8239=CARTESIAN_POINT('',(701.304795359301,601.789693471085,-20.));
#8240=CARTESIAN_POINT('Origin',(701.304795359301,601.789693471085,1.22464679914735E-15));
#8241=CARTESIAN_POINT('',(701.104795359301,601.789693471085,-20.));
#8242=CARTESIAN_POINT('',(701.304795359301,601.789693471085,-20.));
#8243=CARTESIAN_POINT('',(701.104795359301,601.789693471085,20.));
#8244=CARTESIAN_POINT('Origin',(701.104795359301,601.789693471085,1.22464679914735E-15));
#8245=CARTESIAN_POINT('Origin',(701.104795359301,601.789693471085,1.22464679914735E-15));
#8246=CARTESIAN_POINT('Origin',(701.304795359301,601.789693471085,1.22464679914735E-15));
#8247=CARTESIAN_POINT('Origin',(703.304795359301,601.789693471085,1.34711147906209E-15));
#8248=CARTESIAN_POINT('',(703.304795359301,601.789693471085,22.));
#8249=CARTESIAN_POINT('',(703.304795359301,601.789693471085,-22.));
#8250=CARTESIAN_POINT('Origin',(703.304795359301,601.789693471085,1.34711147906209E-15));
#8251=CARTESIAN_POINT('Origin',(703.304795359301,601.789693471085,1.34711147906209E-15));
#8252=CARTESIAN_POINT('',(701.304795359301,601.789693471085,-22.));
#8253=CARTESIAN_POINT('',(703.304795359301,601.789693471085,-22.));
#8254=CARTESIAN_POINT('',(701.304795359301,601.789693471085,22.));
#8255=CARTESIAN_POINT('Origin',(701.304795359301,601.789693471085,1.34711147906209E-15));
#8256=CARTESIAN_POINT('Origin',(701.304795359301,601.789693471085,1.34711147906209E-15));
#8257=CARTESIAN_POINT('Origin',(740.315117540231,625.539693080654,1.13686837721616E-13));
#8258=CARTESIAN_POINT('',(703.304795359301,625.539693080654,1.35000000000014));
#8259=CARTESIAN_POINT('',(703.304795359301,625.539693080654,-1.3499999999999));
#8260=CARTESIAN_POINT('Origin',(703.304795359301,625.539693080654,1.21904780088429E-13));
#8261=CARTESIAN_POINT('Origin',(703.304795359301,625.539693080654,1.21904780088429E-13));
#8262=CARTESIAN_POINT('',(740.315117540231,625.539693080654,-1.34999999999991));
#8263=CARTESIAN_POINT('Origin',(740.315117540231,589.914693666301,-20.5681030017569));
#8264=CARTESIAN_POINT('',(703.304795359301,589.914693666301,-19.2181030017568));
#8265=CARTESIAN_POINT('',(703.304795359301,589.914693666301,-21.9181030017569));
#8266=CARTESIAN_POINT('Origin',(703.304795359301,589.914693666301,-20.5681030017569));
#8267=CARTESIAN_POINT('Origin',(703.304795359301,589.914693666301,-20.5681030017569));
#8268=CARTESIAN_POINT('',(740.315117540231,589.914693666301,-21.9181030017569));
#8269=CARTESIAN_POINT('Origin',(740.315117540231,589.914693666301,20.5681030017575));
#8270=CARTESIAN_POINT('',(703.304795359301,589.914693666301,21.9181030017576));
#8271=CARTESIAN_POINT('',(703.304795359301,589.914693666301,19.2181030017575));
#8272=CARTESIAN_POINT('Origin',(703.304795359301,589.914693666301,20.5681030017576));
#8273=CARTESIAN_POINT('Origin',(703.304795359301,589.914693666301,20.5681030017576));
#8274=CARTESIAN_POINT('',(740.315117540231,589.914693666301,19.2181030017575));
#8275=CARTESIAN_POINT('Origin',(700.304795359301,620.489693471085,0.));
#8276=CARTESIAN_POINT('',(700.304795359301,586.929848595324,-16.6275377699286));
#8277=CARTESIAN_POINT('Origin',(700.304795359301,601.789693471086,3.38271077815477E-13));
#8278=CARTESIAN_POINT('',(700.304795359301,584.997403222014,-18.7898623905145));
#8279=CARTESIAN_POINT('Origin',(700.304795359301,601.789693471086,3.41504602374698E-13));
#8280=CARTESIAN_POINT('Origin',(700.304795359301,585.963625908668,-17.7087000802208));
#8281=CARTESIAN_POINT('',(700.304795359301,579.959900922061,4.55523427374099));
#8282=CARTESIAN_POINT('Origin',(700.304795359301,601.789693471085,-4.54931231574918E-13));
#8283=CARTESIAN_POINT('',(700.304795359301,577.12105018275,5.14761874815978));
#8284=CARTESIAN_POINT('Origin',(700.304795359301,601.789693471085,-4.54303261676614E-13));
#8285=CARTESIAN_POINT('Origin',(700.304795359301,578.540475552405,4.85142651095157));
#8286=CARTESIAN_POINT('',(700.304795359301,594.819745797822,21.1827720436699));
#8287=CARTESIAN_POINT('Origin',(700.304795359301,594.366543114823,22.5601265911728));
#8288=CARTESIAN_POINT('',(700.304795359301,608.759641144346,21.1827720436708));
#8289=CARTESIAN_POINT('Origin',(700.304795359301,601.789693471085,-4.54497550705923E-13));
#8290=CARTESIAN_POINT('Origin',(700.304795359301,609.212843827348,22.5601265911728));
#8291=CARTESIAN_POINT('',(700.304795359301,626.458336759421,5.14761874815487));
#8292=CARTESIAN_POINT('Origin',(700.304795359301,601.789693471085,1.14130926931466E-13));
#8293=CARTESIAN_POINT('',(700.304795359301,623.619486020109,4.55523427374378));
#8294=CARTESIAN_POINT('Origin',(700.304795359301,601.789693471085,1.09287578986539E-13));
#8295=CARTESIAN_POINT('Origin',(700.304795359301,625.038911389765,4.85142651095202));
#8296=CARTESIAN_POINT('',(700.304795359301,618.581983720152,-18.789862390518));
#8297=CARTESIAN_POINT('Origin',(700.304795359301,601.789693471085,9.09938790982778E-13));
#8298=CARTESIAN_POINT('',(700.304795359301,616.649538346849,-16.6275377699269));
#8299=CARTESIAN_POINT('Origin',(700.304795359301,601.789693471085,9.12030867494806E-13));
#8300=CARTESIAN_POINT('Origin',(700.304795359301,617.615761033502,-17.7087000802206));
#8301=CARTESIAN_POINT('Origin',(700.304795359301,601.789693471085,9.09938790982778E-13));
#8302=CARTESIAN_POINT('Origin',(702.304795359301,601.789693471085,9.11163505756818E-13));
#8303=CARTESIAN_POINT('',(700.504795359301,616.78281049793,-16.7766636689054));
#8304=CARTESIAN_POINT('',(702.304795359301,616.78281049793,-16.7766636689053));
#8305=CARTESIAN_POINT('',(702.304795359301,616.78281049793,-16.7766636689054));
#8306=CARTESIAN_POINT('Origin',(700.504795359301,601.789693471085,9.11944131321007E-13));
#8307=CARTESIAN_POINT('Origin',(702.304795359301,601.789693471085,9.11163505756818E-13));
#8308=CARTESIAN_POINT('Origin',(702.304795359301,601.789693471085,9.09494701772928E-13));
#8309=CARTESIAN_POINT('',(700.504795359301,618.448711569071,-18.640736491539));
#8310=CARTESIAN_POINT('Origin',(700.504795359301,601.789693471085,9.09894382061793E-13));
#8311=CARTESIAN_POINT('',(702.304795359301,618.448711569073,-18.6407364915373));
#8312=CARTESIAN_POINT('',(702.304795359301,618.448711569071,-18.640736491539));
#8313=CARTESIAN_POINT('Origin',(702.304795359301,601.789693471085,9.09494701772928E-13));
#8314=CARTESIAN_POINT('Origin',(702.304795359301,617.615761033502,-17.7087000802206));
#8315=CARTESIAN_POINT('Origin',(700.504795359301,617.615761033502,-17.7087000802206));
#8316=CARTESIAN_POINT('Origin',(702.304795359301,617.615761033502,-17.7087000802206));
#8317=CARTESIAN_POINT('Origin',(702.304795359301,601.789693471086,3.38271077815477E-13));
#8318=CARTESIAN_POINT('',(700.504795359301,586.796576444243,-16.7766636689074));
#8319=CARTESIAN_POINT('Origin',(700.504795359301,601.789693471086,3.38271077815477E-13));
#8320=CARTESIAN_POINT('',(702.304795359301,586.796576444242,-16.7766636689064));
#8321=CARTESIAN_POINT('',(702.304795359301,586.796576444243,-16.7766636689074));
#8322=CARTESIAN_POINT('Origin',(702.304795359301,601.789693471086,3.38271077815477E-13));
#8323=CARTESIAN_POINT('Origin',(702.304795359301,585.963625908668,-17.7087000802208));
#8324=CARTESIAN_POINT('',(700.504795359301,585.130675373096,-18.6407364915358));
#8325=CARTESIAN_POINT('Origin',(700.504795359301,585.963625908668,-17.7087000802208));
#8326=CARTESIAN_POINT('',(702.304795359301,585.130675373096,-18.640736491536));
#8327=CARTESIAN_POINT('',(702.304795359301,585.130675373096,-18.6407364915358));
#8328=CARTESIAN_POINT('Origin',(702.304795359301,585.963625908668,-17.7087000802208));
#8329=CARTESIAN_POINT('Origin',(702.304795359301,601.789693471086,3.41060513164848E-13));
#8330=CARTESIAN_POINT('Origin',(700.504795359301,601.789693471086,3.41460193453713E-13));
#8331=CARTESIAN_POINT('Origin',(702.304795359301,601.789693471086,3.41060513164848E-13));
#8332=CARTESIAN_POINT('Origin',(702.304795359301,594.366543114823,22.5601265911728));
#8333=CARTESIAN_POINT('Origin',(700.504795359301,594.366543114823,22.5601265911728));
#8334=CARTESIAN_POINT('Origin',(702.304795359301,594.366543114823,22.5601265911728));
#8335=CARTESIAN_POINT('Origin',(702.304795359301,609.212843827348,22.5601265911728));
#8336=CARTESIAN_POINT('Origin',(700.504795359301,609.212843827348,22.5601265911728));
#8337=CARTESIAN_POINT('Origin',(702.304795359301,609.212843827348,22.5601265911728));
#8338=CARTESIAN_POINT('Origin',(702.304795359301,601.789693471085,1.09287578986539E-13));
#8339=CARTESIAN_POINT('',(700.504795359301,623.815268912527,4.59608839270775));
#8340=CARTESIAN_POINT('',(702.304795359301,623.815268912527,4.59608839270798));
#8341=CARTESIAN_POINT('',(702.304795359301,623.815268912527,4.59608839270775));
#8342=CARTESIAN_POINT('Origin',(700.504795359301,601.789693471085,1.09287578986539E-13));
#8343=CARTESIAN_POINT('Origin',(702.304795359301,601.789693471085,1.09287578986539E-13));
#8344=CARTESIAN_POINT('Origin',(702.304795359301,601.789693471085,1.13686837721616E-13));
#8345=CARTESIAN_POINT('',(700.504795359301,626.262553867003,5.10676462919083));
#8346=CARTESIAN_POINT('Origin',(700.504795359301,601.789693471085,1.14086518010481E-13));
#8347=CARTESIAN_POINT('',(702.304795359301,626.262553867002,5.1067646291933));
#8348=CARTESIAN_POINT('',(702.304795359301,626.262553867003,5.10676462919083));
#8349=CARTESIAN_POINT('Origin',(702.304795359301,601.789693471085,1.13686837721616E-13));
#8350=CARTESIAN_POINT('Origin',(702.304795359301,625.038911389765,4.85142651095202));
#8351=CARTESIAN_POINT('Origin',(700.504795359301,625.038911389765,4.85142651095202));
#8352=CARTESIAN_POINT('Origin',(702.304795359301,625.038911389765,4.85142651095202));
#8353=CARTESIAN_POINT('Origin',(702.304795359301,601.789693471085,-4.55798593312906E-13));
#8354=CARTESIAN_POINT('',(700.504795359301,579.764118029642,4.59608839270493));
#8355=CARTESIAN_POINT('Origin',(700.504795359301,601.789693471085,-4.55017967748717E-13));
#8356=CARTESIAN_POINT('',(702.304795359301,579.764118029643,4.59608839270633));
#8357=CARTESIAN_POINT('',(702.304795359301,579.764118029642,4.59608839270493));
#8358=CARTESIAN_POINT('Origin',(702.304795359301,601.789693471085,-4.55798593312906E-13));
#8359=CARTESIAN_POINT('Origin',(702.304795359301,578.540475552405,4.85142651095157));
#8360=CARTESIAN_POINT('',(700.504795359301,577.316833075168,5.10676462919581));
#8361=CARTESIAN_POINT('Origin',(700.504795359301,578.540475552405,4.85142651095157));
#8362=CARTESIAN_POINT('',(702.304795359301,577.316833075168,5.1067646291956));
#8363=CARTESIAN_POINT('',(702.304795359301,577.316833075168,5.10676462919581));
#8364=CARTESIAN_POINT('Origin',(702.304795359301,578.540475552405,4.85142651095157));
#8365=CARTESIAN_POINT('Origin',(702.304795359301,601.789693471085,-4.54747350886464E-13));
#8366=CARTESIAN_POINT('Origin',(700.504795359301,601.789693471085,-4.54347670597599E-13));
#8367=CARTESIAN_POINT('Origin',(702.304795359301,601.789693471085,-4.54747350886464E-13));
#8368=CARTESIAN_POINT('Origin',(702.304795359301,601.789693471085,9.08995101411847E-13));
#8369=CARTESIAN_POINT('Origin',(702.304795359301,601.789693471085,9.08995101411847E-13));
#8370=CARTESIAN_POINT('Origin',(702.304795359301,601.789693471085,9.09494701772928E-13));
#8371=CARTESIAN_POINT('Origin',(700.504795359301,601.789693471085,9.09894382061793E-13));
#8372=CARTESIAN_POINT('Origin',(702.304795359301,601.789693471085,9.09494701772928E-13));
#8373=CARTESIAN_POINT('Origin',(701.104795359301,621.789693471085,0.));
#8374=CARTESIAN_POINT('Origin',(703.304795359301,628.289693471085,0.));
#8375=CARTESIAN_POINT('Origin',(702.304795359301,621.871595830314,-11.5942917329407));
#8376=CARTESIAN_POINT('Origin',(702.304795359301,581.707791111856,-11.5942917329398));
#8377=CARTESIAN_POINT('Origin',(702.304795359301,601.789693471086,23.1885834658815));
#8378=CARTESIAN_POINT('Origin',(702.304795359301,621.871595830314,11.5942917329404));
#8379=CARTESIAN_POINT('Origin',(702.304795359301,581.707791111856,11.5942917329412));
#8380=CARTESIAN_POINT('Origin',(702.304795359301,601.789693471085,-23.188583465881));
#8381=CARTESIAN_POINT('Origin',(701.304795359301,623.789693471085,0.));
#8382=CARTESIAN_POINT('Origin',(700.304795359301,601.789693471085,9.09938790982778E-13));
#8383=CARTESIAN_POINT('Origin',(700.304795359301,585.963625908668,-17.7087000802208));
#8384=CARTESIAN_POINT('',(700.504795359301,585.130675373096,-18.6407364915358));
#8385=CARTESIAN_POINT('',(700.304795359301,586.929848595324,-16.6275377699286));
#8386=CARTESIAN_POINT('Origin',(700.304795359301,601.789693471086,3.38271077815477E-13));
#8387=CARTESIAN_POINT('Origin',(700.304795359301,601.789693471086,3.41504602374698E-13));
#8388=CARTESIAN_POINT('Origin',(700.304795359301,578.540475552405,4.85142651095157));
#8389=CARTESIAN_POINT('',(700.504795359301,577.316833075168,5.10676462919581));
#8390=CARTESIAN_POINT('',(700.304795359301,579.959900922061,4.55523427374099));
#8391=CARTESIAN_POINT('Origin',(700.304795359301,601.789693471085,-4.54931231574918E-13));
#8392=CARTESIAN_POINT('Origin',(700.304795359301,601.789693471085,-4.54303261676614E-13));
#8393=CARTESIAN_POINT('Origin',(700.304795359301,609.212843827348,22.5601265911728));
#8394=CARTESIAN_POINT('',(700.504795359301,608.822151885683,21.3727520616134));
#8395=CARTESIAN_POINT('Origin',(700.304795359301,601.789693471085,-4.54497550705923E-13));
#8396=CARTESIAN_POINT('',(700.504795359301,594.757235056485,21.3727520616127));
#8397=CARTESIAN_POINT('Origin',(700.304795359301,594.366543114823,22.5601265911728));
#8398=CARTESIAN_POINT('Origin',(700.304795359301,625.038911389765,4.85142651095202));
#8399=CARTESIAN_POINT('',(700.504795359301,623.815268912527,4.59608839270777));
#8400=CARTESIAN_POINT('',(700.304795359301,626.458336759421,5.14761874815487));
#8401=CARTESIAN_POINT('Origin',(700.304795359301,601.789693471085,1.14130926931466E-13));
#8402=CARTESIAN_POINT('Origin',(700.304795359301,601.789693471085,1.09287578986539E-13));
#8403=CARTESIAN_POINT('Origin',(700.304795359301,617.615761033502,-17.7087000802206));
#8404=CARTESIAN_POINT('',(700.504795359301,616.78281049793,-16.7766636689055));
#8405=CARTESIAN_POINT('',(700.304795359301,618.581983720152,-18.789862390518));
#8406=CARTESIAN_POINT('Origin',(700.304795359301,601.789693471085,9.09938790982778E-13));
#8407=CARTESIAN_POINT('Origin',(700.304795359301,601.789693471085,9.12030867494806E-13));
#8408=CARTESIAN_POINT('',(168.470069523662,12.2320261339542,0.279812388015846));
#8409=CARTESIAN_POINT('',(-904.412643291413,-273.593294668327,2.76921199213848));
#8410=CARTESIAN_POINT('',(-579.095036990535,-601.789292644652,-0.694569125661195));
#8411=UNCERTAINTY_MEASURE_WITH_UNIT(LENGTH_MEASURE(0.01),#8421,
'DISTANCE_ACCURACY_VALUE',
'Maximum model space distance between geometric entities at asserted c
onnectivities');
#8412=UNCERTAINTY_MEASURE_WITH_UNIT(LENGTH_MEASURE(0.01),#8421,
'DISTANCE_ACCURACY_VALUE',
'Maximum model space distance between geometric entities at asserted c
onnectivities');
#8413=UNCERTAINTY_MEASURE_WITH_UNIT(LENGTH_MEASURE(0.01),#8421,
'DISTANCE_ACCURACY_VALUE',
'Maximum model space distance between geometric entities at asserted c
onnectivities');
#8414=UNCERTAINTY_MEASURE_WITH_UNIT(LENGTH_MEASURE(0.01),#8421,
'DISTANCE_ACCURACY_VALUE',
'Maximum model space distance between geometric entities at asserted c
onnectivities');
#8415=UNCERTAINTY_MEASURE_WITH_UNIT(LENGTH_MEASURE(0.01),#8421,
'DISTANCE_ACCURACY_VALUE',
'Maximum model space distance between geometric entities at asserted c
onnectivities');
#8416=(
GEOMETRIC_REPRESENTATION_CONTEXT(3)
GLOBAL_UNCERTAINTY_ASSIGNED_CONTEXT((#8411))
GLOBAL_UNIT_ASSIGNED_CONTEXT((#8421,#8423,#8424))
REPRESENTATION_CONTEXT('','3D')
);
#8417=(
GEOMETRIC_REPRESENTATION_CONTEXT(3)
GLOBAL_UNCERTAINTY_ASSIGNED_CONTEXT((#8412))
GLOBAL_UNIT_ASSIGNED_CONTEXT((#8421,#8423,#8424))
REPRESENTATION_CONTEXT('','3D')
);
#8418=(
GEOMETRIC_REPRESENTATION_CONTEXT(3)
GLOBAL_UNCERTAINTY_ASSIGNED_CONTEXT((#8413))
GLOBAL_UNIT_ASSIGNED_CONTEXT((#8421,#8423,#8424))
REPRESENTATION_CONTEXT('','3D')
);
#8419=(
GEOMETRIC_REPRESENTATION_CONTEXT(3)
GLOBAL_UNCERTAINTY_ASSIGNED_CONTEXT((#8414))
GLOBAL_UNIT_ASSIGNED_CONTEXT((#8421,#8423,#8424))
REPRESENTATION_CONTEXT('','3D')
);
#8420=(
GEOMETRIC_REPRESENTATION_CONTEXT(3)
GLOBAL_UNCERTAINTY_ASSIGNED_CONTEXT((#8415))
GLOBAL_UNIT_ASSIGNED_CONTEXT((#8421,#8423,#8424))
REPRESENTATION_CONTEXT('','3D')
);
#8421=(
LENGTH_UNIT()
NAMED_UNIT(*)
SI_UNIT(.MILLI.,.METRE.)
);
#8422=(
LENGTH_UNIT()
NAMED_UNIT(*)
SI_UNIT(.CENTI.,.METRE.)
);
#8423=(
NAMED_UNIT(*)
PLANE_ANGLE_UNIT()
SI_UNIT($,.RADIAN.)
);
#8424=(
NAMED_UNIT(*)
SI_UNIT($,.STERADIAN.)
SOLID_ANGLE_UNIT()
);
#8425=SHAPE_DEFINITION_REPRESENTATION(#8429,#8436);
#8426=SHAPE_DEFINITION_REPRESENTATION(#8430,#8437);
#8427=SHAPE_DEFINITION_REPRESENTATION(#8431,#8438);
#8428=SHAPE_DEFINITION_REPRESENTATION(#8432,#8439);
#8429=PRODUCT_DEFINITION_SHAPE('',$,#8441);
#8430=PRODUCT_DEFINITION_SHAPE('',$,#8442);
#8431=PRODUCT_DEFINITION_SHAPE('',$,#8443);
#8432=PRODUCT_DEFINITION_SHAPE('',$,#8444);
#8433=PRODUCT_DEFINITION_SHAPE($,$,#20);
#8434=PRODUCT_DEFINITION_SHAPE($,$,#21);
#8435=PRODUCT_DEFINITION_SHAPE($,$,#22);
#8436=SHAPE_REPRESENTATION('',(#4655,#5339,#5340,#5341),#8416);
#8437=SHAPE_REPRESENTATION('',(#4656),#8417);
#8438=SHAPE_REPRESENTATION('',(#5050),#8418);
#8439=SHAPE_REPRESENTATION('',(#5125),#8419);
#8440=DESIGN_CONTEXT('part definition',#8454,'design');
#8441=PRODUCT_DEFINITION('4310-10SHS\X2\5B8988C556FE\X0\',
'4310-10SHS\X2\5B8988C556FE\X0\',#8445,#8440);
#8442=PRODUCT_DEFINITION('V6SHS\X2\52A0957F540E673A58F3\X0\-\X2\5B8988C556FE\X0\',
'V6SHS\X2\52A0957F540E673A58F3\X0\-\X2\5B8988C556FE\X0\',#8446,#8440);
#8443=PRODUCT_DEFINITION('X4\X2\540E76D6\X0\','X4\X2\540E76D6\X0\',#8447,
#8440);
#8444=PRODUCT_DEFINITION('V6\X2\8F74627F76D6\X0\','V6\X2\8F74627F76D6\X0\',
#8448,#8440);
#8445=PRODUCT_DEFINITION_FORMATION('',$,#8456);
#8446=PRODUCT_DEFINITION_FORMATION('',$,#8457);
#8447=PRODUCT_DEFINITION_FORMATION('\X\C8\X\CE\X\BA\X\CE',$,#8458);
#8448=PRODUCT_DEFINITION_FORMATION('\X\C8\X\CE\X\BA\X\CE',$,#8459);
#8449=PRODUCT_RELATED_PRODUCT_CATEGORY('4310-10SHS\X2\5B8988C556FE\X0\',
'4310-10SHS\X2\5B8988C556FE\X0\',(#8456));
#8450=PRODUCT_RELATED_PRODUCT_CATEGORY('V6SHS\X2\52A0957F540E673A58F3\X0\-
\X2\5B8988C556FE\X0\','V6SHS\X2\52A0957F540E673A58F3\X0\-\X2\5B8988C556FE\X0\',
(#8457));
#8451=PRODUCT_RELATED_PRODUCT_CATEGORY('X4\X2\540E76D6\X0\','X4\X2\540E76D6\X0\',
(#8458));
#8452=PRODUCT_RELATED_PRODUCT_CATEGORY('V6\X2\8F74627F76D6\X0\',
'V6\X2\8F74627F76D6\X0\',(#8459));
#8453=APPLICATION_PROTOCOL_DEFINITION('international standard',
'ap203_configuration_controlled_3d_design_of_mechanical_parts_and_asse
mblies_mim_lf',2004,#8454);
#8454=APPLICATION_CONTEXT(
'Configuration Controlled 3D Design of Mechanical Parts and Assemblies');
#8455=MECHANICAL_CONTEXT('part definition',#8454,'mechanical');
#8456=PRODUCT('4310-10SHS\X2\5B8988C556FE\X0\','4310-10SHS\X2\5B8988C556FE\X0\',
$,(#8455));
#8457=PRODUCT('V6SHS\X2\52A0957F540E673A58F3\X0\-\X2\5B8988C556FE\X0\',
'V6SHS\X2\52A0957F540E673A58F3\X0\-\X2\5B8988C556FE\X0\',$,(#8455));
#8458=PRODUCT('X4\X2\540E76D6\X0\','X4\X2\540E76D6\X0\','STEP AP203',(#8455));
#8459=PRODUCT('V6\X2\8F74627F76D6\X0\','V6\X2\8F74627F76D6\X0\',
'STEP AP203',(#8455));
ENDSEC;
END-ISO-10303-21;
