layer,manufacturer,model,product_url,datasheet_url,datasheet_local,price_EUR,price_source,Voltage_V,Rated_Torque_Nm,Peak_Torque_Nm,Max_Momentary_Torque_Nm,Rated_Speed_RPM,Max_Speed_RPM,Rated_Power_W,Weight_kg,Diameter_mm,Length_mm,Reducer_or_Ratio,Kt_raw_Nm_per_A,Kt_ref,Kv_raw,Kv_unit,Kv_ref,R_raw_ohm,R_ref,Winding,Pole_Pairs,Cont_Current_A,Peak_Current_A,IP,Communication,Notes,Source,__file
actuator,CubeMars,AK10-9 V3.0 KV60,https://www.cubemars.com/product/ak10-9-v3-0-kv60-robotic-actuator.html,https://www.cubemars.com/data/cms/202602/ak10-9-v3-0-robotic-actuator-2d-drawing.pdf,ak10-9-v3-0-robotic-actuator-2d-drawing.pdf,612.0,"$698.9-$798.9 USD (cubemars.com), low bound x0.876",48,18.0,53.0,,235.0,320.0,442.0,0.94,98.0,61.7,planetary 9:1,0.16,unknown,60.0,rpm/V,unknown,0.248,terminal_ll,wye,21.0,10.7,31.9,,CAN / UART,"Wording 'Rated torque'/'Peak torque'; torque & speed = output (post 9:1). Kt/Kv/R/pole-pairs = motor-frame (pre-gearbox), Kv frame unstated. Currents ADC. Dual encoder 21-bit inner + 15-bit outer magnetic. Ke 16.7 V/krpm, L 213uH, J 1002 gcm2, Km 0.32, 36 slots, insulation C, NTC temp sensor.",https://www.cubemars.com/,cubemars_specs.csv
actuator,CubeMars,AK60-6 V3.0 KV80,https://www.cubemars.com/product/ak60-6-v3-0-kv80-robotic-actuator.html,https://www.cubemars.com/data/cms/202602/ak60-6-v3-0-robotic-actuator-2d-drawing.pdf,ak60-6-v3-0-robotic-actuator-2d-drawing.pdf,201.0,"$229.9-$298.9 USD, low bound x0.876",24/48,3.0,9.0,,490.0,640.0,125.0,0.38,79.0,43.0,planetary 6:1,0.135,unknown,80.0,rpm/V,unknown,0.595,terminal_ll,wye,14.0,3.8,11.2,,CAN / UART,"Dual-voltage: values @48V (rated speed 490, no-load 640, rated power 125W, peak current 11.2A); @24V rated speed 233, no-load 320, rated power 60W, peak current 10.3A. Torque=output(post 6:1). Ke 12.5, L 676uH, J 243.5, Km 0.15, 24 slots, insulation C, back-drive 0.2Nm, 21-bit magnetic single encoder, NTC.",https://www.cubemars.com/,cubemars_specs.csv
actuator,CubeMars,AK70-10 KV100,https://www.cubemars.com/product/ak70-10-kv100-robotic-actuator.html,https://www.cubemars.com/data/cms/202602/ak70-10-robotic-actuator-2d-drawing.pdf,ak70-10-robotic-actuator-2d-drawing.pdf,349.0,"$398.9-$498.9 USD, low bound x0.876",24/48,8.3,24.8,,310.0,480.0,230.0,0.621,89.0,50.25,planetary 10:1,0.123,unknown,100.0,rpm/V,unknown,0.272,terminal_ll,delta,21.0,7.2,23.2,,CAN / UART,"Dual-voltage: @48V rated speed 310/no-load 480; @24V rated speed 148/no-load 240. WEIGHT DISCREPANCY: product spec block 621g vs on-page comparison table 521g. Torque=output(post 10:1). Ke 11.2, L 113uH, J 753.5, Km 0.24, backlash 0.12deg, back-drive 0.48Nm, noise 58dB, insulation H, 14-bit magnetic single encoder, NTC.",https://www.cubemars.com/,cubemars_specs.csv
actuator,CubeMars,AK80-6 KV100,https://www.cubemars.com/product/ak80-6-kv100-robotic-actuator.html,https://www.cubemars.com/data/cms/202602/ak80-6-robotic-actuator-2d-drawing.pdf,ak80-6-robotic-actuator-2d-drawing.pdf,412.0,"$469.9-$569.9 USD, low bound x0.876",48,6.0,12.0,,603.0,800.0,340.0,0.485,98.0,38.5,planetary 6:1,0.105,unknown,100.0,rpm/V,unknown,0.17,terminal_ll,delta,21.0,9.7,20.0,,CAN / UART,"Torque=output(post 6:1). Ke 10.5, L 57uH, J 607, Km 0.25, backlash 0.22deg, back-drive 0.36Nm, noise 55dB, insulation H, temp sensor none, 14-bit magnetic single encoder. Currents ADC.",https://www.cubemars.com/,cubemars_specs.csv
actuator,CubeMars,AK80-9 V3.0 KV100,https://www.cubemars.com/product/ak80-9-v3-0-robotic-actuator.html,https://www.cubemars.com/data/cms/202602/ak80-9-v3-0-robotic-actuator-2d-drawing.pdf,ak80-9-v3-0-robotic-actuator-2d-drawing.pdf,420.0,"$479.9-$579.9 USD, low bound x0.876",48,9.0,22.0,,390.0,570.0,368.0,0.49,98.0,38.5,planetary 9:1,0.095,unknown,100.0,rpm/V,unknown,0.16,terminal_ll,delta,21.0,12.0,28.0,,CAN / UART,"Torque=output(post 9:1). Ke 10, L 116uH, J 1118.3, Km 0.2387, backlash 15 arcmin, back-drive 0.51Nm, noise 60dB, insulation C, 36 slots, 16-bit magnetic single encoder, NTC. Currents ADC.",https://www.cubemars.com/,cubemars_specs.csv
actuator,CubeMars,AK10-9 V2.0 KV60,https://www.cubemars.com/product/ak10-9-v2-0-kv60-robotic-actuator.html,,,612.0,"$698.9-$798.9 USD, low bound x0.876",24/48,18.0,48.0,,228.0,320.0,430.0,0.96,98.0,61.7,planetary 9:1,,,60.0,rpm/V,unknown,,,,,10.6,29.8,,CAN / UART,Mechanical specs from on-page CubeMars product-comparison table; electrical constants (Kt/Kv/R/winding/pole-pairs) not individually fetched. Nominal KV in model name. Currents ADC. @24V rated speed 109 / no-load 160. Dual encoder.,https://www.cubemars.com/,cubemars_specs.csv
actuator,CubeMars,AK80-8 KV60,https://www.cubemars.com/product/ak80-8-kv60-robotic-actuator.html,,,412.0,"$469.9-$569.9 USD, low bound x0.876",48,10.0,25.0,,243.0,360.0,230.0,0.57,98.0,43.9,planetary 8:1,,,60.0,rpm/V,unknown,,,,,6.9,21.0,,CAN / UART,Mechanical specs from on-page CubeMars product-comparison table; electrical constants (Kt/Kv/R/winding/pole-pairs) not individually fetched. Nominal KV in model name. Currents ADC. Dual encoder.,https://www.cubemars.com/,cubemars_specs.csv
actuator,CubeMars,AK80-64 KV80,https://www.cubemars.com/product/ak80-64-kv80-robotic-actuator.html,,,780.0,"$889.9-$989.9 USD, low bound x0.876",24/48,48.0,120.0,,48.0,75.0,220.0,0.85,98.0,61.9,planetary 64:1,,,80.0,rpm/V,unknown,,,,,7.0,19.0,,CAN / UART,Mechanical specs from on-page CubeMars product-comparison table; electrical constants (Kt/Kv/R/winding/pole-pairs) not individually fetched. Nominal KV in model name. Currents ADC. @24V rated speed 23 / no-load 37. Single encoder.,https://www.cubemars.com/,cubemars_specs.csv
actuator,CubeMars,AK70-9 V3.0 KV60,https://www.cubemars.com/product/ak70-9-v3-0-kv60-robotic-actuator.html,,,349.0,"$398.9-$498.9 USD, low bound x0.876",48,8.5,29.2,,260.0,320.0,231.0,0.54,89.0,49.0,planetary 9:1,,,60.0,rpm/V,unknown,,,,,6.25,23.8,,CAN / UART,Mechanical specs from on-page CubeMars product-comparison table; electrical constants (Kt/Kv/R/winding/pole-pairs) not individually fetched. Nominal KV in model name. Currents ADC. Dual encoder.,https://www.cubemars.com/,cubemars_specs.csv
actuator,CubeMars,AK60-39 V3.0 KV80,https://www.cubemars.com/product/ak60-39-v3-0-kv80-robotic-actuator.html,,,393.0,$448.9 USD x0.876,48,24.0,72.0,,70.0,98.0,176.0,0.75,79.0,67.0,planetary 39:1,,,80.0,rpm/V,unknown,,,,,4.5,17.0,,CAN / UART,Mechanical specs from on-page CubeMars product-comparison table; electrical constants (Kt/Kv/R/winding/pole-pairs) not individually fetched. Nominal KV in model name. Currents ADC. Dual encoder.,https://www.cubemars.com/,cubemars_specs.csv
actuator,CubeMars,AK60-6 V1.1 KV140,https://www.cubemars.com/product/ak60-6-v1-1-kv80-robotic-actuator.html,,,,V1.1 page listed at $298.9 (KV80); KV140 variant price not separately shown,24,3.0,9.0,,420.0,560.0,130.0,0.368,79.0,39.5,planetary 6:1,,,140.0,rpm/V,unknown,,,,,6.5,22.7,,CAN / UART,Mechanical specs from on-page CubeMars product-comparison table; electrical constants (Kt/Kv/R/winding/pole-pairs) not individually fetched. Nominal KV in model name. Currents ADC. Single encoder. KV140 winding variant.,https://www.cubemars.com/,cubemars_specs.csv
actuator,CubeMars,AK60-6 V1.1 KV80,https://www.cubemars.com/product/ak60-6-v1-1-kv80-robotic-actuator.html,,,262.0,$298.9 USD x0.876,24,3.0,9.0,,233.0,320.0,74.0,0.368,79.0,39.5,planetary 6:1,,,80.0,rpm/V,unknown,,,,,3.8,13.1,,CAN / UART,Mechanical specs from on-page CubeMars product-comparison table; electrical constants (Kt/Kv/R/winding/pole-pairs) not individually fetched. Nominal KV in model name. Currents ADC. Single encoder.,https://www.cubemars.com/,cubemars_specs.csv
actuator,CubeMars,AK45-36 V3.0 KV80,https://www.cubemars.com/product/ak45-36-v3-0-kv80-robotic-actuator.html,,,163.0,$185.9 USD x0.876,24,8.0,24.0,,40.0,52.0,33.5,0.349,55.0,56.5,planetary 36:1,,,80.0,rpm/V,unknown,,,,,2.0,6.5,,CAN / UART,Mechanical specs from on-page CubeMars product-comparison table; electrical constants (Kt/Kv/R/winding/pole-pairs) not individually fetched. Nominal KV in model name. Currents ADC. Dual encoder.,https://www.cubemars.com/,cubemars_specs.csv
actuator,CubeMars,AK45-10 V3.0 KV75,https://www.cubemars.com/product/ak45-10-v3-0-kv75-robotic-actuator.html,,,137.0,$155.9 USD x0.876,24,2.5,7.0,,120.0,180.0,39.0,0.262,53.0,45.2,planetary 10:1,,,75.0,rpm/V,unknown,,,,,1.9,5.0,,CAN / UART,Mechanical specs from on-page CubeMars product-comparison table; electrical constants (Kt/Kv/R/winding/pole-pairs) not individually fetched. Nominal KV in model name. Currents ADC. Dual encoder.,https://www.cubemars.com/,cubemars_specs.csv
actuator,CubeMars,AK40-10 V3.0 KV170,https://www.cubemars.com/product/ak40-10-v3-0-kv170-robotic-actuator.html,,,119.0,$135.9 USD x0.876,24,1.3,4.1,,370.0,435.0,50.0,0.19,53.0,40.2,planetary 10:1,,,170.0,rpm/V,unknown,,,,,2.7,7.3,,CAN / UART,Mechanical specs from on-page CubeMars product-comparison table; electrical constants (Kt/Kv/R/winding/pole-pairs) not individually fetched. Nominal KV in model name. Currents ADC. Dual encoder.,https://www.cubemars.com/,cubemars_specs.csv
actuator,CubeMars,AK45-36 KV80,https://www.cubemars.com/product/AK45-36.html,,,131.0,"$149.9-$185.9 USD, low bound x0.876",24,8.0,24.0,,40.0,52.0,33.0,0.34,55.0,54.0,planetary 36:1,,,80.0,rpm/V,unknown,,,,,2.0,6.5,,CAN / UART,Mechanical specs from on-page CubeMars product-comparison table; electrical constants (Kt/Kv/R/winding/pole-pairs) not individually fetched. Nominal KV in model name. Currents ADC. Single encoder (V1 generation).,https://www.cubemars.com/,cubemars_specs.csv
actuator,CubeMars,AK45-10 KV75,https://www.cubemars.com/product/AK45-10-robotic-actuatuor.html,,,105.0,"$119.9-$155.9 USD, low bound x0.876",24,2.5,7.0,,150.0,180.0,39.0,0.26,53.0,43.0,planetary 10:1,,,75.0,rpm/V,unknown,,,,,2.1,5.0,,CAN / UART,Mechanical specs from on-page CubeMars product-comparison table; electrical constants (Kt/Kv/R/winding/pole-pairs) not individually fetched. Nominal KV in model name. Currents ADC. Single encoder (V1 generation).,https://www.cubemars.com/,cubemars_specs.csv
actuator,CubeMars,AK40-10 KV170,https://www.cubemars.com/product/ak40-10-robotic-actuator.html,,,88.0,"$99.9-$135.9 USD, low bound x0.876",24,1.3,4.1,,370.0,435.0,59.0,0.185,53.0,37.0,planetary 10:1,,,170.0,rpm/V,unknown,,,,,2.7,7.3,,CAN / UART,Mechanical specs from on-page CubeMars product-comparison table; electrical constants (Kt/Kv/R/winding/pole-pairs) not individually fetched. Nominal KV in model name. Currents ADC. Single encoder (V1 generation).,https://www.cubemars.com/,cubemars_specs.csv
actuator,CubeMars,AKH70-48 V1.0 KV41,https://www.cubemars.com/categorys/akh-series-hollow-shaft-planetary-actuator,,,,,48,74.0,222.0,,28.0,35.0,217.0,1.396,90.0,81.5,planetary 48:1,,,41.0,rpm/V,unknown,,,,,6.0,21.0,,CAN / UART,Mechanical specs from on-page CubeMars product-comparison table; electrical constants (Kt/Kv/R/winding/pole-pairs) not individually fetched. Nominal KV in model name. Currents ADC. Hollow-shaft planetary module. product_url = category page (individual page not retrieved). Dual encoder.,https://www.cubemars.com/,cubemars_specs.csv
actuator,CubeMars,AKH70-16 V1.0 KV41,https://www.cubemars.com/categorys/akh-series-hollow-shaft-planetary-actuator,,,,,48,26.0,85.0,,90.0,105.0,245.0,0.879,90.0,60.5,planetary 16:1,,,41.0,rpm/V,unknown,,,,,6.5,23.0,,CAN / UART,Mechanical specs from on-page CubeMars product-comparison table; electrical constants (Kt/Kv/R/winding/pole-pairs) not individually fetched. Nominal KV in model name. Currents ADC. Hollow-shaft planetary module. product_url = category page (individual page not retrieved). Dual encoder.,https://www.cubemars.com/,cubemars_specs.csv
actuator,CubeMars,AKA10-9 KV60,https://www.cubemars.com/categorys/aka-series-robotic-actuator,,,,,48,18.0,53.0,,109.0,320.0,205.0,1.06,100.0,70.0,planetary 9:1,,,60.0,rpm/V,unknown,,,,,10.6,32.0,,CAN / UART,Mechanical specs from on-page CubeMars product-comparison table; electrical constants (Kt/Kv/R/winding/pole-pairs) not individually fetched. Nominal KV in model name. Currents ADC. product_url = category page (individual page not retrieved). Single encoder.,https://www.cubemars.com/,cubemars_specs.csv
actuator,CubeMars,AKA60-6 KV80,https://www.cubemars.com/categorys/aka-series-robotic-actuator,,,,,24/48,3.0,9.0,,400.0,640.0,62.0,0.46,80.0,51.2,planetary 6:1,,,80.0,rpm/V,unknown,,,,,4.0,11.2,,CAN / UART,Mechanical specs from on-page CubeMars product-comparison table; electrical constants (Kt/Kv/R/winding/pole-pairs) not individually fetched. Nominal KV in model name. Currents ADC. @24V rated speed 200 / no-load 320. product_url = category page. Single encoder.,https://www.cubemars.com/,cubemars_specs.csv
actuator,CubeMars,AKE90-8 KV35,https://www.cubemars.com/product/ake90-8-kv35-quasi-direct-drive-actuator.html,https://www.cubemars.com/data/cms/202602/ake90-8-quasi-direct-drive-2d-drawing.pdf,ake90-8-quasi-direct-drive-2d-drawing.pdf,424.0,$483.9 USD (cubemars.com) x0.876,48,55.0,170.0,,120.0,210.0,700.0,1.4,107.5,43.5,planetary 8:1,0.272,unknown,35.0,rpm/V,unknown,0.164,terminal_ll,delta,21.0,21.0,72.0,,"none (QDD, no encoder/driver board)","Wording: 'Rated torque' 55Nm, 'Peak torque' 170Nm (no max-momentary published) - CubeMars DOES publish a 55Nm rated/continuous torque. R: page column mislabeled 'MOhm', value 164 is milliohms=0.164ohm (sister AKE80/60 label same column 'mOhm'; insulation R is a separate 10MOhm row). WINDING=delta (published) - contradicts existing motors.csv note suggesting wye. Ke 0.0285 V/rpm(=28.5 V/krpm), L 235uH, J 3377 gcm2, Km 0.67372, insulation H, backlash 9 arcmin. Kt/Kv/R=motor-frame(pre 8:1); torque/speed=output. Currents ADC.",https://www.cubemars.com/,cubemars_specs.csv
actuator,CubeMars,AKE80-8 KV30,https://www.cubemars.com/product/ake80-8-kv30-quasi-direct-drive-actuator.html,https://www.cubemars.com/data/cms/202602/ake80-8-quasi-direct-drive-2d-drawing.pdf,ake80-8-quasi-direct-drive-2d-drawing.pdf,298.0,$339.9 USD x0.876,48,12.0,30.0,,150.0,195.0,188.0,0.57,87.0,32.0,planetary 8:1,0.32,unknown,30.0,rpm/V,unknown,0.87,terminal_ll,wye,21.0,4.8,12.0,,"none (QDD, no encoder/driver board)","Wording 'Rated torque' 12Nm / 'Peak torque' 30Nm. Winding=star(=wye), R correctly labeled mOhm. Ke 33 V/krpm, L 990uH, J 1471.75, Km 0.34, insulation F, backlash 9 arcmin. Kt/Kv/R=motor-frame(pre 8:1). Currents ADC.",https://www.cubemars.com/,cubemars_specs.csv
actuator,CubeMars,AKE60-8 KV80,https://www.cubemars.com/product/ake60-8-kv80-quasi-direct-drive-actuator.html,https://www.cubemars.com/data/cms/202602/ake60-8-quasi-direct-drive-2d-drawing.pdf,ake60-8-quasi-direct-drive-2d-drawing.pdf,192.0,$218.9 USD x0.876,24,5.0,12.5,,180.0,240.0,95.0,0.26,69.0,25.0,planetary 8:1,0.13,unknown,80.0,rpm/V,unknown,0.577,terminal_ll,wye,14.0,4.8,12.0,,"none (QDD, no encoder/driver board)","Wording 'Rated torque' 5Nm / 'Peak torque' 12.5Nm. Winding=star(=wye). 24V. Ke 12.5 V/krpm, L 704uH, J 647.39, Km 0.15, insulation F, backlash 9 arcmin. Kt/Kv/R=motor-frame(pre 8:1). Currents ADC.",https://www.cubemars.com/,cubemars_specs.csv
motor,CubeMars,RI100 KV105,https://www.cubemars.com/product/ri100-kv105-frameless-inrunner-torque-motor.html,https://www.cubemars.com/data/cms/202602/ri100-frameless-torque-motor-without-hall-sensor-2d-drawing.pdf,ri100-frameless-torque-motor-without-hall-sensor-2d-drawing.pdf,130.0,"$148.9-$163.9 USD, low bound x0.876",24/36/48,1.76,4.95,,2825.0,4368.0,,0.5,,,none (frameless),0.129,unknown,105.0,rpm/V,unknown,0.126,terminal_ll,delta,14.0,13.6,38.6,,optional Hall,"Frameless inrunner torque motor. Multi-voltage 24/36/48V (rated torque & current voltage-independent; speed scales). Rated_Speed/Max_Speed @48V. R = phase-to-phase. Optional Hall. Currents ADC. Rated speed 1370/2100/2825, no-load 2184/3276/4368. Ke 10.47, L 366.7uH, J 215.5, Km 0.3634, insulation C. Diameter/length not in spec text (see 2D drawing).",https://www.cubemars.com/,cubemars_specs.csv
motor,CubeMars,RI80 V2.0 KV75,https://www.cubemars.com/product/ri80-v2-0-kv75-frameless-inrunner-torque-motor.html,https://www.cubemars.com/data/cms/202602/ri80-v2-frameless-torque-motor-with-hall-sensor-2d-drawing.pdf,ri80-v2-frameless-torque-motor-with-hall-sensor-2d-drawing.pdf,116.0,"$132.9-$147.9 USD, low bound x0.876",24/36/48,1.45,4.1,,2430.0,2960.0,,0.411,,,none (frameless),0.155,unknown,75.0,rpm/V,unknown,0.33,terminal_ll,delta,8.0,9.4,27.6,,optional Hall,"Frameless inrunner torque motor. Multi-voltage 24/36/48V (rated torque & current voltage-independent; speed scales). Rated_Speed/Max_Speed @48V. R = phase-to-phase. Optional Hall. Currents ADC. Rated speed 1135/1785/2430, no-load 1480/2220/2960. Ke 15.5, L 510uH, J 212.49, Km 0.2698, insulation C. Diameter/length not in spec text.",https://www.cubemars.com/,cubemars_specs.csv
motor,CubeMars,RI70 KV95,https://www.cubemars.com/product/ri70-kv95-frameless-inrunner-torque-motor.html,https://www.cubemars.com/data/cms/202602/ri70-frameless-torque-motor-with-hall-sensor-2d-drawing.pdf,ri70-frameless-torque-motor-with-hall-sensor-2d-drawing.pdf,109.0,"$123.9-$138.9 USD, low bound x0.876",24/36/48,0.94,2.68,,2710.0,3912.0,,0.2704,,,none (frameless),0.13,unknown,95.0,rpm/V,unknown,0.418,terminal_ll,delta,14.0,7.1,21.0,,optional Hall,"Frameless inrunner torque motor. Multi-voltage 24/36/48V (rated torque & current voltage-independent; speed scales). Rated_Speed/Max_Speed @48V. R = phase-to-phase. Optional Hall. Currents ADC. Rated speed 1270/1990/2710, no-load 1956/2934/3912. Ke 11.69, L 622.7uH, J 92.15, Km 0.2011, insulation C. Marketing text cites ~76mm OD x ~24mm (approx; not in spec table).",https://www.cubemars.com/,cubemars_specs.csv
motor,CubeMars,RI60 KV120,https://www.cubemars.com/product/ri60-kv120-frameless-inrunner-torque-motor.html,https://www.cubemars.com/data/cms/202602/ri60-frameless-torque-motor-with-hall-sensor-2d-drawing.pdf,ri60-frameless-torque-motor-with-hall-sensor-2d-drawing.pdf,87.0,"$98.9-$113.9 USD, low bound x0.876",24/36/48,0.57,1.63,,3190.0,5064.0,,0.1559,60.0,23.0,none (frameless),0.1,unknown,120.0,rpm/V,unknown,0.9,terminal_ll,delta,14.0,5.6,16.8,,optional Hall,"Frameless inrunner torque motor. Multi-voltage 24/36/48V (rated torque & current voltage-independent; speed scales). Rated_Speed/Max_Speed @48V. R = phase-to-phase. Optional Hall. Currents ADC. Rated speed 1440/2320/3190, no-load 2532/3798/5064. Ke 9.03, L 877.5uH, J 33.05, Km 0.1054, insulation C. Size Phi60x23mm (marketing).",https://www.cubemars.com/,cubemars_specs.csv
motor,CubeMars,RI50 KV100,https://www.cubemars.com/product/ri50-kv100-frameless-inrunner-torque-motor.html,https://www.cubemars.com/data/cms/202602/ri50-frameless-torque-motor-with-hall-sensor-2d-drawing.pdf,ri50-frameless-torque-motor-with-hall-sensor-2d-drawing.pdf,54.0,"$61.9-$76.9 USD, low bound x0.876",24/36/48,0.58,1.67,,2600.0,4008.0,,0.1808,54.0,27.0,none (frameless),0.12,unknown,100.0,rpm/V,unknown,1.42,terminal_ll,wye,7.0,4.8,14.8,,optional Hall,"Frameless inrunner torque motor. Multi-voltage 24/36/48V (rated torque & current voltage-independent; speed scales). Rated_Speed/Max_Speed @48V. R = phase-to-phase. Optional Hall. Currents ADC. Rated speed 1090/1860/2600, no-load 2004/3006/4008. Ke 11.41, L 1500uH, J 22.8, Km 0.1007, winding=star(=wye). Size Phi54x27mm (marketing).",https://www.cubemars.com/,cubemars_specs.csv
motor,CubeMars,RO100 KV55 Standard-with-hall,https://www.cubemars.com/product/ro100-kv55-standard-with-hall-frameless-torque-motor.html,https://www.cubemars.com/data/cms/202602/ro100-kv55-frameless-torque-motor-2d-drawing.pdf,ro100-kv55-frameless-torque-motor-2d-drawing.pdf,151.0,$171.9 USD x0.876,48,4.0,12.0,,2000.0,2550.0,,0.71,,,none (frameless),0.2,unknown,55.0,rpm/V,unknown,0.143,terminal_ll,wye,21.0,20.0,62.0,,Hall + temp sensor,"Frameless outrunner torque motor. R = phase-to-phase. Currents ADC. Standard version (710g; Lite 525g). Ke 18.67, L 137uH, J 8700gcm2(std), Km 0.53, cogging 55Nmm, insulation F. Diameter/length not in spec text (see 2D drawing).",https://www.cubemars.com/,cubemars_specs.csv
motor,CubeMars,RO80 KV105 Standard-with-hall,https://www.cubemars.com/product/ro80-kv105-standard-with-hall-frameless-torque-motor.html,https://www.cubemars.com/data/cms/202602/ro80-kv105-frameless-torque-motor-2d-drawing.pdf,ro80-kv105-frameless-torque-motor-2d-drawing.pdf,101.0,$114.9 USD x0.876,48,1.3,4.0,,3600.0,5040.0,,0.352,,,none (frameless),0.087,unknown,105.0,rpm/V,unknown,0.12,terminal_ll,delta,21.0,15.0,50.0,,Hall + temp sensor,"Frameless outrunner torque motor. R = phase-to-phase. Currents ADC. Standard version (352g; Lite 265g). Ke 9.07, L 103uH, J 2612gcm2(std), Km 0.25, cogging 24Nmm, insulation F. Diameter/length not in spec text.",https://www.cubemars.com/,cubemars_specs.csv
motor,CubeMars,RO60 KV115 Standard-with-hall,https://www.cubemars.com/product/ro60-kv115-standard-with-hall-frameless-torque-motor.html,https://www.cubemars.com/data/cms/202602/ro60-kv115-frameless-torque-motor-2d-drawing.pdf,ro60-kv115-frameless-torque-motor-2d-drawing.pdf,75.0,$85.9 USD x0.876,48,0.8,2.4,,4200.0,5520.0,,0.248,,,none (frameless),0.094,unknown,115.0,rpm/V,unknown,0.3,terminal_ll,wye,14.0,8.5,40.0,,Hall + temp sensor,"Frameless outrunner torque motor. R = phase-to-phase. Currents ADC. Standard version (248g; Lite 195g). Ke 8.28, L 395uH, J 1161gcm2(std), Km 0.17, cogging 15Nmm, insulation F. Diameter/length not in spec text.",https://www.cubemars.com/,cubemars_specs.csv
motor,CubeMars,RO50 KV108 Lite,https://www.cubemars.com/product/ro50-kv108-lite-without-hall-frameless-torque-motor.html,https://www.cubemars.com/data/cms/202606/ro50-kv108-lite-frameless-torque-motor-2d-drawing.pdf,ro50-kv108-lite-frameless-torque-motor-2d-drawing.pdf,58.0,$65.9 USD x0.876,24,0.3,0.9,,2100.0,2600.0,66.0,0.105,61.7,14.5,none (frameless),0.088,unknown,108.0,rpm/V,unknown,1.035,terminal_ll,unknown,14.0,3.4,0.9,,no hall (Lite),"Frameless outrunner torque motor. R = phase-to-phase. Currents ADC. Lite/no-hall. Size Phi61.7x14.5mm. Rated_Power = 'Maximum Continuous Power' 66W. Ke 9.2, L 460uH, J 327.21, Km 0.087. PEAK CURRENT 0.9A appears to be a datasheet typo (< rated 3.4A). Winding not published.",https://www.cubemars.com/,cubemars_specs.csv
motor,CubeMars,RO40 KV140 Lite,https://www.cubemars.com/product/ro40-kv140-lite-without-hall-frameless-torque-motor.html,https://www.cubemars.com/data/cms/202606/ro40-kv140-lite-frameless-torque-motor-2d-drawing.pdf,ro40-kv140-lite-frameless-torque-motor-2d-drawing.pdf,45.0,$51.9 USD x0.876,24,0.2,0.6,,2450.0,3400.0,51.0,0.06,46.3,13.0,none (frameless),0.068,unknown,141.0,rpm/V,unknown,1.7,terminal_ll,unknown,14.0,2.85,11.6,,no hall (Lite),"Frameless outrunner torque motor. R = phase-to-phase. Currents ADC. Lite. Title 'KV140'; spec Kv=141. Size Phi46.3x13mm. Rated_Power='Maximum Continuous Power' 51W. Ke 7, L 580uH, J 122.11, Km published 0.52 (inconsistent, computes ~0.05), cogging 6Nmm. Winding not published.",https://www.cubemars.com/,cubemars_specs.csv
motor,CubeMars,GL30 KV290,https://www.cubemars.com/product/gl30-kv290-gimbal-motor.html,https://www.cubemars.com/data/cms/202602/gl30-gimbal-motor-with-encoder-2d-drawing.pdf,gl30-gimbal-motor-with-encoder-2d-drawing.pdf,45.0,"$50.99-$75.99 USD, low bound x0.876",12,0.08,0.28,,1990.0,3060.0,,0.041,34.5,15.7,none (direct drive),0.038,unknown,255.0,rpm/V,unknown,1.53,terminal_ll,wye,7.0,2.13,7.4,,,"Gimbal motor. R = phase-to-phase. Currents ADC. Model title 'KV290' but spec table Kv=255. Ke 3.73, L 330uH, J 24.2, Km 0.0307, insulation H. Size Phi34.5x15.7mm.",https://www.cubemars.com/,cubemars_specs.csv
motor,CubeMars,GL35 KV100,https://www.cubemars.com/product/gl35-kv100-gimbal-motor.html,https://www.cubemars.com/data/cms/202602/gl35-gimbal-motor-no-encoder-2d-drawing.pdf,gl35-gimbal-motor-no-encoder-2d-drawing.pdf,48.0,"$54.99-$79.99 USD, low bound x0.876",16,0.15,0.46,,815.0,1320.0,,0.09,41.8,21.0,none (direct drive),0.115,unknown,82.5,rpm/V,unknown,3.6,terminal_ll,wye,7.0,1.3,4.0,,,"Gimbal motor. R = phase-to-phase. Currents ADC. Model title 'KV100' but spec Kv=82.5. Ke 11.54, L 2100uH, J 61, Km 0.0606, insulation H. Size Phi41.8x21mm.",https://www.cubemars.com/,cubemars_specs.csv
motor,CubeMars,GL40 KV70,https://www.cubemars.com/product/gl40-kv70-gimbal-motor.html,https://www.cubemars.com/data/cms/202602/gl40-gimbal-motor-2d-drawing.pdf,gl40-gimbal-motor-2d-drawing.pdf,64.0,"$72.99-$97.99 USD, low bound x0.876",16,0.25,0.5,,430.0,1015.0,,0.107,46.5,21.5,none (direct drive),0.15,unknown,63.5,rpm/V,unknown,4.5,terminal_ll,wye,14.0,1.62,3.3,,,"Gimbal motor. R = phase-to-phase. Currents ADC. KV70 winding variant (spec Kv=63.5). Ke 15, L 1800uH, J 74, Km 0.0707, insulation H. Size Phi46.5x21.5mm. Page also lists a KV210 variant (separate row).",https://www.cubemars.com/,cubemars_specs.csv
motor,CubeMars,GL40 KV210,https://www.cubemars.com/product/gl40-kv70-gimbal-motor.html,https://www.cubemars.com/data/cms/202602/gl40-gimbal-motor-2d-drawing.pdf,gl40-gimbal-motor-2d-drawing.pdf,,same page/price as GL40 KV70 ($72.99-$97.99 USD); winding variant,16,0.25,0.75,,2100.0,3120.0,,0.107,46.5,21.5,none (direct drive),0.05,unknown,195.0,rpm/V,unknown,0.5,terminal_ll,wye,14.0,4.9,14.9,,,"Gimbal motor. R = phase-to-phase. Currents ADC. KV210 winding variant of GL40 (spec Kv=195). Ke 4.88, L 180uH, J 74, Km 0.0707.",https://www.cubemars.com/,cubemars_specs.csv
motor,CubeMars,GL60 KV25,https://www.cubemars.com/product/gl60-kv25-gimbal-motor.html,https://www.cubemars.com/data/cms/202602/gl60-gimbal-motor-2d-drawing.pdf,gl60-gimbal-motor-2d-drawing.pdf,95.0,"$108.99-$133.99 USD, low bound x0.876",24,0.6,1.75,,310.0,516.0,,0.23,69.0,22.3,none (direct drive),0.45,unknown,25.0,rpm/V,unknown,5.5,terminal_ll,wye,14.0,1.35,4.0,,,"Gimbal motor. R = phase-to-phase. Currents ADC. Bore 20mm. L 2720uH, J 355. Size Dia69x22.3mm.",https://www.cubemars.com/,cubemars_specs.csv
motor,CubeMars,GL80 KV30,https://www.cubemars.com/product/gl80-kv30-gimbal-motor.html,https://www.cubemars.com/data/cms/202602/gl80-gimbal-motor-2d-drawing.pdf,gl80-gimbal-motor-2d-drawing.pdf,159.0,$181.99 USD x0.876,24,1.0,2.9,,450.0,650.0,,0.315,87.0,22.3,none (direct drive),0.356,unknown,27.0,rpm/V,unknown,1.8,terminal_ll,wye,21.0,2.8,8.2,,,"Gimbal motor. R = phase-to-phase. Currents ADC. Model title 'KV30' but spec Kv=27. Ke 35.27, L 1100uH, J 650, Km 0.2653, insulation H. Size Phi87x22.3mm. Page also lists KV60 variant (separate row).",https://www.cubemars.com/,cubemars_specs.csv
motor,CubeMars,GL80 KV60,https://www.cubemars.com/product/gl80-kv30-gimbal-motor.html,https://www.cubemars.com/data/cms/202602/gl80-gimbal-motor-2d-drawing.pdf,gl80-gimbal-motor-2d-drawing.pdf,,same page/price as GL80 KV30 ($181.99 USD); winding variant,24,1.0,2.9,,1010.0,1300.0,,0.315,87.0,22.3,none (direct drive),0.178,unknown,54.5,rpm/V,unknown,0.45,terminal_ll,wye,21.0,5.6,16.3,,,"Gimbal motor. R = phase-to-phase. Currents ADC. KV60 winding variant of GL80 (spec Kv=54.5). Ke 17.47, L 270uH, J 650, Km 0.2653.",https://www.cubemars.com/,cubemars_specs.csv
motor,CubeMars,GL100 KV10,https://www.cubemars.com/product/gl100-kv10-gimbal-motor.html,https://www.cubemars.com/data/cms/202602/gl100-gimbal-motor-2d-drawing.pdf,gl100-gimbal-motor-2d-drawing.pdf,239.0,$272.99 USD x0.876,24,3.0,7.7,,130.0,223.0,,0.698,106.8,34.2,none (direct drive),1.03,unknown,9.3,rpm/V,unknown,2.65,terminal_ll,wye,20.0,2.9,7.8,,,"Gimbal motor. R = phase-to-phase. Currents ADC. Model title 'KV10' but spec Kv=9.3. Ke 102.4, L 2350uH, J 2310, Km 0.6327, insulation H. Size Phi106.8x34.2mm.",https://www.cubemars.com/,cubemars_specs.csv
motor,CubeMars,GL40 II KV82.5,https://www.cubemars.com/product/gl40-II-kv82-5-gimbal-motor.html,https://www.cubemars.com/data/cms/202602/GL40-ii-gimbal-motor-2d-drawing.pdf,GL40-ii-gimbal-motor-2d-drawing.pdf,117.0,$133.99 USD x0.876,16,0.25,0.68,,697.0,1388.0,,0.125,,,none (direct drive),0.11,unknown,82.5,rpm/V,unknown,3.0,terminal_ll,wye,14.0,1.88,5.22,,,"Gimbal motor. R = phase-to-phase. Currents ADC. GL II series. L 1320uH, J 79.45, Km 0.0639, insulation H. Ke printed 0.0115 V/krpm (likely typo, ~11.5). Diameter/length not in spec text.",https://www.cubemars.com/,cubemars_specs.csv
motor,CubeMars,GL60 II KV28,https://www.cubemars.com/product/gl60-II-kv28-gimbal-motor.html,https://www.cubemars.com/data/cms/202602/gl60-ii-gimbal-motor-2d-drawing.pdf,gl60-ii-gimbal-motor-2d-drawing.pdf,146.0,$166.99 USD x0.876,24,0.6,1.5,,319.0,,,0.276,70.5,33.6,none (direct drive),0.34,unknown,28.0,rpm/V,unknown,5.8,unknown,unknown,14.0,1.54,4.09,,,"Gimbal motor. R = phase-to-phase. Currents ADC. GL II series, config 24N28P (=14 pole pairs), bore 20mm. Values @24V (page also lists 16V option: rated current 1.56A, rated speed 153, peak torque 1Nm). R labeled 'Winding Resistance' 5.8ohm (frame unstated). Line inductance 6mH, J 401.09. Copper wire level E, enamel level H. Currents in A.",https://www.cubemars.com/,cubemars_specs.csv
motor,T-Motor,U8 II KV100,https://store.tmotor.com/goods-561-U8_KV100.html,,,285.0,USD 309.99 @ store.tmotor.com (~0.92 EUR/USD),12S (44-50V),,,,,,,0.272,87.1,29.1,direct-drive,,,100.0,rpm/V,unknown,0.170,unknown,,21.0,,29.3,IP45,,Stator 36N42P; R=170+/-5mOhm (internal resistance); peak current 29.3A and max power 1406W are 180s ratings; max thrust 7.3kg; shaft 15mm. KV150/KV190 variants exist on same page but no per-KV specs published. CROSS-CHECK motor: published KV=100 matches DB; winding NOT stated by T-Motor.,https://store.tmotor.com/goods-561-U8_KV100.html,drone-lowkv_specs.csv
motor,T-Motor,U8 II Pro KV100,https://store.tmotor.com/product/u8-2-pro-u-efficiency.html,,,285.0,USD 309.99 @ store.tmotor.com (~0.92 EUR/USD),12S (48-52V),,,,,,,0.287,87.3,29.55,direct-drive,,,100.0,rpm/V,unknown,0.134-0.141,unknown,,21.0,,31.0,IP56,,Stator 36N42P; internal resistance 134-141mOhm; peak 31A / max power 1450W (180s); max thrust 9.1kg; bearing 6901ZZ; shaft 12mm.,https://store.tmotor.com/product/u8-2-pro-u-efficiency.html,drone-lowkv_specs.csv
motor,T-Motor,U8 II Lite KV100,https://store.tmotor.com/product/u8-v2-lite-u-efficiency.html,,,276.0,USD 299.90 @ store.tmotor.com (~0.92 EUR/USD),12S (48-52V),,,,,,,0.253,87.3,26.05,direct-drive,,,100.0,rpm/V,unknown,0.134-0.141,unknown,,21.0,,31.0,,,Stator 36N42P; internal resistance 134-141mOhm; peak 31A / max power 1450W (180s); max thrust 9.1kg. KV85 variant selectable but no specs published for it.,https://store.tmotor.com/product/u8-v2-lite-u-efficiency.html,drone-lowkv_specs.csv
motor,T-Motor,Antigravity MN8017 KV120,https://store.tmotor.com/product/mn8017-motor-antigravity-type.html,,,267.0,USD 289.90 @ store.tmotor.com (~0.92 EUR/USD),12S (44-50V),,,,,,,0.453,87.8,34.5,direct-drive,,,120.0,rpm/V,unknown,0.045,unknown,,21.0,,68.6,,,Stator 36N42P; internal resistance 45mOhm; peak 68.6A / max power 3180W (180s); max thrust 16.8kg; shaft 12mm.,https://store.tmotor.com/product/mn8017-motor-antigravity-type.html,drone-lowkv_specs.csv
motor,T-Motor,Antigravity MN1005 V2.0 KV90,https://store.tmotor.com/product/mn1005-v2-motor-antigravity-type.html,,,230.0,USD 249.90 @ store.tmotor.com (~0.92 EUR/USD),12S (44-50V),,,,,,,0.282,107.0,23.0,direct-drive,,,90.0,rpm/V,unknown,0.168,unknown,,21.0,,32.0,,,Pancake stator 36N42P; internal resistance 168mOhm; peak 32A / max power 1500W (180s); max thrust 9.3kg; shaft 17mm. KV100 variant also available.,https://store.tmotor.com/product/mn1005-v2-motor-antigravity-type.html,drone-lowkv_specs.csv
motor,T-Motor,U10 II KV100,https://store.tmotor.com/product/u10-2-u-efficiency.html,,,313.0,USD 339.90 @ store.tmotor.com (~0.92 EUR/USD),12S (44-50V),,,,,,,0.415,98.6,33.1,direct-drive,,,100.0,rpm/V,unknown,0.101,unknown,,21.0,,32.4,IP45,,Stator 36N42P; internal resistance 101+/-5mOhm; peak 32.4A / max power 1600W (180s); max thrust 10.6kg; shaft 15mm.,https://store.tmotor.com/product/u10-2-u-efficiency.html,drone-lowkv_specs.csv
motor,T-Motor,U12 II KV120,https://store.tmotor.com/product/u12-v2-kv120-u-efficiency.html,,,340.0,USD 369.90 @ store.tmotor.com (~0.92 EUR/USD),10-14S (37-59V),,,,,,,0.778,106.8,47.6,direct-drive,,,120.0,rpm/V,unknown,0.022,unknown,,21.0,,95.0,,,Stator 36N42P; internal resistance 22mOhm; peak 94.3-95A / max power 4560W; max thrust 20.4kg @48V; shaft 15mm.,https://store.tmotor.com/product/u12-v2-kv120-u-efficiency.html,drone-lowkv_specs.csv
motor,T-Motor,U13 II KV65,https://store.tmotor.com/product/u13-v2-kv65-motor-u-power.html,,,350.0,USD 379.90 @ store.tmotor.com (~0.92 EUR/USD),22-25S (81-105V),,,,,,,0.975,100.0,60.0,direct-drive,,,65.0,rpm/V,unknown,0.073,unknown,,21.0,,68.0,,,Stator 36N42P; internal resistance 73mOhm; peak 68A / max power 6720W; max thrust 28.7kg; shaft 15mm.,https://store.tmotor.com/product/u13-v2-kv65-motor-u-power.html,drone-lowkv_specs.csv
motor,T-Motor,U13 II KV130,https://store.tmotor.com/product/U13-v2-KV130-Power-Type-UAV-Motor.html,,,350.0,USD 379.90 @ store.tmotor.com (~0.92 EUR/USD),10-14S (37-59V),,10.0,,,,,0.99,100.0,60.0,direct-drive,,,130.0,rpm/V,unknown,0.018,unknown,,21.0,,118.0,,,"Stator 36N42P; internal resistance 18mOhm; peak 118A / max power 5659W; max thrust 24.3kg with torque 10 Nm at 100pct throttle @48V (operating-point torque, not a rated spec); shaft 15mm.",https://store.tmotor.com/product/U13-v2-KV130-Power-Type-UAV-Motor.html,drone-lowkv_specs.csv
motor,T-Motor,GB54-1 KV33 gimbal,https://store.tmotor.com/product/gb54-1-gimbal-type.html,,,64.0,USD 69.90 @ store.tmotor.com (~0.92 EUR/USD),3-6S (11-25V),,0.33,,,,,0.137,60.7,23.0,direct-drive,,,33.0,rpm/V,unknown,15.6,unknown,,7.0,,,,,"Gimbal outrunner, stator 12N14P; internal resistance 15.6 Ohm; max (holding) torque 0.33 Nm - ambiguous vendor 'max torque'; 12.7mm hollow shaft; payload up to 1.8kg camera.",https://store.tmotor.com/product/gb54-1-gimbal-type.html,drone-lowkv_specs.csv
motor,T-Motor,GB54-2 KV26 gimbal,https://store.tmotor.com/product/gb54-2-gimbal-type.html,,,,,3-6S (11-25V),,,,,,,0.156,60.7,25.0,direct-drive,,,26.0,rpm/V,unknown,,unknown,,,,,,,Gimbal outrunner; 12.7mm hollow shaft; cable 35cm. Reseller listing quotes 'internal resistance 150 Ohm' which is likely a typo for ~15 Ohm (cf GB54-1 15.6 Ohm) - left blank pending manufacturer confirmation.,https://store.tmotor.com/product/gb54-2-gimbal-type.html,drone-lowkv_specs.csv
motor,T-Motor,GB85-1 gimbal,https://store.tmotor.com/categorys/gimbal-motor,,,,,,,0.59,,,,,0.224,86.8,26.5,direct-drive,,,,rpm/V,unknown,13,unknown,,21.0,,,,,"Gimbal outrunner, stator 36N42P; internal resistance 13 Ohm; max (holding) torque ~0.57-0.59 Nm (5.8-6 kgf.cm). KV not published. Hollow shaft.",https://www.unmannedsystemssource.com/shop/motors/tmotor-motors/t-motor-gimbal-gb85-1/,drone-lowkv_specs.csv
motor,iPower Motor,GBM4008H-150T,https://shop.iflight.com/gimbal-motors-cat44/ipower-gbm4008h-50t-gimbal-motor-stainless-steel-hollow-shaft-pro175,,,23.0,USD 25.00 @ shop.iflight.com (~0.92 EUR/USD),10-24V DC (12V nom),,0.186,,,,,0.1097,,,direct-drive,,,68.0,rpm/V,unknown,6.7,unknown,,11.0,1.1,,,,"Gimbal outrunner, stator 24N22P; internal resistance 6.7 Ohm; static inductance 1.75mH; rated current 1.1A; max (holding) torque 1.9 kgf.cm = 0.186 Nm; copper wire 0.25mm; hollow shaft. 150 = winding turns. KV68 is published even though high for 150T.",https://shop.iflight.com/gimbal-motors-cat44/ipower-gbm4008h-50t-gimbal-motor-stainless-steel-hollow-shaft-pro175,drone-lowkv_specs.csv
motor,iPower Motor,GBM4108H-120T,https://www.robotshop.com/products/ipower-gbm4108h-120t-gimbal-motor,,,,,,,,,,,,0.1252,,,direct-drive,,,,rpm/V,unknown,11.1,unknown,,11.0,,,,,"Gimbal outrunner, stator 24N22P; internal resistance 11.1 Ohm +/-5pct; winding 0.17mm x1 120T; 8mm hollow shaft. KV not published.",https://www.robotshop.com/products/ipower-gbm4108h-120t-gimbal-motor,drone-lowkv_specs.csv
motor,iPower Motor,GBM5208H-180T,https://www.himodel.com/m/electric/iPower_Gimbal_Brushless_Motor_GBM5208H-180T_for_600-1500g_Camera.html,,,,,,,,,,,,0.172,63.0,25.0,direct-drive,,,,rpm/V,unknown,10.2,unknown,wye,7.0,,,,,"Gimbal outrunner, stator 12N14P (stator 52x8mm); internal resistance 10.2 Ohm; winding 'Star style' (=wye), 180 turns, 0.27mm wire. KV not published. Payload 600-1500g camera.",https://www.himodel.com/m/electric/iPower_Gimbal_Brushless_Motor_GBM5208H-180T_for_600-1500g_Camera.html,drone-lowkv_specs.csv
motor,iPower Motor,GBM8036-90T,https://www.kopterworx.com/ipower-gbm8036-90t-gimbal-motor.html,,,143.0,EUR 143 @ kopterworx.com (listed in EUR),,,,,,,,0.492,90.0,36.0,direct-drive,,,,rpm/V,unknown,19.3,unknown,,21.0,,,,,"Large gimbal outrunner, stator 36N42P (stator 81x12mm); internal resistance 19.3 Ohm; pre-wound 90 turns 0.20mm; hollow shaft (slipring-compatible); camera 5.0-6.5kg. KV not published.",https://www.kopterworx.com/ipower-gbm8036-90t-gimbal-motor.html,drone-lowkv_specs.csv
motor,iPower Motor,GM5208-12,https://shop.iflight.com/ipower-motor-gm5208-12-brushless-gimbal-motor-pro279,,,37.0,USD 39.90 @ shop.iflight.com (~0.92 EUR/USD),3-5S (11-18.5V),,,,,,,0.195,63.0,22.7,direct-drive,,,,rpm/V,unknown,15.2,unknown,,7.0,,,,,"Gimbal outrunner, stator 12N14P; internal resistance 15.2 Ohm +/-5pct; no-load 456-504 rpm @20V (implies ~23-25 rpm/V, not vendor-labelled KV so left blank); no-load current 0.09A; max power <=40W; 15mm OD hollow shaft, 12mm ID.",https://shop.iflight.com/ipower-motor-gm5208-12-brushless-gimbal-motor-pro279,drone-lowkv_specs.csv
motor,MAD Components,M40C30 PRO IPE KV43,https://www.mad-motor.com/products/mad-components-m40c30-pro-ipe,,,919.0,USD 999 @ mad-motor.com / uavmodel.com (~0.92 EUR/USD),12-24S,,48.0,,,,,3.46,151.4,81.0,direct-drive,,,43.0,rpm/V,unknown,,,,15.0,,,IP35,,"Large heavy-lift outrunner, stator 36N30P; max power 20000W; max (peak) torque 48 Nm; rated thrust 20-35 kgf, peak thrust up to 80 kgf; centrifugal air cooling. R NOT published. Other KV options on same frame: 10/35/50/55/62/80.",https://www.mad-motor.com/products/mad-components-m40c30-pro-ipe,drone-lowkv_specs.csv
motor,MAD Components,M50C35 EEE KV40,https://www.mad-motor.com/products/mad-components-m50c35-pro-eee,,,1011.0,USD 1099 @ ozrobotics.com (~0.92 EUR/USD),,,60.0,,,,,,,,direct-drive,,,40.0,rpm/V,unknown,,,,,,,,,Manned/heavy-lift outrunner; max power 25000W; max (peak) torque 60 Nm; max thrust 91-100kg. KV34 variant also listed. Dimensions/weight/R NOT published on reseller pages.,https://ozrobotics.com/shop/mad-m50-c35-eee-kv40-heavy-lift-manned-drone-motor-with-max-thrust-91kg/,drone-lowkv_specs.csv
driver,MAB Robotics,MD80 v3.0 motor controller,https://www.mabrobotics.pl/product-page/md80-motor-controller,,,220.0,mabrobotics.pl product page (schema.org Offer),up to 48,,,,,,,0.015,55.0,,none (controller only),,unknown,,,unknown,,unknown,,,,80.0,,FDCAN up to 8 Mbps,"Bare brushless motor CONTROLLER (driver), NOT a frameless motor - has no motor Kt/Kv/R/pole (those belong to the attached motor). Onboard 14-bit absolute encoder; aux connectors for external MAB on-axis/off-axis ring encoders, RS422 (on request), brake/limit switch. Motion modes: position/velocity (PID+profile), impedance (PD), torque (PI). Mass 15g on product page (MD-series overview lists 16g). Product page also displays 161,11 EUR next to 220,00 EUR; schema.org Offer and category listing both = 220.",MAB Robotics mabrobotics.pl fetched 2026-07-23,mab-robotics_specs.csv
driver,MAB Robotics,MD80 v3.0 CANopen motor controller,https://www.mabrobotics.pl/product-page/md80-canopen-motor-controller,,,220.0,mabrobotics.pl product page (schema.org Offer),up to 48,,,,,,,0.015,55.0,,none (controller only),,unknown,,,unknown,,unknown,,,,80.0,,CANopen,"Same board as MD80 v3.0 with CANopen interface for industrial/PLC integration. Bare controller, no motor constants. Onboard 14-bit absolute encoder.",MAB Robotics mabrobotics.pl fetched 2026-07-23,mab-robotics_specs.csv
driver,MAB Robotics,MD80 v3.0 60VDC motor controller,https://www.mabrobotics.pl/product-page/md80-60vdc-motor-controller,,,269.0,mabrobotics.pl category (schema.org Offer),up to 60,,,,,,,0.016,55.0,,none (controller only),,unknown,,,unknown,,unknown,,,,80.0,,FDCAN,"60V variant of MD80 v3.0: up to 60VDC, 80A peak, diameter 55mm, ~16g. Bare controller. Specs from MD-series overview; product page could not be re-fetched (bot wall) but price 269 EUR confirmed via schema.org catalog Offer.",MAB Robotics mabrobotics.pl fetched 2026-07-23,mab-robotics_specs.csv
driver,MAB Robotics,MD80 v3.0 60VDC CANopen motor controller,https://www.mabrobotics.pl/product-page/md80-60vdc-canopen-motor-controller,,,269.0,mabrobotics.pl category (schema.org Offer),up to 60,,,,,,,0.016,55.0,,none (controller only),,unknown,,,unknown,,unknown,,,,80.0,,CANopen,60V + CANopen variant of MD80 v3.0. Bare controller.,MAB Robotics mabrobotics.pl fetched 2026-07-23,mab-robotics_specs.csv
driver,MAB Robotics,MD20 v1.0 motor controller,https://www.mabrobotics.pl/product-page/md20-motor-controller,,,169.0,mabrobotics.pl category (schema.org Offer),up to 48,,,,,,,0.006,35.0,,none (controller only),,unknown,,,unknown,,unknown,,,,20.0,,FDCAN,"Smaller sibling of MD80: up to 48VDC, 20A peak, diameter 35mm, 6g. CANopen variant (md20-canopen-motor-controller) also 169 EUR. Bare controller, no motor constants. Not in original scope; included as direct-sale product.",MAB Robotics mabrobotics.pl fetched 2026-07-23,mab-robotics_specs.csv
actuator,MAB Robotics,MA-H,https://www.mabrobotics.pl/product-page/ma-h,,,1609.0,mabrobotics.pl product page (base config; schema.org Offer),12-48,,151.0,,,100.0,,0.54,73.0,62.0,harmonic 50:1/80:1/100:1 strain-wave,,unknown,,,unknown,,unknown,,,,,IP66,CAN-FD / CANopen,"Frameless BLDC + strain-wave gear + MD-series driver. Page publishes only a COMBINED RANGE: 'Torque 4-151 Nm (rated/peak)' and 'Max speed 35-100 RPM' spanning the 50:1/80:1/100:1 options; per-ratio rated/peak NOT split out. Recorded Peak=151 (top config, 100:1) and Max_Speed=100 (lowest ratio 50:1); rated left blank (not published per config). Accuracy <1.5 / repeatability +/-0.1 arcmin. 14-bit motor encoder + built-in ME-am output encoder; optional RLS AksIM-2 17-20bit output encoder; optional electromagnetic brake. Base config 1609 EUR; configs range up to 2449 EUR.",MAB Robotics mabrobotics.pl fetched 2026-07-23,mab-robotics_specs.csv
actuator,MAB Robotics,MA-hs-h-IP66,https://www.mabrobotics.pl/product-page/ma-hs-ip66,,,2599.0,mabrobotics.pl product page (base config; range 2599/2969/3299),12-48,28.0,60.0,,,90.0,,1.25,102.0,91.0,harmonic 50:1 strain-wave,,unknown,,,unknown,,unknown,,,,,IP66,CAN-FD / CANopen,Hollow-shaft harmonic actuator. Torque 28/60 Nm (rated/peak); max speed 90 RPM; 1:50 strain-wave. Dual 17-bit absolute encoders (motor side + output shaft). Optional electromagnetic brake and/or slip ring for wires. Accuracy <1.5 / rep +/-0.1 arcmin. Config prices 2599 (base) / 2969 / 3299 EUR; schema.org headline Offer = 3299 (default/top variant). Rated power NOT published on page (existing DB listed 250W - unverified). Real product slug is ma-hs-ip66 (ma-hs-h-ip66 404s).,MAB Robotics mabrobotics.pl fetched 2026-07-23,mab-robotics_specs.csv
actuator,MAB Robotics,MA-p-100-IP66 (KV60),https://www.mabrobotics.pl/product-page/ma-p-100-ip66,,,1559.0,mabrobotics.pl product page (base config; schema.org Offer),12-48,18.0,48.0,,,228.0,,1.1,103.0,79.6,planetary 9:1,,unknown,60.0,rpm/V,unknown,,unknown,,,,,IP66,CAN-FD / CANopen,"Planetary actuator, 9:1, backlash 9 arcmin (0.15 deg). KV60 motor winding: 18/48 Nm (rated/peak), 228 RPM max at 48V. Kv=60 taken from the 'KV60' winding-variant name (rpm/V, reference frame unstated). 14-bit motor encoder + built-in ME-am output encoder; options: MAB SLIM electromagnetic brake, RLS AksIM-2 17-20bit output encoder. 48VDC and 60VDC input versions. Cross-roller output bearing. Base 1559 EUR (configs to ~1898 EUR).",MAB Robotics mabrobotics.pl fetched 2026-07-23,mab-robotics_specs.csv
actuator,MAB Robotics,MA-p-100-IP66 (KV100),https://www.mabrobotics.pl/product-page/ma-p-100-ip66,,,1559.0,mabrobotics.pl product page (base config; schema.org Offer),12-48,15.0,38.0,,,421.0,,1.1,103.0,79.6,planetary 9:1,,unknown,100.0,rpm/V,unknown,,unknown,,,,,IP66,CAN-FD / CANopen,"Same body/price as KV60 variant. KV100 motor winding: 15/38 Nm (rated/peak), 421 RPM max at 48V. Kv=100 from the 'KV100' winding-variant name (rpm/V, reference unstated). 9:1 planetary, backlash 9 arcmin.",MAB Robotics mabrobotics.pl fetched 2026-07-23,mab-robotics_specs.csv
actuator,MAB Robotics,MA-p-100-30,https://www.mabrobotics.pl/product-page/ak10-30-cubemars-t-motor,,,897.56,mabrobotics.pl product page (base config; schema.org Offer),12-48,50.0,150.0,,,96.0,,1.1,98.0,67.0,planetary 30:1,,unknown,,,unknown,,unknown,,,,,,CAN-FD / CANopen,"Planetary actuator 30:1, backlash 18 arcmin (0.3 deg). 50/150 Nm (rated/peak), 96 RPM max at 48V. Absolute encoder on motor side (before reduction) + additional absolute encoder on output shaft. 48VDC and 60VDC input versions. IP rating NOT stated on page. Cross-roller output bearing. 897.56 EUR (base; ~946.56 with brake, ~1376-1425 for 60V configs). Legacy URL slug ak10-30-cubemars-t-motor.",MAB Robotics mabrobotics.pl fetched 2026-07-23,mab-robotics_specs.csv
actuator,MAB Robotics,MA-p-45-10,https://www.mabrobotics.pl/product-page/ma-p-45-10,,,303.41,mabrobotics.pl product page (schema.org Offer),12-48,2.5,7.0,,,300.0,,0.25,53.0,41.9,planetary 10:1,,unknown,,,unknown,,unknown,,,,,,CAN-FD / CANopen,"Compact planetary actuator 10:1, backlash 18 arcmin (0.3 deg). 2.5/7 Nm (rated/peak), 300 RPM max at 48V. 14-bit motor-side absolute encoder. IP not stated. ADDITIONAL find beyond original scope (smaller MA-p family).",MAB Robotics mabrobotics.pl fetched 2026-07-23,mab-robotics_specs.csv
actuator,MAB Robotics,MA-p-45-36,https://www.mabrobotics.pl/product-page/ma-p-45-36,,,357.26,mabrobotics.pl product page (schema.org Offer),12-48,8.0,24.0,,,80.0,,0.34,55.0,54.4,planetary 36:1,,unknown,,,unknown,,unknown,,,,,,CAN-FD / CANopen,"Planetary actuator 36:1, backlash 18 arcmin (0.3 deg). 8/24 Nm (rated/peak), 80 RPM max at 48V. 14-bit motor-side absolute encoder. IP not stated. ADDITIONAL find beyond original scope.",MAB Robotics mabrobotics.pl fetched 2026-07-23,mab-robotics_specs.csv
actuator,MAB Robotics,MA-p-40-10,https://www.mabrobotics.pl/product-page/ma-p-40-10,,,279.69,mabrobotics.pl product page (schema.org Offer),12-48,1.3,4.1,,,700.0,,0.17,53.0,35.9,planetary 10:1,,unknown,,,unknown,,unknown,,,,,,CAN-FD / CANopen,"Smallest MA-p planetary actuator 10:1, backlash 18 arcmin (0.3 deg). 1.3/4.1 Nm (rated/peak), 700 RPM max at 48V. 14-bit motor-side absolute encoder. IP not stated. ADDITIONAL find beyond original scope.",MAB Robotics mabrobotics.pl fetched 2026-07-23,mab-robotics_specs.csv
actuator,Maxon,HEJ 50-48-30,https://global.maxongroup.com/high-efficiency-joints,https://global.maxongroup.com/hubfs/Datasheet_HEJ_50_48_30_rev1.1.pdf?hsLang=en,Datasheet_HEJ_50_48_30_rev1.1.pdf,,,30-60,11.0,28.0,28.0,200.0,248.0,,0.53,71.5,65.0,integrated planetary (ratio not published),,unknown,,,,,,,,4.7,,default has no IP back-cap; IP67 covers on request,EtherCAT,"Rev1.1 P/N 922156. Nominal (continuous) joint torque 11 Nm; max joint torque actively controlled & repetitive 28 Nm (applied ~1-2s). Max joint velocity 21 rad/s @48V (200 rpm), 26 rad/s @60V (248 rpm). Impact/overtorque: 12e6 @23Nm, 100e3 @30Nm, 1e3 @40Nm. Cont. DC-link current 4.7 Arms; max input <40A. 14-bit abs output encoder; backlash 0.5deg avg; backdrive <0.8Nm; inertia 56 kgcm2; eff up to 74%. Kt not published (torque via motor current). Rated power not stated by maxon (11Nm x 21rad/s ~= 231W).",maxon datasheet HEJ 50-48-30 rev1.1,maxon_specs.csv
actuator,Maxon,HEJ 70-48-60,https://global.maxongroup.com/high-efficiency-joints,https://global.maxongroup.com/hubfs/Datasheet_HEJ_70_48_60_rev1.2.pdf?hsLang=en,Datasheet_HEJ_70_48_60_rev1.2.pdf,,,30-60,27.0,63.0,63.0,170.0,210.0,,1.04,88.0,77.0,integrated planetary (ratio not published),,unknown,,,,,,,,8.0,,IP67,EtherCAT,"Rev1.2 P/N 933846 (radial connectors) / 933847 (axial connectors). Nominal torque 27 Nm; max joint torque repetitive 63 Nm (~1-2s). Max joint velocity 17.8 rad/s @48V (170 rpm), 22 rad/s @60V (210 rpm). Impact/overtorque: 12e6 @38Nm, 100e3 @50Nm, 1e3 @67Nm. Cont. DC-link 8.0 Arms; max input <40A. IP67 incl. under load/bending; integrated user-controllable fan (12V). 14-bit abs encoder; inertia 112 kgcm2; backdrive <1.0Nm; eff up to 81.4%. Kt not published. Rated power not stated (27Nm x 18rad/s ~= 486W).",maxon datasheet HEJ 70-48-60 rev1.2,maxon_specs.csv
actuator,Maxon,HEJ 90-48-140,https://global.maxongroup.com/high-efficiency-joints,https://global.maxongroup.com/hubfs/Datasheet_HEJ_90_48_140_rev2.3.pdf?hsLang=en,Datasheet_HEJ_90_48_140_rev2.3.pdf,,,30-60,75.0,140.0,140.0,99.0,124.0,,2.006,108.0,90.0,integrated planetary (ratio not published),,unknown,,,,,,,,8.0,,IP67,EtherCAT,"Rev2.3 P/N 831220 (radial) / 895330 (axial). Nominal torque 75 Nm; max joint torque repetitive 140 Nm (~4-5s); 180 Nm variant available on request. Max joint velocity 10.4 rad/s @48V (99 rpm), 13.0 rad/s @60V (124 rpm). Impact/overtorque: 12e6 @180Nm, 100e3 @240Nm, 1e3 @320Nm. Mass 2.006kg radial / 1.987kg axial. Cont. DC-link 8.0 Arms. 12-bit abs encoder; inertia 0.045 kgm2; accel to max speed <8ms; eff up to 86.1%. Kt not published. Rated power not stated (75Nm x 10.05rad/s ~= 754W).",maxon datasheet HEJ 90-48-140 rev2.3,maxon_specs.csv
actuator,Maxon,HEJ Hercules,https://global.maxongroup.com/high-efficiency-joints,,,,,20-60,150.0,300.0,,96.0,,,<3,,,integrated,,unknown,,,,,,,,,,IP67,EtherCAT,"IN DEVELOPMENT - no released datasheet yet. Overview/flyer values (preliminary, subject to change): peak torque 300 Nm, continuous 150 Nm, peak joint velocity ~10 rad/s (~96 rpm), mass <3 kg, 20-60V, EtherCAT, IP67.",maxon HEJ overview page + robotics flyer rev1.6,maxon_specs.csv
actuator,Maxon,HPJ DT38S-WGA14,https://www.maxongroup.com/en/market-solutions/mobility-solutions/robotics,https://www.maxongroup.com/assets/public/caas/v1/media/271238/data/5fd47e48fa580fb8bf564b71097107dc/whitepaper-flyer-robotics-products-and-services-en.pdf,maxon_robotics_flyer_rev1.6.pdf,,,,,12.0,19.0,84.0,167.0,,0.9,74.0,74.0,strain wave WGA 14:1,0.0165,phase_peak,,,,0.26,phase-phase (terminal),single-tooth concentrated,,,,,optional (EPOS/EtherCAT/CANopen electronics),"HPJ-DT joint = DT38S frameless motor + WGA strain-wave 14:1. maxon lists 'Peak Joint Torque, Repetitive' = 12-19 Nm; 'Peak Joint Velocity' = 8.8-17.5 rad/s (84-167 rpm). Includes motor + 2x encoder + gear + output bearing; brake/safety optional; no joint backlash; hollow shaft. Kt=16.5 mNm/A (FOC, amplitude = phase-current-referenced) and R phase-phase 0.26 ohm are MOTOR-level (pre-gear). Motor MSat 0.5 Nm; OD 42 / ID 17 mm; cogging 0.5 mNm. Voltage low-voltage DC (nominal customizable). Flyer rev1.6 Sept2025.",maxon robotics flyer rev1.6 (joint) + EC frameless DT brochure Jul2025 (motor Kt/R),maxon_specs.csv
actuator,Maxon,HPJ DT38M-WGU14,https://www.maxongroup.com/en/market-solutions/mobility-solutions/robotics,https://www.maxongroup.com/assets/public/caas/v1/media/271238/data/5fd47e48fa580fb8bf564b71097107dc/whitepaper-flyer-robotics-products-and-services-en.pdf,maxon_robotics_flyer_rev1.6.pdf,,,,,23.0,36.0,84.0,167.0,,1.0,74.0,86.0,strain wave WGU 14:1,0.0322,phase_peak,,,,0.37,phase-phase (terminal),single-tooth concentrated,,,,,optional (EPOS/EtherCAT/CANopen electronics),"HPJ-DT joint = DT38M motor + WGU strain-wave 14:1. 'Peak Joint Torque, Repetitive' = 23-36 Nm; 'Peak Joint Velocity' = 8.8-17.5 rad/s (84-167 rpm). Kt=32.2 mNm/A (FOC amplitude, phase) and R phase-phase 0.37 ohm are MOTOR-level. Motor MSat 1.0 Nm; OD 42 / ID 17 mm; cogging 1.5 mNm. Flyer rev1.6 Sept2025.",maxon robotics flyer rev1.6 (joint) + EC frameless DT brochure Jul2025 (motor Kt/R),maxon_specs.csv
actuator,Maxon,HPJ DT50S-WGA20,https://www.maxongroup.com/en/market-solutions/mobility-solutions/robotics,https://www.maxongroup.com/assets/public/caas/v1/media/271238/data/5fd47e48fa580fb8bf564b71097107dc/whitepaper-flyer-robotics-products-and-services-en.pdf,maxon_robotics_flyer_rev1.6.pdf,,,,,39.0,64.0,40.0,127.0,,1.5,94.0,81.0,strain wave WGA 20:1,0.0604,phase_peak,,,,0.58,phase-phase (terminal),single-tooth concentrated,,,,,optional (EPOS/EtherCAT/CANopen electronics),"HPJ-DT joint = DT50S motor + WGA strain-wave 20:1. 'Peak Joint Torque, Repetitive' = 39-64 Nm; 'Peak Joint Velocity' = 4.2-13.3 rad/s (40-127 rpm). Kt=60.4 mNm/A (FOC amplitude, phase) and R phase-phase 0.58 ohm are MOTOR-level. Motor MSat 1.5 Nm; OD 54 / ID 28 mm; cogging 2.6 mNm. Flyer rev1.6 Sept2025.",maxon robotics flyer rev1.6 (joint) + EC frameless DT brochure Jul2025 (motor Kt/R),maxon_specs.csv
actuator,Maxon,HPJ DT50M-WGU20,https://www.maxongroup.com/en/market-solutions/mobility-solutions/robotics,https://www.maxongroup.com/assets/public/caas/v1/media/271238/data/5fd47e48fa580fb8bf564b71097107dc/whitepaper-flyer-robotics-products-and-services-en.pdf,maxon_robotics_flyer_rev1.6.pdf,,,,,27.0,120.0,40.0,210.0,,1.8,94.0,86.0,strain wave WGU 20:1,0.0926,phase_peak,,,,0.76,phase-phase (terminal),single-tooth concentrated,,,,,optional (EPOS/EtherCAT/CANopen electronics),"HPJ-DT joint = DT50M motor + WGU strain-wave 20:1. 'Peak Joint Torque, Repetitive' = 27-120 Nm (wide range); 'Peak Joint Velocity' = 4.2-22.0 rad/s (40-210 rpm). Kt=92.6 mNm/A (FOC amplitude, phase) and R phase-phase 0.76 ohm are MOTOR-level. Motor MSat 2.2 Nm; OD 54 / ID 28 mm; cogging 4.6 mNm. Flyer rev1.6 Sept2025.",maxon robotics flyer rev1.6 (joint) + EC frameless DT brochure Jul2025 (motor Kt/R),maxon_specs.csv
actuator,Maxon,HPJ DT65S-WGA25,https://www.maxongroup.com/en/market-solutions/mobility-solutions/robotics,,maxon_robotics_flyer_rev1.6.pdf,,,,,69.0,123.0,23.0,73.0,,2.6,114.0,90.0,strain wave WGA 25:1,0.0881,phase_peak,,,,0.33,phase-phase (terminal),single-tooth concentrated,,,,,optional (EPOS/EtherCAT/CANopen electronics),"NOT in current maxon robotics flyer rev1.6 (Sept2025) which lists only DT38/DT50 HPJ joints. Joint-level torque/speed/mass/dims (69-123 Nm, 23-73 rpm, 2.6kg, 114x90) CARRIED FROM PRIOR DB - UNVERIFIED against a current maxon source. Motor DT65S Kt=88.1 mNm/A (FOC amplitude, phase), R phase-phase 0.33 ohm, MSat 2.6 Nm, OD 70 / ID 35.5 mm are VERIFIED (EC frameless DT brochure). Confirm joint specs with robotics@maxongroup.com.",motor: maxon EC frameless DT brochure Jul2025 (verified); joint: prior DB (UNVERIFIED),maxon_specs.csv
actuator,Maxon,HPJ DT65M-WGU25,https://www.maxongroup.com/en/market-solutions/mobility-solutions/robotics,,maxon_robotics_flyer_rev1.6.pdf,,,,,127.0,229.0,12.0,41.0,,3.4,114.0,100.0,strain wave WGU 25:1,0.157,phase_peak,,,,0.47,phase-phase (terminal),single-tooth concentrated,,,,,optional (EPOS/EtherCAT/CANopen electronics),"NOT in current maxon robotics flyer rev1.6 (Sept2025). Joint-level torque/speed/mass/dims (127-229 Nm, 12-41 rpm, 3.4kg, 114x100) CARRIED FROM PRIOR DB - UNVERIFIED. Motor DT65M Kt=157 mNm/A (FOC amplitude, phase), R phase-phase 0.47 ohm, MSat 4.9 Nm, OD 70 / ID 35.5 mm are VERIFIED (EC frameless DT brochure). Confirm joint specs with maxon.",motor: maxon EC frameless DT brochure Jul2025 (verified); joint: prior DB (UNVERIFIED),maxon_specs.csv
actuator,Maxon,HPJ DT85M-WGA32,https://www.maxongroup.com/en/market-solutions/mobility-solutions/robotics,,maxon_robotics_flyer_rev1.6.pdf,,,,,151.0,261.0,16.0,51.0,,5.0,146.0,107.0,strain wave WGA 32:1,0.126,phase_peak,,,,0.16,phase-phase (terminal),single-tooth concentrated,,,,,optional (EPOS/EtherCAT/CANopen electronics),"NOT in current maxon robotics flyer rev1.6 (Sept2025). Joint-level torque/speed/mass/dims (151-261 Nm, 16-51 rpm, 5.0kg, 146x107) CARRIED FROM PRIOR DB - UNVERIFIED. Motor DT85M Kt=126 mNm/A (FOC amplitude, phase), R phase-phase 0.16 ohm, MSat 5.6 Nm, OD 90 / ID 47 mm are VERIFIED (EC frameless DT brochure). Confirm joint specs with maxon.",motor: maxon EC frameless DT brochure Jul2025 (verified); joint: prior DB (UNVERIFIED),maxon_specs.csv
actuator,Maxon,HPJ DT85L-WGU32,https://www.maxongroup.com/en/market-solutions/mobility-solutions/robotics,,maxon_robotics_flyer_rev1.6.pdf,,,,,281.0,484.0,9.0,29.0,,5.3,146.0,120.0,strain wave WGU 32:1,0.219,phase_peak,,,,0.22,phase-phase (terminal),single-tooth concentrated,,,,,optional (EPOS/EtherCAT/CANopen electronics),"NOT in current maxon robotics flyer rev1.6 (Sept2025). Joint-level torque/speed/mass/dims (281-484 Nm, 9-29 rpm, 5.3kg, 146x120) CARRIED FROM PRIOR DB - UNVERIFIED (prior DB marked 'preliminary'). Motor DT85L Kt=219 mNm/A (FOC amplitude, phase), R phase-phase 0.22 ohm, MSat 9.8 Nm, OD 90 / ID 47 mm are VERIFIED (EC frameless DT brochure). Confirm joint specs with maxon.",motor: maxon EC frameless DT brochure Jul2025 (verified); joint: prior DB (UNVERIFIED),maxon_specs.csv
actuator,MyActuator,RMD-X2-P28-7-E,https://www.myactuator.com/x2-7details,https://www.myactuator.com/_files/archives/cab28a_a8be185812d94daca249a7dc923ebe56.zip?dn=RMD-X2-7%20260519.zip,MyActuator-2025-product-manual.pdf,,,24,2.5,7.0,,142.0,178.0,37.0,0.26,44.0,63.5,planetary 28.17:1,0.8,"output (module, after gearbox)",4.3,Vdc/krpm (motor back-EMF const),motor (bus Vdc referenced),0.61,motor phase,wye,13.0,3.0,8.1,,CAN BUS / EtherCAT,X2-7. Module (output) torque const 0.8 Nm/A. Motor phase inductance 0.13 mH; efficiency 63%; back-drive torque 0.4 Nm; backlash 12 arcmin; inertia 0.17 kg.cm2; dual encoder ABS-17BIT(in)/18BIT(out); no brake (N). Currents A(rms). Stall: 7.5 Nm@5s.,"https://dings-motion.squarespace.com/s/MyActuator-2025-product-manual.pdf (MyActuator 2025 General Catalog, p13-14)",myactuator_specs.csv
actuator,MyActuator,RMD-X4-P12-10-E,https://www.myactuator.com/x4-10details,https://www.myactuator.com/_files/archives/cab28a_026a233a507e45bdae0b607526d0281b.zip?dn=RMD-X4-10%20260703.zip,MyActuator-2025-product-manual.pdf,317.0,"$345 USD (AIFITLAB aifitlab.com), @0.92 EUR/USD",24,4.0,10.0,,238.0,317.0,100.0,0.33,55.0,55.5,planetary 12.6:1,0.8,"output (module, after gearbox)",6.0,Vdc/krpm (motor back-EMF const),motor (bus Vdc referenced),0.32,motor phase,wye,13.0,7.8,19.5,,CAN BUS / EtherCAT,X4-10. Module (output) Kt 0.8 Nm/A. L 0.14 mH; eff 69.5%; back-drive 0.8 Nm; backlash 10 arcmin; inertia 0.25 kg.cm2; dual encoder ABS-17BIT/18BIT; no brake. Currents A(rms). Stall: 8 Nm@3s.,https://dings-motion.squarespace.com/s/MyActuator-2025-product-manual.pdf (2025 catalog p15-16),myactuator_specs.csv
actuator,MyActuator,RMD-X4-P36-36-E,https://www.myactuator.com/x4-36details,https://www.myactuator.com/_files/archives/cab28a_55831324f44f494c9d584df3dfea731a.zip?dn=RMD-X4-36%20260703.zip,MyActuator-2025-product-manual.pdf,368.0,"$400 USD (AIFITLAB), @0.92 EUR/USD",24,10.5,34.0,,83.0,111.0,100.0,0.36,55.0,61.0,planetary 36:1,1.9,"output (module, after gearbox)",6.0,Vdc/krpm (motor back-EMF const),motor (bus Vdc referenced),0.35,motor phase,wye,13.0,6.1,21.5,,CAN BUS / EtherCAT,X4-36. Module (output) Kt 1.9 Nm/A. L 0.17 mH; eff 63.1%; back-drive 1.14 Nm; backlash 10 arcmin; crossed-roller output bearing; dual encoder ABS-17BIT/18BIT; no brake. Currents A(rms). Stall: 34.5 Nm@3s.,https://dings-motion.squarespace.com/s/MyActuator-2025-product-manual.pdf (2025 catalog p17-18),myactuator_specs.csv
actuator,MyActuator,RMD-X6-P8-8-C,https://www.myactuator.com/x6-8-details,https://www.myactuator.com/_files/archives/cab28a_dea91bce3ce54bb79854e78cc7f79afc.zip?dn=X6-8-240403.zip,MyActuator-2025-product-manual.pdf,327.0,"$355 USD (AIFITLAB), @0.92 EUR/USD",48,4.5,8.0,,310.0,387.0,135.0,0.49,80.0,48.0,planetary 8:1,1.3,"output (module, after gearbox)",19.4,Vdc/krpm (motor back-EMF const),motor (bus Vdc referenced),1.1,motor phase,wye,14.0,3.6,7.2,,CAN BUS,X6-8 (V3). Module (output) Kt 1.3 Nm/A. L 0.57 mH; eff 78%; back-drive 0.8 Nm; backlash 10 arcmin; deep-groove ball output bearing; dual encoder ABS-17BIT/18BIT; no brake. Currents A(rms). Stall: 13.5 Nm@3s.,https://dings-motion.squarespace.com/s/MyActuator-2025-product-manual.pdf (2025 catalog p19-20),myactuator_specs.csv
actuator,MyActuator,RMD-X6-P20-60-E,https://www.myactuator.com/x6-60details,https://www.myactuator.com/_files/archives/cab28a_73ee2277286049bf9fc71ed18f7dec1f.zip?dn=RMD-X6-60%20%20260703.zip,MyActuator-2025-product-manual.pdf,451.0,"$490 USD (AIFITLAB), @0.92 EUR/USD",48,20.0,60.0,,153.0,176.0,320.0,0.82,80.0,67.5,planetary 19.612:1,2.1,"output (module, after gearbox)",16.0,Vdc/krpm (motor back-EMF const),motor (bus Vdc referenced),0.41,motor phase,wye,10.0,9.5,29.1,,CAN BUS / EtherCAT,X6-60. Module (output) Kt 2.1 Nm/A. L 0.51 mH; eff 72.7%; back-drive 1.6 Nm; backlash 10 arcmin; crossed-roller output bearing; dual encoder ABS-17BIT/17BIT; no brake. Currents A(rms). Stall: 60 Nm@5s.,https://dings-motion.squarespace.com/s/MyActuator-2025-product-manual.pdf (2025 catalog p21-22),myactuator_specs.csv
actuator,MyActuator,RMD-X8-P9-32-R,https://www.myactuator.com/x8-32-details,https://www.myactuator.com/_files/archives/cab28a_7bc7b6be06384702ab3e30b2f911b91b.zip?dn=RMD-X8-32%20260703.zip,MyActuator-2025-product-manual.pdf,,,24,8.0,32.0,,244.0,277.0,204.0,0.55,96.0,41.2,planetary 9:1,1.3,"output (module, after gearbox)",10.9,Vdc/krpm (motor back-EMF const),motor (bus Vdc referenced),0.13,motor phase,,21.0,6.2,30.0,,RS485,X8-32 (single encoder). Module (output) Kt 1.3 Nm/A. L 0.081 mH; eff 82%; back-drive 0.8 Nm; backlash 8 arcmin; deep-groove ball output bearing; SINGLE encoder ABS-18BIT; no brake. Currents A(rms). Stall: 30 Nm@3s.,https://dings-motion.squarespace.com/s/MyActuator-2025-product-manual.pdf (2025 catalog p23-24),myactuator_specs.csv
actuator,MyActuator,RMD-X8-P9-50-C / -R,https://www.myactuator.com/rmd-x-planetarymotor,https://www.myactuator.com/downloads-xseries,MyActuator-2025-product-manual.pdf,639.0,"$695 USD (AIFITLAB, listed as RMD-X8-S2), @0.92 EUR/USD",48,15.0,50.0,,110.0,137.0,125.0,0.72,96.0,,planetary 9:1,4.7,"output (module, after gearbox)",48.5,Vdc/krpm (motor back-EMF const),motor (bus Vdc referenced),0.28,motor phase,wye,21.0,3.2,16.0,,RS485 / CAN BUS,X8-50 (higher-Kt winding of X8 frame). Module (output) Kt 4.7 Nm/A. L 0.34 mH; eff 80%; back-drive 0.8 Nm; backlash 10 arcmin; dual encoder ABS-17BIT/18BIT; no brake. Currents A(rms). Length not legible on datasheet drawing. Stall: 45 Nm@3s.,https://dings-motion.squarespace.com/s/MyActuator-2025-product-manual.pdf (2025 catalog p25-26),myactuator_specs.csv
actuator,MyActuator,RMD-X8-P20-120-E,https://www.myactuator.com/x8-120details,https://www.myactuator.com/_files/archives/cab28a_c2d3da522eba4448a67b2b2aef6f434e.zip?dn=X8-120%20260626.zip,MyActuator-2025-product-manual.pdf,593.0,"$645 USD (AIFITLAB), @0.92 EUR/USD",48,43.0,120.0,,127.0,158.0,574.0,1.4,96.0,76.0,planetary 19.612:1,2.4,"output (module, after gearbox)",19.2,Vdc/krpm (motor back-EMF const),motor (bus Vdc referenced),0.18,motor phase,wye,10.0,17.6,43.8,,CAN BUS / EtherCAT,X8-120. Module (output) Kt 2.4 Nm/A. L 0.31 mH; eff 79%; back-drive 3.21 Nm; backlash 10 arcmin; crossed-roller output bearing; dual encoder ABS-17BIT/17BIT; no brake. Currents A(rms). Stall: 129 Nm@5s.,https://dings-motion.squarespace.com/s/MyActuator-2025-product-manual.pdf (2025 catalog p27-28),myactuator_specs.csv
actuator,MyActuator,RMD-X12-P20-320-E,https://www.myactuator.com/x12-320-details,https://www.myactuator.com/_files/archives/cab28a_437d9139632349b4b59b890b301b2405.zip?dn=RMD-X12-320%20%20260703.zip,MyActuator-2025-product-manual.pdf,1003.0,"$1090 USD (AIFITLAB), @0.92 EUR/USD",48,85.0,320.0,,100.0,125.0,900.0,2.37,124.0,85.0,planetary 20:1,3.3,"output (module, after gearbox)",17.9,Vdc/krpm (motor back-EMF const),motor (bus Vdc referenced),0.12,motor phase,wye,20.0,30.0,100.0,,CAN BUS / EtherCAT,X12-320. Module (output) Kt 3.3 Nm/A. L 0.05 mH; eff 75%; back-drive 3.8 Nm; backlash 10 arcmin; crossed-roller output bearing; dual encoder ABS-17BIT/17BIT; no brake. Currents A(rms). Rated OUTPUT power=900 W per datasheet & AIFITLAB (existing DB row says 1000 W - existing is wrong). Weight 2.37 kg (existing row 2.40). Stall: 300 Nm@3s.,https://dings-motion.squarespace.com/s/MyActuator-2025-product-manual.pdf (2025 catalog p29-30); confirmed https://aifitlab.com/products/myactuator-rmd-x12-320-motor,myactuator_specs.csv
actuator,MyActuator,RMD-X15-P20-450-E,https://www.myactuator.com/x15-450-details,https://www.myactuator.com/_files/archives/cab28a_f1eba578c465415296406d06cf3feba5.zip?dn=RMD-X15-450%20260703.zip,MyActuator-2025-product-manual.pdf,,,72,145.0,450.0,,98.0,108.0,1480.0,3.5,166.0,69.0,planetary 20.25:1,5.8,"output (module, after gearbox)",29.9,Vdc/krpm (motor back-EMF const),motor (bus Vdc referenced),0.08,motor phase,wye,20.0,25.0,69.2,,CAN BUS / EtherCAT,X15-450. 72V input. Module (output) Kt 5.8 Nm/A. L 0.14 mH; eff 82.4%; back-drive 4 Nm; backlash 10 arcmin; crossed-roller output bearing; dual encoder ABS-17BIT/17BIT; no brake. Currents A(rms). Stall: 435 Nm@5s.,https://dings-motion.squarespace.com/s/MyActuator-2025-product-manual.pdf (2025 catalog p31-32),myactuator_specs.csv
actuator,MyActuator,RMD-X10-P7-40-R-N / -C-N,https://www.myactuator.com/x10-40-details,https://www.myactuator.com/_files/archives/cab28a_3b056e2d89b0455fab5e14164e82937b.zip?dn=X10-40-240403.zip,RMD-X10-40_datasheet.pdf,575.0,"$625 USD (AIFITLAB, X10-40), @0.92 EUR/USD",48,12.0,40.0,,170.0,190.0,215.0,1.15,71.0,53.0,planetary 7:1,0.32,motor (before gearbox; motor torque const),30.0,rpm/V (motor speed const),motor,0.3,motor (wire resistance),,21.0,5.3,,,CAN BUS / RS485,"X10-40 (RMD-X10 V3, 1:7). RAW DATASHEET PDF gives rated 12 Nm @170 rpm, 215 W, overload x3, MOTOR Kt 0.32 Nm/A, motor Kv 30 rpm/V, R 0.3 ohm, L 0.13 mH, rotor inertia 5675 g.cm2. Peak 40 from model name. DISCREPANCY: AIFITLAB/website & existing DB row list rated 15 Nm / 265 W / 165 rpm - datasheet PDF differs. Dual encoder 14-bit in/out; backlash 7 arcmin; no brake.","RMD-X10-40_datasheet.pdf (MyActuator V3 download RMD-X10 1:7 V3.pdf, Apr 2024)",myactuator_specs.csv
actuator,MyActuator,RMD-X10-P35-100-R-N / -C-N,https://www.myactuator.com/x10-100-details,https://www.myactuator.com/_files/archives/cab28a_ec7248117963481faafbb6fdf7185e5e.zip?dn=X10-100-240403.zip,RMD-X10-100_datasheet.pdf,,,48,50.0,100.0,,50.0,,265.0,1.7,71.0,74.0,planetary 35:1,,,,,,,,,21.0,6.7,13.5,,CAN BUS / RS485,"X10-100 (RMD-X10-S2 V3). RAW DATASHEET: rated 50 Nm @50 rpm, peak 100 Nm, 265 W, eff 82%. Torque const / phase R not listed in datasheet table (blank, not guessed). Input encoder 16-bit / output 14-bit; back-drive 2.88 Nm; backlash 15 arcmin; inertia 198.6 kg.cm2; axial 1625 N / radial 2250 N; no brake (brake customizable). Matches existing DB row.","RMD-X10-100_datasheet.pdf (MyActuator V3 download RMD-X10-S2 V3.pdf, Apr 2024)",myactuator_specs.csv
actuator,MyActuator,EPS-RH-11-80-C-N-D,https://www.myactuator.com/rh-harmonicmotor,https://dings-motion.squarespace.com/s/MyActuator-2025-product-manual.pdf,MyActuator-2025-product-manual.pdf,,,24,5.0,21.0,,25.0,40.0,13.0,0.38,52.0,73.0,harmonic 80:1,3.65,"output (module, after gearbox)",12.0,Vdc/krpm (motor back-EMF const),motor (bus Vdc referenced),2.7,motor phase,wye,13.0,1.4,5.0,,CAN BUS,"RH-11 (smallest harmonic; 80:1 only, CAN only). Module (output) Kt 3.65 Nm/A. L 0.47 mH; backlash <40 arcsec; dual encoder ABS-14BIT(in)/ABS-17BIT(out); standard without brake; IP54 optional. Currents A(rms). Stall: 21 Nm@5s.",https://dings-motion.squarespace.com/s/MyActuator-2025-product-manual.pdf (2025 catalog p35-36),myactuator_specs.csv
actuator,MyActuator,EPS-RH-14-100-E-N-D,https://www.myactuator.com/rh-14details,https://dings-motion.squarespace.com/s/MyActuator-2025-product-manual.pdf,MyActuator-2025-product-manual.pdf,,,48,11.0,28.0,,25.0,30.0,28.0,0.78,64.0,81.7,harmonic 100:1,4.0,"output (module, after gearbox)",19.2,Vdc/krpm (motor back-EMF const),motor (bus Vdc referenced),0.62,motor phase,wye,10.0,2.8,5.7,,CAN BUS / EtherCAT,"RH-14, 100:1 (standard only without brake). Module (output) Kt 4 Nm/A. 50:1 variant also offered: rated 5.5 / peak 14 Nm, 50 rpm, Kt 2 Nm/A. L 0.43 mH; backlash <40 arcsec; dual encoder ABS-17BIT/17BIT; IP54 optional. Currents A(rms). Stall: 27.5 Nm@8s.",https://dings-motion.squarespace.com/s/MyActuator-2025-product-manual.pdf (2025 catalog p37-38),myactuator_specs.csv
actuator,MyActuator,EPS-RH-17-Lite-100-C-N-D,https://www.myactuator.com/rh-17details,https://dings-motion.squarespace.com/s/MyActuator-2025-product-manual.pdf,MyActuator-2025-product-manual.pdf,,,24,26.0,65.0,,20.0,25.0,55.0,0.8,70.0,77.0,harmonic 100:1,5.17,"output (module, after gearbox)",12.0,Vdc/krpm (motor back-EMF const),motor (bus Vdc referenced),0.94,motor phase,wye,10.0,5.0,12.6,,CAN BUS,"RH-17 Lite (distinct low-cost 17 harmonic; 100:1, CAN only). Module (output) Kt 5.17 Nm/A. L 0.41 mH; backlash <40 arcsec; dual encoder ABS-14BIT/ABS-17BIT; without brake. Currents A(rms). Stall: 65 Nm@5s.",https://dings-motion.squarespace.com/s/MyActuator-2025-product-manual.pdf (2025 catalog p39-40),myactuator_specs.csv
actuator,MyActuator,EPS-RH-17-100-E-N-D,https://www.myactuator.com/rh-17details,https://dings-motion.squarespace.com/s/MyActuator-2025-product-manual.pdf,MyActuator-2025-product-manual.pdf,869.0,"$945 USD (AIFITLAB, RH-17), @0.92 EUR/USD",48,35.0,54.0,,25.0,30.0,91.0,1.11,74.0,90.2,harmonic 100:1,7.4,"output (module, after gearbox)",19.2,Vdc/krpm (motor back-EMF const),motor (bus Vdc referenced),0.7,motor phase,wye,10.0,4.7,7.4,,CAN BUS / EtherCAT,"RH-17, 100:1. Module (output) Kt 7.4 Nm/A. Brake variant EPS-RH-17-100-E-B-D: 1.28 kg, length 104 mm. 50:1 variant: rated 17.5 / peak 27 Nm, 50 rpm, Kt 3.7 Nm/A. L 0.47 mH; backlash <40 arcsec; dual encoder ABS-17BIT/17BIT; IP54 optional. Currents A(rms). Stall: 87.5 Nm@8s.",https://dings-motion.squarespace.com/s/MyActuator-2025-product-manual.pdf (2025 catalog p41-42),myactuator_specs.csv
actuator,MyActuator,EPS-RH-20-100-E-N-D,https://www.myactuator.com/rh-20details,https://dings-motion.squarespace.com/s/MyActuator-2025-product-manual.pdf,MyActuator-2025-product-manual.pdf,,,48,50.0,80.0,,25.0,30.0,130.0,1.45,84.0,82.9,harmonic 100:1,7.3,"output (module, after gearbox)",19.2,Vdc/krpm (motor back-EMF const),motor (bus Vdc referenced),0.36,motor phase,wye,10.0,6.8,10.6,,CAN BUS / EtherCAT,"RH-20, 100:1. Module (output) Kt 7.3 Nm/A. Brake variant -E-B-D: 1.75 kg, length 97.4 mm. 50:1 variant: rated 25 / peak 40 Nm, 50 rpm, Kt 3.65 Nm/A. L 0.51 mH; backlash <40 arcsec; dual encoder ABS-17BIT/17BIT; IP54 optional. Currents A(rms). Stall: 125 Nm@8s.",https://dings-motion.squarespace.com/s/MyActuator-2025-product-manual.pdf (2025 catalog p43-44),myactuator_specs.csv
actuator,MyActuator,EPS-RH-25-100-E-N-D,https://www.myactuator.com/rh-25details,https://dings-motion.squarespace.com/s/MyActuator-2025-product-manual.pdf,MyActuator-2025-product-manual.pdf,1196.0,"$1300 USD (AIFITLAB, RH-25), @0.92 EUR/USD",48,108.0,157.0,,25.0,30.0,282.0,2.42,102.0,88.5,harmonic 100:1,10.1,"output (module, after gearbox)",19.2,Vdc/krpm (motor back-EMF const),motor (bus Vdc referenced),0.16,motor phase,wye,10.0,10.6,14.1,,CAN BUS / EtherCAT,"RH-25, 100:1. Module (output) Kt 10.1 Nm/A. Brake variant -E-B-D: 2.74 kg, length 105.2 mm. 50:1 variant: rated 54 / peak 78.5 Nm, 50 rpm, Kt 5.05 Nm/A. L 0.33 mH; backlash <40 arcsec; dual encoder ABS-17BIT/17BIT; IP54 optional. Currents A(rms). Stall: 256 Nm@5s.",https://dings-motion.squarespace.com/s/MyActuator-2025-product-manual.pdf (2025 catalog p45-46),myactuator_specs.csv
actuator,MyActuator,EPS-RH-32-100-E-N-D,https://www.myactuator.com/rh-32details,https://dings-motion.squarespace.com/s/MyActuator-2025-product-manual.pdf,MyActuator-2025-product-manual.pdf,,,48,150.0,229.0,,18.0,20.0,282.0,4.32,132.0,108.4,harmonic 100:1,6.9,"output (module, after gearbox)",26.7,Vdc/krpm (motor back-EMF const),motor (bus Vdc referenced),0.08,motor phase,wye,10.0,21.8,32.1,,CAN BUS / EtherCAT,"RH-32, 100:1 (largest direct-sale harmonic). Module (output) Kt 6.9 Nm/A. Brake variant -E-B-D: 4.74 kg, length 125.3 mm. 50:1 variant: rated 75 / peak 114.5 Nm, 36 rpm, Kt 3.45 Nm/A. L 0.18 mH; backlash <40 arcsec; dual encoder ABS-17BIT/17BIT; IP54 optional. Currents A(rms). Stall: 270 Nm@5s.",https://dings-motion.squarespace.com/s/MyActuator-2025-product-manual.pdf (2025 catalog p47-48),myactuator_specs.csv
actuator,MyActuator,RMD-L-4005,https://www.myactuator.com/l-4005-details,https://www.myactuator.com/downloads-lseries,,,,12-24,,0.25,,,,,,40.0,,direct drive (no gearbox),,,,,,,,,,,,,CAN BUS / RS485,"L-4005 gimbal/direct-drive BLDC (KV variant -25T). Only peak torque 0.25 Nm published on distributor pages; rated torque/speed/Kt/R not obtained (left blank, not guessed). 18-bit magnetic encoder.",https://www.dingsmotionusa.com/rmd-l-4005 ; https://www.myactuator.com/l-4005-details,myactuator_specs.csv
actuator,MyActuator,RMD-L-4010,https://www.myactuator.com/l-4010-details,https://www.myactuator.com/downloads-lseries,,,,12-24,,0.33,,,,,,40.0,,direct drive (no gearbox),,,,,,,,,,,,,CAN BUS / RS485,"L-4010 direct-drive BLDC. Only peak torque 0.33 Nm published; other params not obtained (blank, not guessed).",https://www.dingsmotionusa.com/rmd-l-4010 ; https://www.myactuator.com/l-4010-details,myactuator_specs.csv
actuator,MyActuator,RMD-L-4015,https://www.myactuator.com/l-4015-details,https://www.myactuator.com/downloads-lseries,,,,16,0.22,0.49,,520.0,,100.0,0.12,39.6,33.0,direct drive (no gearbox),,,,,,,,,,1.88,,,CAN BUS / RS485,"L-4015 (KV variant -20T). Rated 0.22 / peak 0.49 Nm, 520 rpm, nominal 100 W, 16 V, 120 g, size 39.6 x 33 mm. Direct drive; 18-bit encoder. Kt/Kv/R not published.",Amazon RMD-L-4015-20T listing + https://www.dingsmotionusa.com/rmd-l-collection,myactuator_specs.csv
actuator,MyActuator,RMD-L-5005,https://www.myactuator.com/l-5005-details,https://www.myactuator.com/downloads-lseries,,,,16,0.13,0.42,,1360.0,,100.0,0.092,50.0,,direct drive (no gearbox),,,,,,,,,,,,,CAN BUS / RS485,"L-5005 direct-drive. Rated 0.13 / peak 0.42 Nm, 1360 rpm, 16 V, 92 g, MC100 (100 W) drive. Kt/Kv/R not obtained.",https://www.dingsmotionusa.com/rmd-l-collection,myactuator_specs.csv
actuator,MyActuator,RMD-L-5010,https://www.myactuator.com/l-5010-details,https://www.myactuator.com/downloads-lseries,,,,16,0.26,0.65,,600.0,,100.0,0.135,50.0,,direct drive (no gearbox),,,,,,,,,,,,,CAN BUS / RS485,"L-5010 (KV variant -35T) direct-drive. Rated 0.26 / peak 0.65 Nm, 600 rpm, 16 V, 135 g, MC100 (100 W). Kt/Kv/R not obtained.",https://www.dingsmotionusa.com/rmd-l-collection,myactuator_specs.csv
actuator,MyActuator,RMD-L-5015,https://www.myactuator.com/l-5015-details,https://www.myactuator.com/downloads-lseries,,,,16,0.36,0.82,,350.0,,100.0,0.174,50.0,,direct drive (no gearbox),,,,,,,,,,,,,CAN BUS / RS485,"L-5015 (KV variant -10T) direct-drive. Rated 0.36 / peak 0.82 Nm, 350 rpm, 16 V, 174 g, MC100 (100 W). 18-bit encoder. Kt/Kv/R not obtained.",https://www.dingsmotionusa.com/rmd-l-collection ; Amazon RMD-L-5015-10T,myactuator_specs.csv
actuator,MyActuator,RMD-L-7015,https://www.myactuator.com/l-7015-details,https://www.myactuator.com/downloads-lseries,,,,24,1.0,3.8,,580.0,805.0,200.0,0.36,70.0,,direct drive (no gearbox),0.28,"motor (direct drive, ratio 1:1)",34.0,rpm/V,motor,1.14,motor phase,,14.0,3.62,15.0,,CAN BUS / RS485,"L-7015 (KV variant -23T) direct-drive. Rated 1 / peak 3.8 Nm, 580 rpm (max 805), 200 W, 24 V, 360 g. Kt 0.28 Nm/A & Kv 34 rpm/V (motor, self-consistent Kt*Kv=9.5). 18-bit magnetic encoder.",https://rcdrone.top/products/myactuator-l-7015-bldc-servo-motor ; https://www.dingsmotionusa.com/rmd-l-7015,myactuator_specs.csv
actuator,MyActuator,RMD-L-7025,https://www.myactuator.com/l-7025-details,https://www.myactuator.com/downloads-lseries,,,,24,1.6,4.1,,280.0,,200.0,0.54,70.0,,direct drive (no gearbox),,,,,,,,,14.0,,,,CAN BUS / RS485,"L-7025 (KV variant -28T) direct-drive. Rated 1.6 / peak 4.1 Nm, 280 rpm, 200 W, 24 V, 540 g. Kt/Kv/R not obtained (rcdrone page 404).",https://www.dingsmotionusa.com/rmd-l-7025 ; RobotShop RMD-L-7025-28T,myactuator_specs.csv
actuator,MyActuator,RMD-L-9015,https://www.myactuator.com/l-9015-details,https://www.myactuator.com/downloads-lseries,,,,24,1.67,5.0,,290.0,500.0,200.0,0.65,90.0,,direct drive (no gearbox),0.45,"motor (direct drive, ratio 1:1)",21.0,rpm/V,motor,1.51,motor phase,,14.0,3.34,11.0,,CAN BUS / RS485,"L-9015 (KV variant -16T) direct-drive. Rated 1.67 / peak 5 Nm, 290 rpm (max 500), 200 W, 24 V, 650 g. Kt 0.45 Nm/A & Kv 21 rpm/V (motor). L 1.05 mH; rotor inertia 3271 g.cm2; 14-bit encoder. (Amazon lists 1.64 Nm variant.)",https://rcdrone.top/products/myactuator-l-9015-direct-drive-bldc-servo-motor ; https://www.dingsmotionusa.com/rmd-l-9015,myactuator_specs.csv
actuator,MyActuator,RMD-L-9025,https://www.myactuator.com/l-9025-details,https://www.myactuator.com/downloads-lseries,,,,24,2.79,5.8,,130.0,280.0,200.0,0.88,90.0,,direct drive (no gearbox),0.76,"motor (direct drive, ratio 1:1)",12.0,rpm/V,motor,1.9,motor phase,,14.0,3.46,7.6,,CAN BUS / RS485,"L-9025 direct-drive (largest RMD-L). Rated 2.79 / peak 5.8 Nm, 130 rpm (max 280), 200 W, 24 V, 880 g. Kt 0.76 Nm/A & Kv 12 rpm/V (motor). 14-bit encoder; control precision 0.001 deg.",https://rcdrone.top/products/myactuator-l-9025-direct-drive-bldc-servo-motor ; https://www.dingsmotionusa.com/rmd-l-9025,myactuator_specs.csv
motor,Unitree,GO-M8010-6,https://shop.unitree.com/products/go1-motor,https://techshare.co.jp/faq/wp-content/uploads/2023/12/GO-M8010-6_Motor_Data_User_Manual_V1.0.pdf,datasheets/qdd-western/unitree_go-m8010-6_manual.pdf,340.0,"$369 USD, shop.unitree.com (official); conv @0.92 USD->EUR",12-30 (24 rec),,23.7,,,286.0,,0.53,96.5,42.3,6.33:1,0.63895,unknown,,,,,,,,,40.0,,"RS485 (High Speed 485), 4Mbit/s","Datasheet wording: 'Maximum Torque 23.7NM' (at output, after 6.33 reduction per product desc); 'Maximum Relative Current 40A'; 'Maximum Revolution Speed 30 rad/s @24V' (=286 RPM, output). Torque constant 0.63895 Nm/A given without reference frame (appears output-referenced: 23.7/0.63895=37A). Full size L*W*H 96.5x92.5x42.3mm. 15-bit rotor absolute encoder + temp sensor. Control freq 6kHz. No rated torque, Kv, pole pairs, or R published.",https://techshare.co.jp/faq/wp-content/uploads/2023/12/GO-M8010-6_Motor_Data_User_Manual_V1.0.pdf,qdd-western_specs.csv
motor,Unitree,A1 Motor,https://shop.unitree.com/products/unitree-a1-motor,https://www.unitree.com/a1/motor/,,460.0,"$500 USD, shop.unitree.com (official); conv @0.92 USD->EUR",20-40,,,33.5,,200.0,,0.605,,,,0.9287,unknown,,,,,,,,,,,RS485,"Datasheet wording: 'Maximum Instantaneous Torque 33.5N.m'; 'Maximum Joint Rotate Speed 21rad/s' (=200 RPM). Torque constant 0.9287 Nm/A, reference frame not stated. 15-bit motor encoder. Comm control period 1kHz. Reduction ratio not published on official spec page. Implied peak current ~36A (33.5/0.9287) not stated. No rated torque, Kv, pole pairs, R.",https://www.unitree.com/a1/motor/,qdd-western_specs.csv
motor,Unitree,B1 Motor,https://shop.unitree.com/products/b1-motor,,,2760.0,"$3000 USD, shop.unitree.com (official); conv @0.92 USD->EUR",36-64,,,140.0,,87.0,,1.2,,,16:1,,,,,,,,,,,,,RS485,"Max instantaneous torque 140 Nm; max joint speed 9.1 rad/s (=87 RPM); reduction 1:16; weight 1.2 kg; 36-64V; RS-485. Specs from reseller listing (sonnyrobotics.com); Unitree official store page shows price only, no spec table. Kt/Kv/pole pairs/R not published.",https://sonnyrobotics.com/products/unitree-b1-motor (specs); price https://shop.unitree.com/products/b1-motor,qdd-western_specs.csv
motor,Unitree,IM6014 Motor,https://shop.unitree.com/products/unitree-im6014-motor,https://www.unitree.com/mobile/IM6014/,,496.0,"from $539 USD (single-unit kit), shop.unitree.com (official); conv @0.92 USD->EUR",24-75,,34.4,,,518.0,,0.535,65.0,60.0,12.67:1 (3:38),,,,,,,,,,,40.0,,RS485 (High Speed RS-485),"Datasheet: 'Maximum Torque (Opposite to Rotational Speed) 34.4N.m', '(Same Direction As Speed) 31.7N.m'; 'Maximum (No-Load) Speed 54.2 rad/s @60V' (=518 RPM); 'Maximum Line Current 40A'; 'Gear Ratio 3:38' (=12.67:1); dims phi65x60mm. Dual absolute encoders (rotor 15-bit + output). No Kt, rated torque, or R published.",https://www.unitree.com/mobile/IM6014/,qdd-western_specs.csv
motor,Unitree,M107 (H1/B2 joint motor),https://www.unitree.com/h1/,,,,NOT sold standalone (integrated in H1/B2),,,360.0,,,,,,,,,,,,,,,,,,,,,,"NOT a direct-sale standalone product - integrated joint actuator in Unitree H1 humanoid / B2. Marketing figures only (no datasheet): knee peak ~360 Nm, hip ~220 Nm, ankle ~59 Nm, arm ~75 Nm; peak torque density 189 Nm/kg; ~107x74mm; low-inertia high-speed internal-rotor PMSM. Robot battery max voltage 67.2V. Peak_Torque=360 is the knee-config value. Weight not published (density implies ~1.9 kg at 360 Nm).",https://www.unitree.com/h1/,qdd-western_specs.csv
actuator,mjbots,qdd100 beta 3,https://mjbots.com/products/qdd100-beta-3,https://mjbots.com/products/qdd100-beta-3,,809.0,"$879 USD servo, mjbots.com (official); dev kit $999; conv @0.92 USD->EUR",10-44,3.3,16.0,,,600.0,500.0,0.507,100.0,44.0,planetary 6:1,,,,,,,,,,,,,CAN-FD 5Mbps,"Torque thermal tiers (0 speed, 24V, 20C, no airflow/heatsink): 'Peak 16 Nm (<1s)', '10 Nm - 60s', '6 Nm - 400s', '3.3 Nm - Indefinite' (=continuous->Rated). Max speed '3600 dps @36V' (=600 RPM), '2300 dps @24V' (=383 RPM). Peak power 500W. Backlash +/-0.25 deg. M0.5 6:1 planetary + moteus-derived integrated controller. Dev kit $999. Kt/Kv/pole pairs/currents not published.",https://mjbots.com/products/qdd100-beta-3,qdd-western_specs.csv
motor,mjbots,mj5208,https://mjbots.com/products/mj5208,https://mjbots.com/products/mj5208,,68.0,"$74 USD, mjbots.com (official); conv @0.92 USD->EUR",,,1.7,,,7500.0,600.0,0.193,63.0,25.0,,,,330.0,rpm/V,unknown,,,,,,,,,"5208-size brushless outrunner. Datasheet: 'Peak torque 1.7 Nm', 'Kv 330', 'Maximum RPM 7500', 'Peak power 600W', 'Mass (with wires) 193g', OD 63mm x 25mm. Kv winding/reference frame not stated. Motor used in the moteus devkit. No Kt, R, pole pairs published.",https://mjbots.com/products/mj5208,qdd-western_specs.csv
driver,mjbots,moteus r4.11,https://mjbots.com/products/moteus-r4-11,https://mjbots.com/products/moteus-r4-11,,86.0,"$94 USD, mjbots.com (official); conv @0.92 USD->EUR",10-44 (<=10S),,,,,,900.0,0.0142,,,,,,,,,,,,,12 / 32,100.0,,CAN-FD 5Mbps,"Standalone 3-phase FOC BLDC controller. Continuous phase current 12A (w/o thermal mgmt) / 32A (w/ thermal mgmt); peak phase current 100A; bus 10-44V (<=10S); peak electrical power 900W @30V. PCB 46x53mm, 14.2g. STM32G4 (170 MHz). Control 15-30kHz. Firmware open-source (Apache-2.0). Connectors 2x XT30PW-M + 2x JST PH-3.",https://mjbots.com/products/moteus-r4-11,qdd-western_specs.csv
driver,mjbots,moteus-n1,https://mjbots.com/products/moteus-n1,https://mjbots.com/products/moteus-n1,,137.0,"$149 USD, mjbots.com (official); conv @0.92 USD->EUR",10-54 (<=12S),,,,,,2000.0,0.0146,,,,,,,,,,,,,9 / 26,100.0,,CAN-FD 5Mbps,"Standalone 3-phase FOC BLDC controller. Continuous phase current 9A (w/o thermal mgmt) / 26A (w/ thermal mgmt); peak phase current 100A; bus 10-54V (<=12S); peak electrical power 2kW @36V. 46x46x8mm, 14.6g. STM32G4. Integrated absolute magnetic encoder. Firmware open-source (Apache-2.0).",https://mjbots.com/products/moteus-n1,qdd-western_specs.csv
driver,mjbots,moteus-c1,https://mjbots.com/products/moteus-c1,https://mjbots.com/products/moteus-c1,,63.0,"$69 USD, mjbots.com (official); conv @0.92 USD->EUR",10-51 (<=12S),,,,,,250.0,0.0089,,,,,,,,,,,,,5 / 14,20.0,,CAN-FD 5Mbps,"Standalone 3-phase FOC BLDC controller (low-cost). Continuous phase current 5A (w/o thermal mgmt) / 14A (w/ thermal mgmt); peak phase current 20A; bus 10-51V (<=12S); peak electrical power 250W @28V. 38x38x9mm, 8.9g.",https://mjbots.com/products/moteus-c1,qdd-western_specs.csv
actuator,HEBI Robotics,X5-1,https://www.hebirobotics.com/actuators,https://docs.hebi.us/resources/datasheets/X-SeriesDatasheet.pdf,datasheets/qdd-western/hebi_x-series_datasheet.pdf,3945.95,"EUR 3945.95, mybotshop.de (reseller; HEBI publishes no public price)",24-48,1.3,2.5,,,90.0,,0.33,,,272.222:1,1.1,output; T-series corr. (docs.hebi.us),5.6,RPM/V,output; T-series corr.,10.0,motor winding; wye/delta unknown,,,0.5,1.6,,100 Mbps Ethernet (dual port),"Series-elastic geared actuator (motor+gear train+spring+encoders+controls). Datasheet: peak/cont torque + max speed as listed; 24-48V DC; 100Mbps Ethernet dual-port; backlash +/-0.25 deg; dims 110x73x31mm, 15mm hollow bore. Gear ratio, Kt, Kv (speed const), R from HEBI's T-series equivalent (docs.hebi.us), which HEBI states 'can be directly correlated to the corresponding X-Series'. Datasheet Cont/Peak current (0.5/1.6A @36V) are bus-side, not phase current. IP rating not stated. Price is reseller (HEBI publishes no public price).",Datasheet https://docs.hebi.us/resources/datasheets/X-SeriesDatasheet.pdf ; gear ratio/Kt/Kv/R https://docs.hebi.us/hardware.html (T-series correlation); price mybotshop.de,qdd-western_specs.csv
actuator,HEBI Robotics,X5-4,https://www.hebirobotics.com/actuators,https://docs.hebi.us/resources/datasheets/X-SeriesDatasheet.pdf,datasheets/qdd-western/hebi_x-series_datasheet.pdf,3945.95,"EUR 3945.95, mybotshop.de (reseller; HEBI publishes no public price)",24-48,4.0,7.0,,,32.0,,0.345,,,762.222:1,3.1,output; T-series corr. (docs.hebi.us),2.0,RPM/V,output; T-series corr.,,motor winding; wye/delta unknown,,,0.5,1.6,,100 Mbps Ethernet (dual port),"Series-elastic geared actuator (motor+gear train+spring+encoders+controls). Datasheet: peak/cont torque + max speed as listed; 24-48V DC; 100Mbps Ethernet dual-port; backlash +/-0.25 deg; dims 110x73x31mm, 15mm hollow bore. Gear ratio, Kt, Kv (speed const), R from HEBI's T-series equivalent (docs.hebi.us), which HEBI states 'can be directly correlated to the corresponding X-Series'. Datasheet Cont/Peak current (0.5/1.6A @36V) are bus-side, not phase current. IP rating not stated. Price is reseller (HEBI publishes no public price).",Datasheet https://docs.hebi.us/resources/datasheets/X-SeriesDatasheet.pdf ; gear ratio/Kt/Kv/R https://docs.hebi.us/hardware.html (T-series correlation); price mybotshop.de,qdd-western_specs.csv
actuator,HEBI Robotics,X5-9,https://www.hebirobotics.com/actuators,https://docs.hebi.us/resources/datasheets/X-SeriesDatasheet.pdf,datasheets/qdd-western/hebi_x-series_datasheet.pdf,3945.95,"EUR 3945.95, mybotshop.de (reseller; HEBI publishes no public price)",24-48,8.0,13.0,,,14.0,,0.36,,,1742.222:1,7.1,output; T-series corr. (docs.hebi.us),0.9,RPM/V,output; T-series corr.,,motor winding; wye/delta unknown,,,0.5,1.6,,100 Mbps Ethernet (dual port),"Series-elastic geared actuator (motor+gear train+spring+encoders+controls). Datasheet: peak/cont torque + max speed as listed; 24-48V DC; 100Mbps Ethernet dual-port; backlash +/-0.25 deg; dims 110x73x31mm, 15mm hollow bore. Gear ratio, Kt, Kv (speed const), R from HEBI's T-series equivalent (docs.hebi.us), which HEBI states 'can be directly correlated to the corresponding X-Series'. Datasheet Cont/Peak current (0.5/1.6A @36V) are bus-side, not phase current. IP rating not stated. Price is reseller (HEBI publishes no public price).",Datasheet https://docs.hebi.us/resources/datasheets/X-SeriesDatasheet.pdf ; gear ratio/Kt/Kv/R https://docs.hebi.us/hardware.html (T-series correlation); price mybotshop.de,qdd-western_specs.csv
actuator,HEBI Robotics,X8-3,https://www.hebirobotics.com/actuators,https://docs.hebi.us/resources/datasheets/X-SeriesDatasheet.pdf,datasheets/qdd-western/hebi_x-series_datasheet.pdf,4595.95,"EUR ~4595.95 (X5 base 3945.95 + 650), mybotshop.de (reseller; HEBI publishes no public price)",24-48,3.0,7.0,,,84.0,,0.455,,,272.222:1,1.6,output; T-series corr. (docs.hebi.us),3.8,RPM/V,output; T-series corr.,5.3,motor winding; wye/delta unknown,,,1.3,3.0,,100 Mbps Ethernet (dual port),"Series-elastic geared actuator (motor+gear train+spring+encoders+controls). Datasheet: peak/cont torque + max speed as listed; 24-48V DC; 100Mbps Ethernet dual-port; backlash +/-0.25 deg; dims 110x73x45mm, 15mm hollow bore. Gear ratio, Kt, Kv (speed const), R from HEBI's T-series equivalent (docs.hebi.us), which HEBI states 'can be directly correlated to the corresponding X-Series'. Datasheet Cont/Peak current (1.3/3.0A @36V) are bus-side, not phase current. IP rating not stated. Price is reseller (HEBI publishes no public price).",Datasheet https://docs.hebi.us/resources/datasheets/X-SeriesDatasheet.pdf ; gear ratio/Kt/Kv/R https://docs.hebi.us/hardware.html (T-series correlation); price mybotshop.de,qdd-western_specs.csv
actuator,HEBI Robotics,X8-9,https://www.hebirobotics.com/actuators,https://docs.hebi.us/resources/datasheets/X-SeriesDatasheet.pdf,datasheets/qdd-western/hebi_x-series_datasheet.pdf,4595.95,"EUR ~4595.95 (X5 base 3945.95 + 650), mybotshop.de (reseller; HEBI publishes no public price)",24-48,8.0,20.0,,,30.0,,0.475,,,762.222:1,4.6,output; T-series corr. (docs.hebi.us),1.3,RPM/V,output; T-series corr.,,motor winding; wye/delta unknown,,,1.3,3.0,,100 Mbps Ethernet (dual port),"Series-elastic geared actuator (motor+gear train+spring+encoders+controls). Datasheet: peak/cont torque + max speed as listed; 24-48V DC; 100Mbps Ethernet dual-port; backlash +/-0.25 deg; dims 110x73x45mm, 15mm hollow bore. Gear ratio, Kt, Kv (speed const), R from HEBI's T-series equivalent (docs.hebi.us), which HEBI states 'can be directly correlated to the corresponding X-Series'. Datasheet Cont/Peak current (1.3/3.0A @36V) are bus-side, not phase current. IP rating not stated. Price is reseller (HEBI publishes no public price).",Datasheet https://docs.hebi.us/resources/datasheets/X-SeriesDatasheet.pdf ; gear ratio/Kt/Kv/R https://docs.hebi.us/hardware.html (T-series correlation); price mybotshop.de,qdd-western_specs.csv
actuator,HEBI Robotics,X8-16,https://www.hebirobotics.com/actuators,https://docs.hebi.us/resources/datasheets/X-SeriesDatasheet.pdf,datasheets/qdd-western/hebi_x-series_datasheet.pdf,4595.95,"EUR ~4595.95 (X5 base 3945.95 + 650), mybotshop.de (reseller; HEBI publishes no public price)",24-48,16.0,38.0,,,15.0,,0.49,,,1462.222:1,8.8,output; T-series corr. (docs.hebi.us),0.7,RPM/V,output; T-series corr.,,motor winding; wye/delta unknown,,,1.3,3.0,,100 Mbps Ethernet (dual port),"Series-elastic geared actuator (motor+gear train+spring+encoders+controls). Datasheet: peak/cont torque + max speed as listed; 24-48V DC; 100Mbps Ethernet dual-port; backlash +/-0.25 deg; dims 110x73x45mm, 15mm hollow bore. Gear ratio, Kt, Kv (speed const), R from HEBI's T-series equivalent (docs.hebi.us), which HEBI states 'can be directly correlated to the corresponding X-Series'. Datasheet Cont/Peak current (1.3/3.0A @36V) are bus-side, not phase current. IP rating not stated. Price is reseller (HEBI publishes no public price).",Datasheet https://docs.hebi.us/resources/datasheets/X-SeriesDatasheet.pdf ; gear ratio/Kt/Kv/R https://docs.hebi.us/hardware.html (T-series correlation); price mybotshop.de,qdd-western_specs.csv
actuator,RobStride,RS00,https://www.robstride.com/products/robStride00,https://github.com/RobStride/Product_Information/tree/main/Product%20Literature/RS00,datasheets/robstride-steadywin/robstride_RS00_user_manual.pdf,142.95,OpenELAB EUR (motor w/o debug board); Seeed $125,24-60,5.0,14.0,,260.0,315.0,170.0,0.31,57.0,51.0,10:1 planetary,1.48,output-shaft; per Arms(RMS) [derived; datasheet states 'N.m/Arms' only],9.5,Vrms/kRPM,"back-EMF const (Ke); motor-shaft [inferred, frame unstated]",,,unknown,14.0,4.7,15.5,,CAN 1Mbps (CANopen),Rated V=48; square 57x57x51mm; dual 14-bit magnetic encoders; no-load current 0.5Arms; currents are Apk(peak); IP not stated on datasheet; rated load tested @100rpm; 28 poles,RobStride RS00 User Manual (github.com/RobStride/Product_Information); OpenELAB guide; AliExpress official store 1103506059,robstride-steadywin_specs.csv
actuator,RobStride,RS01,https://www.robstride.com/products/robStride01,https://github.com/RobStride/Product_Information/tree/main/Product%20Literature/RS01,datasheets/robstride-steadywin/robstride_RS01_user_manual.pdf,151.75,OpenELAB EUR (motor w/o debug board),24-48,6.0,17.0,,100.0,315.0,170.0,0.38,78.5,40.0,7.75:1 planetary,1.22,output-shaft; per Arms(RMS) [derived; datasheet states 'N.m/Arms' only],9.6,Vrms/kRPM,"back-EMF const (Ke); motor-shaft [inferred, frame unstated]",0.58,line-to-line,unknown,14.0,7.0,23.0,IP52 (IP67 option),CAN 1Mbps (CANopen),Rated V=36 (per OpenELAB); square 78.5x78.5x40mm; SINGLE 14-bit magnetic encoder; inductance 187-339uH; currents Apk(peak); 28 poles,RobStride RS01 User Manual (github.com/RobStride/Product_Information); OpenELAB guide; AliExpress official store 1103506059,robstride-steadywin_specs.csv
actuator,RobStride,RS02,https://www.robstride.com/products/robStride02,https://github.com/RobStride/Product_Information/tree/main/Product%20Literature/RS02,datasheets/robstride-steadywin/robstride_RS02_user_manual.pdf,164.95,OpenELAB EUR (motor w/o debug board); Seeed $160; AliExpress ~$145,24-60,6.0,17.0,,360.0,410.0,170.0,0.405,78.5,45.5,7.75:1 planetary,1.22,output-shaft; per Arms(RMS) [derived; datasheet states 'N.m/Arms' only],9.6,Vrms/kRPM,"back-EMF const (Ke); motor-shaft [inferred, frame unstated]",,,unknown,14.0,7.0,23.0,IP52 (IP67 option),CAN 1Mbps (CANopen),Rated V=48; dual 14-bit magnetic encoders; IP67 variant available (separate manual RS02-IP67); currents Apk(peak); 28 poles,RobStride RS02 User Manual (github.com/RobStride/Product_Information); OpenELAB guide; AliExpress official store 1103506059,robstride-steadywin_specs.csv
actuator,RobStride,RS03,https://www.robstride.com/products/robStride03,https://github.com/RobStride/Product_Information/tree/main/Product%20Literature/RS03,datasheets/robstride-steadywin/robstride_RS03_user_manual.pdf,247.45,OpenELAB EUR sale (reg 276.10),24-60,20.0,60.0,,100.0,195.0,380.0,0.88,106.0,56.0,9:1 planetary,2.36,output-shaft; per Arms(RMS) [derived; datasheet states 'N.m/Arms' only],17.0,Vrms/kRPM,"back-EMF const (Ke); motor-shaft [inferred, frame unstated]",0.39,line-to-line,unknown,21.0,12.0,43.0,IP52 (IP67 option),CAN 1Mbps (CANopen),Rated V=48; manual voltage range 24-60V (OpenELAB lists 15-60V); dual magnetic encoders; back-EMF 17Vrms/kRPM; inductance 0.275mH; currents Apk(peak); 42 poles,RobStride RS03 User Manual (github.com/RobStride/Product_Information); OpenELAB guide; AliExpress official store 1103506059,robstride-steadywin_specs.csv
actuator,RobStride,RS04,https://www.robstride.com/products/robStride04,https://github.com/RobStride/Product_Information/tree/main/Product%20Literature/RS04,datasheets/robstride-steadywin/robstride_RS04_user_manual.pdf,280.45,OpenELAB EUR (motor); AliExpress from $255; Seeed,15-60,40.0,120.0,,167.0,200.0,700.0,1.42,120.0,56.0,9:1 planetary,2.1,output-shaft; per Arms(RMS) [derived; datasheet states 'N.m/Arms' only],16.9,Vrms/kRPM,"back-EMF const (Ke); motor-shaft [inferred, frame unstated]",0.16,line-to-line,unknown,21.0,27.0,90.0,IP52 (IP67 option),CAN 1Mbps (CANopen),Rated V=48; dual 14-bit magnetic encoders; no-load current 2Arms; inductance 0.211mH; currents Apk(peak); 42 poles,RobStride RS04 User Manual (github.com/RobStride/Product_Information); OpenELAB guide; AliExpress official store 1103506059,robstride-steadywin_specs.csv
actuator,RobStride,RS05,https://www.robstride.com/products/robStride05,https://github.com/RobStride/Product_Information/tree/main/Product%20Literature/RS05,datasheets/robstride-steadywin/robstride_RS05_user_manual.pdf,126.45,OpenELAB EUR,15-60,1.6,5.5,,,480.0,,0.191,46.0,44.0,7.75:1 planetary,0.94,output-shaft; per Arms(RMS) [derived; datasheet states 'N.m/Arms' only],7.4,Vrms/kRPM,"back-EMF const (Ke); motor-shaft [inferred, frame unstated]",,,unknown,,2.4,11.0,,CAN 1Mbps (CANopen),Rated V=48; dual 14-bit encoders; no-load 480rpm; rated load 1.6Nm tested @100rpm; no-load current 0.14Arms; rated power not published; currents Apk(peak); pole pairs not stated,RobStride RS05 User Manual (github.com/RobStride/Product_Information); OpenELAB guide; AliExpress official store 1103506059,robstride-steadywin_specs.csv
actuator,RobStride,RS06,https://www.robstride.com/products/robStride06,https://github.com/RobStride/Product_Information/tree/main/Product%20Literature/RS06,datasheets/robstride-steadywin/robstride_RS06_user_manual.pdf,230.95,OpenELAB EUR,15-60,11.0,36.0,,,480.0,,0.621,88.0,49.0,9:1 planetary,1.09,output-shaft; per Arms(RMS) [derived; datasheet states 'N.m/Arms' only],7.6,Vrms/kRPM,"back-EMF const (Ke); motor-shaft [inferred, frame unstated]",,,unknown,14.0,14.3,57.0,,CAN 1Mbps (CANopen),Rated V=48; no-load 480rpm; rated load 11Nm tested @100rpm; no-load current 0.98Arms; rated power not published; currents Apk(peak); 28 poles,RobStride RS06 User Manual (github.com/RobStride/Product_Information); OpenELAB guide; AliExpress official store 1103506059,robstride-steadywin_specs.csv
actuator,SteadyWin,GIM3505-8,https://steadywin-motor.com/products/gim3505-8,https://islandcloud.co/link/689e8ddf86b8201b11f287fb/3b7bfd04-6f4c-48e1-8cd2-6a84b9bd3cd6,datasheets/robstride-steadywin/steadywin_planetary_reduction_motor_selection_table.xlsx,64.61,"OpenELAB from-price, base config (driver optional)",12~40,0.67,1.79,,230.0,400.0,36.72,0.097,43.0,30.0,8:1 planetary,0.44,unknown (table: 'Torque constant N.M/A'; motor/output frame unspecified),16.6667,rpm/V,unknown (table: 'Speed constant rpm/V'; appears output-referenced),5.473,phase-to-phase,Wye,11.0,1.53,3.99,IP54,CAN&485,Rated V=24; dims/weight incl. driver; driver encoder 14bit; 2nd output-shaft encoder: NO; backlash 15arcmin; steel planetary gear; rated/peak current units per table ('A') | per-model PDF pack: datasheets/robstride-steadywin/steadywin_docs/Planetary Reduction Motor/GIM3505-8/,SteadyWin Planetary Reduction Motor Selection Table (official steadywin-motor.com document-download); reseller https://openelab.io/products/steadywin-gim3505-8-planetary-gear-motor,robstride-steadywin_specs.csv
actuator,SteadyWin,GIM3510-8,https://steadywin-motor.com,https://islandcloud.co/link/689e8ddf86b8201b11f287fb/3b7bfd04-6f4c-48e1-8cd2-6a84b9bd3cd6,datasheets/robstride-steadywin/steadywin_planetary_reduction_motor_selection_table.xlsx,88.24,"OpenELAB from-price, base config (driver optional)",12~40,1.0,6.28,,534.0,588.0,79.2,0.2596,46.0,51.5,8:1 planetary,0.26,unknown (table: 'Torque constant N.M/A'; motor/output frame unspecified),24.5,rpm/V,unknown (table: 'Speed constant rpm/V'; appears output-referenced),0.515,phase-to-phase,Delta,7.0,3.3,28.94,IP54,CAN&485,Rated V=24; dims/weight incl. driver; driver encoder 14bit; 2nd output-shaft encoder: YES; backlash 15arcmin; steel planetary gear; rated/peak current units per table ('A'),SteadyWin Planetary Reduction Motor Selection Table (official steadywin-motor.com document-download); reseller https://openelab.io/products/steadywin-gim3510-8-robot-gear-motor-reducer-planetary,robstride-steadywin_specs.csv
actuator,SteadyWin,GIM3510-64,https://steadywin-motor.com,https://islandcloud.co/link/689e8ddf86b8201b11f287fb/3b7bfd04-6f4c-48e1-8cd2-6a84b9bd3cd6,datasheets/robstride-steadywin/steadywin_planetary_reduction_motor_selection_table.xlsx,126.52,"OpenELAB from-price, base config (driver optional)",12~40,9.0,50.0,,67.0,74.0,81.84,0.5072,46.0,77.5,64:1 planetary,2.84,unknown (table: 'Torque constant N.M/A'; motor/output frame unspecified),3.0833,rpm/V,unknown (table: 'Speed constant rpm/V'; appears output-referenced),0.515,phase-to-phase,Delta,7.0,3.41,25.28,IP54,CAN&485,Rated V=24; dims/weight incl. driver; driver encoder 14bit; 2nd output-shaft encoder: YES; backlash 15arcmin; steel planetary gear; rated/peak current units per table ('A'),SteadyWin Planetary Reduction Motor Selection Table (official steadywin-motor.com document-download); reseller https://openelab.io/products/steadywin-gim3510-64-compact-can-servo-for-robotics,robstride-steadywin_specs.csv
actuator,SteadyWin,GIM4305-10,https://steadywin-motor.com,https://islandcloud.co/link/689e8ddf86b8201b11f287fb/3b7bfd04-6f4c-48e1-8cd2-6a84b9bd3cd6,datasheets/robstride-steadywin/steadywin_planetary_reduction_motor_selection_table.xlsx,,,12~40,1.05,3.82,,312.0,402.0,52.32,0.15,53.0,32.0,10:1 planetary,0.39,unknown (table: 'Torque constant N.M/A'; motor/output frame unspecified),16.75,rpm/V,unknown (table: 'Speed constant rpm/V'; appears output-referenced),1.113,phase-to-phase,Wye,14.0,2.18,14.99,IP54,CAN&485,Rated V=24; dims/weight incl. driver; driver encoder 14bit; 2nd output-shaft encoder: NO; backlash 15arcmin; steel planetary gear; rated/peak current units per table ('A'),SteadyWin Planetary Reduction Motor Selection Table (official steadywin-motor.com document-download),robstride-steadywin_specs.csv
actuator,SteadyWin,GIM4310-10,https://steadywin-motor.com,https://islandcloud.co/link/689e8ddf86b8201b11f287fb/3b7bfd04-6f4c-48e1-8cd2-6a84b9bd3cd6,datasheets/robstride-steadywin/steadywin_planetary_reduction_motor_selection_table.xlsx,95.77,"OpenELAB from-price, base config (driver optional)",12~40,1.63,7.98,,101.0,212.0,31.2,0.227,53.0,38.0,10:1 planetary,2.61,unknown (table: 'Torque constant N.M/A'; motor/output frame unspecified),8.8333,rpm/V,unknown (table: 'Speed constant rpm/V'; appears output-referenced),1.961,phase-to-phase,Wye,14.0,1.3,10.67,IP54,CAN&485,Rated V=24; dims/weight incl. driver; driver encoder 14bit; 2nd output-shaft encoder: NO; backlash 15arcmin; steel planetary gear; rated/peak current units per table ('A') | per-model PDF pack: datasheets/robstride-steadywin/steadywin_docs/Planetary Reduction Motor/GIM4310-10/,SteadyWin Planetary Reduction Motor Selection Table (official steadywin-motor.com document-download); reseller https://openelab.io/products/steadywin-gim4310-10-joint-motor,robstride-steadywin_specs.csv
actuator,SteadyWin,GIM4310-36,https://steadywin-motor.com,https://islandcloud.co/link/689e8ddf86b8201b11f287fb/3b7bfd04-6f4c-48e1-8cd2-6a84b9bd3cd6,datasheets/robstride-steadywin/steadywin_planetary_reduction_motor_selection_table.xlsx,,,12~40,6.24,25.43,,40.0,64.2,43.92,0.31,55.0,47.0,36:1 planetary,3.19,unknown (table: 'Torque constant N.M/A'; motor/output frame unspecified),2.675,rpm/V,unknown (table: 'Speed constant rpm/V'; appears output-referenced),1.8596,phase-to-phase,Wye,14.0,1.83,10.57,IP54,CAN&485,Rated V=24; dims/weight incl. driver; driver encoder 14bit; 2nd output-shaft encoder: NO; backlash 15arcmin; steel planetary gear; rated/peak current units per table ('A'),SteadyWin Planetary Reduction Motor Selection Table (official steadywin-motor.com document-download),robstride-steadywin_specs.csv
actuator,SteadyWin,GIM4310-40,https://steadywin-motor.com,https://islandcloud.co/link/689e8ddf86b8201b11f287fb/3b7bfd04-6f4c-48e1-8cd2-6a84b9bd3cd6,datasheets/robstride-steadywin/steadywin_planetary_reduction_motor_selection_table.xlsx,,,12~40,8.5,30.59,,70.0,86.0,88.8,0.3645,57.0,56.0,40:1 planetary,1.7889,unknown (table: 'Torque constant N.M/A'; motor/output frame unspecified),3.5833,rpm/V,unknown (table: 'Speed constant rpm/V'; appears output-referenced),0.269,phase-to-phase,Wye,14.0,3.7,17.1,IP54,CAN&485,Rated V=24; dims/weight incl. driver; driver encoder 14bit; 2nd output-shaft encoder: YES; backlash 15arcmin; steel planetary gear; rated/peak current units per table ('A'),SteadyWin Planetary Reduction Motor Selection Table (official steadywin-motor.com document-download),robstride-steadywin_specs.csv
actuator,SteadyWin,GIM4315-8,https://steadywin-motor.com,https://islandcloud.co/link/689e8ddf86b8201b11f287fb/3b7bfd04-6f4c-48e1-8cd2-6a84b9bd3cd6,datasheets/robstride-steadywin/steadywin_planetary_reduction_motor_selection_table.xlsx,68.57,"OpenELAB from-price, base config (driver optional)",12~40,1.6,14.25,,403.0,405.0,44.64,0.3715,57.0,58.0,8:1 planetary,0.96,unknown (table: 'Torque constant N.M/A'; motor/output frame unspecified),16.875,rpm/V,unknown (table: 'Speed constant rpm/V'; appears output-referenced),1.5,phase-to-phase,Delta,14.0,1.86,19.5,IP54,CAN&485,Rated V=24; dims/weight incl. driver; driver encoder 14bit; 2nd output-shaft encoder: YES; backlash 15arcmin; steel planetary gear; rated/peak current units per table ('A'),SteadyWin Planetary Reduction Motor Selection Table (official steadywin-motor.com document-download); reseller https://openelab.io/products/steadywin-gim4315-8-brushless-actuator,robstride-steadywin_specs.csv
actuator,SteadyWin,GIM6010-6,https://steadywin-motor.com/products/gim6010-6,https://islandcloud.co/link/689e8ddf86b8201b11f287fb/3b7bfd04-6f4c-48e1-8cd2-6a84b9bd3cd6,datasheets/robstride-steadywin/steadywin_planetary_reduction_motor_selection_table.xlsx,,,12~48,3.3,8.0,,320.0,450.0,232.8,0.318,76.0,35.0,6:1 planetary,0.34,unknown (table: 'Torque constant N.M/A'; motor/output frame unspecified),18.75,rpm/V,unknown (table: 'Speed constant rpm/V'; appears output-referenced),0.55,phase-to-phase,Delta,14.0,9.7,23.5294,IP54,CAN,"Rated V=24; dims/weight incl. driver; driver encoder 14bit; 2nd output-shaft encoder: NO; backlash 15arcmin; steel planetary gear; rated/peak current units per table ('A') | alt winding (48V): rated 1.8/peak 8.86 Nm, R=0.61 ohm, Kt=0.62, rated I=3.63 A",SteadyWin Planetary Reduction Motor Selection Table (official steadywin-motor.com document-download),robstride-steadywin_specs.csv
actuator,SteadyWin,GIM6010-8,https://steadywin-motor.com/products/built-in-star-gear-motor-motor-robot-joint-driver-actuator-controller-motor,https://islandcloud.co/link/689e8ddf86b8201b11f287fb/3b7bfd04-6f4c-48e1-8cd2-6a84b9bd3cd6,datasheets/robstride-steadywin/steadywin_planetary_reduction_motor_selection_table.xlsx,87.95,"OpenELAB from-price, base config (driver optional)",12~56,5.0,11.0,,120.0,420.0,252.0,0.388,80.0,40.0,8:1 planetary,0.47,unknown (table: 'Torque constant N.M/A'; motor/output frame unspecified),11.5417,rpm/V,unknown (table: 'Speed constant rpm/V'; appears output-referenced),0.44,phase-to-phase,Wye,14.0,10.5,23.4043,IP54,CAN,"Rated V=24; dims/weight incl. driver; driver encoder 16bit; 2nd output-shaft encoder: YES; backlash 15arcmin; steel planetary gear; rated/peak current units per table ('A') | alt winding (48V): rated 4.2/peak 11.27 Nm, R=0.44 ohm, Kt=0.65, rated I=2.87 A | per-model PDF pack: datasheets/robstride-steadywin/steadywin_docs/Planetary Reduction Motor/GIM6010-8/",SteadyWin Planetary Reduction Motor Selection Table (official steadywin-motor.com document-download); reseller https://openelab.io/products/steadywin-gim6010-8-robot-motor,robstride-steadywin_specs.csv
actuator,SteadyWin,GIM6010-36,https://steadywin-motor.com,https://islandcloud.co/link/689e8ddf86b8201b11f287fb/3b7bfd04-6f4c-48e1-8cd2-6a84b9bd3cd6,datasheets/robstride-steadywin/steadywin_planetary_reduction_motor_selection_table.xlsx,,,12~48,18.0,41.0,,85.0,97.0,220.8,0.574,76.0,56.5,36:1 planetary,4.38,unknown (table: 'Torque constant N.M/A'; motor/output frame unspecified),2.1875,rpm/V,unknown (table: 'Speed constant rpm/V'; appears output-referenced),0.6,phase-to-phase,Wye,14.0,4.6,9.3,IP54,CAN,"Rated V=48; dims/weight incl. driver; driver encoder 14bit; 2nd output-shaft encoder: NO; backlash 15arcmin; steel planetary gear; rated/peak current units per table ('A') | alt winding (48V): rated 17.6/peak 52.48 Nm, R=0.6 ohm, Kt=4.3, rated I=4.38 A",SteadyWin Planetary Reduction Motor Selection Table (official steadywin-motor.com document-download),robstride-steadywin_specs.csv
actuator,SteadyWin,GIM6010-48,https://steadywin-motor.com,https://islandcloud.co/link/689e8ddf86b8201b11f287fb/3b7bfd04-6f4c-48e1-8cd2-6a84b9bd3cd6,datasheets/robstride-steadywin/steadywin_planetary_reduction_motor_selection_table.xlsx,,,12~40,27.0,55.9,,38.0,49.0,156.0,0.7769,80.0,67.5,48:1 planetary,4.53,unknown (table: 'Torque constant N.M/A'; motor/output frame unspecified),1.9792,rpm/V,unknown (table: 'Speed constant rpm/V'; appears output-referenced),0.42,phase-to-phase,Wye,14.0,6.5,13.5,IP54,CAN & 485,"Rated V=24; dims/weight incl. driver; driver encoder 14bit; 2nd output-shaft encoder: YES; backlash 15arcmin; steel planetary gear; rated/peak current units per table ('A') | alt winding (48V): rated 26.2/peak 74.8 Nm, R=0.443 ohm, Kt=4.7, rated I=3.3 A",SteadyWin Planetary Reduction Motor Selection Table (official steadywin-motor.com document-download),robstride-steadywin_specs.csv
actuator,SteadyWin,GIM8108-6,https://steadywin-motor.com/products/cheetah-quadruped-robot-dog-high-torque-brushless-reduce-gear-motor-exoskeleton-industrial-robot-arm,https://islandcloud.co/link/689e8ddf86b8201b11f287fb/3b7bfd04-6f4c-48e1-8cd2-6a84b9bd3cd6,datasheets/robstride-steadywin/steadywin_planetary_reduction_motor_selection_table.xlsx,,,12~48,5.18,26.32,,336.0,372.0,223.2,0.567,96.0,41.5,6:1 planetary,0.98,unknown (table: 'Torque constant N.M/A'; motor/output frame unspecified),7.75,rpm/V,unknown (table: 'Speed constant rpm/V'; appears output-referenced),0.774,phase-to-phase,Wye,21.0,4.65,47.37,IP54,CAN & 485,Rated V=48; dims/weight incl. driver; driver encoder 14bit; 2nd output-shaft encoder: YES; backlash 15arcmin; steel planetary gear; rated/peak current units per table ('A'),SteadyWin Planetary Reduction Motor Selection Table (official steadywin-motor.com document-download),robstride-steadywin_specs.csv
actuator,SteadyWin,GIM8108-8,https://steadywin-motor.com/products/planetary-reduction-motor-robot-dog-humanoid-robot-joint-module-flat-thin-large-torque,https://islandcloud.co/link/689e8ddf86b8201b11f287fb/3b7bfd04-6f4c-48e1-8cd2-6a84b9bd3cd6,datasheets/robstride-steadywin/steadywin_planetary_reduction_motor_selection_table.xlsx,97.85,"OpenELAB from-price, base config (driver optional)",12~56,7.5,22.0,,110.0,320.0,336.0,0.396,92.0,55.0,8:1 planetary,1.0,unknown (table: 'Torque constant N.M/A'; motor/output frame unspecified),6.0417,rpm/V,unknown (table: 'Speed constant rpm/V'; appears output-referenced),0.67,phase-to-phase,Wye,21.0,7.0,22.0,IP54,CAN,"Rated V=48; dims/weight incl. driver; driver encoder 16bit; 2nd output-shaft encoder: YES; backlash 15arcmin; steel planetary gear; rated/peak current units per table ('A') | alt winding (48V): rated 6.71/peak 23.09 Nm, R=0.72 ohm, Kt=1.19, rated I=4.78 A | per-model PDF pack: datasheets/robstride-steadywin/steadywin_docs/Planetary Reduction Motor/GIM8108-8/",SteadyWin Planetary Reduction Motor Selection Table (official steadywin-motor.com document-download); reseller https://openelab.io/products/steadywin-gim8108-8-robot-motor,robstride-steadywin_specs.csv
actuator,SteadyWin,GIM8108-9,https://steadywin-motor.com/products/bipedal-wheeled-high-torque-mechanical-dog-assisted-rehabilitation-exoskeleton-system-high-precision-driver,https://islandcloud.co/link/689e8ddf86b8201b11f287fb/3b7bfd04-6f4c-48e1-8cd2-6a84b9bd3cd6,datasheets/robstride-steadywin/steadywin_planetary_reduction_motor_selection_table.xlsx,,,12~48,8.19,27.38,,207.0,242.0,192.0,0.567,96.0,41.5,9:1 planetary,1.83,unknown (table: 'Torque constant N.M/A'; motor/output frame unspecified),5.0417,rpm/V,unknown (table: 'Speed constant rpm/V'; appears output-referenced),0.73,phase-to-phase,Wye,21.0,4.0,19.8,IP54,CAN,Rated V=48; dims/weight incl. driver; driver encoder 14bit; 2nd output-shaft encoder: NO; backlash 15arcmin; steel planetary gear; rated/peak current units per table ('A'),SteadyWin Planetary Reduction Motor Selection Table (official steadywin-motor.com document-download),robstride-steadywin_specs.csv
actuator,SteadyWin,GIM8108-36,https://steadywin-motor.com,https://islandcloud.co/link/689e8ddf86b8201b11f287fb/3b7bfd04-6f4c-48e1-8cd2-6a84b9bd3cd6,datasheets/robstride-steadywin/steadywin_planetary_reduction_motor_selection_table.xlsx,,,12~48,32.76,109.5,,51.0,60.0,192.0,0.76,96.0,57.0,36:1 planetary,7.32,unknown (table: 'Torque constant N.M/A'; motor/output frame unspecified),1.25,rpm/V,unknown (table: 'Speed constant rpm/V'; appears output-referenced),0.72,phase-to-phase,Wye,21.0,4.0,19.8,IP54,CAN,"Rated V=48; dims/weight incl. driver; driver encoder 14bit; 2nd output-shaft encoder: NO; backlash 15arcmin; steel planetary gear; rated/peak current units per table ('A') | alt winding (48V): rated 25/peak 130.2 Nm, R=0.72 ohm, Kt=4, rated I=3.74 A",SteadyWin Planetary Reduction Motor Selection Table (official steadywin-motor.com document-download),robstride-steadywin_specs.csv
actuator,SteadyWin,GIM8108-48,https://steadywin-motor.com,https://islandcloud.co/link/689e8ddf86b8201b11f287fb/3b7bfd04-6f4c-48e1-8cd2-6a84b9bd3cd6,datasheets/robstride-steadywin/steadywin_planetary_reduction_motor_selection_table.xlsx,179.45,"OpenELAB from-price, base config (driver optional)",12~36,35.5,133.5,,41.0,51.0,211.68,0.7804,92.0,73.0,48:1 planetary,7.1,unknown (table: 'Torque constant N.M/A'; motor/output frame unspecified),1.0625,rpm/V,unknown (table: 'Speed constant rpm/V'; appears output-referenced),0.735,phase-to-phase,Wye,21.0,4.41,20.2,IP54,CAN & 485,Rated V=48; dims/weight incl. driver; driver encoder 14bit; 2nd output-shaft encoder: YES; backlash 15arcmin; steel planetary gear; rated/peak current units per table ('A'),SteadyWin Planetary Reduction Motor Selection Table (official steadywin-motor.com document-download); reseller https://openelab.io/products/steadywin-gim8108-48-robot-actuator,robstride-steadywin_specs.csv
actuator,SteadyWin,GIM8115-6,https://steadywin-motor.com/products/high-precision-and-high-torque-mechanical-dog-joint-actuator-with-high-performance-built-in-driver,https://islandcloud.co/link/689e8ddf86b8201b11f287fb/3b7bfd04-6f4c-48e1-8cd2-6a84b9bd3cd6,datasheets/robstride-steadywin/steadywin_planetary_reduction_motor_selection_table.xlsx,,,12~48,8.59,36.94,,160.0,199.0,194.4,0.705,96.0,48.5,6:1 planetary,0.67,unknown (table: 'Torque constant N.M/A'; motor/output frame unspecified),8.2917,rpm/V,unknown (table: 'Speed constant rpm/V'; appears output-referenced),0.364,phase-to-phase,Delta,21.0,8.1,44.28,IP54,CAN & 485,"Rated V=24; dims/weight incl. driver; driver encoder 14bit; 2nd output-shaft encoder: YES; backlash 15arcmin; steel planetary gear; rated/peak current units per table ('A') | alt winding (48V): rated 9.1/peak 38 Nm, R=0.98 ohm, Kt=1.84, rated I=4.8 A",SteadyWin Planetary Reduction Motor Selection Table (official steadywin-motor.com document-download),robstride-steadywin_specs.csv
actuator,SteadyWin,GIM8115-9,https://steadywin-motor.com/products/biped-wheeled-large-torque-mechanical-dog-joint-actuator-high-performance-built-in-driver-1,https://islandcloud.co/link/689e8ddf86b8201b11f287fb/3b7bfd04-6f4c-48e1-8cd2-6a84b9bd3cd6,datasheets/robstride-steadywin/steadywin_planetary_reduction_motor_selection_table.xlsx,185.9,"OpenELAB from-price, base config (driver optional)",12~48,13.0,40.0,,100.0,129.0,189.6,0.705,96.0,48.5,9:1 planetary,1.62,unknown (table: 'Torque constant N.M/A'; motor/output frame unspecified),5.375,rpm/V,unknown (table: 'Speed constant rpm/V'; appears output-referenced),0.28,phase-to-phase,Delta,21.0,7.9,24.6914,IP54,CAN,"Rated V=24; dims/weight incl. driver; driver encoder 14bit; 2nd output-shaft encoder: NO; backlash 15arcmin; steel planetary gear; rated/peak current units per table ('A') | alt winding (48V): rated 15.27/peak 54.55 Nm, R=1.05 ohm, Kt=2.25, rated I=4.55 A | per-model PDF pack: datasheets/robstride-steadywin/steadywin_docs/Planetary Reduction Motor/GIM8115-9/",SteadyWin Planetary Reduction Motor Selection Table (official steadywin-motor.com document-download); reseller https://openelab.io/products/steadywin-gim8115-9-torque-servo,robstride-steadywin_specs.csv
actuator,SteadyWin,GIM8115-36,https://steadywin-motor.com,https://islandcloud.co/link/689e8ddf86b8201b11f287fb/3b7bfd04-6f4c-48e1-8cd2-6a84b9bd3cd6,datasheets/robstride-steadywin/steadywin_planetary_reduction_motor_selection_table.xlsx,,,12~48,45.6,132.0,,26.0,32.0,163.2,0.96,96.0,64.0,36:1 planetary,6.56,unknown (table: 'Torque constant N.M/A'; motor/output frame unspecified),1.3333,rpm/V,unknown (table: 'Speed constant rpm/V'; appears output-referenced),0.98,phase-to-phase,Delta,21.0,6.8,20.5,IP54,CAN,"Rated V=24; dims/weight incl. driver; driver encoder 14bit; 2nd output-shaft encoder: NO; backlash 15arcmin; steel planetary gear; rated/peak current units per table ('A') | alt winding (48V): rated 48/peak 190.2 Nm, R=0.351 ohm, Kt=5.8, rated I=8.53 A",SteadyWin Planetary Reduction Motor Selection Table (official steadywin-motor.com document-download),robstride-steadywin_specs.csv
actuator,SteadyWin,GIM10015-9,https://steadywin-motor.com,https://islandcloud.co/link/689e8ddf86b8201b11f287fb/3b7bfd04-6f4c-48e1-8cd2-6a84b9bd3cd6,datasheets/robstride-steadywin/steadywin_planetary_reduction_motor_selection_table.xlsx,,,12~48,30.0,62.1,,67.0,104.0,340.8,1.372,122.0,57.5,9:1 planetary,2.18,unknown (table: 'Torque constant N.M/A'; motor/output frame unspecified),4.3333,rpm/V,unknown (table: 'Speed constant rpm/V'; appears output-referenced),0.28,phase-to-phase,Delta,21.0,14.2,30.2,IP54,CAN,"Rated V=24; dims/weight incl. driver; driver encoder 14bit; 2nd output-shaft encoder: NO; backlash 15arcmin; steel planetary gear; rated/peak current units per table ('A') | alt winding (48V): rated 20.5/peak 112 Nm, R=0.761 ohm, Kt=1.5, rated I=5.5 A",SteadyWin Planetary Reduction Motor Selection Table (official steadywin-motor.com document-download),robstride-steadywin_specs.csv
actuator,ZeroErr,eRob70F (14-50),https://www.zeroerr.com/rotary_actuators/erob70f,https://dl.zeroerr.cn/static/en/eRob i-type rotary actuator parameter sheet.pdf,eRob_i-type_parameter_sheet.pdf,,,48,3.7,12.0,23.0,,60.0,75.0,0.77,70.0,60.4,strain wave 50:1,0.134,motor Nm/A_rms pre-gear (UM V3.42 Table 25-1); winding Y/D unstated; motor ver V3_MC2; output Kt=Kt*ratio*eta,8.0,V/kRPM,"line-to-line, +-5% (Table 25-1)",3.87,"line-to-line, +-10% (Table 25-1)",unknown,8.0,1.91,5.9,IP54,EtherCAT / CANopen / Modbus,"Ultra-flat. Avg-load torque=4.8Nm. Motor V3_MC2 16-pole: motor rated 0.24Nm@3000rpm, L 2.54mH. Module rated I 1.91A (Table 3-1). Enc 19-bit. Peak_Torque_Nm=peak start/stop torque; Max_Momentary=permissible max momentary torque.",https://www.zeroerr.com/rotary_actuators/erob70f ; UM V3.42 (eRob_User_Manual_V3.42.pdf),zeroerr_specs.csv
actuator,ZeroErr,eRob70F (14-80),https://www.zeroerr.com/rotary_actuators/erob70f,https://dl.zeroerr.cn/static/en/eRob i-type rotary actuator parameter sheet.pdf,eRob_i-type_parameter_sheet.pdf,,,48,5.4,16.0,35.0,,37.5,75.0,0.77,70.0,60.4,strain wave 80:1,0.134,motor Nm/A_rms pre-gear (UM V3.42 Table 25-1); winding Y/D unstated; motor ver V3_MC2; output Kt=Kt*ratio*eta,8.0,V/kRPM,"line-to-line, +-5% (Table 25-1)",3.87,"line-to-line, +-10% (Table 25-1)",unknown,8.0,1.91,5.9,IP54,EtherCAT / CANopen / Modbus,Ultra-flat. Avg-load torque=7.7Nm. Motor V3_MC2 16-pole. Module rated I 1.91A. Enc 19-bit.,https://www.zeroerr.com/rotary_actuators/erob70f ; UM V3.42 (eRob_User_Manual_V3.42.pdf),zeroerr_specs.csv
actuator,ZeroErr,eRob70F (14-100),https://www.zeroerr.com/rotary_actuators/erob70f,https://dl.zeroerr.cn/static/en/eRob i-type rotary actuator parameter sheet.pdf,eRob_i-type_parameter_sheet.pdf,,,48,5.4,19.0,35.0,,30.0,75.0,0.77,70.0,60.4,strain wave 100:1,0.134,motor Nm/A_rms pre-gear (UM V3.42 Table 25-1); winding Y/D unstated; motor ver V3_MC2; output Kt=Kt*ratio*eta,8.0,V/kRPM,"line-to-line, +-5% (Table 25-1)",3.87,"line-to-line, +-10% (Table 25-1)",unknown,8.0,1.91,5.9,IP54,EtherCAT / CANopen / Modbus,Ultra-flat. Avg-load torque=7.7Nm. Motor V3_MC2 16-pole. Module rated I 1.91A. Enc 19-bit. New size not in existing DB.,https://www.zeroerr.com/rotary_actuators/erob70f ; UM V3.42 (eRob_User_Manual_V3.42.pdf),zeroerr_specs.csv
actuator,ZeroErr,eRob70i (14-50),https://www.zeroerr.com/rotary_actuators/erob70i,https://dl.zeroerr.cn/static/en/eRob i-type rotary actuator parameter sheet.pdf,eRob_i-type_parameter_sheet.pdf,,,48,7.0,23.0,46.0,,60.0,100.0,0.82,70.0,71.0,strain wave 50:1,0.132,motor Nm/A_rms pre-gear (UM V3.42 Table 25-1); winding Y/D unstated; motor ver V4_MC2; output Kt=Kt*ratio*eta,8.3,V/kRPM,"line-to-line, +-5% (Table 25-1)",2.0,"line-to-line, +-10% (Table 25-1)",unknown,8.0,2.55,7.8,IP54,EtherCAT / CANopen / Modbus,"Avg-load torque=9Nm. Motor V4_MC2 16-pole (page lists actuator ver V5; no V5 in UM V3.42): 0.32Nm@3000rpm, L 2.46mH. Module rated I 2.55A. Earlier V3_MC1=10-pole Kt0.075/R1.75/Kv8.42/3.3A. Enc 19-bit. Matches existing DB.",https://www.zeroerr.com/rotary_actuators/erob70i ; UM V3.42 (eRob_User_Manual_V3.42.pdf),zeroerr_specs.csv
actuator,ZeroErr,eRob70i (14-80),https://www.zeroerr.com/rotary_actuators/erob70i,https://dl.zeroerr.cn/static/en/eRob i-type rotary actuator parameter sheet.pdf,eRob_i-type_parameter_sheet.pdf,,,48,10.0,30.0,61.0,,37.5,100.0,0.82,70.0,71.0,strain wave 80:1,0.132,motor Nm/A_rms pre-gear (UM V3.42 Table 25-1); winding Y/D unstated; motor ver V4_MC2; output Kt=Kt*ratio*eta,8.3,V/kRPM,"line-to-line, +-5% (Table 25-1)",2.0,"line-to-line, +-10% (Table 25-1)",unknown,8.0,2.55,7.8,IP54,EtherCAT / CANopen / Modbus,Avg-load torque=14Nm. Motor V4_MC2 16-pole. Module rated I 2.55A. Enc 19-bit. Ratio not in existing DB.,https://www.zeroerr.com/rotary_actuators/erob70i ; UM V3.42 (eRob_User_Manual_V3.42.pdf),zeroerr_specs.csv
actuator,ZeroErr,eRob70i (14-100),https://www.zeroerr.com/rotary_actuators/erob70i,https://dl.zeroerr.cn/static/en/eRob i-type rotary actuator parameter sheet.pdf,eRob_i-type_parameter_sheet.pdf,,,48,10.0,36.0,70.0,,30.0,100.0,0.82,70.0,71.0,strain wave 100:1,0.132,motor Nm/A_rms pre-gear (UM V3.42 Table 25-1); winding Y/D unstated; motor ver V4_MC2; output Kt=Kt*ratio*eta,8.3,V/kRPM,"line-to-line, +-5% (Table 25-1)",2.0,"line-to-line, +-10% (Table 25-1)",unknown,8.0,2.55,7.8,IP54,EtherCAT / CANopen / Modbus,Avg-load torque=14Nm. Motor V4_MC2 16-pole. Module rated I 2.55A. Enc 19-bit. Matches existing DB.,https://www.zeroerr.com/rotary_actuators/erob70i ; UM V3.42 (eRob_User_Manual_V3.42.pdf),zeroerr_specs.csv
actuator,ZeroErr,eRob70i (14-120),https://www.zeroerr.com/rotary_actuators/erob70i,https://dl.zeroerr.cn/static/en/eRob i-type rotary actuator parameter sheet.pdf,eRob_i-type_parameter_sheet.pdf,,,48,10.0,36.0,70.0,,25.0,100.0,0.82,70.0,71.0,strain wave 120:1,0.132,motor Nm/A_rms pre-gear (UM V3.42 Table 25-1); winding Y/D unstated; motor ver V4_MC2; output Kt=Kt*ratio*eta,8.3,V/kRPM,"line-to-line, +-5% (Table 25-1)",2.0,"line-to-line, +-10% (Table 25-1)",unknown,8.0,2.55,7.8,IP54,EtherCAT / CANopen / Modbus,Avg-load torque=14Nm. Motor V4_MC2 16-pole. Module rated I 2.55A. Enc 19-bit. Ratio not in existing DB.,https://www.zeroerr.com/rotary_actuators/erob70i ; UM V3.42 (eRob_User_Manual_V3.42.pdf),zeroerr_specs.csv
actuator,ZeroErr,eRob80F (17-50),https://www.zeroerr.com/rotary_actuators/erob80f,https://dl.zeroerr.cn/static/en/eRob i-type rotary actuator parameter sheet.pdf,eRob_i-type_parameter_sheet.pdf,,,48,11.0,23.0,48.0,,60.0,126.0,0.89,80.0,57.5,strain wave 50:1,0.126,motor Nm/A_rms pre-gear (UM V3.42 Table 25-1); winding Y/D unstated; motor ver V4_MC2; output Kt=Kt*ratio*eta,8.36,V/kRPM,"line-to-line, +-5% (Table 25-1)",1.362,"line-to-line, +-10% (Table 25-1)",unknown,8.0,3.6,10.8,IP54,EtherCAT / CANopen / Modbus,"Flat. Avg-load torque=18Nm. Motor V4_MC2 16-pole: 0.4Nm@3000rpm, L 1.362mH. Module rated I 3.5A (Table 3-1). Enc 19-bit. Only 2 ratios offered (50,100). Matches existing DB.",https://www.zeroerr.com/rotary_actuators/erob80f ; UM V3.42 (eRob_User_Manual_V3.42.pdf),zeroerr_specs.csv
actuator,ZeroErr,eRob80F (17-100),https://www.zeroerr.com/rotary_actuators/erob80f,https://dl.zeroerr.cn/static/en/eRob i-type rotary actuator parameter sheet.pdf,eRob_i-type_parameter_sheet.pdf,,,48,16.0,37.0,71.0,,30.0,126.0,0.89,80.0,57.5,strain wave 100:1,0.126,motor Nm/A_rms pre-gear (UM V3.42 Table 25-1); winding Y/D unstated; motor ver V4_MC2; output Kt=Kt*ratio*eta,8.36,V/kRPM,"line-to-line, +-5% (Table 25-1)",1.362,"line-to-line, +-10% (Table 25-1)",unknown,8.0,3.6,10.8,IP54,EtherCAT / CANopen / Modbus,Flat. Avg-load torque=27Nm. Motor V4_MC2 16-pole. Module rated I 3.5A. Enc 19-bit. Matches existing DB.,https://www.zeroerr.com/rotary_actuators/erob80f ; UM V3.42 (eRob_User_Manual_V3.42.pdf),zeroerr_specs.csv
actuator,ZeroErr,eRob80i (17-50),https://www.zeroerr.com/rotary_actuators/erob80i,https://dl.zeroerr.cn/static/en/eRob i-type rotary actuator parameter sheet.pdf,eRob_i-type_parameter_sheet.pdf,,,48,21.0,44.0,91.0,,60.0,126.0,1.03,80.0,64.2,strain wave 50:1,0.134,motor Nm/A_rms pre-gear (UM V3.42 Table 25-1); winding Y/D unstated; motor ver V5_MC2; output Kt=Kt*ratio*eta,8.1,V/kRPM,"line-to-line, +-5% (Table 25-1)",0.76,"line-to-line, +-10% (Table 25-1)",unknown,8.0,3.4,10.88,IP54,EtherCAT / CANopen / Modbus,"Avg-load torque=34Nm. Motor V5_MC2 16-pole (page now V6; no V6 in UM V3.42): 0.45Nm@3100rpm, L 1.32mH. Motor rated power 146W in UM vs 126W on page. Module rated I 4.1A (Table 3-1). Earlier V3_MC1=10-pole Kt0.101/R0.7/200W. Enc 19-bit. Matches existing DB.",https://www.zeroerr.com/rotary_actuators/erob80i ; UM V3.42 (eRob_User_Manual_V3.42.pdf),zeroerr_specs.csv
actuator,ZeroErr,eRob80i (17-80),https://www.zeroerr.com/rotary_actuators/erob80i,https://dl.zeroerr.cn/static/en/eRob i-type rotary actuator parameter sheet.pdf,eRob_i-type_parameter_sheet.pdf,,,48,29.0,56.0,113.0,,37.5,126.0,1.03,80.0,64.2,strain wave 80:1,0.134,motor Nm/A_rms pre-gear (UM V3.42 Table 25-1); winding Y/D unstated; motor ver V5_MC2; output Kt=Kt*ratio*eta,8.1,V/kRPM,"line-to-line, +-5% (Table 25-1)",0.76,"line-to-line, +-10% (Table 25-1)",unknown,8.0,3.4,10.88,IP54,EtherCAT / CANopen / Modbus,Avg-load torque=35Nm. Motor V5_MC2 16-pole. Module rated I 4.1A. Enc 19-bit. Ratio not in existing DB.,https://www.zeroerr.com/rotary_actuators/erob80i ; UM V3.42 (eRob_User_Manual_V3.42.pdf),zeroerr_specs.csv
actuator,ZeroErr,eRob80i (17-100),https://www.zeroerr.com/rotary_actuators/erob80i,https://dl.zeroerr.cn/static/en/eRob i-type rotary actuator parameter sheet.pdf,eRob_i-type_parameter_sheet.pdf,,,48,31.0,70.0,143.0,,30.0,126.0,1.03,80.0,64.2,strain wave 100:1,0.134,motor Nm/A_rms pre-gear (UM V3.42 Table 25-1); winding Y/D unstated; motor ver V5_MC2; output Kt=Kt*ratio*eta,8.1,V/kRPM,"line-to-line, +-5% (Table 25-1)",0.76,"line-to-line, +-10% (Table 25-1)",unknown,8.0,3.4,10.88,IP54,EtherCAT / CANopen / Modbus,Avg-load torque=51Nm. Motor V5_MC2 16-pole. Module rated I 4.1A. Enc 19-bit. Matches existing DB.,https://www.zeroerr.com/rotary_actuators/erob80i ; UM V3.42 (eRob_User_Manual_V3.42.pdf),zeroerr_specs.csv
actuator,ZeroErr,eRob80i (17-120),https://www.zeroerr.com/rotary_actuators/erob80i,https://dl.zeroerr.cn/static/en/eRob i-type rotary actuator parameter sheet.pdf,eRob_i-type_parameter_sheet.pdf,,,48,31.0,70.0,112.0,,25.0,126.0,1.03,80.0,64.2,strain wave 120:1,0.134,motor Nm/A_rms pre-gear (UM V3.42 Table 25-1); winding Y/D unstated; motor ver V5_MC2; output Kt=Kt*ratio*eta,8.1,V/kRPM,"line-to-line, +-5% (Table 25-1)",0.76,"line-to-line, +-10% (Table 25-1)",unknown,8.0,3.4,10.88,IP54,EtherCAT / CANopen / Modbus,"Avg-load torque=51Nm. Motor V5_MC2 16-pole. Module rated I 4.1A. Enc 19-bit. NOTE raw anomaly: page lists max momentary 112Nm for 17-120, LOWER than 17-100 (143Nm) - captured as shown. Ratio not in existing DB.",https://www.zeroerr.com/rotary_actuators/erob80i ; UM V3.42 (eRob_User_Manual_V3.42.pdf),zeroerr_specs.csv
actuator,ZeroErr,eRob90i (20-50),https://www.zeroerr.com/rotary_actuators/erob90i,https://dl.zeroerr.cn/static/en/eRob i-type rotary actuator parameter sheet.pdf,eRob_i-type_parameter_sheet.pdf,1218.0,"AIFITLAB reseller: from USD 1390; model-level 'from' price, config-dependent; EUR@0.876 (xe 2026-07-23)",48,33.0,73.0,127.0,,60.0,314.0,1.506,90.0,75.9,strain wave 50:1,0.14,motor Nm/A_rms pre-gear (UM V3.42 Table 25-1); winding Y/D unstated; motor ver V3_MC2; output Kt=Kt*ratio*eta,8.3,V/kRPM,"line-to-line, +-5% (Table 25-1)",0.31,"line-to-line, +-10% (Table 25-1)",unknown,8.0,6.7,21.44,IP54,EtherCAT / CANopen / Modbus,"Avg-load torque=44Nm. Motor V3_MC2 16-pole (page now V6=314W; UM V3.42 tops at V3_MC2=293W): 0.85Nm@3300rpm, L 0.86mH. Module rated I 6.7A. Earlier V3_MC1=10-pole Kt0.088/R0.22/400W. Encoder 19/20-bit; hollow bore 18mm; with-brake wt 1.639kg. Matches existing DB.",https://www.zeroerr.com/rotary_actuators/erob90i ; UM V3.42 (eRob_User_Manual_V3.42.pdf),zeroerr_specs.csv
actuator,ZeroErr,eRob90i (20-80),https://www.zeroerr.com/rotary_actuators/erob90i,https://dl.zeroerr.cn/static/en/eRob i-type rotary actuator parameter sheet.pdf,eRob_i-type_parameter_sheet.pdf,1218.0,"AIFITLAB reseller: from USD 1390; model-level 'from' price, config-dependent; EUR@0.876 (xe 2026-07-23)",48,44.0,96.0,165.0,,37.5,314.0,1.506,90.0,75.9,strain wave 80:1,0.14,motor Nm/A_rms pre-gear (UM V3.42 Table 25-1); winding Y/D unstated; motor ver V3_MC2; output Kt=Kt*ratio*eta,8.3,V/kRPM,"line-to-line, +-5% (Table 25-1)",0.31,"line-to-line, +-10% (Table 25-1)",unknown,8.0,6.7,21.44,IP54,EtherCAT / CANopen / Modbus,Avg-load torque=61Nm. Motor V3_MC2 16-pole. Module rated I 6.7A. Enc 19/20-bit. Ratio not in existing DB.,https://www.zeroerr.com/rotary_actuators/erob90i ; UM V3.42 (eRob_User_Manual_V3.42.pdf),zeroerr_specs.csv
actuator,ZeroErr,eRob90i (20-100),https://www.zeroerr.com/rotary_actuators/erob90i,https://dl.zeroerr.cn/static/en/eRob i-type rotary actuator parameter sheet.pdf,eRob_i-type_parameter_sheet.pdf,1218.0,"AIFITLAB reseller: from USD 1390; model-level 'from' price, config-dependent; EUR@0.876 (xe 2026-07-23)",48,52.0,107.0,191.0,,30.0,314.0,1.506,90.0,75.9,strain wave 100:1,0.14,motor Nm/A_rms pre-gear (UM V3.42 Table 25-1); winding Y/D unstated; motor ver V3_MC2; output Kt=Kt*ratio*eta,8.3,V/kRPM,"line-to-line, +-5% (Table 25-1)",0.31,"line-to-line, +-10% (Table 25-1)",unknown,8.0,6.7,21.44,IP54,EtherCAT / CANopen / Modbus,Avg-load torque=64Nm. Motor V3_MC2 16-pole. Module rated I 6.7A. Enc 19/20-bit. Matches existing DB.,https://www.zeroerr.com/rotary_actuators/erob90i ; UM V3.42 (eRob_User_Manual_V3.42.pdf),zeroerr_specs.csv
actuator,ZeroErr,eRob90i (20-120),https://www.zeroerr.com/rotary_actuators/erob90i,https://dl.zeroerr.cn/static/en/eRob i-type rotary actuator parameter sheet.pdf,eRob_i-type_parameter_sheet.pdf,1218.0,"AIFITLAB reseller: from USD 1390; model-level 'from' price, config-dependent; EUR@0.876 (xe 2026-07-23)",48,52.0,113.0,191.0,,25.0,314.0,1.506,90.0,75.9,strain wave 120:1,0.14,motor Nm/A_rms pre-gear (UM V3.42 Table 25-1); winding Y/D unstated; motor ver V3_MC2; output Kt=Kt*ratio*eta,8.3,V/kRPM,"line-to-line, +-5% (Table 25-1)",0.31,"line-to-line, +-10% (Table 25-1)",unknown,8.0,6.7,21.44,IP54,EtherCAT / CANopen / Modbus,Avg-load torque=64Nm. Motor V3_MC2 16-pole. Module rated I 6.7A. Enc 19/20-bit. Ratio not in existing DB.,https://www.zeroerr.com/rotary_actuators/erob90i ; UM V3.42 (eRob_User_Manual_V3.42.pdf),zeroerr_specs.csv
actuator,ZeroErr,eRob110i (25-50),https://www.zeroerr.com/rotary_actuators/erob110i,https://dl.zeroerr.cn/static/en/eRob i-type rotary actuator parameter sheet.pdf,eRob_i-type_parameter_sheet.pdf,1270.0,"AIFITLAB reseller: from USD 1450 (base USD 1470); model-level 'from' price, config-dependent; EUR@0.876 (xe 2026-07-23)",48,51.0,127.0,242.0,,60.0,723.0,2.57,110.0,80.2,strain wave 50:1,0.134,motor Nm/A_rms pre-gear (UM V3.42 Table 25-1); winding Y/D unstated; motor ver V6_MC2; output Kt=Kt*ratio*eta,8.1,V/kRPM,"line-to-line, +-5% (Table 25-1)",0.084,"line-to-line, +-10% (Table 25-1)",unknown,8.0,18.9,50.0,IP54,EtherCAT / CANopen / Modbus,"Avg-load torque=72Nm. Motor V6_MC2 16-pole (current-gen, 723W matches page): 2.3Nm@3000rpm, L 0.16mH. Module rated I 18.6A (Table 3-1). With-brake wt 2.68kg. Enc 19-bit. Matches existing DB.",https://www.zeroerr.com/rotary_actuators/erob110i ; UM V3.42 (eRob_User_Manual_V3.42.pdf),zeroerr_specs.csv
actuator,ZeroErr,eRob110i (25-80),https://www.zeroerr.com/rotary_actuators/erob110i,https://dl.zeroerr.cn/static/en/eRob i-type rotary actuator parameter sheet.pdf,eRob_i-type_parameter_sheet.pdf,1270.0,"AIFITLAB reseller: from USD 1450 (base USD 1470); model-level 'from' price, config-dependent; EUR@0.876 (xe 2026-07-23)",48,82.0,178.0,332.0,,37.5,723.0,2.57,110.0,80.2,strain wave 80:1,0.134,motor Nm/A_rms pre-gear (UM V3.42 Table 25-1); winding Y/D unstated; motor ver V6_MC2; output Kt=Kt*ratio*eta,8.1,V/kRPM,"line-to-line, +-5% (Table 25-1)",0.084,"line-to-line, +-10% (Table 25-1)",unknown,8.0,18.9,50.0,IP54,EtherCAT / CANopen / Modbus,Avg-load torque=113Nm. Motor V6_MC2 16-pole. Module rated I 18.6A. Enc 19-bit. Ratio not in existing DB.,https://www.zeroerr.com/rotary_actuators/erob110i ; UM V3.42 (eRob_User_Manual_V3.42.pdf),zeroerr_specs.csv
actuator,ZeroErr,eRob110i (25-100),https://www.zeroerr.com/rotary_actuators/erob110i,https://dl.zeroerr.cn/static/en/eRob i-type rotary actuator parameter sheet.pdf,eRob_i-type_parameter_sheet.pdf,1270.0,"AIFITLAB reseller: from USD 1450 (base USD 1470); model-level 'from' price, config-dependent; EUR@0.876 (xe 2026-07-23)",48,87.0,204.0,369.0,,30.0,723.0,2.57,110.0,80.2,strain wave 100:1,0.134,motor Nm/A_rms pre-gear (UM V3.42 Table 25-1); winding Y/D unstated; motor ver V6_MC2; output Kt=Kt*ratio*eta,8.1,V/kRPM,"line-to-line, +-5% (Table 25-1)",0.084,"line-to-line, +-10% (Table 25-1)",unknown,8.0,18.9,50.0,IP54,EtherCAT / CANopen / Modbus,Avg-load torque=140Nm. Motor V6_MC2 16-pole. Module rated I 18.6A. Enc 19-bit. Matches existing DB.,https://www.zeroerr.com/rotary_actuators/erob110i ; UM V3.42 (eRob_User_Manual_V3.42.pdf),zeroerr_specs.csv
actuator,ZeroErr,eRob110i (25-120),https://www.zeroerr.com/rotary_actuators/erob110i,https://dl.zeroerr.cn/static/en/eRob i-type rotary actuator parameter sheet.pdf,eRob_i-type_parameter_sheet.pdf,1270.0,"AIFITLAB reseller: from USD 1450 (base USD 1470); model-level 'from' price, config-dependent; EUR@0.876 (xe 2026-07-23)",48,87.0,217.0,395.0,,25.0,723.0,2.57,110.0,80.2,strain wave 120:1,0.134,motor Nm/A_rms pre-gear (UM V3.42 Table 25-1); winding Y/D unstated; motor ver V6_MC2; output Kt=Kt*ratio*eta,8.1,V/kRPM,"line-to-line, +-5% (Table 25-1)",0.084,"line-to-line, +-10% (Table 25-1)",unknown,8.0,18.9,50.0,IP54,EtherCAT / CANopen / Modbus,Avg-load torque=140Nm. Motor V6_MC2 16-pole. Module rated I 18.6A. Enc 19-bit. Ratio not in existing DB.,https://www.zeroerr.com/rotary_actuators/erob110i ; UM V3.42 (eRob_User_Manual_V3.42.pdf),zeroerr_specs.csv
actuator,ZeroErr,eRob110i (25-160),https://www.zeroerr.com/rotary_actuators/erob110i,https://dl.zeroerr.cn/static/en/eRob i-type rotary actuator parameter sheet.pdf,eRob_i-type_parameter_sheet.pdf,1270.0,"AIFITLAB reseller: from USD 1450 (base USD 1470); model-level 'from' price, config-dependent; EUR@0.876 (xe 2026-07-23)",48,87.0,229.0,408.0,,18.75,723.0,2.57,110.0,80.2,strain wave 160:1,0.134,motor Nm/A_rms pre-gear (UM V3.42 Table 25-1); winding Y/D unstated; motor ver V6_MC2; output Kt=Kt*ratio*eta,8.1,V/kRPM,"line-to-line, +-5% (Table 25-1)",0.084,"line-to-line, +-10% (Table 25-1)",unknown,8.0,18.9,50.0,IP54,EtherCAT / CANopen / Modbus,Avg-load torque=140Nm. Motor V6_MC2 16-pole. Module rated I 18.6A. Enc 19-bit. Matches existing DB.,https://www.zeroerr.com/rotary_actuators/erob110i ; UM V3.42 (eRob_User_Manual_V3.42.pdf),zeroerr_specs.csv
actuator,ZeroErr,eRob142i (32-50),https://www.zeroerr.com/rotary_actuators/erob142i,https://dl.zeroerr.cn/static/en/eRob i-type rotary actuator parameter sheet.pdf,eRob_i-type_parameter_sheet.pdf,1340.0,"AIFITLAB reseller: from USD 1530 (base USD 1550); model-level 'from' price, config-dependent; EUR@0.876 (xe 2026-07-23)",48,99.0,281.0,497.0,,40.0,1000.0,6.49,142.0,133.9,strain wave 50:1,0.153,motor Nm/A_rms pre-gear (UM V3.42 Table 25-1); winding Y/D unstated; motor ver V3_MC1; output Kt=Kt*ratio*eta,12.2,V/kRPM,"line-to-line, +-5% (Table 25-1)",0.069,"line-to-line, +-10% (Table 25-1)",unknown,5.0,26.0,56.0,IP54,EtherCAT / CANopen / Modbus,"Avg-load torque=140Nm. Motor V3_MC1 10-pole (matches Table 3-1 26A): 4.78Nm@2000rpm, L 0.37mH. Alt V4_MC2=Kt0.22/Kv13.5/R0.059/22A/71Apk. Module rated I 26A. Enc 19-bit. Matches existing DB.",https://www.zeroerr.com/rotary_actuators/erob142i ; UM V3.42 (eRob_User_Manual_V3.42.pdf),zeroerr_specs.csv
actuator,ZeroErr,eRob142i (32-80),https://www.zeroerr.com/rotary_actuators/erob142i,https://dl.zeroerr.cn/static/en/eRob i-type rotary actuator parameter sheet.pdf,eRob_i-type_parameter_sheet.pdf,1340.0,"AIFITLAB reseller: from USD 1530 (base USD 1550); model-level 'from' price, config-dependent; EUR@0.876 (xe 2026-07-23)",48,153.0,395.0,738.0,,25.0,1000.0,6.49,142.0,133.9,strain wave 80:1,0.153,motor Nm/A_rms pre-gear (UM V3.42 Table 25-1); winding Y/D unstated; motor ver V3_MC1; output Kt=Kt*ratio*eta,12.2,V/kRPM,"line-to-line, +-5% (Table 25-1)",0.069,"line-to-line, +-10% (Table 25-1)",unknown,5.0,26.0,56.0,IP54,EtherCAT / CANopen / Modbus,Avg-load torque=217Nm. Motor V3_MC1 10-pole. Module rated I 26A. Enc 19-bit. Ratio not in existing DB.,https://www.zeroerr.com/rotary_actuators/erob142i ; UM V3.42 (eRob_User_Manual_V3.42.pdf),zeroerr_specs.csv
actuator,ZeroErr,eRob142i (32-100),https://www.zeroerr.com/rotary_actuators/erob142i,https://dl.zeroerr.cn/static/en/eRob i-type rotary actuator parameter sheet.pdf,eRob_i-type_parameter_sheet.pdf,1340.0,"AIFITLAB reseller: from USD 1530 (base USD 1550); model-level 'from' price, config-dependent; EUR@0.876 (xe 2026-07-23)",48,178.0,433.0,841.0,,20.0,1000.0,6.49,142.0,133.9,strain wave 100:1,0.153,motor Nm/A_rms pre-gear (UM V3.42 Table 25-1); winding Y/D unstated; motor ver V3_MC1; output Kt=Kt*ratio*eta,12.2,V/kRPM,"line-to-line, +-5% (Table 25-1)",0.069,"line-to-line, +-10% (Table 25-1)",unknown,5.0,26.0,56.0,IP54,EtherCAT / CANopen / Modbus,Avg-load torque=281Nm. Motor V3_MC1 10-pole. Module rated I 26A. Enc 19-bit. Matches existing DB.,https://www.zeroerr.com/rotary_actuators/erob142i ; UM V3.42 (eRob_User_Manual_V3.42.pdf),zeroerr_specs.csv
actuator,ZeroErr,eRob142i (32-120),https://www.zeroerr.com/rotary_actuators/erob142i,https://dl.zeroerr.cn/static/en/eRob i-type rotary actuator parameter sheet.pdf,eRob_i-type_parameter_sheet.pdf,1340.0,"AIFITLAB reseller: from USD 1530 (base USD 1550); model-level 'from' price, config-dependent; EUR@0.876 (xe 2026-07-23)",48,178.0,459.0,892.0,,16.7,1000.0,6.49,142.0,133.9,strain wave 120:1,0.153,motor Nm/A_rms pre-gear (UM V3.42 Table 25-1); winding Y/D unstated; motor ver V3_MC1; output Kt=Kt*ratio*eta,12.2,V/kRPM,"line-to-line, +-5% (Table 25-1)",0.069,"line-to-line, +-10% (Table 25-1)",unknown,5.0,26.0,56.0,IP54,EtherCAT / CANopen / Modbus,Avg-load torque=281Nm. Motor V3_MC1 10-pole. Module rated I 26A. Enc 19-bit. Ratio not in existing DB.,https://www.zeroerr.com/rotary_actuators/erob142i ; UM V3.42 (eRob_User_Manual_V3.42.pdf),zeroerr_specs.csv
actuator,ZeroErr,eRob142i (32-160),https://www.zeroerr.com/rotary_actuators/erob142i,https://dl.zeroerr.cn/static/en/eRob i-type rotary actuator parameter sheet.pdf,eRob_i-type_parameter_sheet.pdf,1340.0,"AIFITLAB reseller: from USD 1530 (base USD 1550); model-level 'from' price, config-dependent; EUR@0.876 (xe 2026-07-23)",48,178.0,484.0,892.0,,12.5,1000.0,6.49,142.0,133.9,strain wave 160:1,0.153,motor Nm/A_rms pre-gear (UM V3.42 Table 25-1); winding Y/D unstated; motor ver V3_MC1; output Kt=Kt*ratio*eta,12.2,V/kRPM,"line-to-line, +-5% (Table 25-1)",0.069,"line-to-line, +-10% (Table 25-1)",unknown,5.0,26.0,56.0,IP54,EtherCAT / CANopen / Modbus,Avg-load torque=281Nm. Motor V3_MC1 10-pole. Module rated I 26A. Enc 19-bit. Matches existing DB.,https://www.zeroerr.com/rotary_actuators/erob142i ; UM V3.42 (eRob_User_Manual_V3.42.pdf),zeroerr_specs.csv
actuator,ZeroErr,eRob170i (40-50),https://www.zeroerr.com/rotary_actuators/erob170i,https://dl.zeroerr.cn/static/en/eRob i-type rotary actuator parameter sheet.pdf,eRob_i-type_parameter_sheet.pdf,2015.0,"AIFITLAB reseller: from USD 2300 (base USD 2320); model-level 'from' price, config-dependent; EUR@0.876 (xe 2026-07-23)",48,137.0,402.0,686.0,,40.0,1000.0,9.29,170.0,144.9,strain wave 50:1,0.153,motor Nm/A_rms pre-gear (UM V3.42 Table 25-1); winding Y/D unstated; motor ver V3_MC1 (uncertain - see Notes); output Kt=Kt*ratio*eta,12.2,V/kRPM,"line-to-line, +-5% (Table 25-1)",0.069,"line-to-line, +-10% (Table 25-1)",unknown,5.0,26.0,56.0,IP54,EtherCAT / CANopen / Modbus,NEW size not in existing DB. Avg-load torque=196Nm. Motor 10-pole 1000W@2000rpm (same motor as 142i). Version uncertain: listed=V3_MC1 (Kt0.153/Kv12.2/R0.069/26A/56Apk); alt V3_MC2 (Kt0.22/Kv13.5/R0.059/22A/71Apk). Module rated I 45A (Table 3-1). Enc 19-bit.,https://www.zeroerr.com/rotary_actuators/erob170i ; UM V3.42 (eRob_User_Manual_V3.42.pdf),zeroerr_specs.csv
actuator,ZeroErr,eRob170i (40-80),https://www.zeroerr.com/rotary_actuators/erob170i,https://dl.zeroerr.cn/static/en/eRob i-type rotary actuator parameter sheet.pdf,eRob_i-type_parameter_sheet.pdf,2015.0,"AIFITLAB reseller: from USD 2300 (base USD 2320); model-level 'from' price, config-dependent; EUR@0.876 (xe 2026-07-23)",48,206.0,519.0,980.0,,25.0,1000.0,9.29,170.0,144.9,strain wave 80:1,0.153,motor Nm/A_rms pre-gear (UM V3.42 Table 25-1); winding Y/D unstated; motor ver V3_MC1 (uncertain); output Kt=Kt*ratio*eta,12.2,V/kRPM,"line-to-line, +-5% (Table 25-1)",0.069,"line-to-line, +-10% (Table 25-1)",unknown,5.0,26.0,56.0,IP54,EtherCAT / CANopen / Modbus,NEW size not in existing DB. Avg-load torque=284Nm. Motor 10-pole 1000W@2000rpm. Version uncertain (V3_MC1/V3_MC2). Module rated I 45A. Enc 19-bit.,https://www.zeroerr.com/rotary_actuators/erob170i ; UM V3.42 (eRob_User_Manual_V3.42.pdf),zeroerr_specs.csv
actuator,ZeroErr,eRob170i (40-100),https://www.zeroerr.com/rotary_actuators/erob170i,https://dl.zeroerr.cn/static/en/eRob i-type rotary actuator parameter sheet.pdf,eRob_i-type_parameter_sheet.pdf,2015.0,"AIFITLAB reseller: from USD 2300 (base USD 2320); model-level 'from' price, config-dependent; EUR@0.876 (xe 2026-07-23)",48,265.0,568.0,1080.0,,20.0,1000.0,9.29,170.0,144.9,strain wave 100:1,0.153,motor Nm/A_rms pre-gear (UM V3.42 Table 25-1); winding Y/D unstated; motor ver V3_MC1 (uncertain); output Kt=Kt*ratio*eta,12.2,V/kRPM,"line-to-line, +-5% (Table 25-1)",0.069,"line-to-line, +-10% (Table 25-1)",unknown,5.0,26.0,56.0,IP54,EtherCAT / CANopen / Modbus,NEW size not in existing DB. Avg-load torque=372Nm. Motor 10-pole 1000W@2000rpm. Version uncertain (V3_MC1/V3_MC2). Module rated I 45A. Enc 19-bit.,https://www.zeroerr.com/rotary_actuators/erob170i ; UM V3.42 (eRob_User_Manual_V3.42.pdf),zeroerr_specs.csv
actuator,ZeroErr,eRob170i (40-120),https://www.zeroerr.com/rotary_actuators/erob170i,https://dl.zeroerr.cn/static/en/eRob i-type rotary actuator parameter sheet.pdf,eRob_i-type_parameter_sheet.pdf,2015.0,"AIFITLAB reseller: from USD 2300 (base USD 2320); model-level 'from' price, config-dependent; EUR@0.876 (xe 2026-07-23)",48,294.0,617.0,1180.0,,16.7,1000.0,9.29,170.0,144.9,strain wave 120:1,0.153,motor Nm/A_rms pre-gear (UM V3.42 Table 25-1); winding Y/D unstated; motor ver V3_MC1 (uncertain); output Kt=Kt*ratio*eta,12.2,V/kRPM,"line-to-line, +-5% (Table 25-1)",0.069,"line-to-line, +-10% (Table 25-1)",unknown,5.0,26.0,56.0,IP54,EtherCAT / CANopen / Modbus,NEW size not in existing DB. Avg-load torque=451Nm. Motor 10-pole 1000W@2000rpm. Version uncertain (V3_MC1/V3_MC2). Module rated I 45A. Enc 19-bit.,https://www.zeroerr.com/rotary_actuators/erob170i ; UM V3.42 (eRob_User_Manual_V3.42.pdf),zeroerr_specs.csv
actuator,ZeroErr,eRob170i (40-160),https://www.zeroerr.com/rotary_actuators/erob170i,https://dl.zeroerr.cn/static/en/eRob i-type rotary actuator parameter sheet.pdf,eRob_i-type_parameter_sheet.pdf,2015.0,"AIFITLAB reseller: from USD 2300 (base USD 2320); model-level 'from' price, config-dependent; EUR@0.876 (xe 2026-07-23)",48,294.0,647.0,1180.0,,12.5,1000.0,9.29,170.0,144.9,strain wave 160:1,0.153,motor Nm/A_rms pre-gear (UM V3.42 Table 25-1); winding Y/D unstated; motor ver V3_MC1 (uncertain); output Kt=Kt*ratio*eta,12.2,V/kRPM,"line-to-line, +-5% (Table 25-1)",0.069,"line-to-line, +-10% (Table 25-1)",unknown,5.0,26.0,56.0,IP54,EtherCAT / CANopen / Modbus,NEW size not in existing DB. Avg-load torque=451Nm. Motor 10-pole 1000W@2000rpm. Version uncertain (V3_MC1/V3_MC2). Module rated I 45A. Enc 19-bit.,https://www.zeroerr.com/rotary_actuators/erob170i ; UM V3.42 (eRob_User_Manual_V3.42.pdf),zeroerr_specs.csv
