ISO-10303-21;
HEADER;
FILE_DESCRIPTION (( 'STEP AP203' ),
    '1' );
FILE_NAME ('GIM3505-8°²×°³ß´çÍ¼_25071501.STEP',
    '2025-07-15T07:42:18',
    ( '' ),
    ( '' ),
    'SwSTEP 2.0',
    'SolidWorks 2016',
    '' );
FILE_SCHEMA (( 'CONFIG_CONTROL_DESIGN' ));
ENDSEC;

DATA;
#1 = CARTESIAN_POINT ( 'NONE',  ( 178.6013034760583500, 52.86383567243007100, 2.199999311752463400 ) ) ;
#2 = CARTESIAN_POINT ( 'NONE',  ( 182.2719257169745500, 41.86904400576364800, 4.199999999999903400 ) ) ;
#3 = FACE_OUTER_BOUND ( 'NONE', #3284, .T. ) ;
#4 = CARTESIAN_POINT ( 'NONE',  ( 159.5719257169749000, 45.86904400576391100, 22.49999878108514300 ) ) ;
#5 = EDGE_LOOP ( 'NONE', ( #3581, #6536, #7835, #2322 ) ) ;
#6 = AXIS2_PLACEMENT_3D ( 'NONE', #7979, #10755, #7262 ) ;
#7 = CARTESIAN_POINT ( 'NONE',  ( 173.7719257169744100, 37.86904386338095200, 19.99999947845892800 ) ) ;
#8 = ADVANCED_FACE ( 'NONE', ( #9027 ), #4893, .F. ) ;
#9 = CYLINDRICAL_SURFACE ( 'NONE', #3102, 2.000000000000001800 ) ;
#10 = DIRECTION ( 'NONE',  ( 0.0000000000000000000, 1.000000000000000000, -2.891205793294675900E-016 ) ) ;
#11 = AXIS2_PLACEMENT_3D ( 'NONE', #8022, #2518, #11619 ) ;
#12 = DIRECTION ( 'NONE',  ( 0.0000000000000000000, 1.000000000000000000, 0.0000000000000000000 ) ) ;
#13 = CARTESIAN_POINT ( 'NONE',  ( 191.4000717265999200, 42.89559590511721200, 20.49999878108513900 ) ) ;
#14 = ORIENTED_EDGE ( 'NONE', *, *, #437, .T. ) ;
#15 = CYLINDRICAL_SURFACE ( 'NONE', #2474, 0.5000000000000004400 ) ;
#16 = CARTESIAN_POINT ( 'NONE',  ( 190.2719267945538200, 45.86904400576364100, 1.750013533165847300 ) ) ;
#17 = CARTESIAN_POINT ( 'NONE',  ( 191.4000717265999200, 50.59249149310147700, 20.49999878108513900 ) ) ;
#18 = DIRECTION ( 'NONE',  ( -0.0000000000000000000, -0.0000000000000000000, 1.000000000000000000 ) ) ;
#19 = CARTESIAN_POINT ( 'NONE',  ( 173.7719257169743800, 45.86904386338088800, 22.99999947845984100 ) ) ;
#20 = CARTESIAN_POINT ( 'NONE',  ( 156.5395405552501700, 34.76522125548363100, 16.49999967266197100 ) ) ;
#21 = ORIENTED_EDGE ( 'NONE', *, *, #1558, .T. ) ;
#22 = VERTEX_POINT ( 'NONE', #4802 ) ;
#23 = ORIENTED_EDGE ( 'NONE', *, *, #582, .F. ) ;
#24 = CYLINDRICAL_SURFACE ( 'NONE', #6662, 2.000000000000001800 ) ;
#25 = CARTESIAN_POINT ( 'NONE',  ( 174.8670723329549600, 41.86904400576364100, 4.199999999999903400 ) ) ;
#26 = DIRECTION ( 'NONE',  ( 0.0000000000000000000, -1.000000000000000000, 4.930380657631323800E-032 ) ) ;
#27 = ORIENTED_EDGE ( 'NONE', *, *, #6071, .T. ) ;
#28 = ORIENTED_EDGE ( 'NONE', *, *, #2670, .T. ) ;
#29 = EDGE_CURVE ( 'NONE', #7048, #620, #10045, .T. ) ;
#30 = ORIENTED_EDGE ( 'NONE', *, *, #9669, .F. ) ;
#31 = ORIENTED_EDGE ( 'NONE', *, *, #4935, .T. ) ;
#32 = DIRECTION ( 'NONE',  ( -1.000000000000000000, -3.700743415417168100E-014, 0.0000000000000000000 ) ) ;
#33 = AXIS2_PLACEMENT_3D ( 'NONE', #385, #2041, #2083 ) ;
#34 = ORIENTED_EDGE ( 'NONE', *, *, #1794, .T. ) ;
#35 = FACE_OUTER_BOUND ( 'NONE', #11048, .T. ) ;
#36 = AXIS2_PLACEMENT_3D ( 'NONE', #3411, #9835, #747 ) ;
#37 = AXIS2_PLACEMENT_3D ( 'NONE', #3330, #2466, #5160 ) ;
#38 = ORIENTED_EDGE ( 'NONE', *, *, #9292, .F. ) ;
#39 = CARTESIAN_POINT ( 'NONE',  ( 155.2719258708797600, 44.51904400576378900, 19.49999999999988600 ) ) ;
#40 = EDGE_CURVE ( 'NONE', #6365, #1244, #3584, .T. ) ;
#41 = EDGE_CURVE ( 'NONE', #4614, #5935, #839, .T. ) ;
#42 = FACE_OUTER_BOUND ( 'NONE', #7693, .T. ) ;
#43 = PLANE ( 'NONE',  #5780 ) ;
#44 = EDGE_CURVE ( 'NONE', #9483, #4916, #5180, .T. ) ;
#45 = DIRECTION ( 'NONE',  ( 0.0000000000000000000, 0.0000000000000000000, -1.000000000000000000 ) ) ;
#46 = DIRECTION ( 'NONE',  ( -1.000000000000000000, 3.816391647149025500E-014, 0.0000000000000000000 ) ) ;
#47 = AXIS2_PLACEMENT_3D ( 'NONE', #6459, #3761, #928 ) ;
#48 = EDGE_LOOP ( 'NONE', ( #9785, #6585, #5649, #5594 ) ) ;
#49 = EDGE_CURVE ( 'NONE', #2192, #5257, #5892, .T. ) ;
#50 = DIRECTION ( 'NONE',  ( -1.000000000000000000, 0.0000000000000000000, 0.0000000000000000000 ) ) ;
#51 = VERTEX_POINT ( 'NONE', #8463 ) ;
#52 = CARTESIAN_POINT ( 'NONE',  ( 188.9121669598396500, 54.64532421794879700, 2.732189474663471200E-014 ) ) ;
#53 = DIRECTION ( 'NONE',  ( 0.0000000000000000000, 0.0000000000000000000, -1.000000000000000000 ) ) ;
#54 = DIRECTION ( 'NONE',  ( 4.078893220340672900E-032, 2.220446049250313100E-016, 1.000000000000000000 ) ) ;
#55 = DIRECTION ( 'NONE',  ( -1.000000000000000000, 0.0000000000000000000, -5.782411586589351700E-016 ) ) ;
#57 = ADVANCED_FACE ( 'NONE', ( #8011 ), #5604, .F. ) ;
#56 = DIRECTION ( 'NONE',  ( -0.0000000000000000000, -0.0000000000000000000, 1.000000000000000000 ) ) ;
#58 = EDGE_CURVE ( 'NONE', #11136, #4972, #2702, .T. ) ;
#59 = DIRECTION ( 'NONE',  ( -1.000000000000000000, 0.0000000000000000000, 0.0000000000000000000 ) ) ;
#60 = VERTEX_POINT ( 'NONE', #3990 ) ;
#61 = AXIS2_PLACEMENT_3D ( 'NONE', #10405, #6765, #11493 ) ;
#62 = EDGE_LOOP ( 'NONE', ( #3501, #2031, #7796, #5147, #1865, #7172 ) ) ;
#63 = VERTEX_POINT ( 'NONE', #2058 ) ;
#64 = EDGE_CURVE ( 'NONE', #605, #3180, #6332, .T. ) ;
#65 = ORIENTED_EDGE ( 'NONE', *, *, #3417, .F. ) ;
#66 = EDGE_CURVE ( 'NONE', #7736, #6823, #7599, .T. ) ;
#67 = CIRCLE ( 'NONE', #2055, 1.749999386690449100 ) ;
#68 = DIRECTION ( 'NONE',  ( -1.000000000000000000, 0.0000000000000000000, 0.0000000000000000000 ) ) ;
#69 = CARTESIAN_POINT ( 'NONE',  ( 173.7719257169743800, 52.86904778061595100, 5.499999311752191000 ) ) ;
#70 = CIRCLE ( 'NONE', #800, 2.000000000000001800 ) ;
#71 = CARTESIAN_POINT ( 'NONE',  ( 173.7719257169744900, 51.86904400577365200, 81.17012103714566300 ) ) ;
#72 = EDGE_LOOP ( 'NONE', ( #2872, #7004, #1616, #2321 ) ) ;
#73 = ORIENTED_EDGE ( 'NONE', *, *, #9032, .T. ) ;
#74 = DIRECTION ( 'NONE',  ( -1.000000000000000000, 0.0000000000000000000, 0.0000000000000000000 ) ) ;
#75 = DIRECTION ( 'NONE',  ( -1.000000000000000000, 0.0000000000000000000, 0.0000000000000000000 ) ) ;
#76 = ORIENTED_EDGE ( 'NONE', *, *, #8366, .T. ) ;
#77 = ORIENTED_EDGE ( 'NONE', *, *, #5778, .F. ) ;
#78 = ADVANCED_FACE ( 'NONE', ( #9462 ), #3883, .T. ) ;
#79 = ORIENTED_EDGE ( 'NONE', *, *, #3754, .F. ) ;
#80 = LINE ( 'NONE', #10364, #8684 ) ;
#81 = DIRECTION ( 'NONE',  ( 5.438524293787564200E-032, 1.000000000000000000, -1.224646799147353500E-016 ) ) ;
#82 = AXIS2_PLACEMENT_3D ( 'NONE', #10160, #10120, #2683 ) ;
#83 = VECTOR ( 'NONE', #8510, 1000.000000000000000 ) ;
#84 = DIRECTION ( 'NONE',  ( -1.000000000000000000, 0.0000000000000000000, 0.0000000000000000000 ) ) ;
#85 = DIRECTION ( 'NONE',  ( 4.440892098500626200E-016, 0.0000000000000000000, -1.000000000000000000 ) ) ;
#86 = AXIS2_PLACEMENT_3D ( 'NONE', #3016, #3920, #4927 ) ;
#87 = ORIENTED_EDGE ( 'NONE', *, *, #864, .T. ) ;
#88 = ORIENTED_EDGE ( 'NONE', *, *, #8352, .F. ) ;
#89 = DIRECTION ( 'NONE',  ( 0.0000000000000000000, 0.0000000000000000000, -1.000000000000000000 ) ) ;
#90 = CARTESIAN_POINT ( 'NONE',  ( 173.7719257169743800, 55.36904226890257500, 2.842170943040400700E-014 ) ) ;
#91 = FACE_OUTER_BOUND ( 'NONE', #10611, .T. ) ;
#92 = LINE ( 'NONE', #11666, #9568 ) ;
#93 = DIRECTION ( 'NONE',  ( -4.440892098500626200E-016, -0.0000000000000000000, 1.000000000000000000 ) ) ;
#94 = DIRECTION ( 'NONE',  ( 4.440892098500625700E-016, -1.224646799147353500E-016, -1.000000000000000000 ) ) ;
#95 = VERTEX_POINT ( 'NONE', #7539 ) ;
#96 = CARTESIAN_POINT ( 'NONE',  ( 172.7719945862425800, 66.34464206223562100, 16.36733259881970800 ) ) ;
#97 = DIRECTION ( 'NONE',  ( -1.000000000000000000, 0.0000000000000000000, 0.0000000000000000000 ) ) ;
#98 = ORIENTED_EDGE ( 'NONE', *, *, #11759, .T. ) ;
#99 = CONICAL_SURFACE ( 'NONE', #11230, 3.999998683329369700, 0.7853981633027094000 ) ;
#100 = CARTESIAN_POINT ( 'NONE',  ( 156.1437797073495200, 50.59249149310148400, 22.49999878108514300 ) ) ;
#101 = FACE_OUTER_BOUND ( 'NONE', #8782, .T. ) ;
#102 = ORIENTED_EDGE ( 'NONE', *, *, #7666, .F. ) ;
#103 = DIRECTION ( 'NONE',  ( -1.000000000000000000, 0.0000000000000000000, -4.336808689942073900E-016 ) ) ;
#104 = EDGE_LOOP ( 'NONE', ( #468, #4102, #9688, #1676 ) ) ;
#105 = DIRECTION ( 'NONE',  ( 0.0000000000000000000, 1.000000000000000000, 0.0000000000000000000 ) ) ;
#106 = VECTOR ( 'NONE', #5849, 1000.000000000000000 ) ;
#107 = FACE_OUTER_BOUND ( 'NONE', #11077, .T. ) ;
#108 = EDGE_CURVE ( 'NONE', #11065, #7856, #7037, .T. ) ;
#109 = EDGE_LOOP ( 'NONE', ( #5230, #190 ) ) ;
#110 = DIRECTION ( 'NONE',  ( 1.000000000000000000, -1.836970198721029700E-016, 0.0000000000000000000 ) ) ;
#111 = CIRCLE ( 'NONE', #9062, 2.000000000000001800 ) ;
#112 = ORIENTED_EDGE ( 'NONE', *, *, #9518, .T. ) ;
#113 = ORIENTED_EDGE ( 'NONE', *, *, #2010, .F. ) ;
#114 = LINE ( 'NONE', #7894, #11044 ) ;
#115 = CARTESIAN_POINT ( 'NONE',  ( 190.0689853496277000, 48.36904400576364100, 0.7500135331658555100 ) ) ;
#116 = ADVANCED_FACE ( 'NONE', ( #3132 ), #4605, .F. ) ;
#117 = EDGE_CURVE ( 'NONE', #4708, #5980, #6051, .T. ) ;
#118 = APPROVAL_ROLE ( '' ) ;
#119 = VECTOR ( 'NONE', #1916, 1000.000000000000000 ) ;
#120 = AXIS2_PLACEMENT_3D ( 'NONE', #7802, #4187, #5130 ) ;
#121 = CIRCLE ( 'NONE', #3133, 2.000000000000001800 ) ;
#122 = CYLINDRICAL_SURFACE ( 'NONE', #9206, 2.000000000000001800 ) ;
#123 = EDGE_CURVE ( 'NONE', #5107, #11085, #6612, .T. ) ;
#124 = ORIENTED_EDGE ( 'NONE', *, *, #879, .T. ) ;
#125 = DIRECTION ( 'NONE',  ( -0.0000000000000000000, -0.0000000000000000000, 1.000000000000000000 ) ) ;
#126 = CIRCLE ( 'NONE', #5861, 19.99999905524573100 ) ;
#127 = DIRECTION ( 'NONE',  ( 0.0000000000000000000, 1.000000000000000000, -5.204170673763544500E-016 ) ) ;
#128 = DIRECTION ( 'NONE',  ( -1.000000000000000000, 0.0000000000000000000, -5.782411586589351700E-016 ) ) ;
#129 = CYLINDRICAL_SURFACE ( 'NONE', #6747, 21.49999905524600100 ) ;
#130 = EDGE_LOOP ( 'NONE', ( #8072, #10203, #929, #402 ) ) ;
#131 = CARTESIAN_POINT ( 'NONE',  ( 167.6610262511647700, 53.78465550865308800, 21.99999947845893200 ) ) ;
#132 = EDGE_CURVE ( 'NONE', #4335, #3386, #6746, .T. ) ;
#133 = LINE ( 'NONE', #2092, #6049 ) ;
#134 = DIRECTION ( 'NONE',  ( 0.0000000000000000000, -1.000000000000000000, -0.0000000000000000000 ) ) ;
#135 = AXIS2_PLACEMENT_3D ( 'NONE', #7701, #2169, #3899 ) ;
#136 = DIRECTION ( 'NONE',  ( -4.440892098500625700E-016, 1.224646799147353500E-016, 1.000000000000000000 ) ) ;
#137 = TOROIDAL_SURFACE ( 'NONE', #10985, 0.9999999999999731300, 0.7500000000000006700 ) ;
#138 = EDGE_CURVE ( 'NONE', #5720, #8396, #10627, .T. ) ;
#139 = ORIENTED_EDGE ( 'NONE', *, *, #8953, .F. ) ;
#140 = EDGE_CURVE ( 'NONE', #8360, #4677, #11330, .T. ) ;
#141 = DIRECTION ( 'NONE',  ( -1.000000000000000000, 0.0000000000000000000, 0.0000000000000000000 ) ) ;
#142 = CIRCLE ( 'NONE', #9771, 1.999999999999974000 ) ;
#143 = CARTESIAN_POINT ( 'NONE',  ( 173.1578515911410800, 66.36005686057126200, 15.69979647889207700 ) ) ;
#144 = CARTESIAN_POINT ( 'NONE',  ( 175.3869605160868700, 39.04873136338076700, 21.99999947845893200 ) ) ;
#145 = CARTESIAN_POINT ( 'NONE',  ( 173.7719257169744900, 45.86904400576364800, 3.599551212651874700E-014 ) ) ;
#146 = AXIS2_PLACEMENT_3D ( 'NONE', #3164, #279, #3033 ) ;
#147 = LINE ( 'NONE', #11072, #5340 ) ;
#148 = DIRECTION ( 'NONE',  ( -1.000000000000000000, 0.0000000000000000000, 0.0000000000000000000 ) ) ;
#149 = LINE ( 'NONE', #2383, #7190 ) ;
#150 = CARTESIAN_POINT ( 'NONE',  ( 173.1579478208874400, 66.36006124142190300, 17.30037837493069100 ) ) ;
#151 = AXIS2_PLACEMENT_3D ( 'NONE', #7742, #9707, #3161 ) ;
#152 = VERTEX_POINT ( 'NONE', #4159 ) ;
#153 = VECTOR ( 'NONE', #8902, 1000.000000000000000 ) ;
#154 = DIRECTION ( 'NONE',  ( 2.223409181659805100E-029, -1.353763752833661700E-014, -1.000000000000000000 ) ) ;
#155 = CARTESIAN_POINT ( 'NONE',  ( 160.8672271946861900, 58.77374252805196900, 22.49999878108514300 ) ) ;
#156 = AXIS2_PLACEMENT_3D ( 'NONE', #11525, #11561, #2389 ) ;
#157 = CARTESIAN_POINT ( 'NONE',  ( 176.1906730092615000, 42.07435526798156600, 18.99999947845893200 ) ) ;
#158 = DATE_TIME_ROLE ( 'classification_date' ) ;
#159 = DIRECTION ( 'NONE',  ( 0.0000000000000000000, 1.000000000000000000, 0.0000000000000000000 ) ) ;
#160 = CARTESIAN_POINT ( 'NONE',  ( 173.7719257169743800, 41.61904359179165900, 4.999999311735337000 ) ) ;
#161 = PLANE ( 'NONE',  #10307 ) ;
#162 = ORIENTED_EDGE ( 'NONE', *, *, #8293, .F. ) ;
#163 = CIRCLE ( 'NONE', #7807, 1.999999999999772800 ) ;
#164 = CARTESIAN_POINT ( 'NONE',  ( 192.2719255630692900, 45.86904400576411000, 22.19999878099088200 ) ) ;
#165 = DIRECTION ( 'NONE',  ( 0.0000000000000000000, 1.000000000000000000, 0.0000000000000000000 ) ) ;
#166 = CARTESIAN_POINT ( 'NONE',  ( 156.9013711871165500, 36.08976033954255800, 2.868489176302147600E-014 ) ) ;
#167 = VERTEX_POINT ( 'NONE', #4952 ) ;
#168 = DIRECTION ( 'NONE',  ( -4.440892098500626200E-016, -0.0000000000000000000, 1.000000000000000000 ) ) ;
#169 = VERTEX_POINT ( 'NONE', #5879 ) ;
#170 = EDGE_LOOP ( 'NONE', ( #11046, #11576, #3679, #6242 ) ) ;
#171 = CARTESIAN_POINT ( 'NONE',  ( 160.2719257169725600, 45.86904386338088100, 23.49999947845892100 ) ) ;
#172 = AXIS2_PLACEMENT_3D ( 'NONE', #3630, #9286, #7881 ) ;
#173 = ORIENTED_EDGE ( 'NONE', *, *, #297, .T. ) ;
#174 = FACE_OUTER_BOUND ( 'NONE', #1986, .T. ) ;
#175 = DIRECTION ( 'NONE',  ( -1.000000000000000000, 0.0000000000000000000, 0.0000000000000000000 ) ) ;
#176 = CARTESIAN_POINT ( 'NONE',  ( 164.5219257939270700, 61.89051384249006600, 19.49999999999988600 ) ) ;
#177 = CARTESIAN_POINT ( 'NONE',  ( 172.7719257169744900, 66.34463869875489200, 16.49999967266197100 ) ) ;
#178 = ADVANCED_FACE ( 'NONE', ( #10917 ), #689, .T. ) ;
#179 = CARTESIAN_POINT ( 'NONE',  ( 158.9825070185630700, 38.48506967745708400, 16.49999967266197100 ) ) ;
#180 = EDGE_LOOP ( 'NONE', ( #9442, #8812, #11421, #4823 ) ) ;
#181 = ORIENTED_EDGE ( 'NONE', *, *, #10926, .F. ) ;
#182 = DIRECTION ( 'NONE',  ( 4.440892098500625700E-016, -1.224646799147353500E-016, -1.000000000000000000 ) ) ;
#183 = ORIENTED_EDGE ( 'NONE', *, *, #10748, .T. ) ;
#184 = ORIENTED_EDGE ( 'NONE', *, *, #1953, .T. ) ;
#185 = ORIENTED_EDGE ( 'NONE', *, *, #9496, .F. ) ;
#186 = CIRCLE ( 'NONE', #6157, 2.000000000000029300 ) ;
#187 = DIRECTION ( 'NONE',  ( -0.0000000000000000000, -0.0000000000000000000, 1.000000000000000000 ) ) ;
#188 = CARTESIAN_POINT ( 'NONE',  ( 173.7719257169745200, 51.86904400577365200, 4.999999311752642200 ) ) ;
#189 = EDGE_CURVE ( 'NONE', #9105, #10412, #1405, .T. ) ;
#190 = ORIENTED_EDGE ( 'NONE', *, *, #11763, .T. ) ;
#191 = CARTESIAN_POINT ( 'NONE',  ( 172.7719257169744700, 51.63532516071669700, 23.49999947845893200 ) ) ;
#192 = AXIS2_PLACEMENT_3D ( 'NONE', #8718, #2332, #8763 ) ;
#193 = CIRCLE ( 'NONE', #3482, 1.000000000000000900 ) ;
#194 = EDGE_CURVE ( 'NONE', #8398, #3126, #11629, .T. ) ;
#195 = DIRECTION ( 'NONE',  ( 8.157786440681345800E-032, 4.440892098500626200E-016, 1.000000000000000000 ) ) ;
#196 = AXIS2_PLACEMENT_3D ( 'NONE', #4208, #6799, #6005 ) ;
#197 = CARTESIAN_POINT ( 'NONE',  ( 169.0484782296380500, 28.24089799613870300, 20.49999878108513900 ) ) ;
#198 = ORIENTED_EDGE ( 'NONE', *, *, #4988, .T. ) ;
#199 = DIRECTION ( 'NONE',  ( -0.0000000000000000000, -0.0000000000000000000, 1.000000000000000000 ) ) ;
#200 = EDGE_CURVE ( 'NONE', #11821, #4708, #1824, .T. ) ;
#201 = DIRECTION ( 'NONE',  ( -3.147609485530916800E-016, 1.110223024625158000E-016, -1.000000000000000000 ) ) ;
#202 = VERTEX_POINT ( 'NONE', #6837 ) ;
#203 = CYLINDRICAL_SURFACE ( 'NONE', #10701, 12.00000000000001100 ) ;
#204 = EDGE_CURVE ( 'NONE', #5793, #8672, #8169, .T. ) ;
#205 = ORIENTED_EDGE ( 'NONE', *, *, #1327, .T. ) ;
#206 = DIRECTION ( 'NONE',  ( 0.0000000000000000000, 1.000000000000000000, 0.0000000000000000000 ) ) ;
#207 = EDGE_CURVE ( 'NONE', #3167, #4885, #1532, .T. ) ;
#208 = CARTESIAN_POINT ( 'NONE',  ( 183.4321797548180700, 40.86904386338088800, 19.99999947846018200 ) ) ;
#209 = ORIENTED_EDGE ( 'NONE', *, *, #3114, .T. ) ;
#210 = DIRECTION ( 'NONE',  ( 1.000000000000000000, 0.0000000000000000000, 2.344221876285785300E-016 ) ) ;
#211 = ORIENTED_EDGE ( 'NONE', *, *, #11430, .T. ) ;
#212 = VERTEX_POINT ( 'NONE', #5070 ) ;
#213 = ORIENTED_EDGE ( 'NONE', *, *, #6621, .T. ) ;
#214 = ORIENTED_EDGE ( 'NONE', *, *, #10072, .T. ) ;
#215 = DIRECTION ( 'NONE',  ( 4.440892098500625700E-016, -1.224646799147353500E-016, -1.000000000000000000 ) ) ;
#216 = CIRCLE ( 'NONE', #8001, 4.500000000000198100 ) ;
#217 = CARTESIAN_POINT ( 'NONE',  ( 180.0274422451645400, 43.41212025028988800, 18.99999947845892800 ) ) ;
#218 = CIRCLE ( 'NONE', #10895, 1.749999386690438600 ) ;
#219 = EDGE_CURVE ( 'NONE', #6361, #6008, #6038, .T. ) ;
#220 = DIRECTION ( 'NONE',  ( 0.0000000000000000000, 1.000000000000000000, 0.0000000000000000000 ) ) ;
#221 = AXIS2_PLACEMENT_3D ( 'NONE', #2764, #7353, #12 ) ;
#222 = ORIENTED_EDGE ( 'NONE', *, *, #8888, .T. ) ;
#223 = EDGE_CURVE ( 'NONE', #440, #1875, #3570, .T. ) ;
#224 = EDGE_LOOP ( 'NONE', ( #1191, #10145, #6908, #8285 ) ) ;
#225 = DIRECTION ( 'NONE',  ( 4.440892098500625700E-016, -1.224646799147353500E-016, -1.000000000000000000 ) ) ;
#226 = ORIENTED_EDGE ( 'NONE', *, *, #1119, .F. ) ;
#227 = CARTESIAN_POINT ( 'NONE',  ( 173.7719257169743800, 49.36904386330237300, 23.49999947847436500 ) ) ;
#228 = EDGE_LOOP ( 'NONE', ( #8225, #242, #640, #10147 ) ) ;
#229 = DIRECTION ( 'NONE',  ( 2.220446049250313100E-016, 0.0000000000000000000, -1.000000000000000000 ) ) ;
#230 = CYLINDRICAL_SURFACE ( 'NONE', #7699, 0.5000000000000004400 ) ;
#231 = EDGE_LOOP ( 'NONE', ( #9398, #10083, #4003, #744 ) ) ;
#232 = FACE_OUTER_BOUND ( 'NONE', #3686, .T. ) ;
#233 = EDGE_LOOP ( 'NONE', ( #10703, #9507, #3297, #10181 ) ) ;
#234 = ADVANCED_FACE ( 'NONE', ( #825 ), #7476, .F. ) ;
#235 = ORIENTED_EDGE ( 'NONE', *, *, #10421, .T. ) ;
#236 = AXIS2_PLACEMENT_3D ( 'NONE', #6964, #9642, #11499 ) ;
#237 = VECTOR ( 'NONE', #4702, 1000.000000000000000 ) ;
#238 = DIRECTION ( 'NONE',  ( -1.000000000000000000, 0.0000000000000000000, -4.081702296415959300E-016 ) ) ;
#239 = CIRCLE ( 'NONE', #3461, 1.000000000000451900 ) ;
#240 = DIRECTION ( 'NONE',  ( -0.0000000000000000000, -0.0000000000000000000, 1.000000000000000000 ) ) ;
#241 = DIRECTION ( 'NONE',  ( -1.000000000000000000, 0.0000000000000000000, 0.0000000000000000000 ) ) ;
#242 = ORIENTED_EDGE ( 'NONE', *, *, #6600, .F. ) ;
#243 = DIRECTION ( 'NONE',  ( -4.440892098500625700E-016, 1.224646799147353500E-016, 1.000000000000000000 ) ) ;
#244 = DIRECTION ( 'NONE',  ( -0.7071067811864609800, -0.7071067811866341700, -0.0000000000000000000 ) ) ;
#245 = ORIENTED_EDGE ( 'NONE', *, *, #5166, .T. ) ;
#246 = EDGE_LOOP ( 'NONE', ( #4219, #10261, #317, #8270 ) ) ;
#247 = DIRECTION ( 'NONE',  ( 4.440892098500626200E-016, 0.0000000000000000000, -1.000000000000000000 ) ) ;
#248 = LINE ( 'NONE', #5101, #11886 ) ;
#249 = DIRECTION ( 'NONE',  ( 0.0000000000000000000, 0.0000000000000000000, -1.000000000000000000 ) ) ;
#250 = ORIENTED_EDGE ( 'NONE', *, *, #10123, .F. ) ;
#251 = DIRECTION ( 'NONE',  ( 1.000000000000000000, 0.0000000000000000000, 0.0000000000000000000 ) ) ;
#252 = LINE ( 'NONE', #1530, #7421 ) ;
#253 = CARTESIAN_POINT ( 'NONE',  ( 178.4953732043113900, 28.24089799613869900, 20.49999878108513900 ) ) ;
#254 = CARTESIAN_POINT ( 'NONE',  ( 186.6766242392632500, 58.77374252805196900, 22.49999878108514300 ) ) ;
#255 = ORIENTED_EDGE ( 'NONE', *, *, #10683, .F. ) ;
#256 = ORIENTED_EDGE ( 'NONE', *, *, #4919, .F. ) ;
#257 = DIRECTION ( 'NONE',  ( -2.220446049250125700E-016, -2.220446049250312600E-016, 1.000000000000000000 ) ) ;
#258 = CARTESIAN_POINT ( 'NONE',  ( 173.7719257169744400, 45.86904386338111600, 18.99999947845892800 ) ) ;
#259 = ORIENTED_EDGE ( 'NONE', *, *, #7759, .T. ) ;
#260 = EDGE_CURVE ( 'NONE', #11314, #620, #11185, .T. ) ;
#261 = CIRCLE ( 'NONE', #285, 1.749999386690445700 ) ;
#262 = FACE_OUTER_BOUND ( 'NONE', #7427, .T. ) ;
#263 = VERTEX_POINT ( 'NONE', #179 ) ;
#264 = CARTESIAN_POINT ( 'NONE',  ( 173.7719257169744900, 45.86904400576364800, 4.199999999999905100 ) ) ;
#265 = AXIS2_PLACEMENT_3D ( 'NONE', #7551, #6489, #7505 ) ;
#266 = FACE_BOUND ( 'NONE', #3878, .T. ) ;
#267 = AXIS2_PLACEMENT_3D ( 'NONE', #6887, #11325, #6845 ) ;
#268 = CARTESIAN_POINT ( 'NONE',  ( 178.2718760399794200, 45.89203398924676900, 21.99999947845893500 ) ) ;
#269 = CARTESIAN_POINT ( 'NONE',  ( 183.4321797548180700, 40.86904386338088800, 23.49999947845933700 ) ) ;
#270 = LINE ( 'NONE', #227, #5887 ) ;
#271 = ORIENTED_EDGE ( 'NONE', *, *, #7960, .T. ) ;
#272 = AXIS2_PLACEMENT_3D ( 'NONE', #4323, #10716, #6162 ) ;
#273 = CARTESIAN_POINT ( 'NONE',  ( 173.7719257169743800, 45.86904386338088800, 22.24999947845961400 ) ) ;
#274 = DIRECTION ( 'NONE',  ( 0.0000000000000000000, 1.000000000000000000, 0.0000000000000000000 ) ) ;
#275 = ORIENTED_EDGE ( 'NONE', *, *, #969, .F. ) ;
#276 = VECTOR ( 'NONE', #4858, 1000.000000000000000 ) ;
#277 = ORIENTED_EDGE ( 'NONE', *, *, #6083, .F. ) ;
#278 = CIRCLE ( 'NONE', #3377, 15.42658558267648200 ) ;
#279 = DIRECTION ( 'NONE',  ( 4.440892098500626200E-016, 0.0000000000000000000, -1.000000000000000000 ) ) ;
#280 = EDGE_CURVE ( 'NONE', #10371, #4161, #4881, .T. ) ;
#281 = CYLINDRICAL_SURFACE ( 'NONE', #956, 12.00000000000001100 ) ;
#282 = AXIS2_PLACEMENT_3D ( 'NONE', #11715, #6155, #10871 ) ;
#283 = DIRECTION ( 'NONE',  ( -1.000000000000000000, 1.387778780781348300E-014, 0.0000000000000000000 ) ) ;
#284 = DIRECTION ( 'NONE',  ( -8.157786440681345800E-032, -4.440892098500626200E-016, -1.000000000000000000 ) ) ;
#285 = AXIS2_PLACEMENT_3D ( 'NONE', #4661, #2822, #4743 ) ;
#286 = DIRECTION ( 'NONE',  ( 2.220446049249768000E-016, 2.220446049250311800E-016, -1.000000000000000000 ) ) ;
#287 = LINE ( 'NONE', #5226, #7332 ) ;
#288 = VERTEX_POINT ( 'NONE', #2941 ) ;
#289 = PLANE ( 'NONE',  #11607 ) ;
#290 = DIRECTION ( 'NONE',  ( 2.220446049250313100E-016, 0.0000000000000000000, -1.000000000000000000 ) ) ;
#291 = CARTESIAN_POINT ( 'NONE',  ( 183.0219256400218600, 61.89051384249030000, 56.79194912331138300 ) ) ;
#292 = EDGE_CURVE ( 'NONE', #11689, #10998, #11317, .T. ) ;
#293 = CIRCLE ( 'NONE', #8636, 1.000000000000000900 ) ;
#294 = DIRECTION ( 'NONE',  ( 4.440892098500625700E-016, -1.224646799147353500E-016, -1.000000000000000000 ) ) ;
#295 = AXIS2_PLACEMENT_3D ( 'NONE', #4012, #8515, #4046 ) ;
#296 = EDGE_CURVE ( 'NONE', #1875, #440, #6596, .T. ) ;
#297 = EDGE_CURVE ( 'NONE', #5799, #6323, #2260, .T. ) ;
#298 = CARTESIAN_POINT ( 'NONE',  ( 172.7719257169744900, 64.86904346994575100, 16.49999967266197100 ) ) ;
#299 = DIRECTION ( 'NONE',  ( -1.000000000000000000, 1.836970198721029700E-016, -0.0000000000000000000 ) ) ;
#301 = ADVANCED_FACE ( 'NONE', ( #11899 ), #10175, .F. ) ;
#300 = CARTESIAN_POINT ( 'NONE',  ( 194.3874579384626300, 42.36904400576409600, 1.999999999999914500 ) ) ;
#302 = CARTESIAN_POINT ( 'NONE',  ( 165.1116716791299600, 40.86904386338090200, 19.99999947846017900 ) ) ;
#303 = AXIS2_PLACEMENT_3D ( 'NONE', #1642, #1562, #7143 ) ;
#304 = DIRECTION ( 'NONE',  ( 0.0000000000000000000, 1.000000000000000000, -1.652117670494327300E-016 ) ) ;
#305 = VERTEX_POINT ( 'NONE', #217 ) ;
#306 = FACE_OUTER_BOUND ( 'NONE', #11402, .T. ) ;
#307 = DIRECTION ( 'NONE',  ( 0.0000000000000000000, 0.0000000000000000000, 1.000000000000000000 ) ) ;
#308 = CARTESIAN_POINT ( 'NONE',  ( 155.2719258708795800, 46.86904400576416700, 14.29999914656994900 ) ) ;
#309 = AXIS2_PLACEMENT_3D ( 'NONE', #164, #6603, #10326 ) ;
#310 = ORIENTED_EDGE ( 'NONE', *, *, #806, .F. ) ;
#311 = ORIENTED_EDGE ( 'NONE', *, *, #3988, .T. ) ;
#312 = CARTESIAN_POINT ( 'NONE',  ( 177.7719244003037600, 45.86904386338088800, 4.500000036330220600 ) ) ;
#313 = EDGE_LOOP ( 'NONE', ( #5525, #7564, #255, #11722 ) ) ;
#314 = VECTOR ( 'NONE', #8947, 1000.000000000000000 ) ;
#315 = AXIS2_PLACEMENT_3D ( 'NONE', #7566, #5744, #9374 ) ;
#316 = CARTESIAN_POINT ( 'NONE',  ( 178.2656718058339300, 42.11987781092901900, 23.49999947845893200 ) ) ;
#317 = ORIENTED_EDGE ( 'NONE', *, *, #4375, .F. ) ;
#318 = VERTEX_POINT ( 'NONE', #4782 ) ;
#319 = ORIENTED_EDGE ( 'NONE', *, *, #8953, .T. ) ;
#320 = DIRECTION ( 'NONE',  ( 0.0000000000000000000, 1.000000000000000000, -5.204170673763544500E-016 ) ) ;
#321 = ORIENTED_EDGE ( 'NONE', *, *, #2350, .T. ) ;
#322 = DIRECTION ( 'NONE',  ( 4.078893220340672900E-032, 2.220446049250313100E-016, 1.000000000000000000 ) ) ;
#323 = DIRECTION ( 'NONE',  ( -8.157786440681345800E-032, -4.440892098500626200E-016, -1.000000000000000000 ) ) ;
#324 = ORIENTED_EDGE ( 'NONE', *, *, #4237, .T. ) ;
#325 = LINE ( 'NONE', #8622, #7363 ) ;
#326 = DIRECTION ( 'NONE',  ( 2.960863674957791600E-016, 4.818676322157950500E-017, -1.000000000000000000 ) ) ;
#327 = DIRECTION ( 'NONE',  ( 2.220446049250312600E-016, -1.224646799147353200E-016, -1.000000000000000000 ) ) ;
#328 = CARTESIAN_POINT ( 'NONE',  ( 188.0689853496277000, 48.36904400576364800, 81.17012103714566300 ) ) ;
#329 = ORIENTED_EDGE ( 'NONE', *, *, #6150, .T. ) ;
#330 = CARTESIAN_POINT ( 'NONE',  ( 169.0484782296380500, 28.24089799613870300, 20.49999878108513900 ) ) ;
#331 = CARTESIAN_POINT ( 'NONE',  ( 162.3975570462096400, 33.49467533499925800, 81.17012103714563400 ) ) ;
#332 = CARTESIAN_POINT ( 'NONE',  ( 194.8783015874995500, 41.77380636770252000, 1.000001927156037200 ) ) ;
#333 = DIRECTION ( 'NONE',  ( -1.000000000000000000, 0.0000000000000000000, 0.0000000000000000000 ) ) ;
#334 = LINE ( 'NONE', #8845, #5382 ) ;
#335 = CARTESIAN_POINT ( 'NONE',  ( 174.7718548985917600, 66.34464215742770000, 16.36819781732785700 ) ) ;
#336 = DIRECTION ( 'NONE',  ( -1.000000000000000000, 0.0000000000000000000, -2.571232623030909800E-016 ) ) ;
#337 = CARTESIAN_POINT ( 'NONE',  ( 161.8792411119315500, 47.47030988905439100, 21.99999947845893200 ) ) ;
#338 = ORIENTED_EDGE ( 'NONE', *, *, #11341, .T. ) ;
#339 = EDGE_CURVE ( 'NONE', #5679, #5935, #9748, .T. ) ;
#340 = EDGE_LOOP ( 'NONE', ( #8362, #2094 ) ) ;
#341 = CARTESIAN_POINT ( 'NONE',  ( 173.7719257169743800, 45.86904400576364100, 4.999999311735376000 ) ) ;
#342 = CARTESIAN_POINT ( 'NONE',  ( 155.2719258708797600, 45.86904400576378300, 22.49999878108507900 ) ) ;
#343 = CARTESIAN_POINT ( 'NONE',  ( 173.7719257169744400, 45.86904386338088800, 18.99999947845893500 ) ) ;
#344 = DIRECTION ( 'NONE',  ( 0.0000000000000000000, 0.0000000000000000000, -1.000000000000000000 ) ) ;
#345 = ORIENTED_EDGE ( 'NONE', *, *, #5613, .F. ) ;
#346 = DIRECTION ( 'NONE',  ( -0.0000000000000000000, -0.0000000000000000000, 1.000000000000000000 ) ) ;
#347 = CARTESIAN_POINT ( 'NONE',  ( 167.5164091887865500, 43.41212025029013000, 23.49999947845903500 ) ) ;
#348 = ORIENTED_EDGE ( 'NONE', *, *, #2888, .F. ) ;
#349 = VERTEX_POINT ( 'NONE', #2985 ) ;
#350 = EDGE_CURVE ( 'NONE', #1775, #591, #261, .T. ) ;
#351 = ORIENTED_EDGE ( 'NONE', *, *, #140, .T. ) ;
#352 = VECTOR ( 'NONE', #1835, 1000.000000000000000 ) ;
#353 = CARTESIAN_POINT ( 'NONE',  ( 173.7719257169744900, 45.86904400576364800, 1.999999999999914500 ) ) ;
#354 = ADVANCED_FACE ( 'NONE', ( #5027, #11760 ), #8326, .T. ) ;
#355 = LINE ( 'NONE', #1269, #5119 ) ;
#356 = B_SPLINE_CURVE_WITH_KNOTS ( 'NONE', 3,
 ( #9531, #5940, #6865, #268 ),
 .UNSPECIFIED., .F., .F.,
 ( 4, 4 ),
 ( 0.0000000000000000000, 1.000000000000000000 ),
 .UNSPECIFIED. ) ;
#357 = ADVANCED_FACE ( 'NONE', ( #4453, #7579 ), #9330, .T. ) ;
#358 = ORIENTED_EDGE ( 'NONE', *, *, #808, .T. ) ;
#359 = CARTESIAN_POINT ( 'NONE',  ( 183.0219256400220300, 29.84757416903783400, 22.49999878108507900 ) ) ;
#360 = EDGE_CURVE ( 'NONE', #8823, #4940, #2844, .T. ) ;
#361 = ORIENTED_EDGE ( 'NONE', *, *, #3902, .T. ) ;
#362 = DIRECTION ( 'NONE',  ( 0.0000000000000000000, 1.000000000000000000, 0.0000000000000000000 ) ) ;
#363 = ORIENTED_EDGE ( 'NONE', *, *, #3305, .F. ) ;
#364 = ORIENTED_EDGE ( 'NONE', *, *, #2973, .F. ) ;
#365 = EDGE_CURVE ( 'NONE', #11888, #7891, #5317, .T. ) ;
#366 = ORIENTED_EDGE ( 'NONE', *, *, #123, .T. ) ;
#367 = CARTESIAN_POINT ( 'NONE',  ( 191.2678151284890800, 35.18453072598321500, 15.62684140319835900 ) ) ;
#368 = EDGE_CURVE ( 'NONE', #6684, #8554, #7167, .T. ) ;
#369 = FACE_OUTER_BOUND ( 'NONE', #9797, .T. ) ;
#370 = AXIS2_PLACEMENT_3D ( 'NONE', #11650, #2554, #7044 ) ;
#371 = CYLINDRICAL_SURFACE ( 'NONE', #4876, 16.50000028186540700 ) ;
#372 = DIRECTION ( 'NONE',  ( 0.0000000000000000000, 1.000000000000000000, 0.0000000000000000000 ) ) ;
#373 = CARTESIAN_POINT ( 'NONE',  ( 172.7719257169744100, 37.86904386338095200, 19.99999947845892800 ) ) ;
#374 = CARTESIAN_POINT ( 'NONE',  ( 194.3874572644615700, 49.36904400576364100, 1.999999999999914500 ) ) ;
#375 = DIRECTION ( 'NONE',  ( -0.0000000000000000000, 4.956352788616351200E-016, -1.000000000000000000 ) ) ;
#376 = ORIENTED_EDGE ( 'NONE', *, *, #2815, .T. ) ;
#377 = CARTESIAN_POINT ( 'NONE',  ( 173.7719257169743800, 55.86904386338090200, 17.49999947846030000 ) ) ;
#378 = VERTEX_POINT ( 'NONE', #3020 ) ;
#379 = FACE_OUTER_BOUND ( 'NONE', #6413, .T. ) ;
#380 = EDGE_CURVE ( 'NONE', #378, #4318, #2098, .T. ) ;
#381 = CARTESIAN_POINT ( 'NONE',  ( 173.7719257169743800, 45.86904400576364800, 5.499999311752435300 ) ) ;
#382 = ORIENTED_EDGE ( 'NONE', *, *, #10304, .F. ) ;
#383 = DIRECTION ( 'NONE',  ( 0.0000000000000000000, 1.000000000000000000, 0.0000000000000000000 ) ) ;
#384 = CIRCLE ( 'NONE', #7927, 0.9999999999992514900 ) ;
#385 = CARTESIAN_POINT ( 'NONE',  ( 173.7719257169743800, 55.86904386338089500, -19.26262734681628800 ) ) ;
#386 = CARTESIAN_POINT ( 'NONE',  ( 198.1063220760345300, 45.86904400576364100, 0.7500135331658555100 ) ) ;
#387 = AXIS2_PLACEMENT_3D ( 'NONE', #705, #9014, #3569 ) ;
#388 = CARTESIAN_POINT ( 'NONE',  ( 161.3975570462096400, 58.24341267652847900, 81.17012103714566300 ) ) ;
#389 = EDGE_LOOP ( 'NONE', ( #1054, #5945 ) ) ;
#390 = ADVANCED_FACE ( 'NONE', ( #11617 ), #10896, .T. ) ;
#391 = ORIENTED_EDGE ( 'NONE', *, *, #3454, .T. ) ;
#392 = CARTESIAN_POINT ( 'NONE',  ( 188.2719267945538500, 45.86904400576364800, 1.999999999999918100 ) ) ;
#393 = VECTOR ( 'NONE', #7252, 1000.000000000000000 ) ;
#394 = CYLINDRICAL_SURFACE ( 'NONE', #8829, 2.000000000000029300 ) ;
#395 = EDGE_LOOP ( 'NONE', ( #6895, #2040, #5035, #3528 ) ) ;
#396 = CARTESIAN_POINT ( 'NONE',  ( 172.9719257169745400, 39.86904448602505400, 2.199999311752464800 ) ) ;
#397 = AXIS2_PLACEMENT_3D ( 'NONE', #7092, #6971, #10652 ) ;
#398 = ORIENTED_EDGE ( 'NONE', *, *, #9813, .T. ) ;
#399 = LINE ( 'NONE', #9517, #1091 ) ;
#400 = DIRECTION ( 'NONE',  ( -0.7071067811859023100, 0.0000000000000000000, -0.7071067811871926100 ) ) ;
#401 = VECTOR ( 'NONE', #10077, 1000.000000000000100 ) ;
#402 = ORIENTED_EDGE ( 'NONE', *, *, #7972, .T. ) ;
#403 = DIRECTION ( 'NONE',  ( 4.440892098500625700E-016, -1.224646799147353500E-016, -1.000000000000000000 ) ) ;
#404 = FACE_BOUND ( 'NONE', #5408, .T. ) ;
#405 = CARTESIAN_POINT ( 'NONE',  ( 169.0484782296380500, 63.49719001538910100, 22.49999878108514300 ) ) ;
#406 = CARTESIAN_POINT ( 'NONE',  ( 173.7719257169744400, 45.86904386338111600, 23.49999947845893200 ) ) ;
#407 = ORIENTED_EDGE ( 'NONE', *, *, #1796, .T. ) ;
#408 = ORIENTED_EDGE ( 'NONE', *, *, #368, .F. ) ;
#409 = FACE_OUTER_BOUND ( 'NONE', #5581, .T. ) ;
#410 = CIRCLE ( 'NONE', #10644, 1.000000000000000900 ) ;
#411 =( GEOMETRIC_REPRESENTATION_CONTEXT ( 3 ) GLOBAL_UNCERTAINTY_ASSIGNED_CONTEXT ( ( #1535 ) ) GLOBAL_UNIT_ASSIGNED_CONTEXT ( ( #1856, #7347, #9187 ) ) REPRESENTATION_CONTEXT ( 'NONE', 'WORKASPACE' ) );
#412 = LINE ( 'NONE', #7590, #9017 ) ;
#413 = CIRCLE ( 'NONE', #11677, 2.000000000000140300 ) ;
#414 = DIRECTION ( 'NONE',  ( -4.440892098500626200E-016, -0.0000000000000000000, 1.000000000000000000 ) ) ;
#415 = ORIENTED_EDGE ( 'NONE', *, *, #11672, .F. ) ;
#416 = CARTESIAN_POINT ( 'NONE',  ( 173.7719257169743800, 56.66904386338089900, -19.26262734681628800 ) ) ;
#417 = CONICAL_SURFACE ( 'NONE', #5783, 3.499999999921482400, 0.7853981633974482800 ) ;
#419 = ADVANCED_FACE ( 'NONE', ( #1102 ), #9160, .F. ) ;
#418 = DIRECTION ( 'NONE',  ( -8.157786440681345800E-032, -4.440892098500626200E-016, -1.000000000000000000 ) ) ;
#420 = ORIENTED_EDGE ( 'NONE', *, *, #11152, .T. ) ;
#421 = EDGE_CURVE ( 'NONE', #3135, #3357, #9449, .T. ) ;
#422 = CIRCLE ( 'NONE', #4061, 12.00000000000001100 ) ;
#423 = CARTESIAN_POINT ( 'NONE',  ( 173.7719257169743800, 55.86904386338088800, 23.49999947845933700 ) ) ;
#424 = ORIENTED_EDGE ( 'NONE', *, *, #5555, .T. ) ;
#425 = DIRECTION ( 'NONE',  ( -4.078893220340672900E-032, -2.220446049250313100E-016, -1.000000000000000000 ) ) ;
#426 = FACE_OUTER_BOUND ( 'NONE', #2595, .T. ) ;
#427 = AXIS2_PLACEMENT_3D ( 'NONE', #10056, #7200, #5464 ) ;
#428 = VECTOR ( 'NONE', #4806, 1000.000000000000000 ) ;
#429 = VERTEX_POINT ( 'NONE', #5810 ) ;
#430 = CIRCLE ( 'NONE', #1732, 15.42658558267648200 ) ;
#431 = AXIS2_PLACEMENT_3D ( 'NONE', #9020, #8979, #867 ) ;
#432 = LINE ( 'NONE', #11225, #9180 ) ;
#433 = CARTESIAN_POINT ( 'NONE',  ( 164.5219257939270100, 29.84757416903736900, 17.39999966811055300 ) ) ;
#434 = EDGE_CURVE ( 'NONE', #4226, #5877, #4308, .T. ) ;
#435 = EDGE_CURVE ( 'NONE', #2794, #8159, #8440, .T. ) ;
#436 = CARTESIAN_POINT ( 'NONE',  ( 166.8437224866989100, 49.86904386338100900, 21.99999947845893200 ) ) ;
#437 = EDGE_CURVE ( 'NONE', #8008, #1808, #5738, .T. ) ;
#438 = AXIS2_PLACEMENT_3D ( 'NONE', #3488, #1658, #1575 ) ;
#439 = DIRECTION ( 'NONE',  ( -1.000000000000000000, 0.0000000000000000000, 0.0000000000000000000 ) ) ;
#440 = VERTEX_POINT ( 'NONE', #1200 ) ;
#441 = LINE ( 'NONE', #483, #7774 ) ;
#442 = CARTESIAN_POINT ( 'NONE',  ( 168.1808296183259300, 37.57810637624008600, 23.49999947845893200 ) ) ;
#443 = CARTESIAN_POINT ( 'NONE',  ( 186.1462943877393700, 58.24341267652847200, 2.775557561562891400E-014 ) ) ;
#444 = CARTESIAN_POINT ( 'NONE',  ( 199.9033806311083200, 48.36904400576364100, 0.7500135331658555100 ) ) ;
#445 = ADVANCED_FACE ( 'NONE', ( #4745 ), #7873, .F. ) ;
#446 = EDGE_CURVE ( 'NONE', #9789, #4515, #8729, .T. ) ;
#447 = CARTESIAN_POINT ( 'NONE',  ( 194.3874579384626300, 42.36904400576386800, 0.4105275378335439000 ) ) ;
#448 = AXIS2_PLACEMENT_3D ( 'NONE', #9795, #2396, #11567 ) ;
#449 = ORIENTED_EDGE ( 'NONE', *, *, #11063, .T. ) ;
#450 = EDGE_CURVE ( 'NONE', #2062, #6724, #2690, .T. ) ;
#451 = CIRCLE ( 'NONE', #10348, 12.00000000000001100 ) ;
#452 = DIRECTION ( 'NONE',  ( -2.220446049250313100E-016, -0.0000000000000000000, 1.000000000000000000 ) ) ;
#453 = EDGE_CURVE ( 'NONE', #6474, #8702, #7027, .T. ) ;
#454 = CARTESIAN_POINT ( 'NONE',  ( 173.7719257169743800, 50.11904202876683500, 2.199999311752463900 ) ) ;
#455 = AXIS2_PLACEMENT_3D ( 'NONE', #5454, #2760, #5528 ) ;
#456 = ORIENTED_EDGE ( 'NONE', *, *, #6605, .F. ) ;
#457 = CARTESIAN_POINT ( 'NONE',  ( 171.6950026400516300, 49.86108476153662400, 18.99999947845893500 ) ) ;
#458 = CARTESIAN_POINT ( 'NONE',  ( 184.2719257169745500, 43.86904400576364800, 1.999999999999915000 ) ) ;
#459 = ORIENTED_EDGE ( 'NONE', *, *, #3510, .T. ) ;
#460 = ORIENTED_EDGE ( 'NONE', *, *, #11609, .T. ) ;
#461 = ORIENTED_EDGE ( 'NONE', *, *, #437, .F. ) ;
#462 = FACE_BOUND ( 'NONE', #11239, .T. ) ;
#463 = DIRECTION ( 'NONE',  ( -1.000000000000000000, 0.0000000000000000000, 0.0000000000000000000 ) ) ;
#464 = DIRECTION ( 'NONE',  ( -1.000000000000000000, 0.0000000000000000000, -4.336808689942073900E-016 ) ) ;
#465 = CARTESIAN_POINT ( 'NONE',  ( 170.5020359728647700, 51.48667869143564200, 23.49999947845893200 ) ) ;
#466 = AXIS2_PLACEMENT_3D ( 'NONE', #3079, #8618, #6796 ) ;
#467 = ORIENTED_EDGE ( 'NONE', *, *, #2285, .F. ) ;
#468 = ORIENTED_EDGE ( 'NONE', *, *, #3771, .F. ) ;
#469 = CARTESIAN_POINT ( 'NONE',  ( 182.7875378213373700, 36.85343190140081800, 2.775557561562891400E-014 ) ) ;
#470 = CARTESIAN_POINT ( 'NONE',  ( 194.3874572644616000, 49.36904400576362700, 0.4105268733410045700 ) ) ;
#471 = ORIENTED_EDGE ( 'NONE', *, *, #5202, .F. ) ;
#472 = AXIS2_PLACEMENT_3D ( 'NONE', #10308, #5820, #3937 ) ;
#473 = ORIENTED_EDGE ( 'NONE', *, *, #7140, .T. ) ;
#474 = FACE_OUTER_BOUND ( 'NONE', #4426, .T. ) ;
#475 = ADVANCED_FACE ( 'NONE', ( #1811 ), #7743, .T. ) ;
#476 = DIRECTION ( 'NONE',  ( -1.000000000000000000, 0.0000000000000000000, 0.0000000000000000000 ) ) ;
#477 = ORIENTED_EDGE ( 'NONE', *, *, #1043, .T. ) ;
#478 = CARTESIAN_POINT ( 'NONE',  ( 173.7719257169743800, 55.86904386338088800, 21.74999947845978500 ) ) ;
#479 = CARTESIAN_POINT ( 'NONE',  ( 182.4321797548188000, 40.86904386338090200, 19.99999947846017900 ) ) ;
#480 = LOCAL_TIME ( 15, 42, 18.00000000000000000, #5538 ) ;
#481 = CARTESIAN_POINT ( 'NONE',  ( 173.7719257169744900, 39.86904400576364800, 4.200000000030851100 ) ) ;
#482 = CARTESIAN_POINT ( 'NONE',  ( 191.9124286781735100, 36.32017772946485900, 15.88654079045933200 ) ) ;
#483 = CARTESIAN_POINT ( 'NONE',  ( 192.2719255630692900, 43.86904400576434400, 22.34999878108499200 ) ) ;
#484 = DIRECTION ( 'NONE',  ( -1.000000000000000000, 0.0000000000000000000, -4.440892098500625200E-016 ) ) ;
#485 = VERTEX_POINT ( 'NONE', #8118 ) ;
#486 = DIRECTION ( 'NONE',  ( 4.440892098500625700E-016, -1.224646799147353500E-016, -1.000000000000000000 ) ) ;
#487 = ORIENTED_EDGE ( 'NONE', *, *, #10377, .F. ) ;
#488 = DIRECTION ( 'NONE',  ( 4.440892098500625700E-016, -1.224646799147353500E-016, -1.000000000000000000 ) ) ;
#489 = TOROIDAL_SURFACE ( 'NONE', #9231, 0.9999999999999731300, 0.7500000000000006700 ) ;
#490 = AXIS2_PLACEMENT_3D ( 'NONE', #8908, #9068, #9029 ) ;
#491 = VERTEX_POINT ( 'NONE', #10099 ) ;
#492 = CARTESIAN_POINT ( 'NONE',  ( 173.7719257169747200, 65.86904306100990400, 20.49999878108513600 ) ) ;
#493 = DIRECTION ( 'NONE',  ( 1.000000000000000000, 0.0000000000000000000, 0.0000000000000000000 ) ) ;
#494 = DIRECTION ( 'NONE',  ( -1.000000000000000000, -6.938893903907318300E-015, -4.440892098500626200E-016 ) ) ;
#495 = ORIENTED_EDGE ( 'NONE', *, *, #1099, .T. ) ;
#496 = DIRECTION ( 'NONE',  ( 4.440892098500625700E-016, -1.224646799147353500E-016, -1.000000000000000000 ) ) ;
#497 = ORIENTED_EDGE ( 'NONE', *, *, #4076, .F. ) ;
#498 = CARTESIAN_POINT ( 'NONE',  ( 191.4000717265999200, 41.14559651842677100, 22.49999878108514300 ) ) ;
#499 = ORIENTED_EDGE ( 'NONE', *, *, #11363, .F. ) ;
#500 = ORIENTED_EDGE ( 'NONE', *, *, #7960, .F. ) ;
#501 = DIRECTION ( 'NONE',  ( -1.000000000000000000, 8.095376221225092400E-015, -5.782411586589351700E-016 ) ) ;
#502 = ORIENTED_EDGE ( 'NONE', *, *, #9683, .T. ) ;
#503 = PLANE ( 'NONE',  #1677 ) ;
#504 = FACE_OUTER_BOUND ( 'NONE', #6249, .T. ) ;
#505 = ADVANCED_FACE ( 'NONE', ( #4592 ), #5463, .F. ) ;
#506 = DIRECTION ( 'NONE',  ( 0.0000000000000000000, 0.0000000000000000000, 1.000000000000000000 ) ) ;
#507 = EDGE_CURVE ( 'NONE', #1569, #9711, #6735, .T. ) ;
#508 = VECTOR ( 'NONE', #3249, 1000.000000000000000 ) ;
#509 = EDGE_LOOP ( 'NONE', ( #2461, #2057, #4956, #8573, #363 ) ) ;
#510 = CARTESIAN_POINT ( 'NONE',  ( 186.6766242392632500, 32.96434548347627900, 20.49999878108513900 ) ) ;
#511 = AXIS2_PLACEMENT_3D ( 'NONE', #3318, #11469, #2334 ) ;
#512 = VERTEX_POINT ( 'NONE', #11826 ) ;
#513 = AXIS2_PLACEMENT_3D ( 'NONE', #7559, #5736, #2905 ) ;
#514 = VERTEX_POINT ( 'NONE', #1685 ) ;
#515 = ORIENTED_EDGE ( 'NONE', *, *, #5135, .T. ) ;
#516 = PLANE ( 'NONE',  #10610 ) ;
#517 = ORIENTED_EDGE ( 'NONE', *, *, #8197, .F. ) ;
#518 = CYLINDRICAL_SURFACE ( 'NONE', #82, 1.000000000000458700 ) ;
#519 = VERTEX_POINT ( 'NONE', #11788 ) ;
#520 = DIRECTION ( 'NONE',  ( -8.157786440681345800E-032, -4.440892098500626200E-016, -1.000000000000000000 ) ) ;
#521 = CIRCLE ( 'NONE', #2762, 1.999999999999974000 ) ;
#522 = EDGE_CURVE ( 'NONE', #3334, #3076, #2545, .T. ) ;
#523 = EDGE_CURVE ( 'NONE', #4977, #8876, #7444, .T. ) ;
#524 = CARTESIAN_POINT ( 'NONE',  ( 164.5219257939270700, 61.89051384249005100, 19.49999999999992200 ) ) ;
#525 = DIRECTION ( 'NONE',  ( 0.0000000000000000000, 0.0000000000000000000, -1.000000000000000000 ) ) ;
#526 = EDGE_CURVE ( 'NONE', #573, #7439, #9305, .T. ) ;
#527 = CARTESIAN_POINT ( 'NONE',  ( 173.7719257169744900, 45.86904400576364800, 4.199999999999903400 ) ) ;
#528 = EDGE_LOOP ( 'NONE', ( #6681, #4277 ) ) ;
#529 = VERTEX_POINT ( 'NONE', #4501 ) ;
#530 = AXIS2_PLACEMENT_3D ( 'NONE', #10855, #1792, #3467 ) ;
#531 = CYLINDRICAL_SURFACE ( 'NONE', #5329, 1.750000000000001600 ) ;
#532 = CYLINDRICAL_SURFACE ( 'NONE', #4097, 0.7999999999999951600 ) ;
#533 = CARTESIAN_POINT ( 'NONE',  ( 172.7719257169744400, 45.86904386338089500, 21.49999947845984800 ) ) ;
#534 = CARTESIAN_POINT ( 'NONE',  ( 173.7719257169744900, 45.86904400576364800, 1.999999999999921600 ) ) ;
#535 = ORIENTED_EDGE ( 'NONE', *, *, #651, .F. ) ;
#537 = ADVANCED_FACE ( 'NONE', ( #1673 ), #3280, .F. ) ;
#536 = DIRECTION ( 'NONE',  ( 0.0000000000000000000, 1.000000000000000000, 0.0000000000000000000 ) ) ;
#538 = ORIENTED_EDGE ( 'NONE', *, *, #11449, .T. ) ;
#539 = VECTOR ( 'NONE', #10370, 1000.000000000000000 ) ;
#540 = AXIS2_PLACEMENT_3D ( 'NONE', #5968, #11380, #2195 ) ;
#541 = CARTESIAN_POINT ( 'NONE',  ( 176.0081277465148200, 41.96399578645747400, 21.99999947845893200 ) ) ;
#542 = DIRECTION ( 'NONE',  ( -8.157786440681345800E-032, -4.440892098500626200E-016, -1.000000000000000000 ) ) ;
#543 = LINE ( 'NONE', #4382, #2679 ) ;
#544 = ORIENTED_EDGE ( 'NONE', *, *, #11430, .F. ) ;
#545 = CIRCLE ( 'NONE', #9225, 2.500000000000390800 ) ;
#546 = DIRECTION ( 'NONE',  ( -4.440892098500626200E-016, -0.0000000000000000000, 1.000000000000000000 ) ) ;
#547 = AXIS2_PLACEMENT_3D ( 'NONE', #8608, #1411, #464 ) ;
#548 = DIRECTION ( 'NONE',  ( 0.0000000000000000000, 0.0000000000000000000, -1.000000000000000000 ) ) ;
#549 = VERTEX_POINT ( 'NONE', #20 ) ;
#550 = EDGE_LOOP ( 'NONE', ( #4251, #11290 ) ) ;
#551 = ORIENTED_EDGE ( 'NONE', *, *, #6545, .F. ) ;
#552 = DIRECTION ( 'NONE',  ( -1.000000000000000000, 0.0000000000000000000, 0.0000000000000000000 ) ) ;
#553 = FACE_OUTER_BOUND ( 'NONE', #596, .T. ) ;
#554 = CIRCLE ( 'NONE', #3527, 1.000000000000458700 ) ;
#555 = EDGE_LOOP ( 'NONE', ( #10764, #9981, #8080, #8451 ) ) ;
#556 = CIRCLE ( 'NONE', #5405, 3.499999999921482400 ) ;
#557 = FACE_OUTER_BOUND ( 'NONE', #2974, .T. ) ;
#558 = VERTEX_POINT ( 'NONE', #1722 ) ;
#559 = CARTESIAN_POINT ( 'NONE',  ( 192.2719255630692900, 47.86904400576389000, 22.49999878108508300 ) ) ;
#560 = DIRECTION ( 'NONE',  ( 4.440892098500625700E-016, -1.224646799147353500E-016, -1.000000000000000000 ) ) ;
#561 = AXIS2_PLACEMENT_3D ( 'NONE', #8144, #10003, #11847 ) ;
#562 = EDGE_LOOP ( 'NONE', ( #7935, #23, #8252, #2897, #7506 ) ) ;
#563 = LINE ( 'NONE', #9474, #2559 ) ;
#564 = VERTEX_POINT ( 'NONE', #857 ) ;
#565 = DIRECTION ( 'NONE',  ( 1.836970198721029700E-016, 1.000000000000000000, 0.0000000000000000000 ) ) ;
#566 = CARTESIAN_POINT ( 'NONE',  ( 169.7719270336450300, 45.86904386338088800, 4.500000036330218800 ) ) ;
#567 = LINE ( 'NONE', #1912, #7604 ) ;
#568 = ADVANCED_FACE ( 'NONE', ( #4173 ), #5627, .F. ) ;
#569 = LINE ( 'NONE', #9930, #8461 ) ;
#570 = CARTESIAN_POINT ( 'NONE',  ( 169.7719270337400400, 45.86904386338088800, 4.500000036235205900 ) ) ;
#571 = CARTESIAN_POINT ( 'NONE',  ( 189.2719267945538200, 45.86904400576364800, 81.17012103714566300 ) ) ;
#572 = CIRCLE ( 'NONE', #7300, 1.349999999999997000 ) ;
#573 = VERTEX_POINT ( 'NONE', #1600 ) ;
#574 = CARTESIAN_POINT ( 'NONE',  ( 173.7719257169743800, 48.86904386337104000, 22.99999947854303500 ) ) ;
#575 = DIRECTION ( 'NONE',  ( -1.000000000000000000, 0.0000000000000000000, -2.168404783693603700E-016 ) ) ;
#576 = CYLINDRICAL_SURFACE ( 'NONE', #2248, 5.500003774852074500 ) ;
#577 = AXIS2_PLACEMENT_3D ( 'NONE', #7809, #4984, #11394 ) ;
#578 = EDGE_CURVE ( 'NONE', #1055, #10132, #410, .T. ) ;
#579 = DIRECTION ( 'NONE',  ( 1.000000000000000000, 0.0000000000000000000, 0.0000000000000000000 ) ) ;
#580 = CARTESIAN_POINT ( 'NONE',  ( 183.5512093831895900, 62.73959853561064600, 1.999999999999920700 ) ) ;
#581 = CARTESIAN_POINT ( 'NONE',  ( 194.8783012293225500, 49.96428175296595200, 1.000001218979424300 ) ) ;
#582 = EDGE_CURVE ( 'NONE', #9210, #1218, #6320, .T. ) ;
#583 = VERTEX_POINT ( 'NONE', #10827 ) ;
#584 = CONICAL_SURFACE ( 'NONE', #1011, 1.999999999874685400, 0.7853981633974482800 ) ;
#585 = EDGE_CURVE ( 'NONE', #7857, #4885, #11477, .T. ) ;
#586 = CARTESIAN_POINT ( 'NONE',  ( 194.3874572644616000, 49.36904400576362700, 0.4105268733410045700 ) ) ;
#587 = ADVANCED_FACE ( 'NONE', ( #553 ), #11754, .T. ) ;
#588 = EDGE_CURVE ( 'NONE', #6118, #3412, #1393, .T. ) ;
#589 = CARTESIAN_POINT ( 'NONE',  ( 183.9624194915338100, 32.14301632527191500, 1.999999999999915000 ) ) ;
#590 = AXIS2_PLACEMENT_3D ( 'NONE', #3780, #7460, #10317 ) ;
#591 = VERTEX_POINT ( 'NONE', #5312 ) ;
#592 = CARTESIAN_POINT ( 'NONE',  ( 185.6646103220173800, 47.47030988905413600, 23.49999947845893500 ) ) ;
#593 = ORIENTED_EDGE ( 'NONE', *, *, #11902, .T. ) ;
#594 = DIRECTION ( 'NONE',  ( 1.000000000000000000, 0.0000000000000000000, 0.0000000000000000000 ) ) ;
#595 = DIRECTION ( 'NONE',  ( -4.440892098500626200E-016, -0.0000000000000000000, 1.000000000000000000 ) ) ;
#596 = EDGE_LOOP ( 'NONE', ( #3226, #4717, #1924, #7500, #3626, #10854, #7407, #4179, #6698 ) ) ;
#597 = CIRCLE ( 'NONE', #1248, 1.000000000000000900 ) ;
#598 = DIRECTION ( 'NONE',  ( -1.000000000000000000, 0.0000000000000000000, -4.440892098500626200E-016 ) ) ;
#599 = PLANE ( 'NONE',  #9289 ) ;
#600 = DIRECTION ( 'NONE',  ( 0.0000000000000000000, -1.000000000000000000, 4.930380657631323800E-032 ) ) ;
#601 = ORIENTED_EDGE ( 'NONE', *, *, #8422, .F. ) ;
#602 = EDGE_LOOP ( 'NONE', ( #1607, #10094, #11859, #3026, #10805 ) ) ;
#603 = EDGE_CURVE ( 'NONE', #4940, #3323, #10613, .T. ) ;
#604 = DIRECTION ( 'NONE',  ( 4.440892098500625700E-016, -1.224646799147353500E-016, -1.000000000000000000 ) ) ;
#605 = VERTEX_POINT ( 'NONE', #1644 ) ;
#606 = ORIENTED_EDGE ( 'NONE', *, *, #3282, .T. ) ;
#607 = DIRECTION ( 'NONE',  ( -8.157786440681345800E-032, -4.440892098500626200E-016, -1.000000000000000000 ) ) ;
#608 = DIRECTION ( 'NONE',  ( 1.000000000000000000, 0.0000000000000000000, 0.0000000000000000000 ) ) ;
#609 = CARTESIAN_POINT ( 'NONE',  ( 181.7531020476297100, 51.02179321167219000, 1.999999999999914500 ) ) ;
#610 = ORIENTED_EDGE ( 'NONE', *, *, #11810, .T. ) ;
#611 = VECTOR ( 'NONE', #249, 1000.000000000000000 ) ;
#612 = AXIS2_PLACEMENT_3D ( 'NONE', #2503, #6267, #9053 ) ;
#613 = DIRECTION ( 'NONE',  ( 2.220446049249768800E-016, -2.220446049250312600E-016, -1.000000000000000000 ) ) ;
#614 = ORIENTED_EDGE ( 'NONE', *, *, #2022, .T. ) ;
#615 = DIRECTION ( 'NONE',  ( -1.000000000000000000, -1.040834085586097800E-014, 0.0000000000000000000 ) ) ;
#616 = VECTOR ( 'NONE', #5513, 1000.000000000000100 ) ;
#617 = ADVANCED_FACE ( 'NONE', ( #1964 ), #10033, .F. ) ;
#618 = AXIS2_PLACEMENT_3D ( 'NONE', #10724, #9801, #8907 ) ;
#619 = CARTESIAN_POINT ( 'NONE',  ( 183.0219256400218600, 61.89051384249028600, 19.49999999999988600 ) ) ;
#620 = VERTEX_POINT ( 'NONE', #3462 ) ;
#621 = ORIENTED_EDGE ( 'NONE', *, *, #3447, .T. ) ;
#622 = DIRECTION ( 'NONE',  ( 0.0000000000000000000, 1.000000000000000000, 0.0000000000000000000 ) ) ;
#623 = CARTESIAN_POINT ( 'NONE',  ( 185.1462943877393500, 58.24341267652847200, 81.17012103714566300 ) ) ;
#624 = CARTESIAN_POINT ( 'NONE',  ( 161.3975570462096700, 58.24341267652847900, 2.775557561562891400E-014 ) ) ;
#625 = DIRECTION ( 'NONE',  ( 0.0000000000000000000, -1.000000000000000000, 4.930380657631323800E-032 ) ) ;
#626 = EDGE_LOOP ( 'NONE', ( #5320, #1234, #181, #2663 ) ) ;
#627 = CARTESIAN_POINT ( 'NONE',  ( 189.0689853496277200, 48.36904400576364100, 3.000012844918273900 ) ) ;
#628 = ORIENTED_EDGE ( 'NONE', *, *, #4451, .F. ) ;
#629 = ORIENTED_EDGE ( 'NONE', *, *, #4394, .T. ) ;
#630 = ORIENTED_EDGE ( 'NONE', *, *, #887, .F. ) ;
#631 = DIRECTION ( 'NONE',  ( 4.078893220340672900E-032, 2.220446049250313100E-016, 1.000000000000000000 ) ) ;
#632 = LINE ( 'NONE', #9808, #10122 ) ;
#633 = VECTOR ( 'NONE', #6234, 1000.000000000000000 ) ;
#634 = EDGE_CURVE ( 'NONE', #3456, #9483, #3866, .T. ) ;
#635 = VERTEX_POINT ( 'NONE', #7823 ) ;
#636 = CARTESIAN_POINT ( 'NONE',  ( 172.7719257169741800, 52.51494189713154300, 23.49999947845903500 ) ) ;
#637 = ORIENTED_EDGE ( 'NONE', *, *, #6308, .T. ) ;
#638 = AXIS2_PLACEMENT_3D ( 'NONE', #4225, #5977, #5094 ) ;
#639 = DIRECTION ( 'NONE',  ( 8.157786440681345800E-032, 4.440892098500626200E-016, 1.000000000000000000 ) ) ;
#640 = ORIENTED_EDGE ( 'NONE', *, *, #8661, .T. ) ;
#641 = ORIENTED_EDGE ( 'NONE', *, *, #9760, .F. ) ;
#642 = AXIS2_PLACEMENT_3D ( 'NONE', #2644, #9112, #848 ) ;
#644 = ADVANCED_FACE ( 'NONE', ( #10320 ), #4439, .F. ) ;
#643 = CARTESIAN_POINT ( 'NONE',  ( 171.8720901977781400, 37.24404386338086000, 23.49999947845893200 ) ) ;
#645 = VERTEX_POINT ( 'NONE', #3645 ) ;
#646 = ORIENTED_EDGE ( 'NONE', *, *, #6393, .T. ) ;
#647 = CARTESIAN_POINT ( 'NONE',  ( 168.7076961666032600, 57.29723458681255700, 2.818925648462311500E-014 ) ) ;
#648 = AXIS2_PLACEMENT_3D ( 'NONE', #4559, #9917, #5441 ) ;
#649 = DIRECTION ( 'NONE',  ( 0.8660254037844384900, -0.5000000000000004400, -1.060575238724907400E-016 ) ) ;
#650 = FACE_OUTER_BOUND ( 'NONE', #2097, .T. ) ;
#651 = EDGE_CURVE ( 'NONE', #9005, #6538, #5168, .T. ) ;
#652 = CARTESIAN_POINT ( 'NONE',  ( 190.0689853496277000, 48.36904400576364100, 0.7500135331658663900 ) ) ;
#653 = DIRECTION ( 'NONE',  ( -0.0000000000000000000, -0.0000000000000000000, 1.000000000000000000 ) ) ;
#654 = ORIENTED_EDGE ( 'NONE', *, *, #64, .F. ) ;
#655 = EDGE_CURVE ( 'NONE', #4039, #11314, #11038, .T. ) ;
#656 = VERTEX_POINT ( 'NONE', #11368 ) ;
#657 = EDGE_CURVE ( 'NONE', #8838, #1836, #10020, .T. ) ;
#658 = VECTOR ( 'NONE', #3422, 1000.000000000000000 ) ;
#659 = CARTESIAN_POINT ( 'NONE',  ( 183.9624194915338900, 59.59507168625546600, 1.999999999999914500 ) ) ;
#660 = AXIS2_PLACEMENT_3D ( 'NONE', #8210, #822, #5588 ) ;
#661 = VECTOR ( 'NONE', #5983, 1000.000000000000000 ) ;
#662 = EDGE_CURVE ( 'NONE', #1944, #9789, #1378, .T. ) ;
#663 = DIRECTION ( 'NONE',  ( -1.000000000000000000, 0.0000000000000000000, 0.0000000000000000000 ) ) ;
#664 = ORIENTED_EDGE ( 'NONE', *, *, #9482, .F. ) ;
#665 = CARTESIAN_POINT ( 'NONE',  ( 189.2719267945538500, 45.86904400576364100, 3.000012844918273900 ) ) ;
#666 = ORIENTED_EDGE ( 'NONE', *, *, #5060, .F. ) ;
#667 = DIRECTION ( 'NONE',  ( -1.000000000000000000, 0.0000000000000000000, -2.218832413938900800E-016 ) ) ;
#668 = FACE_OUTER_BOUND ( 'NONE', #2681, .T. ) ;
#669 = EDGE_CURVE ( 'NONE', #7072, #9696, #399, .T. ) ;
#670 = CARTESIAN_POINT ( 'NONE',  ( 155.2719258708797600, 47.21904400576377700, 22.49999878108507900 ) ) ;
#671 = AXIS2_PLACEMENT_3D ( 'NONE', #8503, #2969, #6676 ) ;
#672 = CIRCLE ( 'NONE', #11853, 1.999999999999974000 ) ;
#673 = EDGE_CURVE ( 'NONE', #8967, #7182, #7726, .T. ) ;
#674 = CARTESIAN_POINT ( 'NONE',  ( 178.4953732043113900, 63.49719001538910100, 22.49999878108514300 ) ) ;
#675 = EDGE_CURVE ( 'NONE', #11424, #10705, #10165, .T. ) ;
#676 = EDGE_LOOP ( 'NONE', ( #5204, #213 ) ) ;
#677 = ADVANCED_FACE ( 'NONE', ( #8424 ), #8860, .F. ) ;
#678 = LINE ( 'NONE', #6364, #4796 ) ;
#679 = LINE ( 'NONE', #746, #4729 ) ;
#680 = CARTESIAN_POINT ( 'NONE',  ( 192.2719255630693500, 46.86904400576416000, 19.49999999999992200 ) ) ;
#681 = ORIENTED_EDGE ( 'NONE', *, *, #4310, .F. ) ;
#682 = DIRECTION ( 'NONE',  ( -0.8660254037849617300, 0.4999999999990939500, 0.0000000000000000000 ) ) ;
#683 = CIRCLE ( 'NONE', #3773, 21.49999905524600100 ) ;
#684 = PLANE ( 'NONE',  #11164 ) ;
#685 = ORIENTED_EDGE ( 'NONE', *, *, #806, .T. ) ;
#686 = VECTOR ( 'NONE', #3650, 1000.000000000000000 ) ;
#687 = AXIS2_PLACEMENT_3D ( 'NONE', #6924, #1383, #5922 ) ;
#688 = CARTESIAN_POINT ( 'NONE',  ( 168.5164091887856200, 41.68006944272092100, 23.49999947845893200 ) ) ;
#689 = CYLINDRICAL_SURFACE ( 'NONE', #1333, 16.50000028186515500 ) ;
#690 = CIRCLE ( 'NONE', #11537, 1.749999386690438600 ) ;
#691 = CYLINDRICAL_SURFACE ( 'NONE', #8129, 19.49999997868831500 ) ;
#692 = EDGE_LOOP ( 'NONE', ( #310, #9268, #11534, #630 ) ) ;
#693 = AXIS2_PLACEMENT_3D ( 'NONE', #1970, #3896, #9457 ) ;
#694 = VECTOR ( 'NONE', #5965, 1000.000000000000000 ) ;
#695 = VERTEX_POINT ( 'NONE', #6722 ) ;
#696 = CIRCLE ( 'NONE', #5527, 12.00000000000001100 ) ;
#697 = DIRECTION ( 'NONE',  ( -2.220446049250313100E-016, -0.0000000000000000000, 1.000000000000000000 ) ) ;
#698 = CARTESIAN_POINT ( 'NONE',  ( 164.5219257939270700, 63.24051384249006000, 21.54999878108492000 ) ) ;
#699 = VECTOR ( 'NONE', #3483, 1000.000000000000000 ) ;
#700 = CYLINDRICAL_SURFACE ( 'NONE', #8121, 1.999999999999946300 ) ;
#701 = ORIENTED_EDGE ( 'NONE', *, *, #2744, .F. ) ;
#702 = LINE ( 'NONE', #11712, #5337 ) ;
#703 = DIRECTION ( 'NONE',  ( -4.440892098500625700E-016, 1.224646799147353500E-016, 1.000000000000000000 ) ) ;
#704 = DIRECTION ( 'NONE',  ( -1.000000000000000000, 7.771561172374881600E-014, 0.0000000000000000000 ) ) ;
#705 = CARTESIAN_POINT ( 'NONE',  ( 173.7719257169747800, 55.86904386338111600, 23.49999947845893200 ) ) ;
#706 = CYLINDRICAL_SURFACE ( 'NONE', #6363, 19.49999997868823000 ) ;
#707 = CARTESIAN_POINT ( 'NONE',  ( 189.2719267945538200, 45.86904400576364800, 81.17012103714566300 ) ) ;
#708 = DIRECTION ( 'NONE',  ( 1.000000000000000000, -1.836970198721029700E-016, 0.0000000000000000000 ) ) ;
#709 = CIRCLE ( 'NONE', #10602, 1.000000000000458700 ) ;
#710 = ADVANCED_FACE ( 'NONE', ( #6023 ), #10465, .T. ) ;
#711 = ORIENTED_EDGE ( 'NONE', *, *, #365, .F. ) ;
#712 = VECTOR ( 'NONE', #8853, 1000.000000000000000 ) ;
#713 = CARTESIAN_POINT ( 'NONE',  ( 163.9926420507541100, 62.73959853562151100, 1.999999999999914500 ) ) ;
#714 = EDGE_CURVE ( 'NONE', #2484, #1899, #9877, .T. ) ;
#715 = CARTESIAN_POINT ( 'NONE',  ( 178.2718975693599100, 45.88496013626655000, 18.99999947845892800 ) ) ;
#716 = DIRECTION ( 'NONE',  ( -8.157786440681345800E-032, -4.440892098500626200E-016, -1.000000000000000000 ) ) ;
#717 = CARTESIAN_POINT ( 'NONE',  ( 170.7719257169750100, 51.63532516071670400, 23.49999947845893200 ) ) ;
#718 = EDGE_CURVE ( 'NONE', #1752, #7005, #10597, .T. ) ;
#719 = DIRECTION ( 'NONE',  ( -0.0000000000000000000, -0.0000000000000000000, 1.000000000000000000 ) ) ;
#720 = CARTESIAN_POINT ( 'NONE',  ( 182.2719257169745500, 47.86904400576364100, 4.199999999999903400 ) ) ;
#721 = AXIS2_PLACEMENT_3D ( 'NONE', #11660, #6210, #11630 ) ;
#722 = VERTEX_POINT ( 'NONE', #11251 ) ;
#723 = FACE_BOUND ( 'NONE', #11055, .T. ) ;
#724 = EDGE_CURVE ( 'NONE', #961, #9991, #5724, .T. ) ;
#725 = DIRECTION ( 'NONE',  ( 0.0000000000000000000, -1.000000000000000000, 1.224646799147353700E-016 ) ) ;
#726 = DIRECTION ( 'NONE',  ( -1.000000000000000000, 0.0000000000000000000, 0.0000000000000000000 ) ) ;
#727 = ADVANCED_FACE ( 'NONE', ( #11461 ), #5449, .F. ) ;
#728 = ORIENTED_EDGE ( 'NONE', *, *, #1188, .T. ) ;
#729 = CARTESIAN_POINT ( 'NONE',  ( 165.8920814067165000, 43.24411452697980000, 18.99999947845893200 ) ) ;
#730 = ORIENTED_EDGE ( 'NONE', *, *, #10809, .T. ) ;
#731 = ORIENTED_EDGE ( 'NONE', *, *, #2564, .T. ) ;
#732 = EDGE_CURVE ( 'NONE', #2623, #3707, #10883, .T. ) ;
#733 = AXIS2_PLACEMENT_3D ( 'NONE', #6915, #7854, #552 ) ;
#734 = VERTEX_POINT ( 'NONE', #1118 ) ;
#735 = EDGE_CURVE ( 'NONE', #7736, #9483, #6455, .T. ) ;
#736 = LINE ( 'NONE', #840, #9070 ) ;
#737 = DIRECTION ( 'NONE',  ( 2.228637798998055400E-016, 4.818676322157955400E-017, -1.000000000000000000 ) ) ;
#738 = EDGE_CURVE ( 'NONE', #11708, #1391, #2830, .T. ) ;
#739 = DIRECTION ( 'NONE',  ( 6.983158872362118400E-017, 1.110223024625156000E-016, -1.000000000000000000 ) ) ;
#740 = CARTESIAN_POINT ( 'NONE',  ( 173.7719257169743800, 55.86904386338088800, 23.49999947845933700 ) ) ;
#741 = AXIS2_PLACEMENT_3D ( 'NONE', #1419, #4314, #2345 ) ;
#742 = EDGE_LOOP ( 'NONE', ( #173, #8100 ) ) ;
#743 = ORIENTED_EDGE ( 'NONE', *, *, #8790, .T. ) ;
#744 = ORIENTED_EDGE ( 'NONE', *, *, #189, .T. ) ;
#745 = CARTESIAN_POINT ( 'NONE',  ( 173.7719257169743800, 45.86904400576364800, 19.50000000000002500 ) ) ;
#746 = CARTESIAN_POINT ( 'NONE',  ( 181.4321797548195700, 40.86904386338088800, 21.74999947845978500 ) ) ;
#747 = DIRECTION ( 'NONE',  ( 0.0000000000000000000, 1.000000000000000000, -5.204170673763400600E-016 ) ) ;
#748 = CYLINDRICAL_SURFACE ( 'NONE', #4995, 2.000000000000001800 ) ;
#749 = CARTESIAN_POINT ( 'NONE',  ( 163.5814319424160300, 59.59507168625543700, 1.999999999999914500 ) ) ;
#750 = AXIS2_PLACEMENT_3D ( 'NONE', #5144, #11514, #11553 ) ;
#751 = ORIENTED_EDGE ( 'NONE', *, *, #10446, .F. ) ;
#752 = CARTESIAN_POINT ( 'NONE',  ( 159.4825070185630700, 37.61904427367264200, 16.49999967266197100 ) ) ;
#753 = DIRECTION ( 'NONE',  ( -0.0000000000000000000, -0.0000000000000000000, 1.000000000000000000 ) ) ;
#754 = CIRCLE ( 'NONE', #4353, 1.349999999999997000 ) ;
#755 = AXIS2_PLACEMENT_3D ( 'NONE', #10756, #7035, #594 ) ;
#756 = CARTESIAN_POINT ( 'NONE',  ( 190.6424802468432100, 36.08976033953713600, 1.999999999999913400 ) ) ;
#757 = DIRECTION ( 'NONE',  ( -3.147609485530916800E-016, 1.110223024625158000E-016, -1.000000000000000000 ) ) ;
#758 = EDGE_LOOP ( 'NONE', ( #9500, #2747 ) ) ;
#759 = CARTESIAN_POINT ( 'NONE',  ( 158.3453401342979100, 45.86904386338088800, 21.49999947845938700 ) ) ;
#760 = ORIENTED_EDGE ( 'NONE', *, *, #6211, .F. ) ;
#761 = DIRECTION ( 'NONE',  ( 0.0000000000000000000, 1.000000000000000000, 0.0000000000000000000 ) ) ;
#762 = FACE_OUTER_BOUND ( 'NONE', #5041, .T. ) ;
#763 = CARTESIAN_POINT ( 'NONE',  ( 183.9624194915339200, 59.59507168625545100, 2.958747714884541500E-014 ) ) ;
#765 = ADVANCED_FACE ( 'NONE', ( #4017 ), #3120, .F. ) ;
#764 = DIRECTION ( 'NONE',  ( -1.000000000000000000, 0.0000000000000000000, -4.440892098500626200E-016 ) ) ;
#766 = DIRECTION ( 'NONE',  ( -1.000000000000000000, 3.469446951953707300E-015, 0.0000000000000000000 ) ) ;
#767 = ORIENTED_EDGE ( 'NONE', *, *, #10542, .F. ) ;
#768 = CARTESIAN_POINT ( 'NONE',  ( 168.2719219421223000, 45.86904400576364800, 5.499999311752645800 ) ) ;
#769 = ORIENTED_EDGE ( 'NONE', *, *, #6310, .F. ) ;
#770 = AXIS2_PLACEMENT_3D ( 'NONE', #11890, #4569, #1705 ) ;
#771 = ORIENTED_EDGE ( 'NONE', *, *, #10953, .T. ) ;
#772 = ORIENTED_EDGE ( 'NONE', *, *, #8340, .T. ) ;
#773 = DIRECTION ( 'NONE',  ( 2.220446049250313100E-016, 0.0000000000000000000, -1.000000000000000000 ) ) ;
#774 = ORIENTED_EDGE ( 'NONE', *, *, #6149, .F. ) ;
#775 = VECTOR ( 'NONE', #7012, 1000.000000000000000 ) ;
#776 = DIRECTION ( 'NONE',  ( 4.440892098500626200E-016, 0.0000000000000000000, -1.000000000000000000 ) ) ;
#777 = CARTESIAN_POINT ( 'NONE',  ( 173.7719257169744900, 45.86904386338077400, 23.49999947845893200 ) ) ;
#778 = DIRECTION ( 'NONE',  ( -8.157786440681345800E-032, -4.440892098500626200E-016, -1.000000000000000000 ) ) ;
#779 = FACE_OUTER_BOUND ( 'NONE', #1311, .T. ) ;
#780 = CARTESIAN_POINT ( 'NONE',  ( 178.9483063745045100, 65.18755961898325800, 22.49999878108514300 ) ) ;
#781 = ORIENTED_EDGE ( 'NONE', *, *, #10983, .F. ) ;
#782 = ORIENTED_EDGE ( 'NONE', *, *, #9499, .T. ) ;
#783 = ORIENTED_EDGE ( 'NONE', *, *, #5066, .T. ) ;
#784 = CARTESIAN_POINT ( 'NONE',  ( 157.8174435091019900, 35.50301886988822300, 16.49999967266197100 ) ) ;
#785 = ORIENTED_EDGE ( 'NONE', *, *, #10923, .T. ) ;
#786 = ADVANCED_FACE ( 'NONE', ( #3263 ), #2536, .F. ) ;
#787 = EDGE_LOOP ( 'NONE', ( #5867, #11273, #1546, #4587 ) ) ;
#788 = FACE_OUTER_BOUND ( 'NONE', #1486, .T. ) ;
#789 = EDGE_CURVE ( 'NONE', #2894, #7747, #8577, .T. ) ;
#790 = DIRECTION ( 'NONE',  ( 4.440892098500626200E-016, 0.0000000000000000000, -1.000000000000000000 ) ) ;
#791 = VERTEX_POINT ( 'NONE', #2442 ) ;
#792 = VECTOR ( 'NONE', #6031, 1000.000000000000000 ) ;
#793 = CARTESIAN_POINT ( 'NONE',  ( 174.7719257169744900, 66.34463869875487800, 16.49999967266197100 ) ) ;
#794 = CARTESIAN_POINT ( 'NONE',  ( 163.7579486982980700, 39.39060089301899100, 1.999999999999913800 ) ) ;
#795 = DIRECTION ( 'NONE',  ( -8.157786440681345800E-032, -4.440892098500626200E-016, -1.000000000000000000 ) ) ;
#796 = EDGE_CURVE ( 'NONE', #8061, #10657, #10310, .T. ) ;
#797 = EDGE_LOOP ( 'NONE', ( #477, #8994 ) ) ;
#798 = ORIENTED_EDGE ( 'NONE', *, *, #10983, .T. ) ;
#799 = DIRECTION ( 'NONE',  ( -1.000000000000000000, 0.0000000000000000000, -2.220446049250313100E-016 ) ) ;
#800 = AXIS2_PLACEMENT_3D ( 'NONE', #6838, #7714, #4997 ) ;
#801 = DIRECTION ( 'NONE',  ( 1.000000000000000000, 0.0000000000000000000, 0.0000000000000000000 ) ) ;
#802 = VECTOR ( 'NONE', #6733, 1000.000000000000000 ) ;
#803 = ORIENTED_EDGE ( 'NONE', *, *, #4993, .T. ) ;
#804 = DIRECTION ( 'NONE',  ( -4.440892098500626200E-016, -0.0000000000000000000, 1.000000000000000000 ) ) ;
#805 = CIRCLE ( 'NONE', #3704, 1.350000000000000500 ) ;
#806 = EDGE_CURVE ( 'NONE', #10137, #10999, #9295, .T. ) ;
#807 = VERTEX_POINT ( 'NONE', #11654 ) ;
#808 = EDGE_CURVE ( 'NONE', #6273, #1763, #11173, .T. ) ;
#809 = EDGE_CURVE ( 'NONE', #4448, #1569, #5015, .T. ) ;
#810 = VERTEX_POINT ( 'NONE', #7086 ) ;
#811 = DIRECTION ( 'NONE',  ( 4.440892098500626200E-016, 0.0000000000000000000, -1.000000000000000000 ) ) ;
#812 = DIRECTION ( 'NONE',  ( 1.000000000000000000, 9.912705577010316700E-016, 2.478176394252579200E-016 ) ) ;
#813 = FACE_OUTER_BOUND ( 'NONE', #3063, .T. ) ;
#814 = DIRECTION ( 'NONE',  ( -1.000000000000000000, 0.0000000000000000000, -2.168404306771157900E-016 ) ) ;
#815 = AXIS2_PLACEMENT_3D ( 'NONE', #11371, #11329, #6770 ) ;
#816 = CYLINDRICAL_SURFACE ( 'NONE', #750, 16.00000028186515500 ) ;
#817 = VERTEX_POINT ( 'NONE', #8990 ) ;
#818 = LINE ( 'NONE', #6881, #2528 ) ;
#819 = DIRECTION ( 'NONE',  ( -1.000000000000000000, 0.0000000000000000000, -4.591915083468014500E-016 ) ) ;
#820 = EDGE_LOOP ( 'NONE', ( #9873, #6154, #11439, #1213 ) ) ;
#821 = VERTEX_POINT ( 'NONE', #1544 ) ;
#822 = DIRECTION ( 'NONE',  ( 4.440892098500625700E-016, -1.224646799147353500E-016, -1.000000000000000000 ) ) ;
#823 = DIRECTION ( 'NONE',  ( -1.000000000000000000, 0.0000000000000000000, -2.571232623030909800E-016 ) ) ;
#824 = EDGE_CURVE ( 'NONE', #378, #4692, #4727, .T. ) ;
#825 = FACE_OUTER_BOUND ( 'NONE', #11632, .T. ) ;
#826 = LINE ( 'NONE', #9349, #4029 ) ;
#827 = EDGE_CURVE ( 'NONE', #2391, #2797, #6169, .T. ) ;
#828 = VERTEX_POINT ( 'NONE', #5284 ) ;
#829 = CARTESIAN_POINT ( 'NONE',  ( 164.5219257939272900, 31.19757416903768300, 56.79194912331138300 ) ) ;
#830 = CARTESIAN_POINT ( 'NONE',  ( 189.7719259988395500, 45.86904386338088800, 17.64999947845948100 ) ) ;
#831 = CARTESIAN_POINT ( 'NONE',  ( 163.5814319424159700, 59.59507168625550800, 2.725924497104225300E-014 ) ) ;
#832 = FACE_BOUND ( 'NONE', #10234, .T. ) ;
#833 = AXIS2_PLACEMENT_3D ( 'NONE', #3666, #11011, #10 ) ;
#834 = VECTOR ( 'NONE', #344, 1000.000000000000000 ) ;
#835 = ORIENTED_EDGE ( 'NONE', *, *, #6655, .F. ) ;
#836 = ADVANCED_FACE ( 'NONE', ( #9003 ), #7155, .F. ) ;
#838 = CYLINDRICAL_SURFACE ( 'NONE', #4603, 20.49999946418659700 ) ;
#837 = MECHANICAL_CONTEXT ( 'NONE', #7234, 'mechanical' ) ;
#839 = LINE ( 'NONE', #3867, #9174 ) ;
#840 = CARTESIAN_POINT ( 'NONE',  ( 174.8670723329549600, 49.86904400576352700, 4.199999999999903400 ) ) ;
#841 = VECTOR ( 'NONE', #3092, 1000.000000000000000 ) ;
#842 = ORIENTED_EDGE ( 'NONE', *, *, #6600, .T. ) ;
#843 = CARTESIAN_POINT ( 'NONE',  ( 169.9722546785817800, 36.61904386338089500, 18.99999947845893500 ) ) ;
#844 = FACE_OUTER_BOUND ( 'NONE', #4680, .T. ) ;
#845 = AXIS2_PLACEMENT_3D ( 'NONE', #10574, #2323, #4178 ) ;
#846 = DIRECTION ( 'NONE',  ( 0.0000000000000000000, 1.000000000000000000, -5.204170673763481400E-016 ) ) ;
#847 = DIRECTION ( 'NONE',  ( 1.000000000000000000, 0.0000000000000000000, 2.478176394252579200E-016 ) ) ;
#848 = DIRECTION ( 'NONE',  ( 0.0000000000000000000, 1.000000000000000000, -2.891205793294675900E-016 ) ) ;
#849 = CARTESIAN_POINT ( 'NONE',  ( 163.7563136126116500, 54.88465611012650000, 81.17012103714566300 ) ) ;
#850 = DIRECTION ( 'NONE',  ( 4.440892098500626200E-016, 0.0000000000000000000, -1.000000000000000000 ) ) ;
#851 = CIRCLE ( 'NONE', #5923, 0.5000000000000004400 ) ;
#852 = ADVANCED_FACE ( 'NONE', ( #813 ), #1522, .T. ) ;
#853 = ORIENTED_EDGE ( 'NONE', *, *, #1263, .T. ) ;
#854 = DIRECTION ( 'NONE',  ( 0.0000000000000000000, 0.0000000000000000000, -1.000000000000000000 ) ) ;
#855 = DIRECTION ( 'NONE',  ( 0.7071067811866341700, -0.7071067811864609800, 3.140184917367934900E-016 ) ) ;
#856 = CARTESIAN_POINT ( 'NONE',  ( 163.7579486982980100, 39.39060089301904100, 2.872011541085695500E-014 ) ) ;
#857 = CARTESIAN_POINT ( 'NONE',  ( 189.2719267945538500, 45.11904400576364100, 1.750013533165798900 ) ) ;
#858 = ORIENTED_EDGE ( 'NONE', *, *, #6772, .F. ) ;
#859 = VECTOR ( 'NONE', #2808, 1000.000000000000000 ) ;
#860 = DIRECTION ( 'NONE',  ( 0.0000000000000000000, -1.000000000000000000, 0.0000000000000000000 ) ) ;
#861 = DIRECTION ( 'NONE',  ( -0.0000000000000000000, -0.0000000000000000000, -1.000000000000000000 ) ) ;
#862 = CARTESIAN_POINT ( 'NONE',  ( 173.1748931372349600, 40.40154058810423300, 4.999999311752644000 ) ) ;
#863 = CARTESIAN_POINT ( 'NONE',  ( 190.0219267945538500, 45.86904400576364100, 1.750013533165798700 ) ) ;
#864 = EDGE_CURVE ( 'NONE', #6977, #4448, #6880, .T. ) ;
#865 = ORIENTED_EDGE ( 'NONE', *, *, #2350, .F. ) ;
#866 = CYLINDRICAL_SURFACE ( 'NONE', #4758, 0.8000000000000020400 ) ;
#867 = DIRECTION ( 'NONE',  ( 0.0000000000000000000, 0.0000000000000000000, -1.000000000000000000 ) ) ;
#868 = AXIS2_PLACEMENT_3D ( 'NONE', #5044, #7793, #7670 ) ;
#869 = ORIENTED_EDGE ( 'NONE', *, *, #7201, .T. ) ;
#870 = AXIS2_PLACEMENT_3D ( 'NONE', #4517, #9141, #10036 ) ;
#871 = ORIENTED_EDGE ( 'NONE', *, *, #8443, .T. ) ;
#872 = DIRECTION ( 'NONE',  ( -1.224646799147353500E-016, -2.220446049250312600E-016, -1.000000000000000000 ) ) ;
#873 = CARTESIAN_POINT ( 'NONE',  ( 192.8779456889456300, 41.96904400586874600, 2.962582436307970300E-014 ) ) ;
#874 = CARTESIAN_POINT ( 'NONE',  ( 173.7719257169749500, 45.86904400576418100, 22.49999878108514300 ) ) ;
#875 = DIRECTION ( 'NONE',  ( 0.0000000000000000000, 0.0000000000000000000, -1.000000000000000000 ) ) ;
#876 = EDGE_LOOP ( 'NONE', ( #5162, #5399, #5444, #4274, #6500 ) ) ;
#877 = CYLINDRICAL_SURFACE ( 'NONE', #6274, 21.49999940945329500 ) ;
#878 = CARTESIAN_POINT ( 'NONE',  ( 189.0689853496277200, 43.36904400576364100, 1.750013533165798700 ) ) ;
#879 = EDGE_CURVE ( 'NONE', #961, #6260, #1660, .T. ) ;
#880 = DIRECTION ( 'NONE',  ( 0.0000000000000000000, 1.224646799147353200E-016, 1.000000000000000000 ) ) ;
#881 = ORIENTED_EDGE ( 'NONE', *, *, #2723, .T. ) ;
#882 = ORIENTED_EDGE ( 'NONE', *, *, #585, .T. ) ;
#883 = CARTESIAN_POINT ( 'NONE',  ( 182.2719257169745500, 41.86904400576364800, 4.199999999999905100 ) ) ;
#884 = AXIS2_PLACEMENT_3D ( 'NONE', #16, #10244, #10168 ) ;
#885 = ORIENTED_EDGE ( 'NONE', *, *, #11571, .F. ) ;
#886 = ORIENTED_EDGE ( 'NONE', *, *, #3965, .T. ) ;
#887 = EDGE_CURVE ( 'NONE', #10999, #1582, #962, .T. ) ;
#888 = CARTESIAN_POINT ( 'NONE',  ( 194.3874572644615700, 49.36904400576364100, 1.999999999999914500 ) ) ;
#889 = CARTESIAN_POINT ( 'NONE',  ( 164.7563136126116500, 54.88465611012650000, 81.17012103714566300 ) ) ;
#890 = VERTEX_POINT ( 'NONE', #873 ) ;
#891 = FACE_OUTER_BOUND ( 'NONE', #9940, .T. ) ;
#892 = CARTESIAN_POINT ( 'NONE',  ( 173.7719257169744400, 45.86904400576353400, 4.199999999999903400 ) ) ;
#894 = ADVANCED_FACE ( 'NONE', ( #3852 ), #10745, .F. ) ;
#893 = CARTESIAN_POINT ( 'NONE',  ( 181.3330386763109600, 40.98749306854549000, 2.199999311752462100 ) ) ;
#895 = CARTESIAN_POINT ( 'NONE',  ( 173.7719257169743800, 45.86904400576364800, 5.499999311752435300 ) ) ;
#896 = ORIENTED_EDGE ( 'NONE', *, *, #4682, .T. ) ;
#897 = EDGE_CURVE ( 'NONE', #5299, #10617, #3717, .T. ) ;
#898 = CARTESIAN_POINT ( 'NONE',  ( 179.2656718058349800, 43.85192861849668600, 23.49999947845893200 ) ) ;
#899 = AXIS2_PLACEMENT_3D ( 'NONE', #3374, #326, #5514 ) ;
#900 = EDGE_CURVE ( 'NONE', #2188, #51, #5878, .T. ) ;
#901 = EDGE_CURVE ( 'NONE', #7522, #6229, #2971, .T. ) ;
#902 = FACE_OUTER_BOUND ( 'NONE', #7773, .T. ) ;
#903 = AXIS2_PLACEMENT_3D ( 'NONE', #6194, #737, #11792 ) ;
#904 = CARTESIAN_POINT ( 'NONE',  ( 164.5219257939270700, 61.89051384249005800, 22.19999878093403800 ) ) ;
#905 = CARTESIAN_POINT ( 'NONE',  ( 189.0689853496277000, 43.36904400576364800, 81.17012103714566300 ) ) ;
#906 = ORIENTED_EDGE ( 'NONE', *, *, #1651, .T. ) ;
#907 = ORIENTED_EDGE ( 'NONE', *, *, #3096, .T. ) ;
#908 = DIRECTION ( 'NONE',  ( -1.000000000000000000, 0.0000000000000000000, 0.0000000000000000000 ) ) ;
#909 = CARTESIAN_POINT ( 'NONE',  ( 178.9483063745044300, 26.55052839254473400, 22.49999878108515000 ) ) ;
#910 = SHAPE_DEFINITION_REPRESENTATION ( #4411, #11354 ) ;
#911 = CARTESIAN_POINT ( 'NONE',  ( 173.7719257169744400, 45.86904400576423800, 20.49999878108513900 ) ) ;
#912 = ADVANCED_FACE ( 'NONE', ( #7858 ), #6301, .F. ) ;
#913 = ORIENTED_EDGE ( 'NONE', *, *, #7673, .F. ) ;
#914 = DIRECTION ( 'NONE',  ( -0.0000000000000000000, -0.0000000000000000000, 1.000000000000000000 ) ) ;
#915 = AXIS2_PLACEMENT_3D ( 'NONE', #7981, #6050, #7941 ) ;
#916 = DIRECTION ( 'NONE',  ( -1.000000000000000000, -2.929755203871811800E-014, 0.0000000000000000000 ) ) ;
#917 = ORIENTED_EDGE ( 'NONE', *, *, #9430, .T. ) ;
#918 = CARTESIAN_POINT ( 'NONE',  ( 155.2719258708795800, 44.86904400576326400, 14.29999914656994900 ) ) ;
#919 = ORIENTED_EDGE ( 'NONE', *, *, #6523, .T. ) ;
#920 = ORIENTED_EDGE ( 'NONE', *, *, #7077, .F. ) ;
#921 = DIRECTION ( 'NONE',  ( 4.440892098500626200E-016, 0.0000000000000000000, -1.000000000000000000 ) ) ;
#922 = ORIENTED_EDGE ( 'NONE', *, *, #10814, .T. ) ;
#923 = AXIS2_PLACEMENT_3D ( 'NONE', #5097, #2211, #2252 ) ;
#924 = VECTOR ( 'NONE', #10211, 1000.000000000000000 ) ;
#925 = FACE_OUTER_BOUND ( 'NONE', #11812, .T. ) ;
#926 = CARTESIAN_POINT ( 'NONE',  ( 163.7962151825974800, 45.17248135052175000, 18.99999947845892800 ) ) ;
#927 = ORIENTED_EDGE ( 'NONE', *, *, #3913, .T. ) ;
#928 = DIRECTION ( 'NONE',  ( 0.0000000000000000000, 1.000000000000000000, 0.0000000000000000000 ) ) ;
#929 = ORIENTED_EDGE ( 'NONE', *, *, #3130, .T. ) ;
#930 = VERTEX_POINT ( 'NONE', #4488 ) ;
#931 = ORIENTED_EDGE ( 'NONE', *, *, #8661, .F. ) ;
#932 = DIRECTION ( 'NONE',  ( -1.000000000000000000, 0.0000000000000000000, -4.440892098500626200E-016 ) ) ;
#933 = ORIENTED_EDGE ( 'NONE', *, *, #8511, .T. ) ;
#934 = CARTESIAN_POINT ( 'NONE',  ( 158.3453401342979100, 45.86904386338088800, 21.49999947845938700 ) ) ;
#935 = LINE ( 'NONE', #6716, #1212 ) ;
#936 = CARTESIAN_POINT ( 'NONE',  ( 180.2914770650169200, 51.82684968601711300, 23.49999947845893200 ) ) ;
#937 = DIRECTION ( 'NONE',  ( 4.440892098500625700E-016, -1.224646799147353500E-016, -1.000000000000000000 ) ) ;
#938 = LINE ( 'NONE', #3836, #1061 ) ;
#939 = DIRECTION ( 'NONE',  ( 4.440892098500625700E-016, -1.224646799147353500E-016, -1.000000000000000000 ) ) ;
#940 = CARTESIAN_POINT ( 'NONE',  ( 193.3678436374728400, 49.36904400576365500, 2.862293735361731700E-014 ) ) ;
#941 = EDGE_LOOP ( 'NONE', ( #205, #3919 ) ) ;
#942 = DIRECTION ( 'NONE',  ( -0.7071067811865474600, 8.659560562354931600E-017, 0.7071067811865475700 ) ) ;
#943 = ORIENTED_EDGE ( 'NONE', *, *, #5483, .F. ) ;
#944 = CARTESIAN_POINT ( 'NONE',  ( 173.7719257169746600, 45.86904400576391100, 22.49999878108514300 ) ) ;
#945 = CARTESIAN_POINT ( 'NONE',  ( 173.7719257169744900, 45.86904400576364800, 1.999999999999914500 ) ) ;
#946 = CIRCLE ( 'NONE', #8309, 1.349999999999997000 ) ;
#947 = FACE_OUTER_BOUND ( 'NONE', #1209, .T. ) ;
#948 = EDGE_CURVE ( 'NONE', #6259, #6474, #8298, .T. ) ;
#949 = ORIENTED_EDGE ( 'NONE', *, *, #9181, .F. ) ;
#950 = CARTESIAN_POINT ( 'NONE',  ( 190.2264079248468200, 36.36904427367270600, 16.49999967266197100 ) ) ;
#951 = ADVANCED_FACE ( 'NONE', ( #3415 ), #5751, .F. ) ;
#952 = VERTEX_POINT ( 'NONE', #7235 ) ;
#953 = CYLINDRICAL_SURFACE ( 'NONE', #3700, 2.000000000000029300 ) ;
#954 = PLANE ( 'NONE',  #3256 ) ;
#955 = ORIENTED_EDGE ( 'NONE', *, *, #3096, .F. ) ;
#956 = AXIS2_PLACEMENT_3D ( 'NONE', #3799, #4744, #5546 ) ;
#957 = CIRCLE ( 'NONE', #8148, 13.49332192224564300 ) ;
#958 = EDGE_CURVE ( 'NONE', #9255, #9081, #9584, .T. ) ;
#959 = EDGE_LOOP ( 'NONE', ( #8905, #8701, #9571, #6222 ) ) ;
#960 = CARTESIAN_POINT ( 'NONE',  ( 165.8437224866989100, 49.86904386338100900, 19.99999947845892800 ) ) ;
#961 = VERTEX_POINT ( 'NONE', #794 ) ;
#962 = LINE ( 'NONE', #6849, #1241 ) ;
#963 = DIRECTION ( 'NONE',  ( -1.000000000000000000, 0.0000000000000000000, 0.0000000000000000000 ) ) ;
#964 = LINE ( 'NONE', #11881, #4440 ) ;
#965 = EDGE_CURVE ( 'NONE', #6628, #11765, #678, .T. ) ;
#966 = ORIENTED_EDGE ( 'NONE', *, *, #7144, .T. ) ;
#967 = DIRECTION ( 'NONE',  ( 0.0000000000000000000, 0.0000000000000000000, -1.000000000000000000 ) ) ;
#968 = FACE_BOUND ( 'NONE', #9745, .T. ) ;
#969 = EDGE_CURVE ( 'NONE', #8419, #11332, #2452, .T. ) ;
#970 = ADVANCED_FACE ( 'NONE', ( #4929 ), #6104, .F. ) ;
#971 = EDGE_CURVE ( 'NONE', #8114, #9121, #2314, .T. ) ;
#972 = CARTESIAN_POINT ( 'NONE',  ( 163.7962151825974800, 45.17248135052175000, 23.49999947845893200 ) ) ;
#973 = ORIENTED_EDGE ( 'NONE', *, *, #5237, .T. ) ;
#974 = VECTOR ( 'NONE', #6315, 1000.000000000000000 ) ;
#975 = CARTESIAN_POINT ( 'NONE',  ( 198.9033806311083200, 48.86904400576364100, 0.7500135331658555100 ) ) ;
#976 = DIRECTION ( 'NONE',  ( -1.000000000000000000, 0.0000000000000000000, -2.168404783693603700E-016 ) ) ;
#977 = AXIS2_PLACEMENT_3D ( 'NONE', #4522, #2756, #11843 ) ;
#978 = CARTESIAN_POINT ( 'NONE',  ( 172.7719257169751500, 55.86904386338088800, 19.99999947846018200 ) ) ;
#979 = ORIENTED_EDGE ( 'NONE', *, *, #10193, .F. ) ;
#980 = CYLINDRICAL_SURFACE ( 'NONE', #9520, 1.000000000000000900 ) ;
#981 = VECTOR ( 'NONE', #8691, 1000.000000000000000 ) ;
#982 = VERTEX_POINT ( 'NONE', #8032 ) ;
#983 = LINE ( 'NONE', #6855, #2695 ) ;
#984 = ORIENTED_EDGE ( 'NONE', *, *, #4090, .T. ) ;
#985 = EDGE_CURVE ( 'NONE', #2797, #2391, #9793, .T. ) ;
#986 = CIRCLE ( 'NONE', #10656, 1.999999999999974000 ) ;
#987 = AXIS2_PLACEMENT_3D ( 'NONE', #4825, #8527, #11352 ) ;
#988 = CIRCLE ( 'NONE', #9354, 1.999999999999974000 ) ;
#989 = ORIENTED_EDGE ( 'NONE', *, *, #10826, .T. ) ;
#990 = AXIS2_PLACEMENT_3D ( 'NONE', #945, #3652, #10997 ) ;
#991 = CIRCLE ( 'NONE', #9365, 0.8000000000000020400 ) ;
#992 = CARTESIAN_POINT ( 'NONE',  ( 198.1063220760345300, 46.61904400576364800, 0.7500135331658555100 ) ) ;
#993 = FACE_OUTER_BOUND ( 'NONE', #8423, .T. ) ;
#994 = DIRECTION ( 'NONE',  ( 4.440892098500625700E-016, -1.224646799147353500E-016, -1.000000000000000000 ) ) ;
#995 = DIRECTION ( 'NONE',  ( 0.0000000000000000000, 0.0000000000000000000, 1.000000000000000000 ) ) ;
#996 = ORIENTED_EDGE ( 'NONE', *, *, #4058, .T. ) ;
#997 = CYLINDRICAL_SURFACE ( 'NONE', #8255, 4.500000000000198100 ) ;
#998 = DIRECTION ( 'NONE',  ( -0.8660254037841764700, -0.5000000000004540800, -0.0000000000000000000 ) ) ;
#999 = DIRECTION ( 'NONE',  ( 0.0000000000000000000, 0.0000000000000000000, -1.000000000000000000 ) ) ;
#1001 = ADVANCED_FACE ( 'NONE', ( #174 ), #5789, .F. ) ;
#1000 = CARTESIAN_POINT ( 'NONE',  ( 177.0418154610840400, 51.48667869143574900, 18.99999947845893200 ) ) ;
#1002 = DIRECTION ( 'NONE',  ( 1.000000000000000000, 4.592896112677545600E-028, 4.440892109195640400E-016 ) ) ;
#1003 = AXIS2_PLACEMENT_3D ( 'NONE', #5330, #2596, #4441 ) ;
#1004 = VERTEX_POINT ( 'NONE', #7954 ) ;
#1005 = FACE_OUTER_BOUND ( 'NONE', #4224, .T. ) ;
#1006 = VERTEX_POINT ( 'NONE', #1586 ) ;
#1007 = EDGE_CURVE ( 'NONE', #6395, #6361, #3627, .T. ) ;
#1008 = ORIENTED_EDGE ( 'NONE', *, *, #4073, .F. ) ;
#1009 = ORIENTED_EDGE ( 'NONE', *, *, #714, .T. ) ;
#1010 = CARTESIAN_POINT ( 'NONE',  ( 190.0689853496277000, 48.36904400576365500, 1.750013533165799800 ) ) ;
#1011 = AXIS2_PLACEMENT_3D ( 'NONE', #10879, #5401, #8135 ) ;
#1012 = ORIENTED_EDGE ( 'NONE', *, *, #2737, .F. ) ;
#1013 = VECTOR ( 'NONE', #3463, 1000.000000000000000 ) ;
#1014 = AXIS2_PLACEMENT_3D ( 'NONE', #444, #9594, #7624 ) ;
#1015 = ADVANCED_FACE ( 'NONE', ( #8067 ), #877, .T. ) ;
#1016 = AXIS2_PLACEMENT_3D ( 'NONE', #11610, #6123, #1497 ) ;
#1017 = EDGE_LOOP ( 'NONE', ( #9049, #3382, #7690, #4409 ) ) ;
#1018 = ORIENTED_EDGE ( 'NONE', *, *, #4922, .F. ) ;
#1019 = ORIENTED_EDGE ( 'NONE', *, *, #3839, .T. ) ;
#1020 = DIRECTION ( 'NONE',  ( -1.000000000000000000, 0.0000000000000000000, -4.336808689942013800E-016 ) ) ;
#1021 = EDGE_CURVE ( 'NONE', #1370, #202, #4507, .T. ) ;
#1022 = CARTESIAN_POINT ( 'NONE',  ( 173.7719257169743800, 31.86904386338088800, 21.49999947845938700 ) ) ;
#1023 = EDGE_CURVE ( 'NONE', #6581, #7124, #10085, .T. ) ;
#1024 = FACE_OUTER_BOUND ( 'NONE', #5920, .T. ) ;
#1025 = CARTESIAN_POINT ( 'NONE',  ( 181.7438190031259900, 41.22000242472863400, 0.2716078565878007300 ) ) ;
#1026 = EDGE_CURVE ( 'NONE', #6888, #4235, #10378, .T. ) ;
#1027 = CARTESIAN_POINT ( 'NONE',  ( 161.7719257169744400, 45.86904386338088800, 18.99999947845892800 ) ) ;
#1028 = AXIS2_PLACEMENT_3D ( 'NONE', #11802, #9146, #8224 ) ;
#1029 = ORIENTED_EDGE ( 'NONE', *, *, #6507, .F. ) ;
#1030 = DIRECTION ( 'NONE',  ( 4.440892098500625700E-016, -1.224646799147353500E-016, -1.000000000000000000 ) ) ;
#1031 = CARTESIAN_POINT ( 'NONE',  ( 198.9033806311083200, 43.86904400576364100, 0.7500135331658555100 ) ) ;
#1032 = DATE_AND_TIME ( #7237, #11406 ) ;
#1033 = DIRECTION ( 'NONE',  ( -1.000000000000000000, 0.0000000000000000000, 3.147609485530916800E-016 ) ) ;
#1034 = DIRECTION ( 'NONE',  ( 4.440892098500626200E-016, 0.0000000000000000000, -1.000000000000000000 ) ) ;
#1035 = DIRECTION ( 'NONE',  ( -1.000000000000000000, 0.0000000000000000000, 0.0000000000000000000 ) ) ;
#1036 = CARTESIAN_POINT ( 'NONE',  ( 192.2719255630692900, 45.86904400576411000, 22.19999878099088200 ) ) ;
#1037 = CARTESIAN_POINT ( 'NONE',  ( 162.1046636280874800, 57.53630609465073300, 22.49999878108515000 ) ) ;
#1038 = EDGE_CURVE ( 'NONE', #2792, #2605, #7926, .T. ) ;
#1039 = PLANE ( 'NONE',  #4454 ) ;
#1040 = AXIS2_PLACEMENT_3D ( 'NONE', #10037, #5400, #10956 ) ;
#1041 = ORIENTED_EDGE ( 'NONE', *, *, #10670, .F. ) ;
#1042 = VERTEX_POINT ( 'NONE', #11628 ) ;
#1043 = EDGE_CURVE ( 'NONE', #9401, #9736, #2898, .T. ) ;
#1044 = EDGE_LOOP ( 'NONE', ( #2449, #5361, #8708, #1019, #4222, #8323 ) ) ;
#1045 = EDGE_CURVE ( 'NONE', #828, #5482, #8353, .T. ) ;
#1046 = LINE ( 'NONE', #1436, #6113 ) ;
#1047 = VERTEX_POINT ( 'NONE', #8912 ) ;
#1048 = AXIS2_PLACEMENT_3D ( 'NONE', #2175, #5952, #8537 ) ;
#1049 = CARTESIAN_POINT ( 'NONE',  ( 167.2719663746400700, 45.89203403532671600, 21.99999947845893200 ) ) ;
#1050 = ORIENTED_EDGE ( 'NONE', *, *, #9982, .F. ) ;
#1051 = ORIENTED_EDGE ( 'NONE', *, *, #11906, .F. ) ;
#1052 = DIRECTION ( 'NONE',  ( -1.000000000000000000, 0.0000000000000000000, 0.0000000000000000000 ) ) ;
#1053 = CARTESIAN_POINT ( 'NONE',  ( 177.0019953151992500, 40.22841886338043300, 23.49999947845893200 ) ) ;
#1054 = ORIENTED_EDGE ( 'NONE', *, *, #7681, .T. ) ;
#1055 = VERTEX_POINT ( 'NONE', #5253 ) ;
#1056 = ORIENTED_EDGE ( 'NONE', *, *, #3487, .F. ) ;
#1057 = CIRCLE ( 'NONE', #10485, 16.50000028186540700 ) ;
#1058 = DIRECTION ( 'NONE',  ( 0.0000000000000000000, 0.0000000000000000000, -1.000000000000000000 ) ) ;
#1059 = ADVANCED_FACE ( 'NONE', ( #11808 ), #10777, .T. ) ;
#1060 = AXIS2_PLACEMENT_3D ( 'NONE', #1666, #7423, #5530 ) ;
#1061 = VECTOR ( 'NONE', #1906, 1000.000000000000000 ) ;
#1062 = ORIENTED_EDGE ( 'NONE', *, *, #3353, .T. ) ;
#1063 = DIRECTION ( 'NONE',  ( 0.0000000000000000000, 0.0000000000000000000, -1.000000000000000000 ) ) ;
#1064 = DIRECTION ( 'NONE',  ( 4.440892098500625700E-016, -1.224646799147353500E-016, -1.000000000000000000 ) ) ;
#1065 = EDGE_LOOP ( 'NONE', ( #1847, #11709, #2839, #9075 ) ) ;
#1066 = DIRECTION ( 'NONE',  ( -1.000000000000000000, 0.0000000000000000000, -2.220446049250312600E-016 ) ) ;
#1067 = AXIS2_PLACEMENT_3D ( 'NONE', #2530, #2454, #9815 ) ;
#1068 = ORIENTED_EDGE ( 'NONE', *, *, #4815, .F. ) ;
#1069 = CLOSED_SHELL ( 'NONE', ( #11144, #677, #951, #7117, #1276, #727, #3086, #445, #10188, #1795, #6296, #2199, #894, #5670, #7767, #2298, #9598, #4107, #5888, #4348, #2385, #2269, #1432, #5626, #3508, #8117, #7249, #765, #10484, #4660, #390, #5943, #10796, #7819, #8621, #9708, #6152, #357, #2012, #2837, #11649, #7636, #11455, #1680, #7317, #57, #8533, #7133, #8060, #8, #2573, #178, #6358, #6279, #1611, #3763, #10451, #2879, #7671, #7414, #8798, #6482, #6877, #7021, #1839, #9204, #6070, #11502, #4673, #9658, #5126, #6044 ) ) ;
#1070 = DIRECTION ( 'NONE',  ( 1.000000000000000000, -1.836970198721029700E-016, 0.0000000000000000000 ) ) ;
#1071 = DIRECTION ( 'NONE',  ( -2.220446049250312800E-016, 1.224646799147353200E-016, 1.000000000000000000 ) ) ;
#1072 = LINE ( 'NONE', #3496, #2807 ) ;
#1073 = ORIENTED_EDGE ( 'NONE', *, *, #10651, .T. ) ;
#1074 = CARTESIAN_POINT ( 'NONE',  ( 182.1913125842133900, 48.53623804074496200, 18.99999947845893500 ) ) ;
#1075 = LINE ( 'NONE', #4867, #1641 ) ;
#1076 = DIRECTION ( 'NONE',  ( -1.000000000000000000, 0.0000000000000000000, -4.336808689942013800E-016 ) ) ;
#1077 = DIRECTION ( 'NONE',  ( 4.440892098500625700E-016, -1.224646799147353500E-016, -1.000000000000000000 ) ) ;
#1078 = ORIENTED_EDGE ( 'NONE', *, *, #10668, .T. ) ;
#1079 = DIRECTION ( 'NONE',  ( -1.000000000000000000, 0.0000000000000000000, 0.0000000000000000000 ) ) ;
#1080 = DIRECTION ( 'NONE',  ( 2.220446049250313100E-016, 0.0000000000000000000, -1.000000000000000000 ) ) ;
#1081 = ORIENTED_EDGE ( 'NONE', *, *, #3907, .F. ) ;
#1082 = CARTESIAN_POINT ( 'NONE',  ( 187.9719257169745400, 45.86904400576391100, 21.49999895691860300 ) ) ;
#1083 = FACE_OUTER_BOUND ( 'NONE', #11864, .T. ) ;
#1084 = DIRECTION ( 'NONE',  ( 4.440892098500625700E-016, -1.224646799147353500E-016, -1.000000000000000000 ) ) ;
#1085 = FACE_OUTER_BOUND ( 'NONE', #2633, .T. ) ;
#1086 = PLANE ( 'NONE',  #11112 ) ;
#1087 = EDGE_LOOP ( 'NONE', ( #7680, #4516, #10007, #7110 ) ) ;
#1088 = AXIS2_PLACEMENT_3D ( 'NONE', #4386, #739, #9943 ) ;
#1089 = DIRECTION ( 'NONE',  ( -1.000000000000000000, 0.0000000000000000000, -4.448008917622316300E-016 ) ) ;
#1090 = ORIENTED_EDGE ( 'NONE', *, *, #732, .T. ) ;
#1091 = VECTOR ( 'NONE', #3953, 1000.000000000000000 ) ;
#1092 = FACE_OUTER_BOUND ( 'NONE', #10894, .T. ) ;
#1093 = ORIENTED_EDGE ( 'NONE', *, *, #4289, .F. ) ;
#1094 = DIRECTION ( 'NONE',  ( -8.157786440681345800E-032, -4.440892098500626200E-016, -1.000000000000000000 ) ) ;
#1095 = VECTOR ( 'NONE', #4511, 1000.000000000000000 ) ;
#1096 = ORIENTED_EDGE ( 'NONE', *, *, #4711, .F. ) ;
#1097 = VERTEX_POINT ( 'NONE', #6339 ) ;
#1098 = DIRECTION ( 'NONE',  ( -1.000000000000000000, 0.0000000000000000000, 0.0000000000000000000 ) ) ;
#1099 = EDGE_CURVE ( 'NONE', #5482, #7962, #7632, .T. ) ;
#1100 = ORIENTED_EDGE ( 'NONE', *, *, #8490, .T. ) ;
#1101 = PERSON_AND_ORGANIZATION_ROLE ( 'classification_officer' ) ;
#1102 = FACE_OUTER_BOUND ( 'NONE', #180, .T. ) ;
#1103 = AXIS2_PLACEMENT_3D ( 'NONE', #7096, #8917, #6184 ) ;
#1104 = DIRECTION ( 'NONE',  ( -1.000000000000000000, 0.0000000000000000000, 0.0000000000000000000 ) ) ;
#1105 = DIRECTION ( 'NONE',  ( -1.000000000000000000, 0.0000000000000000000, -4.336808689941954100E-016 ) ) ;
#1106 = CARTESIAN_POINT ( 'NONE',  ( 181.7875378213373400, 54.88465611012649200, 81.17012103714566300 ) ) ;
#1107 = CIRCLE ( 'NONE', #8663, 1.749999386690445700 ) ;
#1108 = FACE_OUTER_BOUND ( 'NONE', #7163, .T. ) ;
#1109 = EDGE_CURVE ( 'NONE', #7826, #1655, #10947, .T. ) ;
#1110 = ORIENTED_EDGE ( 'NONE', *, *, #8199, .F. ) ;
#1111 = LINE ( 'NONE', #4087, #4182 ) ;
#1112 = DIRECTION ( 'NONE',  ( -1.094764425253763300E-047, 4.930380657631323800E-032, 1.000000000000000000 ) ) ;
#1113 = DIRECTION ( 'NONE',  ( 0.0000000000000000000, 0.0000000000000000000, -1.000000000000000000 ) ) ;
#1114 = CARTESIAN_POINT ( 'NONE',  ( 169.9722546785817800, 36.61904386338089500, 21.99999947845893200 ) ) ;
#1115 = VECTOR ( 'NONE', #5389, 1000.000000000000000 ) ;
#1116 = VERTEX_POINT ( 'NONE', #4492 ) ;
#1117 = CARTESIAN_POINT ( 'NONE',  ( 174.7719257169744900, 62.36904346994576500, 16.49999967266197100 ) ) ;
#1118 = CARTESIAN_POINT ( 'NONE',  ( 190.2719267945538200, 45.86904400576364100, 1.500013533165867100 ) ) ;
#1119 = EDGE_CURVE ( 'NONE', #8487, #2640, #9358, .T. ) ;
#1120 = CYLINDRICAL_SURFACE ( 'NONE', #6209, 0.5000000000000004400 ) ;
#1121 = DIRECTION ( 'NONE',  ( 2.220446049250313100E-016, 0.0000000000000000000, -1.000000000000000000 ) ) ;
#1122 = EDGE_LOOP ( 'NONE', ( #1062, #2598 ) ) ;
#1123 = AXIS2_PLACEMENT_3D ( 'NONE', #7176, #1521, #7137 ) ;
#1124 = CIRCLE ( 'NONE', #2013, 1.000000000000000900 ) ;
#1125 = EDGE_CURVE ( 'NONE', #6724, #7125, #5076, .T. ) ;
#1126 = DIRECTION ( 'NONE',  ( -1.000000000000000000, 0.0000000000000000000, -4.336808689941954100E-016 ) ) ;
#1127 = ORIENTED_EDGE ( 'NONE', *, *, #1561, .F. ) ;
#1128 = EDGE_CURVE ( 'NONE', #11721, #3098, #4227, .T. ) ;
#1129 = DIRECTION ( 'NONE',  ( -1.000000000000000000, 0.0000000000000000000, -4.336808689942013800E-016 ) ) ;
#1130 = CIRCLE ( 'NONE', #5926, 16.50000028186576600 ) ;
#1131 = CARTESIAN_POINT ( 'NONE',  ( 178.4953732043113900, 28.24089799613869900, 22.49999878108514300 ) ) ;
#1133 = ADVANCED_FACE ( 'NONE', ( #8489 ), #6942, .F. ) ;
#1132 = DIRECTION ( 'NONE',  ( 1.000000000000000000, 0.0000000000000000000, 0.0000000000000000000 ) ) ;
#1134 = AXIS2_PLACEMENT_3D ( 'NONE', #5468, #11738, #8074 ) ;
#1135 = LINE ( 'NONE', #2724, #10194 ) ;
#1136 = CARTESIAN_POINT ( 'NONE',  ( 155.2719258708795800, 44.86904400576326400, 19.49999999999992200 ) ) ;
#1137 = CARTESIAN_POINT ( 'NONE',  ( 186.6766242392632500, 58.77374252805196900, 22.49999878108514300 ) ) ;
#1138 = CIRCLE ( 'NONE', #2577, 1.749999386690438600 ) ;
#1139 = CARTESIAN_POINT ( 'NONE',  ( 174.5715804157485100, 66.35365057268073500, 17.11456817451673700 ) ) ;
#1140 = DIRECTION ( 'NONE',  ( 4.440892098500626200E-016, 0.0000000000000000000, -1.000000000000000000 ) ) ;
#1141 = AXIS2_PLACEMENT_3D ( 'NONE', #11809, #11692, #10775 ) ;
#1142 = EDGE_LOOP ( 'NONE', ( #7828, #4145 ) ) ;
#1143 = CIRCLE ( 'NONE', #2876, 2.000000000000001800 ) ;
#1144 = CARTESIAN_POINT ( 'NONE',  ( 182.4321797548188000, 40.86904386338088800, 21.74999947845978500 ) ) ;
#1145 = CARTESIAN_POINT ( 'NONE',  ( 183.0219256400218600, 63.24051384249028700, 19.49999999999988600 ) ) ;
#1146 = AXIS2_PLACEMENT_3D ( 'NONE', #8836, #4377, #579 ) ;
#1147 = CARTESIAN_POINT ( 'NONE',  ( 173.7719257169743800, 56.66904386338090700, 17.49999947846030000 ) ) ;
#1148 = CARTESIAN_POINT ( 'NONE',  ( 165.1116716791297300, 40.86904386338135000, 18.99999947845893200 ) ) ;
#1149 = ORIENTED_EDGE ( 'NONE', *, *, #1045, .T. ) ;
#1150 = LINE ( 'NONE', #6718, #4787 ) ;
#1151 = DIRECTION ( 'NONE',  ( 4.440892098500626200E-016, 0.0000000000000000000, -1.000000000000000000 ) ) ;
#1152 = DIRECTION ( 'NONE',  ( -1.000000000000000000, 0.0000000000000000000, 0.0000000000000000000 ) ) ;
#1153 = DIRECTION ( 'NONE',  ( -1.000000000000000000, 0.0000000000000000000, -2.220446049250312600E-016 ) ) ;
#1154 = ORIENTED_EDGE ( 'NONE', *, *, #2028, .T. ) ;
#1155 = DIRECTION ( 'NONE',  ( -8.157786440681345800E-032, -4.440892098500626200E-016, -1.000000000000000000 ) ) ;
#1156 = ORIENTED_EDGE ( 'NONE', *, *, #2356, .F. ) ;
#1157 = DIRECTION ( 'NONE',  ( -2.168405058739822500E-016, 0.0000000000000000000, 1.000000000000000000 ) ) ;
#1158 = AXIS2_PLACEMENT_3D ( 'NONE', #1310, #5332, #8064 ) ;
#1159 = DIRECTION ( 'NONE',  ( 0.0000000000000000000, 1.000000000000000000, 1.110223024625156000E-016 ) ) ;
#1160 = ORIENTED_EDGE ( 'NONE', *, *, #7912, .T. ) ;
#1161 = FACE_OUTER_BOUND ( 'NONE', #3987, .T. ) ;
#1162 = DIRECTION ( 'NONE',  ( 4.440892098500626200E-016, 0.0000000000000000000, -1.000000000000000000 ) ) ;
#1163 = CARTESIAN_POINT ( 'NONE',  ( 173.7719257169747200, 45.86904400576391100, 20.74999939054248400 ) ) ;
#1164 = EDGE_LOOP ( 'NONE', ( #10385, #1759, #2548, #3509 ) ) ;
#1165 = ORIENTED_EDGE ( 'NONE', *, *, #11535, .T. ) ;
#1166 = EDGE_LOOP ( 'NONE', ( #1770, #919, #2142, #979 ) ) ;
#1167 = ORIENTED_EDGE ( 'NONE', *, *, #10276, .F. ) ;
#1168 = CARTESIAN_POINT ( 'NONE',  ( 173.7719257169747200, 45.86904400576391100, 21.99999878108509000 ) ) ;
#1169 = ORIENTED_EDGE ( 'NONE', *, *, #2198, .F. ) ;
#1170 = VECTOR ( 'NONE', #2187, 1000.000000000000000 ) ;
#1171 = DIRECTION ( 'NONE',  ( -1.000000000000000000, 1.836970198721029700E-016, -0.0000000000000000000 ) ) ;
#1172 = DIRECTION ( 'NONE',  ( 4.440892098500625700E-016, -1.224646799147353500E-016, -1.000000000000000000 ) ) ;
#1173 = EDGE_CURVE ( 'NONE', #7795, #7048, #5219, .T. ) ;
#1174 = ORIENTED_EDGE ( 'NONE', *, *, #7735, .F. ) ;
#1175 = DIRECTION ( 'NONE',  ( -4.440892098500625700E-016, 1.224646799147353500E-016, 1.000000000000000000 ) ) ;
#1176 = AXIS2_PLACEMENT_3D ( 'NONE', #381, #2330, #9565 ) ;
#1177 = EDGE_CURVE ( 'NONE', #3175, #890, #2742, .T. ) ;
#1178 = FACE_BOUND ( 'NONE', #3682, .T. ) ;
#1179 = ADVANCED_FACE ( 'NONE', ( #5939 ), #7489, .F. ) ;
#1180 = VERTEX_POINT ( 'NONE', #9614 ) ;
#1181 = EDGE_CURVE ( 'NONE', #2020, #1116, #3329, .T. ) ;
#1182 = CARTESIAN_POINT ( 'NONE',  ( 189.7719259988395500, 45.86904386338088800, 21.49999947845939000 ) ) ;
#1183 = ORIENTED_EDGE ( 'NONE', *, *, #6606, .T. ) ;
#1184 = FACE_OUTER_BOUND ( 'NONE', #109, .T. ) ;
#1185 = EDGE_CURVE ( 'NONE', #734, #3549, #6088, .T. ) ;
#1186 = CARTESIAN_POINT ( 'NONE',  ( 178.2656718058341000, 45.58397942606603000, 23.49999947845893200 ) ) ;
#1187 = CARTESIAN_POINT ( 'NONE',  ( 172.1568909178620300, 39.04873136338059000, 18.99999947845893200 ) ) ;
#1188 = EDGE_CURVE ( 'NONE', #11014, #51, #7660, .T. ) ;
#1189 = CARTESIAN_POINT ( 'NONE',  ( 173.7719257169743800, 45.86904386338088800, 21.21376696821360500 ) ) ;
#1190 = AXIS2_PLACEMENT_3D ( 'NONE', #4949, #3941, #10520 ) ;
#1191 = ORIENTED_EDGE ( 'NONE', *, *, #9428, .F. ) ;
#1192 = DIRECTION ( 'NONE',  ( 4.440892098500625700E-016, -1.224646799147353500E-016, -1.000000000000000000 ) ) ;
#1193 = ORIENTED_EDGE ( 'NONE', *, *, #3046, .F. ) ;
#1194 = EDGE_LOOP ( 'NONE', ( #8125, #3632, #3401, #9714 ) ) ;
#1195 = CARTESIAN_POINT ( 'NONE',  ( 165.7563136126116500, 36.85343190140081800, 81.17012103714566300 ) ) ;
#1196 = ORIENTED_EDGE ( 'NONE', *, *, #11201, .F. ) ;
#1197 = CIRCLE ( 'NONE', #7617, 1.000000000000000900 ) ;
#1198 = CARTESIAN_POINT ( 'NONE',  ( 171.3360288082363900, 55.30654386338098000, 23.49999947845909200 ) ) ;
#1199 = CARTESIAN_POINT ( 'NONE',  ( 182.0219256400214400, 29.84757416903736500, 17.39999966811049600 ) ) ;
#1200 = CARTESIAN_POINT ( 'NONE',  ( 197.9033806311083200, 43.86904400576364100, 0.7500135331658555100 ) ) ;
#1201 = CIRCLE ( 'NONE', #3347, 1.000000000000000900 ) ;
#1202 = EDGE_CURVE ( 'NONE', #1868, #5457, #3476, .T. ) ;
#1203 = DIRECTION ( 'NONE',  ( 1.613696327631727400E-016, 1.613696327631728100E-016, 1.000000000000000000 ) ) ;
#1204 = ORIENTED_EDGE ( 'NONE', *, *, #10119, .F. ) ;
#1205 = ORIENTED_EDGE ( 'NONE', *, *, #8512, .T. ) ;
#1206 = CARTESIAN_POINT ( 'NONE',  ( 169.2123204709029400, 34.76904386338113500, 18.99999947845893500 ) ) ;
#1207 = ORIENTED_EDGE ( 'NONE', *, *, #4155, .T. ) ;
#1208 = ORIENTED_EDGE ( 'NONE', *, *, #194, .T. ) ;
#1209 = EDGE_LOOP ( 'NONE', ( #6696, #11259, #7361, #3710 ) ) ;
#1210 = AXIS2_PLACEMENT_3D ( 'NONE', #9866, #5435, #3523 ) ;
#1211 = DIRECTION ( 'NONE',  ( -1.000000000000000000, 0.0000000000000000000, -2.168404783693603700E-016 ) ) ;
#1212 = VECTOR ( 'NONE', #10278, 1000.000000000000000 ) ;
#1213 = ORIENTED_EDGE ( 'NONE', *, *, #6087, .F. ) ;
#1214 = CARTESIAN_POINT ( 'NONE',  ( 160.8672271946861900, 58.77374252805196900, 20.49999878108513900 ) ) ;
#1215 = CIRCLE ( 'NONE', #4417, 1.349999999999997000 ) ;
#1216 = DIRECTION ( 'NONE',  ( -8.157786440681345800E-032, -4.440892098500626200E-016, -1.000000000000000000 ) ) ;
#1217 = CARTESIAN_POINT ( 'NONE',  ( 173.7719257169743800, 45.86904400576364800, 5.999999833293287600 ) ) ;
#1218 = VERTEX_POINT ( 'NONE', #8760 ) ;
#1219 = ORIENTED_EDGE ( 'NONE', *, *, #4375, .T. ) ;
#1220 = AXIS2_PLACEMENT_3D ( 'NONE', #10379, #5806, #3138 ) ;
#1221 = FACE_OUTER_BOUND ( 'NONE', #602, .T. ) ;
#1222 = DIRECTION ( 'NONE',  ( 4.440892098500625700E-016, -1.224646799147353500E-016, -1.000000000000000000 ) ) ;
#1223 = CIRCLE ( 'NONE', #990, 10.49999843580509700 ) ;
#1224 = CARTESIAN_POINT ( 'NONE',  ( 171.3531784246864900, 42.07435526798175800, 23.49999947845893200 ) ) ;
#1225 = DIRECTION ( 'NONE',  ( 4.440892098500626200E-016, 0.0000000000000000000, -1.000000000000000000 ) ) ;
#1226 = ORIENTED_EDGE ( 'NONE', *, *, #6766, .F. ) ;
#1227 = ORIENTED_EDGE ( 'NONE', *, *, #10143, .T. ) ;
#1228 = CARTESIAN_POINT ( 'NONE',  ( 173.7719257169743800, 45.86904386338088800, 4.199999833303990300 ) ) ;
#1229 = ORIENTED_EDGE ( 'NONE', *, *, #2112, .F. ) ;
#1230 = DIRECTION ( 'NONE',  ( -8.157786440681345800E-032, -4.440892098500626200E-016, -1.000000000000000000 ) ) ;
#1231 = LINE ( 'NONE', #6158, #7016 ) ;
#1232 = CARTESIAN_POINT ( 'NONE',  ( 166.8437224866989700, 49.86904386338093800, 21.99999947845893200 ) ) ;
#1233 = ORIENTED_EDGE ( 'NONE', *, *, #657, .F. ) ;
#1234 = ORIENTED_EDGE ( 'NONE', *, *, #1791, .F. ) ;
#1236 = ADVANCED_FACE ( 'NONE', ( #3031 ), #7351, .F. ) ;
#1235 = CARTESIAN_POINT ( 'NONE',  ( 165.7563136126116800, 36.85343190140081800, 2.819966482547897600E-014 ) ) ;
#1237 = CARTESIAN_POINT ( 'NONE',  ( 178.2718975693598800, 45.88496013626655000, 23.49999947845893200 ) ) ;
#1238 = ORIENTED_EDGE ( 'NONE', *, *, #5395, .F. ) ;
#1239 = EDGE_CURVE ( 'NONE', #2555, #7839, #597, .T. ) ;
#1240 = CARTESIAN_POINT ( 'NONE',  ( 164.9956455047893400, 30.72880276289894400, 1.999999999999911200 ) ) ;
#1241 = VECTOR ( 'NONE', #6333, 1000.000000000000000 ) ;
#1242 = CARTESIAN_POINT ( 'NONE',  ( 180.2503688297190100, 35.85506698708762500, 1.999999999999915400 ) ) ;
#1243 = CYLINDRICAL_SURFACE ( 'NONE', #2831, 0.7500000000000006700 ) ;
#1244 = VERTEX_POINT ( 'NONE', #11504 ) ;
#1245 = DIRECTION ( 'NONE',  ( -1.000000000000000000, 0.0000000000000000000, -4.440892098500625200E-016 ) ) ;
#1246 = AXIS2_PLACEMENT_3D ( 'NONE', #3550, #7357, #7285 ) ;
#1247 = VECTOR ( 'NONE', #2922, 1000.000000000000000 ) ;
#1248 = AXIS2_PLACEMENT_3D ( 'NONE', #9567, #2937, #7844 ) ;
#1249 = DIRECTION ( 'NONE',  ( 4.440892098500626200E-016, 0.0000000000000000000, -1.000000000000000000 ) ) ;
#1250 = DIRECTION ( 'NONE',  ( 0.0000000000000000000, 0.0000000000000000000, -1.000000000000000000 ) ) ;
#1251 = VECTOR ( 'NONE', #3974, 1000.000000000000000 ) ;
#1252 = ORIENTED_EDGE ( 'NONE', *, *, #9353, .F. ) ;
#1253 = AXIS2_PLACEMENT_3D ( 'NONE', #1428, #7865, #4396 ) ;
#1254 = CARTESIAN_POINT ( 'NONE',  ( 164.5219257939272900, 29.84757416903768100, 56.79194912331138300 ) ) ;
#1255 = DIRECTION ( 'NONE',  ( 4.440892098499983700E-016, 2.328125746533173900E-028, -1.000000000000000000 ) ) ;
#1256 = ORIENTED_EDGE ( 'NONE', *, *, #5290, .T. ) ;
#1257 = FACE_OUTER_BOUND ( 'NONE', #2044, .T. ) ;
#1258 = EDGE_CURVE ( 'NONE', #8634, #6361, #3922, .T. ) ;
#1259 = ORIENTED_EDGE ( 'NONE', *, *, #2285, .T. ) ;
#1260 = LINE ( 'NONE', #4425, #1675 ) ;
#1261 = ORIENTED_EDGE ( 'NONE', *, *, #6987, .F. ) ;
#1262 = CYLINDRICAL_SURFACE ( 'NONE', #2675, 2.000000000000057300 ) ;
#1263 = EDGE_CURVE ( 'NONE', #4265, #5439, #5653, .T. ) ;
#1264 = EDGE_CURVE ( 'NONE', #9847, #9311, #8778, .T. ) ;
#1265 = EDGE_LOOP ( 'NONE', ( #8345, #5864, #7214, #8982 ) ) ;
#1266 = LINE ( 'NONE', #7778, #4462 ) ;
#1267 = AXIS2_PLACEMENT_3D ( 'NONE', #10472, #7611, #5020 ) ;
#1268 = DIRECTION ( 'NONE',  ( -4.078893220340672900E-032, -2.220446049250313100E-016, -1.000000000000000000 ) ) ;
#1269 = CARTESIAN_POINT ( 'NONE',  ( 159.7719257169744100, 45.86904386338088100, 22.99999947845983400 ) ) ;
#1270 = AXIS2_PLACEMENT_3D ( 'NONE', #9382, #11166, #3905 ) ;
#1271 = CYLINDRICAL_SURFACE ( 'NONE', #1950, 1.000000000000445000 ) ;
#1272 = ORIENTED_EDGE ( 'NONE', *, *, #9523, .T. ) ;
#1273 = CARTESIAN_POINT ( 'NONE',  ( 171.3531784246864600, 42.07435526798178700, 23.49999947845893200 ) ) ;
#1274 = CARTESIAN_POINT ( 'NONE',  ( 179.9851033605657700, 40.35736318103191400, 18.99999947845893200 ) ) ;
#1275 = DIRECTION ( 'NONE',  ( -1.000000000000000000, 0.0000000000000000000, 0.0000000000000000000 ) ) ;
#1276 = ADVANCED_FACE ( 'NONE', ( #1161 ), #10658, .F. ) ;
#1277 = DIRECTION ( 'NONE',  ( -1.000000000000000000, 0.0000000000000000000, -2.168404783693603700E-016 ) ) ;
#1278 = EDGE_CURVE ( 'NONE', #620, #7339, #736, .T. ) ;
#1279 = CIRCLE ( 'NONE', #3341, 4.250000413971985600 ) ;
#1280 = DIRECTION ( 'NONE',  ( 0.0000000000000000000, 1.224646799147353200E-016, 1.000000000000000000 ) ) ;
#1281 = AXIS2_PLACEMENT_3D ( 'NONE', #10680, #5241, #7943 ) ;
#1282 = EDGE_CURVE ( 'NONE', #6783, #5838, #7791, .T. ) ;
#1283 = CARTESIAN_POINT ( 'NONE',  ( 166.5164091887860100, 45.14417105785848600, 18.99999947845893200 ) ) ;
#1284 = EDGE_CURVE ( 'NONE', #8318, #10596, #5367, .T. ) ;
#1285 = DIRECTION ( 'NONE',  ( -1.000000000000000000, 0.0000000000000000000, -4.336808689942013800E-016 ) ) ;
#1286 = CARTESIAN_POINT ( 'NONE',  ( 173.7719257169744900, 45.86904400576364800, 2.818925648462311500E-014 ) ) ;
#1287 = AXIS2_PLACEMENT_3D ( 'NONE', #6570, #2816, #3764 ) ;
#1288 = CARTESIAN_POINT ( 'NONE',  ( 197.9033806311083500, 42.61904400576364100, 0.7500135331658556200 ) ) ;
#1289 = CARTESIAN_POINT ( 'NONE',  ( 191.0043108786986700, 34.76522125548367400, 16.49999967266197100 ) ) ;
#1290 = ORIENTED_EDGE ( 'NONE', *, *, #1284, .F. ) ;
#1291 = CIRCLE ( 'NONE', #6435, 1.749999999999946000 ) ;
#1292 = CARTESIAN_POINT ( 'NONE',  ( 174.3689579063738500, 51.33654746604683800, 5.499999311752322500 ) ) ;
#1293 = AXIS2_PLACEMENT_3D ( 'NONE', #9830, #9791, #7071 ) ;
#1294 = DIRECTION ( 'NONE',  ( -1.000000000000000000, 0.0000000000000000000, -4.440892098500626200E-016 ) ) ;
#1295 = CARTESIAN_POINT ( 'NONE',  ( 184.0219256400223200, 29.84757416903736500, 19.49999999999992200 ) ) ;
#1296 = EDGE_LOOP ( 'NONE', ( #9100, #6673, #3535, #6217 ) ) ;
#1297 = FACE_BOUND ( 'NONE', #528, .T. ) ;
#1298 = DIRECTION ( 'NONE',  ( -1.000000000000000000, 0.0000000000000000000, 0.0000000000000000000 ) ) ;
#1299 = ADVANCED_FACE ( 'NONE', ( #10531 ), #9654, .F. ) ;
#1300 = ORIENTED_EDGE ( 'NONE', *, *, #6211, .T. ) ;
#1301 = ADVANCED_FACE ( 'NONE', ( #10228, #9941, #8208, #6366, #462, #7215, #6647, #2009, #11528, #1730, #11235, #2587 ), #5461, .T. ) ;
#1302 = ORIENTED_EDGE ( 'NONE', *, *, #9919, .T. ) ;
#1303 = VERTEX_POINT ( 'NONE', #9073 ) ;
#1304 = DIRECTION ( 'NONE',  ( -1.000000000000000000, 0.0000000000000000000, 0.0000000000000000000 ) ) ;
#1305 = VERTEX_POINT ( 'NONE', #10971 ) ;
#1306 = VECTOR ( 'NONE', #1709, 1000.000000000000000 ) ;
#1307 = DIRECTION ( 'NONE',  ( 2.220446049250313100E-016, 0.0000000000000000000, -1.000000000000000000 ) ) ;
#1308 = PLANE ( 'NONE',  #2714 ) ;
#1309 = ORIENTED_EDGE ( 'NONE', *, *, #5852, .T. ) ;
#1310 = CARTESIAN_POINT ( 'NONE',  ( 155.2719258708797600, 45.86904400576378300, 22.49999878108507900 ) ) ;
#1311 = EDGE_LOOP ( 'NONE', ( #2355, #5002 ) ) ;
#1312 = CARTESIAN_POINT ( 'NONE',  ( 194.7904623701823000, 42.17311738607808300, 0.8409731326294668200 ) ) ;
#1313 = ORIENTED_EDGE ( 'NONE', *, *, #3502, .T. ) ;
#1314 = DIRECTION ( 'NONE',  ( -1.000000000000000000, 0.0000000000000000000, 0.0000000000000000000 ) ) ;
#1315 = CIRCLE ( 'NONE', #5618, 0.2499999999999724700 ) ;
#1316 = DIRECTION ( 'NONE',  ( 4.440892098500625700E-016, -1.224646799147353500E-016, -1.000000000000000000 ) ) ;
#1317 = CARTESIAN_POINT ( 'NONE',  ( 163.8613552127720500, 47.20343221810883000, 18.99999947845893200 ) ) ;
#1319 = ORIENTED_EDGE ( 'NONE', *, *, #1485, .F. ) ;
#1318 = CARTESIAN_POINT ( 'NONE',  ( 191.0728736073739400, 34.87223711788019600, 17.00532998022958300 ) ) ;
#1320 = EDGE_CURVE ( 'NONE', #7339, #1944, #8768, .T. ) ;
#1321 = CARTESIAN_POINT ( 'NONE',  ( 164.5219257939270700, 61.89051384249006600, 21.54999878108492000 ) ) ;
#1322 = DATE_AND_TIME ( #2180, #9530 ) ;
#1323 = CARTESIAN_POINT ( 'NONE',  ( 173.7719257169743800, 45.86904386338088800, 21.99999947845938700 ) ) ;
#1324 = DIRECTION ( 'NONE',  ( 0.0000000000000000000, 0.0000000000000000000, -1.000000000000000000 ) ) ;
#1325 = ADVANCED_FACE ( 'NONE', ( #11797, #1297 ), #8189, .F. ) ;
#1326 = DIRECTION ( 'NONE',  ( 8.157786440681345800E-032, 4.440892098500626200E-016, 1.000000000000000000 ) ) ;
#1327 = EDGE_CURVE ( 'NONE', #9234, #5652, #6355, .T. ) ;
#1328 = CARTESIAN_POINT ( 'NONE',  ( 156.1437797073500300, 41.14559651842632300, 22.49999878108514300 ) ) ;
#1329 = CARTESIAN_POINT ( 'NONE',  ( 173.7719257169743800, 45.86904386338088100, 22.99999947845983400 ) ) ;
#1330 = AXIS2_PLACEMENT_3D ( 'NONE', #9610, #10504, #2200 ) ;
#1331 = ORIENTED_EDGE ( 'NONE', *, *, #3366, .F. ) ;
#1332 = ORIENTED_EDGE ( 'NONE', *, *, #1777, .T. ) ;
#1333 = AXIS2_PLACEMENT_3D ( 'NONE', #7751, #7711, #476 ) ;
#1334 = ORIENTED_EDGE ( 'NONE', *, *, #11518, .T. ) ;
#1335 = VECTOR ( 'NONE', #53, 1000.000000000000000 ) ;
#1336 = CARTESIAN_POINT ( 'NONE',  ( 173.7719257169747200, 45.86904400576391100, 21.99999878108508300 ) ) ;
#1337 = ORIENTED_EDGE ( 'NONE', *, *, #2978, .F. ) ;
#1338 = ORIENTED_EDGE ( 'NONE', *, *, #9058, .T. ) ;
#1339 = CARTESIAN_POINT ( 'NONE',  ( 176.7719251287009300, 45.86904386338088800, 6.699999833293105700 ) ) ;
#1340 = CARTESIAN_POINT ( 'NONE',  ( 189.0689853496277200, 47.61904400576364100, 3.000012844918273900 ) ) ;
#1341 = DIRECTION ( 'NONE',  ( 1.000000000000000000, 0.0000000000000000000, 0.0000000000000000000 ) ) ;
#1342 = EDGE_CURVE ( 'NONE', #821, #9152, #163, .T. ) ;
#1343 = ORIENTED_EDGE ( 'NONE', *, *, #5309, .T. ) ;
#1344 = DIRECTION ( 'NONE',  ( 4.440892098500626200E-016, 0.0000000000000000000, -1.000000000000000000 ) ) ;
#1345 = AXIS2_PLACEMENT_3D ( 'NONE', #10781, #11743, #7932 ) ;
#1346 = VERTEX_POINT ( 'NONE', #10054 ) ;
#1347 = ORIENTED_EDGE ( 'NONE', *, *, #4398, .T. ) ;
#1348 = EDGE_CURVE ( 'NONE', #6888, #9611, #9495, .T. ) ;
#1349 = ORIENTED_EDGE ( 'NONE', *, *, #3032, .T. ) ;
#1350 = EDGE_CURVE ( 'NONE', #6415, #7455, #9932, .T. ) ;
#1351 = DIRECTION ( 'NONE',  ( 4.440892098500625700E-016, -1.224646799147353500E-016, -1.000000000000000000 ) ) ;
#1352 = CIRCLE ( 'NONE', #1670, 1.999999999999974000 ) ;
#1353 = PLANE ( 'NONE',  #3290 ) ;
#1354 = VERTEX_POINT ( 'NONE', #3716 ) ;
#1355 = ORIENTED_EDGE ( 'NONE', *, *, #6749, .T. ) ;
#1356 = CARTESIAN_POINT ( 'NONE',  ( 185.4391878058619300, 34.20178191687751500, 22.49999878108514300 ) ) ;
#1357 = ORIENTED_EDGE ( 'NONE', *, *, #4176, .T. ) ;
#1358 = ADVANCED_FACE ( 'NONE', ( #1005 ), #11375, .F. ) ;
#1359 = ORIENTED_EDGE ( 'NONE', *, *, #5830, .F. ) ;
#1360 = CIRCLE ( 'NONE', #8069, 16.00000028186515500 ) ;
#1361 = VERTEX_POINT ( 'NONE', #13 ) ;
#1362 = AXIS2_PLACEMENT_3D ( 'NONE', #433, #6300, #5385 ) ;
#1363 = CARTESIAN_POINT ( 'NONE',  ( 161.7719257169744400, 45.86904386338088800, 23.49999947845892500 ) ) ;
#1364 = CIRCLE ( 'NONE', #11013, 1.999999999999946300 ) ;
#1365 = CARTESIAN_POINT ( 'NONE',  ( 162.9956455047893400, 30.72880276289894400, 1.999999999999913800 ) ) ;
#1366 = DIRECTION ( 'NONE',  ( 4.440892098500625700E-016, -1.224646799147353500E-016, -1.000000000000000000 ) ) ;
#1367 = AXIS2_PLACEMENT_3D ( 'NONE', #10830, #4514, #11758 ) ;
#1368 = DIRECTION ( 'NONE',  ( -1.000000000000000000, 3.469446951953611000E-015, 0.0000000000000000000 ) ) ;
#1369 = EDGE_LOOP ( 'NONE', ( #3860, #7574 ) ) ;
#1370 = VERTEX_POINT ( 'NONE', #10125 ) ;
#1371 = DIRECTION ( 'NONE',  ( -0.0000000000000000000, -0.0000000000000000000, 1.000000000000000000 ) ) ;
#1372 = CIRCLE ( 'NONE', #8603, 1.999999999999974000 ) ;
#1373 = DIRECTION ( 'NONE',  ( 4.440892098500626200E-016, 0.0000000000000000000, -1.000000000000000000 ) ) ;
#1374 = CYLINDRICAL_SURFACE ( 'NONE', #7703, 1.000000000000000900 ) ;
#1375 = EDGE_LOOP ( 'NONE', ( #2674, #5572, #4890, #7594 ) ) ;
#1376 = DIRECTION ( 'NONE',  ( -8.157786440681345800E-032, -4.440892098500626200E-016, -1.000000000000000000 ) ) ;
#1377 = ORIENTED_EDGE ( 'NONE', *, *, #5850, .T. ) ;
#1378 = LINE ( 'NONE', #3050, #5302 ) ;
#1379 = CARTESIAN_POINT ( 'NONE',  ( 180.2656718058340500, 45.58397942606603000, 23.49999947845893200 ) ) ;
#1380 = DIRECTION ( 'NONE',  ( -1.000000000000000000, 0.0000000000000000000, -4.336808689942073900E-016 ) ) ;
#1381 = CYLINDRICAL_SURFACE ( 'NONE', #987, 2.000000000000140300 ) ;
#1382 = ORIENTED_EDGE ( 'NONE', *, *, #4153, .T. ) ;
#1383 = DIRECTION ( 'NONE',  ( -6.983158872362118400E-017, -1.110223024625156000E-016, 1.000000000000000000 ) ) ;
#1384 = AXIS2_PLACEMENT_3D ( 'NONE', #4509, #4427, #8973 ) ;
#1385 = VECTOR ( 'NONE', #875, 1000.000000000000000 ) ;
#1386 = CARTESIAN_POINT ( 'NONE',  ( 164.5219257939270700, 61.89051384249006600, 22.49999878108508300 ) ) ;
#1387 = ORIENTED_EDGE ( 'NONE', *, *, #9646, .F. ) ;
#1388 = ORIENTED_EDGE ( 'NONE', *, *, #6926, .F. ) ;
#1389 = CIRCLE ( 'NONE', #5833, 19.99999905524554900 ) ;
#1390 = ADVANCED_FACE ( 'NONE', ( #3466 ), #4646, .F. ) ;
#1391 = VERTEX_POINT ( 'NONE', #5766 ) ;
#1392 = DIRECTION ( 'NONE',  ( -1.224646799147353200E-016, 1.000000000000000000, 0.0000000000000000000 ) ) ;
#1393 = CIRCLE ( 'NONE', #10578, 2.999999999990149200 ) ;
#1394 = FACE_BOUND ( 'NONE', #1784, .T. ) ;
#1395 = VECTOR ( 'NONE', #8843, 1000.000000000000000 ) ;
#1396 = ORIENTED_EDGE ( 'NONE', *, *, #7512, .F. ) ;
#1397 = PLANE ( 'NONE',  #9526 ) ;
#1398 = CIRCLE ( 'NONE', #5244, 1.000000000000000900 ) ;
#1399 = DIRECTION ( 'NONE',  ( -2.220446049250856900E-016, 2.220446049250313100E-016, 1.000000000000000000 ) ) ;
#1400 = EDGE_CURVE ( 'NONE', #635, #5257, #6213, .T. ) ;
#1401 = CIRCLE ( 'NONE', #2634, 1.349999999999997000 ) ;
#1402 = CARTESIAN_POINT ( 'NONE',  ( 164.5219257939270700, 62.89051384249050600, 19.49999999999992200 ) ) ;
#1403 = ORIENTED_EDGE ( 'NONE', *, *, #3024, .F. ) ;
#1404 = FACE_OUTER_BOUND ( 'NONE', #3623, .T. ) ;
#1405 = CIRCLE ( 'NONE', #5467, 0.4999999999999726900 ) ;
#1406 = AXIS2_PLACEMENT_3D ( 'NONE', #6411, #10972, #10127 ) ;
#1407 = LINE ( 'NONE', #10893, #3586 ) ;
#1408 = EDGE_CURVE ( 'NONE', #9992, #8967, #11663, .T. ) ;
#1409 = DIRECTION ( 'NONE',  ( 4.440892098500625700E-016, -1.224646799147353500E-016, -1.000000000000000000 ) ) ;
#1410 = EDGE_LOOP ( 'NONE', ( #11846, #7718, #2005, #7994 ) ) ;
#1411 = DIRECTION ( 'NONE',  ( 4.440892098500626200E-016, 0.0000000000000000000, -1.000000000000000000 ) ) ;
#1412 = LINE ( 'NONE', #888, #9770 ) ;
#1413 = AXIS2_PLACEMENT_3D ( 'NONE', #10665, #3195, #5190 ) ;
#1414 = VECTOR ( 'NONE', #6656, 1000.000000000000000 ) ;
#1415 = CARTESIAN_POINT ( 'NONE',  ( 173.7719257169744900, 45.86904400576364800, 3.295974604355933500E-014 ) ) ;
#1416 = EDGE_CURVE ( 'NONE', #6868, #1736, #11517, .T. ) ;
#1417 = CYLINDRICAL_SURFACE ( 'NONE', #7141, 8.500000000000119000 ) ;
#1418 = EDGE_CURVE ( 'NONE', #9234, #9945, #3176, .T. ) ;
#1419 = CARTESIAN_POINT ( 'NONE',  ( 190.2719267945538200, 45.86904400576364100, 0.7500135331658663900 ) ) ;
#1420 = ADVANCED_FACE ( 'NONE', ( #1570, #723, #9641, #3770, #9059, #6930, #1713, #7074 ), #6607, .T. ) ;
#1421 = EDGE_CURVE ( 'NONE', #2160, #6426, #8339, .T. ) ;
#1422 = AXIS2_PLACEMENT_3D ( 'NONE', #5245, #604, #11616 ) ;
#1423 = DIRECTION ( 'NONE',  ( 0.0000000000000000000, 1.000000000000000000, 0.0000000000000000000 ) ) ;
#1424 = CARTESIAN_POINT ( 'NONE',  ( 194.2719255630436200, 45.86904400576411000, 22.19999878104772500 ) ) ;
#1425 = ORIENTED_EDGE ( 'NONE', *, *, #1418, .T. ) ;
#1426 = LINE ( 'NONE', #4818, #4340 ) ;
#1427 = CARTESIAN_POINT ( 'NONE',  ( 162.1046636280873900, 57.53630609465081100, 20.49999878108513900 ) ) ;
#1428 = CARTESIAN_POINT ( 'NONE',  ( 162.3437351359251300, 40.80481445539241000, 1.999999999999913400 ) ) ;
#1429 = PLANE ( 'NONE',  #7675 ) ;
#1430 = EDGE_CURVE ( 'NONE', #7839, #2555, #1435, .T. ) ;
#1431 = DIRECTION ( 'NONE',  ( -1.000000000000000000, 0.0000000000000000000, 0.0000000000000000000 ) ) ;
#1432 = ADVANCED_FACE ( 'NONE', ( #10518 ), #4215, .F. ) ;
#1433 = ORIENTED_EDGE ( 'NONE', *, *, #6749, .F. ) ;
#1434 = EDGE_CURVE ( 'NONE', #9946, #6902, #9211, .T. ) ;
#1435 = CIRCLE ( 'NONE', #6063, 1.000000000000000900 ) ;
#1436 = CARTESIAN_POINT ( 'NONE',  ( 154.4534101037558000, 40.69266334823319700, 22.49999878108514700 ) ) ;
#1437 = DIRECTION ( 'NONE',  ( -8.157786440681345800E-032, -4.440892098500626200E-016, -1.000000000000000000 ) ) ;
#1438 = AXIS2_PLACEMENT_3D ( 'NONE', #5796, #6557, #3821 ) ;
#1439 = EDGE_LOOP ( 'NONE', ( #8099, #1357 ) ) ;
#1440 = CARTESIAN_POINT ( 'NONE',  ( 173.7719257169747200, 45.86904400576418100, 22.49999878108514300 ) ) ;
#1441 = ORIENTED_EDGE ( 'NONE', *, *, #2578, .F. ) ;
#1442 = CARTESIAN_POINT ( 'NONE',  ( 191.7733400947907100, 36.06016780691034300, 17.37267090528764500 ) ) ;
#1443 = ORIENTED_EDGE ( 'NONE', *, *, #4289, .T. ) ;
#1444 = DIRECTION ( 'NONE',  ( 0.0000000000000000000, 1.000000000000000000, -5.204170673763544500E-016 ) ) ;
#1445 = VERTEX_POINT ( 'NONE', #11211 ) ;
#1446 = VECTOR ( 'NONE', #1692, 1000.000000000000000 ) ;
#1447 = DIRECTION ( 'NONE',  ( 0.0000000000000000000, 0.0000000000000000000, -1.000000000000000000 ) ) ;
#1448 = ADVANCED_FACE ( 'NONE', ( #4494 ), #8053, .F. ) ;
#1449 = AXIS2_PLACEMENT_3D ( 'NONE', #4136, #11463, #6903 ) ;
#1450 = ORIENTED_EDGE ( 'NONE', *, *, #9976, .T. ) ;
#1451 = VERTEX_POINT ( 'NONE', #1901 ) ;
#1452 = CARTESIAN_POINT ( 'NONE',  ( 183.0219256400220300, 28.49757416903782900, 19.49999999999988600 ) ) ;
#1453 = ORIENTED_EDGE ( 'NONE', *, *, #1857, .T. ) ;
#1454 = ORIENTED_EDGE ( 'NONE', *, *, #1783, .T. ) ;
#1455 = ORIENTED_EDGE ( 'NONE', *, *, #4990, .F. ) ;
#1456 = CIRCLE ( 'NONE', #438, 0.7500000000000006700 ) ;
#1457 = DIRECTION ( 'NONE',  ( -4.440892098500625700E-016, 1.224646799147353500E-016, 1.000000000000000000 ) ) ;
#1458 = ORIENTED_EDGE ( 'NONE', *, *, #7832, .T. ) ;
#1459 = CARTESIAN_POINT ( 'NONE',  ( 197.9033806311082900, 48.36904400576364100, 0.7500135331658555100 ) ) ;
#1460 = DIRECTION ( 'NONE',  ( -1.000000000000000000, -3.469446951953611000E-015, -4.336808689942013800E-016 ) ) ;
#1461 = CONICAL_SURFACE ( 'NONE', #1103, 3.999998683329369700, 0.7853981633027094000 ) ;
#1462 = EDGE_CURVE ( 'NONE', #3061, #11118, #6786, .T. ) ;
#1463 = DIRECTION ( 'NONE',  ( 0.7071067811864609800, -0.7071067811866341700, 3.140184917367165300E-016 ) ) ;
#1464 = ORIENTED_EDGE ( 'NONE', *, *, #11653, .T. ) ;
#1465 = ORIENTED_EDGE ( 'NONE', *, *, #10604, .F. ) ;
#1466 = AXIS2_PLACEMENT_3D ( 'NONE', #131, #8344, #963 ) ;
#1467 = AXIS2_PLACEMENT_3D ( 'NONE', #2279, #1225, #11450 ) ;
#1469 = ADVANCED_FACE ( 'NONE', ( #10938 ), #24, .F. ) ;
#1468 = CARTESIAN_POINT ( 'NONE',  ( 164.1722458577019100, 50.12299672668262200, 1.999999999999915400 ) ) ;
#1470 = AXIS2_PLACEMENT_3D ( 'NONE', #9182, #3702, #3742 ) ;
#1471 = EDGE_LOOP ( 'NONE', ( #4418, #10162, #2151, #989, #1008, #3255, #11915 ) ) ;
#1472 = DIRECTION ( 'NONE',  ( -4.078893220340672900E-032, -2.220446049250313100E-016, -1.000000000000000000 ) ) ;
#1473 = ORIENTED_EDGE ( 'NONE', *, *, #7410, .T. ) ;
#1474 = EDGE_LOOP ( 'NONE', ( #5434, #6542, #4118, #2848 ) ) ;
#1475 = DIRECTION ( 'NONE',  ( -1.000000000000000000, 2.449021377849615500E-015, -4.591915083468029300E-016 ) ) ;
#1476 = ORIENTED_EDGE ( 'NONE', *, *, #2708, .F. ) ;
#1477 = DIRECTION ( 'NONE',  ( 1.000000000000000000, 0.0000000000000000000, 0.0000000000000000000 ) ) ;
#1478 = FACE_OUTER_BOUND ( 'NONE', #10976, .T. ) ;
#1479 = DIRECTION ( 'NONE',  ( 0.0000000000000000000, 0.0000000000000000000, -1.000000000000000000 ) ) ;
#1480 = EDGE_CURVE ( 'NONE', #5257, #6448, #451, .T. ) ;
#1481 = FACE_OUTER_BOUND ( 'NONE', #10752, .T. ) ;
#1482 = DIRECTION ( 'NONE',  ( -1.000000000000000000, 0.0000000000000000000, 0.0000000000000000000 ) ) ;
#1483 = CARTESIAN_POINT ( 'NONE',  ( 173.7719257169746600, 45.86904386338123600, 18.99999947845893200 ) ) ;
#1484 = VERTEX_POINT ( 'NONE', #3951 ) ;
#1485 = EDGE_CURVE ( 'NONE', #7125, #6724, #7479, .T. ) ;
#1486 = EDGE_LOOP ( 'NONE', ( #8216, #9938, #8850, #3639 ) ) ;
#1487 = ORIENTED_EDGE ( 'NONE', *, *, #1284, .T. ) ;
#1488 = VERTEX_POINT ( 'NONE', #4773 ) ;
#1489 = ORIENTED_EDGE ( 'NONE', *, *, #8666, .F. ) ;
#1490 = LINE ( 'NONE', #9471, #1913 ) ;
#1491 = DIRECTION ( 'NONE',  ( 2.220446049250312800E-016, -1.224646799147353200E-016, -1.000000000000000000 ) ) ;
#1492 = VERTEX_POINT ( 'NONE', #5802 ) ;
#1493 = LINE ( 'NONE', #6725, #3234 ) ;
#1494 = EDGE_CURVE ( 'NONE', #3007, #8253, #7203, .T. ) ;
#1495 = AXIS2_PLACEMENT_3D ( 'NONE', #9315, #1942, #165 ) ;
#1496 = EDGE_CURVE ( 'NONE', #5995, #2015, #6075, .T. ) ;
#1497 = DIRECTION ( 'NONE',  ( 0.0000000000000000000, -1.000000000000000000, 0.0000000000000000000 ) ) ;
#1498 = DIRECTION ( 'NONE',  ( -1.000000000000000000, 0.0000000000000000000, -4.448008917622461300E-016 ) ) ;
#1499 = EDGE_CURVE ( 'NONE', #5121, #8632, #1150, .T. ) ;
#1500 = VERTEX_POINT ( 'NONE', #3047 ) ;
#1501 = ADVANCED_FACE ( 'NONE', ( #5644 ), #11227, .F. ) ;
#1502 = ORIENTED_EDGE ( 'NONE', *, *, #3287, .F. ) ;
#1503 = AXIS2_PLACEMENT_3D ( 'NONE', #4632, #11031, #819 ) ;
#1504 = CIRCLE ( 'NONE', #6485, 1.999999999931750800 ) ;
#1505 = DIRECTION ( 'NONE',  ( 0.0000000000000000000, -1.000000000000000000, 0.0000000000000000000 ) ) ;
#1506 = VERTEX_POINT ( 'NONE', #2146 ) ;
#1507 = CIRCLE ( 'NONE', #4491, 1.749999386690438600 ) ;
#1508 = CARTESIAN_POINT ( 'NONE',  ( 193.3678436374728200, 42.36904400576385400, 1.999999999999914100 ) ) ;
#1509 = ORIENTED_EDGE ( 'NONE', *, *, #8507, .T. ) ;
#1510 = ORIENTED_EDGE ( 'NONE', *, *, #6304, .F. ) ;
#1511 = AXIS2_PLACEMENT_3D ( 'NONE', #2352, #5199, #8775 ) ;
#1512 = CARTESIAN_POINT ( 'NONE',  ( 173.7719257169743800, 57.36904386338088800, 3.000012844918302300 ) ) ;
#1513 = CIRCLE ( 'NONE', #3853, 1.000000000000000900 ) ;
#1514 = ORIENTED_EDGE ( 'NONE', *, *, #11906, .T. ) ;
#1515 = FACE_OUTER_BOUND ( 'NONE', #11574, .T. ) ;
#1516 = CARTESIAN_POINT ( 'NONE',  ( 173.7719257169744400, 45.86904386338111600, 23.49999947845893200 ) ) ;
#1517 = AXIS2_PLACEMENT_3D ( 'NONE', #6567, #11177, #3721 ) ;
#1518 = DIRECTION ( 'NONE',  ( 4.440892098500626200E-016, 0.0000000000000000000, -1.000000000000000000 ) ) ;
#1519 = ORIENTED_EDGE ( 'NONE', *, *, #9041, .F. ) ;
#1520 = VERTEX_POINT ( 'NONE', #9637 ) ;
#1521 = DIRECTION ( 'NONE',  ( 2.228637798998055400E-016, 4.818676322157955400E-017, -1.000000000000000000 ) ) ;
#1522 = CYLINDRICAL_SURFACE ( 'NONE', #11873, 0.7500000000000006700 ) ;
#1523 = VECTOR ( 'NONE', #11195, 1000.000000000000000 ) ;
#1524 = VERTEX_POINT ( 'NONE', #3212 ) ;
#1525 = CIRCLE ( 'NONE', #3859, 7.000003774852298300 ) ;
#1526 = ADVANCED_FACE ( 'NONE', ( #8916 ), #3614, .F. ) ;
#1527 = FACE_OUTER_BOUND ( 'NONE', #6763, .T. ) ;
#1528 = DIRECTION ( 'NONE',  ( -1.000000000000000000, 0.0000000000000000000, 0.0000000000000000000 ) ) ;
#1529 = ORIENTED_EDGE ( 'NONE', *, *, #2568, .F. ) ;
#1530 = CARTESIAN_POINT ( 'NONE',  ( 192.2719255630693500, 46.86904400576416000, 17.39999966811055300 ) ) ;
#1531 = CARTESIAN_POINT ( 'NONE',  ( 186.6766242392632500, 58.77374252805196900, 20.49999878108513900 ) ) ;
#1532 = LINE ( 'NONE', #8695, #10335 ) ;
#1533 = VECTOR ( 'NONE', #631, 1000.000000000000000 ) ;
#1534 = ORIENTED_EDGE ( 'NONE', *, *, #4912, .F. ) ;
#1535 = UNCERTAINTY_MEASURE_WITH_UNIT (LENGTH_MEASURE( 1.000000000000000100E-005 ), #1856, 'distance_accuracy_value', 'NONE');
#1536 = DIRECTION ( 'NONE',  ( 1.000000000000000000, -1.836970198721029700E-016, 0.0000000000000000000 ) ) ;
#1537 = DIRECTION ( 'NONE',  ( -3.147609485530918300E-016, -1.110223024625155600E-016, -1.000000000000000000 ) ) ;
#1538 = DIRECTION ( 'NONE',  ( -1.000000000000000000, 0.0000000000000000000, -4.440892098500626200E-016 ) ) ;
#1539 = CYLINDRICAL_SURFACE ( 'NONE', #2185, 0.5000000000000004400 ) ;
#1540 = ORIENTED_EDGE ( 'NONE', *, *, #673, .T. ) ;
#1541 = CIRCLE ( 'NONE', #2800, 1.000000000000000900 ) ;
#1542 = DIRECTION ( 'NONE',  ( -1.000000000000000000, 0.0000000000000000000, 0.0000000000000000000 ) ) ;
#1543 = EDGE_CURVE ( 'NONE', #5001, #288, #6501, .T. ) ;
#1544 = CARTESIAN_POINT ( 'NONE',  ( 164.5219257939272900, 31.84757416903744000, 22.49999878108508300 ) ) ;
#1545 = FACE_OUTER_BOUND ( 'NONE', #1017, .T. ) ;
#1546 = ORIENTED_EDGE ( 'NONE', *, *, #7376, .T. ) ;
#1547 = DIRECTION ( 'NONE',  ( -4.440892098500625700E-016, 1.224646799147353500E-016, 1.000000000000000000 ) ) ;
#1548 = DIRECTION ( 'NONE',  ( -3.147609485530918300E-016, -1.110223024625155600E-016, -1.000000000000000000 ) ) ;
#1549 = LINE ( 'NONE', #1365, #11215 ) ;
#1550 = CARTESIAN_POINT ( 'NONE',  ( 164.5219257939272900, 29.84757416903766700, 22.49999878108508300 ) ) ;
#1551 = AXIS2_PLACEMENT_3D ( 'NONE', #6812, #5054, #11460 ) ;
#1552 = EDGE_CURVE ( 'NONE', #8087, #8419, #5354, .T. ) ;
#1553 = DIRECTION ( 'NONE',  ( 4.440892098500626200E-016, 0.0000000000000000000, -1.000000000000000000 ) ) ;
#1554 = CARTESIAN_POINT ( 'NONE',  ( 193.0904413301940100, 51.04542466329457500, 22.49999878108514700 ) ) ;
#1555 = ADVANCED_FACE ( 'NONE', ( #5065 ), #4063, .F. ) ;
#1556 = DIRECTION ( 'NONE',  ( 2.220446049250312800E-016, -1.224646799147353200E-016, -1.000000000000000000 ) ) ;
#1557 = CARTESIAN_POINT ( 'NONE',  ( 189.2719267945538500, 45.86904400576364800, 1.999999999999918500 ) ) ;
#1558 = EDGE_CURVE ( 'NONE', #10582, #3791, #4355, .T. ) ;
#1559 = ORIENTED_EDGE ( 'NONE', *, *, #7656, .T. ) ;
#1560 = LINE ( 'NONE', #9061, #2576 ) ;
#1561 = EDGE_CURVE ( 'NONE', #4654, #6396, #10793, .T. ) ;
#1562 = DIRECTION ( 'NONE',  ( 0.0000000000000000000, 0.0000000000000000000, -1.000000000000000000 ) ) ;
#1563 = EDGE_CURVE ( 'NONE', #5121, #9399, #2304, .T. ) ;
#1564 = DIRECTION ( 'NONE',  ( -4.078893220340672900E-032, -2.220446049250313100E-016, -1.000000000000000000 ) ) ;
#1565 = AXIS2_PLACEMENT_3D ( 'NONE', #10751, #10869, #663 ) ;
#1566 = CARTESIAN_POINT ( 'NONE',  ( 182.4321797548188600, 40.86904386338066100, 18.99999947845893200 ) ) ;
#1567 = ORIENTED_EDGE ( 'NONE', *, *, #5539, .F. ) ;
#1568 = PLANE ( 'NONE',  #1293 ) ;
#1569 = VERTEX_POINT ( 'NONE', #7717 ) ;
#1570 = FACE_BOUND ( 'NONE', #9275, .T. ) ;
#1571 = CARTESIAN_POINT ( 'NONE',  ( 189.0689853496277200, 42.61904400576364100, 3.000012844918273900 ) ) ;
#1572 = DIRECTION ( 'NONE',  ( -4.440892098500625700E-016, 1.224646799147353500E-016, 1.000000000000000000 ) ) ;
#1573 = ORIENTED_EDGE ( 'NONE', *, *, #6204, .T. ) ;
#1574 = EDGE_CURVE ( 'NONE', #817, #5992, #10219, .T. ) ;
#1575 = DIRECTION ( 'NONE',  ( 0.0000000000000000000, 1.000000000000000000, 0.0000000000000000000 ) ) ;
#1576 = AXIS2_PLACEMENT_3D ( 'NONE', #5657, #7557, #3923 ) ;
#1577 = ORIENTED_EDGE ( 'NONE', *, *, #11832, .F. ) ;
#1578 = ORIENTED_EDGE ( 'NONE', *, *, #2036, .T. ) ;
#1579 = CARTESIAN_POINT ( 'NONE',  ( 173.7719257169744900, 39.86904400576364800, 2.199999311752464300 ) ) ;
#1580 = CARTESIAN_POINT ( 'NONE',  ( 173.7719257169743800, 45.86904386338088800, 21.49999947845984800 ) ) ;
#1581 = DIRECTION ( 'NONE',  ( 4.440892098500625700E-016, -1.224646799147353500E-016, -1.000000000000000000 ) ) ;
#1582 = VERTEX_POINT ( 'NONE', #4923 ) ;
#1583 = CIRCLE ( 'NONE', #4319, 0.7500000000000006700 ) ;
#1584 = AXIS2_PLACEMENT_3D ( 'NONE', #11037, #4590, #10105 ) ;
#1585 = CARTESIAN_POINT ( 'NONE',  ( 165.1116716791299600, 40.86904386338089500, 21.74999947845978500 ) ) ;
#1587 = VERTEX_POINT ( 'NONE', #5000 ) ;
#1586 = CARTESIAN_POINT ( 'NONE',  ( 172.1052590503081800, 54.00565388213078700, 18.99999947845893200 ) ) ;
#1588 = ORIENTED_EDGE ( 'NONE', *, *, #3609, .F. ) ;
#1589 = DIRECTION ( 'NONE',  ( 0.0000000000000000000, -1.000000000000000000, 0.0000000000000000000 ) ) ;
#1590 = DIRECTION ( 'NONE',  ( -0.0000000000000000000, -0.0000000000000000000, 1.000000000000000000 ) ) ;
#1591 = CIRCLE ( 'NONE', #7061, 2.000000000000001800 ) ;
#1592 = AXIS2_PLACEMENT_3D ( 'NONE', #9199, #6615, #1076 ) ;
#1593 = CARTESIAN_POINT ( 'NONE',  ( 160.8672271946861900, 58.77374252805196900, 22.49999878108514300 ) ) ;
#1595 = ADVANCED_FACE ( 'NONE', ( #5929 ), #1308, .T. ) ;
#1594 = DIRECTION ( 'NONE',  ( 0.0000000000000000000, 0.0000000000000000000, -1.000000000000000000 ) ) ;
#1596 = ORIENTED_EDGE ( 'NONE', *, *, #2492, .T. ) ;
#1597 = AXIS2_PLACEMENT_3D ( 'NONE', #8096, #7278, #5496 ) ;
#1598 = APPROVAL_PERSON_ORGANIZATION ( #9238, #6577, #118 ) ;
#1599 = CARTESIAN_POINT ( 'NONE',  ( 174.7719257169743800, 51.63532516071624200, 23.49999947845893200 ) ) ;
#1600 = CARTESIAN_POINT ( 'NONE',  ( 188.3189853496277200, 43.36904400576364100, 1.750013533165798700 ) ) ;
#1601 = DIRECTION ( 'NONE',  ( 0.0000000000000000000, 1.000000000000000000, 0.0000000000000000000 ) ) ;
#1602 = CARTESIAN_POINT ( 'NONE',  ( 156.4321134637332300, 34.93334074212987900, 15.88654079042257200 ) ) ;
#1603 = ORIENTED_EDGE ( 'NONE', *, *, #5377, .F. ) ;
#1604 = AXIS2_PLACEMENT_3D ( 'NONE', #10044, #8226, #6330 ) ;
#1605 = VERTEX_POINT ( 'NONE', #2436 ) ;
#1606 = ORIENTED_EDGE ( 'NONE', *, *, #4180, .T. ) ;
#1607 = ORIENTED_EDGE ( 'NONE', *, *, #1794, .F. ) ;
#1608 = CARTESIAN_POINT ( 'NONE',  ( 190.2719267945538200, 45.86904400576364100, 1.750013533165847300 ) ) ;
#1609 = CARTESIAN_POINT ( 'NONE',  ( 183.5512093831957500, 28.99848947590598100, 1.999999999999914500 ) ) ;
#1610 = CYLINDRICAL_SURFACE ( 'NONE', #5573, 1.749999386690438600 ) ;
#1611 = ADVANCED_FACE ( 'NONE', ( #11086 ), #5205, .F. ) ;
#1612 = LINE ( 'NONE', #1571, #11129 ) ;
#1613 = EDGE_CURVE ( 'NONE', #2073, #7707, #9346, .T. ) ;
#1614 = ORIENTED_EDGE ( 'NONE', *, *, #2112, .T. ) ;
#1615 = PLANE ( 'NONE',  #11498 ) ;
#1616 = ORIENTED_EDGE ( 'NONE', *, *, #1045, .F. ) ;
#1617 = AXIS2_PLACEMENT_3D ( 'NONE', #5815, #307, #4020 ) ;
#1618 = DIRECTION ( 'NONE',  ( 7.388085321846811900E-016, 1.000000000000000000, -9.860761315262647600E-032 ) ) ;
#1619 = ORIENTED_EDGE ( 'NONE', *, *, #11125, .F. ) ;
#1620 = ORIENTED_EDGE ( 'NONE', *, *, #4786, .F. ) ;
#1621 = AXIS2_PLACEMENT_3D ( 'NONE', #7428, #3790, #11248 ) ;
#1622 = CARTESIAN_POINT ( 'NONE',  ( 178.4953732043113900, 29.99089738282915000, 22.49999878108514300 ) ) ;
#1623 = EDGE_LOOP ( 'NONE', ( #8954, #7531, #5792, #7152 ) ) ;
#1624 = LINE ( 'NONE', #8499, #7273 ) ;
#1625 = AXIS2_PLACEMENT_3D ( 'NONE', #745, #5520, #7226 ) ;
#1626 = CARTESIAN_POINT ( 'NONE',  ( 190.2264079248468200, 36.36904427367270600, 16.49999967266197100 ) ) ;
#1627 = CIRCLE ( 'NONE', #1517, 1.999999999974327900 ) ;
#1628 = CARTESIAN_POINT ( 'NONE',  ( 156.5395405552501700, 34.76522125548363100, 16.49999967266197100 ) ) ;
#1629 = EDGE_CURVE ( 'NONE', #6929, #6978, #7781, .T. ) ;
#1630 = DIRECTION ( 'NONE',  ( 4.440892098500626200E-016, 0.0000000000000000000, -1.000000000000000000 ) ) ;
#1631 = ORIENTED_EDGE ( 'NONE', *, *, #6979, .T. ) ;
#1632 = CARTESIAN_POINT ( 'NONE',  ( 173.7719257169744400, 45.86904400576423800, 22.49999878108514300 ) ) ;
#1633 = EDGE_LOOP ( 'NONE', ( #8307, #7202, #3921, #10218 ) ) ;
#1634 = EDGE_CURVE ( 'NONE', #4226, #4143, #4917, .T. ) ;
#1635 = VERTEX_POINT ( 'NONE', #4210 ) ;
#1636 = EDGE_CURVE ( 'NONE', #4405, #952, #2294, .T. ) ;
#1637 = VECTOR ( 'NONE', #6969, 1000.000000000000000 ) ;
#1638 = ORIENTED_EDGE ( 'NONE', *, *, #3740, .T. ) ;
#1639 = DIRECTION ( 'NONE',  ( 4.440892098500625700E-016, -1.224646799147353500E-016, -1.000000000000000000 ) ) ;
#1640 = AXIS2_PLACEMENT_3D ( 'NONE', #5772, #3881, #4850 ) ;
#1641 = VECTOR ( 'NONE', #4098, 1000.000000000000000 ) ;
#1642 = CARTESIAN_POINT ( 'NONE',  ( 173.7719257169743800, 45.86904386338088800, 21.99999947845950000 ) ) ;
#1643 = ORIENTED_EDGE ( 'NONE', *, *, #10802, .F. ) ;
#1644 = CARTESIAN_POINT ( 'NONE',  ( 178.2718760399794200, 45.89203398924676900, 21.99999947845893500 ) ) ;
#1645 = ORIENTED_EDGE ( 'NONE', *, *, #9291, .T. ) ;
#1646 = DIRECTION ( 'NONE',  ( -1.000000000000000000, 0.0000000000000000000, 0.0000000000000000000 ) ) ;
#1647 = CYLINDRICAL_SURFACE ( 'NONE', #4713, 2.000000000000057300 ) ;
#1648 = EDGE_CURVE ( 'NONE', #6701, #11123, #11078, .T. ) ;
#1649 = AXIS2_PLACEMENT_3D ( 'NONE', #6202, #5322, #1498 ) ;
#1650 = VECTOR ( 'NONE', #4282, 1000.000000000000000 ) ;
#1651 = EDGE_CURVE ( 'NONE', #7795, #6396, #5347, .T. ) ;
#1652 = CARTESIAN_POINT ( 'NONE',  ( 164.5219257939270700, 60.54051384249007100, 21.54999878108492000 ) ) ;
#1653 = DIRECTION ( 'NONE',  ( -1.000000000000000000, 0.0000000000000000000, 0.0000000000000000000 ) ) ;
#1654 = EDGE_CURVE ( 'NONE', #9810, #9847, #10362, .T. ) ;
#1655 = VERTEX_POINT ( 'NONE', #7944 ) ;
#1656 = AXIS2_PLACEMENT_3D ( 'NONE', #5333, #2476, #11690 ) ;
#1657 = EDGE_LOOP ( 'NONE', ( #3277, #9419, #8491, #4262 ) ) ;
#1658 = DIRECTION ( 'NONE',  ( 4.078893220340672900E-032, 2.220446049250313100E-016, 1.000000000000000000 ) ) ;
#1659 = ADVANCED_FACE ( 'NONE', ( #10649 ), #8751, .F. ) ;
#1660 = LINE ( 'NONE', #4406, #4157 ) ;
#1661 = VECTOR ( 'NONE', #3452, 1000.000000000000000 ) ;
#1662 = DIRECTION ( 'NONE',  ( 0.8660254037844388200, 0.4999999999999996700, -1.060575238724907400E-016 ) ) ;
#1663 = ORIENTED_EDGE ( 'NONE', *, *, #2980, .F. ) ;
#1664 = DIRECTION ( 'NONE',  ( -1.000000000000000000, 0.0000000000000000000, 0.0000000000000000000 ) ) ;
#1665 = CYLINDRICAL_SURFACE ( 'NONE', #8448, 1.999999999999974000 ) ;
#1666 = CARTESIAN_POINT ( 'NONE',  ( 173.7719257169744900, 45.86904400576376200, 1.999999999999917200 ) ) ;
#1667 = ORIENTED_EDGE ( 'NONE', *, *, #2161, .F. ) ;
#1668 = VERTEX_POINT ( 'NONE', #6163 ) ;
#1669 = CYLINDRICAL_SURFACE ( 'NONE', #1711, 2.499999999999697100 ) ;
#1670 = AXIS2_PLACEMENT_3D ( 'NONE', #9675, #403, #4207 ) ;
#1671 = CARTESIAN_POINT ( 'NONE',  ( 160.8672271946866500, 32.96434548347582400, 22.49999878108514300 ) ) ;
#1672 = EDGE_LOOP ( 'NONE', ( #6825, #3712 ) ) ;
#1673 = FACE_OUTER_BOUND ( 'NONE', #2351, .T. ) ;
#1674 = FACE_OUTER_BOUND ( 'NONE', #6033, .T. ) ;
#1675 = VECTOR ( 'NONE', #4347, 1000.000000000000000 ) ;
#1676 = ORIENTED_EDGE ( 'NONE', *, *, #123, .F. ) ;
#1677 = AXIS2_PLACEMENT_3D ( 'NONE', #9702, #8640, #6943 ) ;
#1678 = DIRECTION ( 'NONE',  ( -8.157786440681345800E-032, -4.440892098500626200E-016, -1.000000000000000000 ) ) ;
#1679 = FACE_OUTER_BOUND ( 'NONE', #5305, .T. ) ;
#1680 = ADVANCED_FACE ( 'NONE', ( #6206 ), #2873, .T. ) ;
#1681 = VECTOR ( 'NONE', #9692, 1000.000000000000000 ) ;
#1682 = ORIENTED_EDGE ( 'NONE', *, *, #11449, .F. ) ;
#1683 = DIRECTION ( 'NONE',  ( 4.440892098500625700E-016, -1.224646799147353500E-016, -1.000000000000000000 ) ) ;
#1684 = DIRECTION ( 'NONE',  ( 0.0000000000000000000, 0.0000000000000000000, -1.000000000000000000 ) ) ;
#1685 = CARTESIAN_POINT ( 'NONE',  ( 171.8720901977781400, 37.24404386338085300, 18.99999947845893500 ) ) ;
#1686 = FACE_OUTER_BOUND ( 'NONE', #11827, .T. ) ;
#1687 = PLANE ( 'NONE',  #6073 ) ;
#1688 = ORIENTED_EDGE ( 'NONE', *, *, #3375, .F. ) ;
#1689 = FACE_OUTER_BOUND ( 'NONE', #9863, .T. ) ;
#1690 = ORIENTED_EDGE ( 'NONE', *, *, #8968, .F. ) ;
#1691 = CIRCLE ( 'NONE', #9599, 1.999999999999974000 ) ;
#1692 = DIRECTION ( 'NONE',  ( -8.157786440681345800E-032, -4.440892098500626200E-016, -1.000000000000000000 ) ) ;
#1693 = CARTESIAN_POINT ( 'NONE',  ( 190.2719255631518300, 45.86904400576411000, 22.19999878099088200 ) ) ;
#1694 = DIRECTION ( 'NONE',  ( 8.157786440681345800E-032, 4.440892098500626200E-016, 1.000000000000000000 ) ) ;
#1695 = DIRECTION ( 'NONE',  ( -8.157786440681345800E-032, -4.440892098500626200E-016, -1.000000000000000000 ) ) ;
#1696 = CYLINDRICAL_SURFACE ( 'NONE', #6818, 19.99999905524573100 ) ;
#1697 = CARTESIAN_POINT ( 'NONE',  ( 169.0484782296380500, 63.49719001538910100, 22.49999878108514300 ) ) ;
#1698 = DIRECTION ( 'NONE',  ( 1.353763752833605500E-014, -1.000000000000000000, 1.353763752833661700E-014 ) ) ;
#1699 = LINE ( 'NONE', #4381, #8756 ) ;
#1700 = AXIS2_PLACEMENT_3D ( 'NONE', #302, #6734, #10342 ) ;
#1701 = PLANE ( 'NONE',  #11911 ) ;
#1702 = EDGE_LOOP ( 'NONE', ( #11266, #7396 ) ) ;
#1703 = CYLINDRICAL_SURFACE ( 'NONE', #10110, 2.500000000000390800 ) ;
#1704 = APPLICATION_PROTOCOL_DEFINITION ( 'international standard', 'config_control_design', 1994, #7234 ) ;
#1705 = DIRECTION ( 'NONE',  ( -1.000000000000000000, 0.0000000000000000000, -4.336808689942013800E-016 ) ) ;
#1706 = CARTESIAN_POINT ( 'NONE',  ( 185.7427783582269600, 45.03316884795051300, 18.99999947845893500 ) ) ;
#1707 = PLANE ( 'NONE',  #6705 ) ;
#1708 = EDGE_CURVE ( 'NONE', #2020, #2008, #7918, .T. ) ;
#1709 = DIRECTION ( 'NONE',  ( -4.440892098500626200E-016, -0.0000000000000000000, 1.000000000000000000 ) ) ;
#1710 = CARTESIAN_POINT ( 'NONE',  ( 159.5719257169749000, 45.86904400576391100, 22.49999878108514300 ) ) ;
#1711 = AXIS2_PLACEMENT_3D ( 'NONE', #4303, #7056, #6030 ) ;
#1712 = ORIENTED_EDGE ( 'NONE', *, *, #10267, .F. ) ;
#1713 = FACE_BOUND ( 'NONE', #797, .T. ) ;
#1714 = AXIS2_PLACEMENT_3D ( 'NONE', #8536, #6635, #1104 ) ;
#1715 = CARTESIAN_POINT ( 'NONE',  ( 154.4534101037557400, 40.69266334823311100, 22.49999878108514300 ) ) ;
#1716 = CARTESIAN_POINT ( 'NONE',  ( 179.0334630398486700, 56.65404386338120400, 23.49999947845893200 ) ) ;
#1717 = CARTESIAN_POINT ( 'NONE',  ( 192.2719255630692900, 44.51904400576411500, 21.54999878108492000 ) ) ;
#1718 = ORIENTED_EDGE ( 'NONE', *, *, #8417, .F. ) ;
#1719 = DIRECTION ( 'NONE',  ( 4.440892098500626200E-016, 0.0000000000000000000, -1.000000000000000000 ) ) ;
#1721 = ADVANCED_FACE ( 'NONE', ( #8194 ), #10204, .F. ) ;
#1720 = DIRECTION ( 'NONE',  ( 0.0000000000000000000, -1.000000000000000000, -9.183829272383557500E-015 ) ) ;
#1722 = CARTESIAN_POINT ( 'NONE',  ( 156.9013711871165500, 36.08976033954255800, 1.999999999999913800 ) ) ;
#1723 = ORIENTED_EDGE ( 'NONE', *, *, #2723, .F. ) ;
#1724 = ORIENTED_EDGE ( 'NONE', *, *, #5008, .T. ) ;
#1725 = EDGE_CURVE ( 'NONE', #3081, #10601, #9632, .T. ) ;
#1726 = CARTESIAN_POINT ( 'NONE',  ( 179.3630218156229400, 37.57810637624007900, 23.49999947845893200 ) ) ;
#1727 = AXIS2_PLACEMENT_3D ( 'NONE', #1144, #11351, #11595 ) ;
#1728 = ORIENTED_EDGE ( 'NONE', *, *, #9962, .T. ) ;
#1729 = EDGE_CURVE ( 'NONE', #6008, #1047, #441, .T. ) ;
#1730 = FACE_BOUND ( 'NONE', #1369, .T. ) ;
#1731 = EDGE_CURVE ( 'NONE', #5742, #2740, #1560, .T. ) ;
#1732 = AXIS2_PLACEMENT_3D ( 'NONE', #11557, #5105, #10560 ) ;
#1733 = ORIENTED_EDGE ( 'NONE', *, *, #9092, .T. ) ;
#1734 = EDGE_LOOP ( 'NONE', ( #4803, #11523, #420, #7136, #11412 ) ) ;
#1735 = DIRECTION ( 'NONE',  ( 4.440892098500626200E-016, 0.0000000000000000000, -1.000000000000000000 ) ) ;
#1736 = VERTEX_POINT ( 'NONE', #6272 ) ;
#1737 = ORIENTED_EDGE ( 'NONE', *, *, #11759, .F. ) ;
#1738 = CARTESIAN_POINT ( 'NONE',  ( 165.6610262511647400, 53.78465550865308800, 18.99999947845893200 ) ) ;
#1739 = CARTESIAN_POINT ( 'NONE',  ( 190.0689853496277000, 48.36904400576365500, 1.500013533165867100 ) ) ;
#1740 = CARTESIAN_POINT ( 'NONE',  ( 165.1116716791299600, 39.86904386338163400, 19.99999947846018200 ) ) ;
#1741 = ORIENTED_EDGE ( 'NONE', *, *, #10144, .T. ) ;
#1742 = CIRCLE ( 'NONE', #9434, 1.999999999999974000 ) ;
#1743 = ADVANCED_FACE ( 'NONE', ( #6491 ), #997, .T. ) ;
#1744 = CARTESIAN_POINT ( 'NONE',  ( 173.7719257169743800, 45.86904400576364800, 4.999999311752645800 ) ) ;
#1745 = AXIS2_PLACEMENT_3D ( 'NONE', #11364, #5883, #2312 ) ;
#1746 = VERTEX_POINT ( 'NONE', #9920 ) ;
#1747 = DIRECTION ( 'NONE',  ( -1.000000000000000000, -0.0000000000000000000, 0.0000000000000000000 ) ) ;
#1748 = DIRECTION ( 'NONE',  ( 0.8660254037844383700, -0.5000000000000004400, -1.060575238724907300E-016 ) ) ;
#1749 = AXIS2_PLACEMENT_3D ( 'NONE', #10816, #7928, #5298 ) ;
#1750 = DIRECTION ( 'NONE',  ( 4.440892098500626200E-016, 0.0000000000000000000, -1.000000000000000000 ) ) ;
#1751 = DIRECTION ( 'NONE',  ( 0.0000000000000000000, -1.000000000000000000, 0.0000000000000000000 ) ) ;
#1752 = VERTEX_POINT ( 'NONE', #7269 ) ;
#1753 = CARTESIAN_POINT ( 'NONE',  ( 173.7719257169747200, 55.86904386338066100, 23.49999947845893200 ) ) ;
#1754 = ORIENTED_EDGE ( 'NONE', *, *, #6473, .T. ) ;
#1755 = CIRCLE ( 'NONE', #9704, 21.49999940945329500 ) ;
#1756 = EDGE_LOOP ( 'NONE', ( #1514, #9732 ) ) ;
#1757 = PLANE ( 'NONE',  #6534 ) ;
#1758 = CARTESIAN_POINT ( 'NONE',  ( 178.9483063745044300, 65.18755961898307300, 22.49999878108513900 ) ) ;
#1759 = ORIENTED_EDGE ( 'NONE', *, *, #3931, .T. ) ;
#1760 = DIRECTION ( 'NONE',  ( -1.000000000000000000, 0.0000000000000000000, -2.220446049250313100E-016 ) ) ;
#1761 = EDGE_LOOP ( 'NONE', ( #9996, #9694 ) ) ;
#1762 = EDGE_LOOP ( 'NONE', ( #10920, #2500, #7923, #8027, #11411, #8883, #646 ) ) ;
#1763 = VERTEX_POINT ( 'NONE', #2397 ) ;
#1764 = ORIENTED_EDGE ( 'NONE', *, *, #7425, .F. ) ;
#1765 = LINE ( 'NONE', #1363, #924 ) ;
#1766 = DIRECTION ( 'NONE',  ( -1.000000000000000000, 0.0000000000000000000, 0.0000000000000000000 ) ) ;
#1767 = CIRCLE ( 'NONE', #10514, 1.000000000000000900 ) ;
#1768 = CARTESIAN_POINT ( 'NONE',  ( 155.9520965973244100, 35.73389410709651100, 15.50000189500321000 ) ) ;
#1769 = ORIENTED_EDGE ( 'NONE', *, *, #9342, .F. ) ;
#1770 = ORIENTED_EDGE ( 'NONE', *, *, #9839, .F. ) ;
#1771 = CARTESIAN_POINT ( 'NONE',  ( 189.0689853496277200, 47.61904400576364100, 3.000012844918273900 ) ) ;
#1772 = ORIENTED_EDGE ( 'NONE', *, *, #10063, .T. ) ;
#1773 = ORIENTED_EDGE ( 'NONE', *, *, #1725, .F. ) ;
#1774 = CARTESIAN_POINT ( 'NONE',  ( 177.0418154610840400, 51.48667869143574900, 23.49999947845893200 ) ) ;
#1775 = VERTEX_POINT ( 'NONE', #8816 ) ;
#1776 = CYLINDRICAL_SURFACE ( 'NONE', #3388, 2.499999999999697100 ) ;
#1777 = EDGE_CURVE ( 'NONE', #8496, #11170, #2727, .T. ) ;
#1778 = VERTEX_POINT ( 'NONE', #831 ) ;
#1779 = ADVANCED_FACE ( 'NONE', ( #3322, #7474 ), #11799, .F. ) ;
#1780 = CIRCLE ( 'NONE', #3392, 1.749999386690449100 ) ;
#1781 = CARTESIAN_POINT ( 'NONE',  ( 181.2719257169745200, 49.86904400576364100, 1.999999999999913800 ) ) ;
#1782 = CARTESIAN_POINT ( 'NONE',  ( 185.4391878058619300, 34.20178191687752200, 22.49999878108514300 ) ) ;
#1783 = EDGE_CURVE ( 'NONE', #9119, #3070, #9924, .T. ) ;
#1784 = EDGE_LOOP ( 'NONE', ( #5246, #8294 ) ) ;
#1785 = ORIENTED_EDGE ( 'NONE', *, *, #2978, .T. ) ;
#1786 = CARTESIAN_POINT ( 'NONE',  ( 187.9719257169745400, 45.86904400576391100, 22.49999878108514300 ) ) ;
#1787 = CARTESIAN_POINT ( 'NONE',  ( 164.5219257939272900, 29.84757416903766700, 22.49999878108508300 ) ) ;
#1788 = FACE_OUTER_BOUND ( 'NONE', #9587, .T. ) ;
#1789 = CARTESIAN_POINT ( 'NONE',  ( 194.3874579384626300, 42.36904400576409600, 1.999999999999914500 ) ) ;
#1790 = VECTOR ( 'NONE', #2785, 1000.000000000000000 ) ;
#1791 = EDGE_CURVE ( 'NONE', #8487, #9179, #5502, .T. ) ;
#1792 = DIRECTION ( 'NONE',  ( 4.440892098500626200E-016, 0.0000000000000000000, -1.000000000000000000 ) ) ;
#1793 = DIRECTION ( 'NONE',  ( -1.000000000000000000, 0.0000000000000000000, 0.0000000000000000000 ) ) ;
#1794 = EDGE_CURVE ( 'NONE', #5995, #11565, #8330, .T. ) ;
#1795 = ADVANCED_FACE ( 'NONE', ( #11790 ), #584, .F. ) ;
#1796 = EDGE_CURVE ( 'NONE', #3668, #4681, #7194, .T. ) ;
#1797 = DIRECTION ( 'NONE',  ( 1.000000000000000000, 0.0000000000000000000, -0.0000000000000000000 ) ) ;
#1798 = ORIENTED_EDGE ( 'NONE', *, *, #4248, .F. ) ;
#1799 = CARTESIAN_POINT ( 'NONE',  ( 173.7719257169744900, 39.86904448602505400, 81.17012103714566300 ) ) ;
#1800 = VERTEX_POINT ( 'NONE', #3533 ) ;
#1801 = AXIS2_PLACEMENT_3D ( 'NONE', #9581, #5876, #4105 ) ;
#1802 = FACE_BOUND ( 'NONE', #7289, .T. ) ;
#1803 = DIRECTION ( 'NONE',  ( 2.220446049250313100E-016, 0.0000000000000000000, -1.000000000000000000 ) ) ;
#1804 = EDGE_LOOP ( 'NONE', ( #10666, #10945, #7603, #6483 ) ) ;
#1805 = CIRCLE ( 'NONE', #8372, 2.000000000000001800 ) ;
#1806 = EDGE_LOOP ( 'NONE', ( #11093, #6826, #7784, #9170 ) ) ;
#1807 = ORIENTED_EDGE ( 'NONE', *, *, #9667, .F. ) ;
#1808 = VERTEX_POINT ( 'NONE', #5443 ) ;
#1809 = DIRECTION ( 'NONE',  ( 1.000000000000000000, 0.0000000000000000000, 0.0000000000000000000 ) ) ;
#1810 = EDGE_CURVE ( 'NONE', #7527, #7182, #9484, .T. ) ;
#1811 = FACE_OUTER_BOUND ( 'NONE', #8494, .T. ) ;
#1812 = AXIS2_PLACEMENT_3D ( 'NONE', #1217, #2954, #9378 ) ;
#1813 = LINE ( 'NONE', #312, #4018 ) ;
#1814 = EDGE_LOOP ( 'NONE', ( #5961, #9937, #3185, #1540, #2014, #2754 ) ) ;
#1815 = DIRECTION ( 'NONE',  ( -1.000000000000000000, 0.0000000000000000000, 0.0000000000000000000 ) ) ;
#1816 = DIRECTION ( 'NONE',  ( 0.0000000000000000000, 1.000000000000000000, 0.0000000000000000000 ) ) ;
#1817 = DIRECTION ( 'NONE',  ( -0.8660254037844388200, -0.4999999999999997200, 1.060575238724907300E-016 ) ) ;
#1818 = CYLINDRICAL_SURFACE ( 'NONE', #1016, 1.999999999999772800 ) ;
#1819 = AXIS2_PLACEMENT_3D ( 'NONE', #5393, #778, #8130 ) ;
#1820 = LINE ( 'NONE', #10069, #6890 ) ;
#1821 = CARTESIAN_POINT ( 'NONE',  ( 165.7563136126116800, 54.88465611012650000, 2.819966482547897600E-014 ) ) ;
#1822 = ORIENTED_EDGE ( 'NONE', *, *, #11377, .F. ) ;
#1823 = DIRECTION ( 'NONE',  ( -8.157786440681345800E-032, -4.440892098500626200E-016, -1.000000000000000000 ) ) ;
#1824 = LINE ( 'NONE', #6792, #3295 ) ;
#1825 = CARTESIAN_POINT ( 'NONE',  ( 180.7001289472499100, 49.86904386338111600, 21.99999947845893200 ) ) ;
#1826 = CIRCLE ( 'NONE', #8441, 19.99999905524573100 ) ;
#1827 = VERTEX_POINT ( 'NONE', #10795 ) ;
#1828 = CARTESIAN_POINT ( 'NONE',  ( 181.2719257169745200, 49.86904400576364100, 4.199999999999903400 ) ) ;
#1829 = FACE_OUTER_BOUND ( 'NONE', #8654, .T. ) ;
#1830 = AXIS2_PLACEMENT_3D ( 'NONE', #752, #10772, #10801 ) ;
#1831 = CARTESIAN_POINT ( 'NONE',  ( 169.5014113998312800, 29.93126759973320400, 22.49999878108514300 ) ) ;
#1832 = ORIENTED_EDGE ( 'NONE', *, *, #655, .T. ) ;
#1833 = CYLINDRICAL_SURFACE ( 'NONE', #2171, 1.999999999999772800 ) ;
#1834 = LINE ( 'NONE', #10341, #8889 ) ;
#1835 = DIRECTION ( 'NONE',  ( -8.157786440681345800E-032, -4.440892098500626200E-016, -1.000000000000000000 ) ) ;
#1836 = VERTEX_POINT ( 'NONE', #11840 ) ;
#1837 = CARTESIAN_POINT ( 'NONE',  ( 181.7531020476288600, 40.71629479985465100, 1.999999999999914500 ) ) ;
#1839 = ADVANCED_FACE ( 'NONE', ( #11362 ), #3760, .F. ) ;
#1838 = CARTESIAN_POINT ( 'NONE',  ( 197.9033806311083500, 48.36904400576364100, 0.7500135331658555100 ) ) ;
#1840 = DIRECTION ( 'NONE',  ( -1.000000000000000000, 0.0000000000000000000, -4.336808689942013800E-016 ) ) ;
#1841 = CIRCLE ( 'NONE', #11508, 1.500000000000001300 ) ;
#1842 = DIRECTION ( 'NONE',  ( -1.000000000000000000, 0.0000000000000000000, 0.0000000000000000000 ) ) ;
#1843 = DIRECTION ( 'NONE',  ( 0.0000000000000000000, 1.000000000000000000, 0.0000000000000000000 ) ) ;
#1844 = DIRECTION ( 'NONE',  ( 4.078893220340672900E-032, 2.220446049250313100E-016, 1.000000000000000000 ) ) ;
#1845 = CARTESIAN_POINT ( 'NONE',  ( 164.5219257939270700, 63.89051384242181100, 22.19999878099088200 ) ) ;
#1846 = EDGE_CURVE ( 'NONE', #9819, #3948, #1291, .T. ) ;
#1847 = ORIENTED_EDGE ( 'NONE', *, *, #3927, .T. ) ;
#1848 = FACE_OUTER_BOUND ( 'NONE', #6498, .T. ) ;
#1849 = CARTESIAN_POINT ( 'NONE',  ( 173.7719257169743800, 45.86904400576364800, 17.51199967266197500 ) ) ;
#1850 = AXIS2_PLACEMENT_3D ( 'NONE', #1740, #8934, #9994 ) ;
#1851 = AXIS2_PLACEMENT_3D ( 'NONE', #6814, #3225, #10625 ) ;
#1852 = ADVANCED_FACE ( 'NONE', ( #306 ), #15, .T. ) ;
#1853 = DIRECTION ( 'NONE',  ( 0.0000000000000000000, 1.000000000000000000, 0.0000000000000000000 ) ) ;
#1854 = AXIS2_PLACEMENT_3D ( 'NONE', #10645, #7942, #3409 ) ;
#1855 = EDGE_LOOP ( 'NONE', ( #11435, #913, #1183, #5675 ) ) ;
#1856 =( LENGTH_UNIT ( ) NAMED_UNIT ( * ) SI_UNIT ( .MILLI., .METRE. ) );
#1857 = EDGE_CURVE ( 'NONE', #167, #11425, #8617, .T. ) ;
#1858 = ORIENTED_EDGE ( 'NONE', *, *, #10280, .T. ) ;
#1859 = VECTOR ( 'NONE', #244, 1000.000000000000000 ) ;
#1860 = CARTESIAN_POINT ( 'NONE',  ( 167.5587480733832400, 40.35736318103251800, 18.99999947845893200 ) ) ;
#1861 = EDGE_CURVE ( 'NONE', #1931, #4653, #8906, .T. ) ;
#1862 = CARTESIAN_POINT ( 'NONE',  ( 173.7719257169747200, 45.86904400576362700, 22.49999878108513900 ) ) ;
#1863 = EDGE_CURVE ( 'NONE', #3323, #9351, #4776, .T. ) ;
#1864 = CARTESIAN_POINT ( 'NONE',  ( 197.9033806311082900, 43.36904400576364100, 0.7500135331658555100 ) ) ;
#1865 = ORIENTED_EDGE ( 'NONE', *, *, #10814, .F. ) ;
#1866 = CARTESIAN_POINT ( 'NONE',  ( 167.0626103985972600, 35.91991887881121700, 23.49999947845893200 ) ) ;
#1867 = AXIS2_PLACEMENT_3D ( 'NONE', #777, #2707, #5433 ) ;
#1868 = VERTEX_POINT ( 'NONE', #8219 ) ;
#1869 = ORIENTED_EDGE ( 'NONE', *, *, #1239, .F. ) ;
#1870 = AXIS2_PLACEMENT_3D ( 'NONE', #1935, #2881, #11401 ) ;
#1871 = CARTESIAN_POINT ( 'NONE',  ( 187.4979533974664600, 56.05953778032206000, 2.679103582040081500E-014 ) ) ;
#1872 = ORIENTED_EDGE ( 'NONE', *, *, #8512, .F. ) ;
#1873 = VECTOR ( 'NONE', #6168, 1000.000000000000000 ) ;
#1874 = DIRECTION ( 'NONE',  ( -0.0000000000000000000, -0.0000000000000000000, 1.000000000000000000 ) ) ;
#1875 = VERTEX_POINT ( 'NONE', #11002 ) ;
#1876 = EDGE_CURVE ( 'NONE', #7891, #11837, #7063, .T. ) ;
#1877 = DIRECTION ( 'NONE',  ( -1.000000000000000000, 0.0000000000000000000, -4.448008917622323200E-016 ) ) ;
#1878 = AXIS2_PLACEMENT_3D ( 'NONE', #4324, #7076, #8900 ) ;
#1879 = EDGE_CURVE ( 'NONE', #8857, #549, #9786, .T. ) ;
#1880 = EDGE_CURVE ( 'NONE', #9255, #6660, #2441, .T. ) ;
#1881 = LINE ( 'NONE', #4428, #2915 ) ;
#1882 = DIRECTION ( 'NONE',  ( 0.0000000000000000000, -1.000000000000000000, 0.0000000000000000000 ) ) ;
#1883 = AXIS2_PLACEMENT_3D ( 'NONE', #4836, #6518, #11205 ) ;
#1884 = DIRECTION ( 'NONE',  ( 2.220446049250312800E-016, -1.224646799147353200E-016, -1.000000000000000000 ) ) ;
#1885 = ORIENTED_EDGE ( 'NONE', *, *, #4054, .F. ) ;
#1886 = ORIENTED_EDGE ( 'NONE', *, *, #1023, .F. ) ;
#1887 = COORDINATED_UNIVERSAL_TIME_OFFSET ( 8, 0, .AHEAD. ) ;
#1888 = CARTESIAN_POINT ( 'NONE',  ( 178.2718850593088300, 45.89203403532670900, 23.49999947845893200 ) ) ;
#1889 = ADVANCED_FACE ( 'NONE', ( #5782 ), #866, .F. ) ;
#1890 = AXIS2_PLACEMENT_3D ( 'NONE', #1828, #9229, #6447 ) ;
#1891 = ORIENTED_EDGE ( 'NONE', *, *, #887, .T. ) ;
#1892 = DIRECTION ( 'NONE',  ( -1.000000000000000000, 0.0000000000000000000, 0.0000000000000000000 ) ) ;
#1893 = ORIENTED_EDGE ( 'NONE', *, *, #9669, .T. ) ;
#1894 = ORIENTED_EDGE ( 'NONE', *, *, #5307, .F. ) ;
#1895 = DIRECTION ( 'NONE',  ( 0.0000000000000000000, 1.000000000000000000, -2.891205793294675900E-016 ) ) ;
#1896 = VERTEX_POINT ( 'NONE', #5500 ) ;
#1897 = AXIS2_PLACEMENT_3D ( 'NONE', #9855, #3352, #2489 ) ;
#1898 = FACE_BOUND ( 'NONE', #11132, .T. ) ;
#1899 = VERTEX_POINT ( 'NONE', #3718 ) ;
#1900 = CARTESIAN_POINT ( 'NONE',  ( 156.1437797073500300, 41.14559651842632300, 20.49999878108513900 ) ) ;
#1901 = CARTESIAN_POINT ( 'NONE',  ( 167.2523743689317500, 51.82684968601702700, 21.99999947845893200 ) ) ;
#1902 = CYLINDRICAL_SURFACE ( 'NONE', #9490, 1.000000000000000900 ) ;
#1903 = ORIENTED_EDGE ( 'NONE', *, *, #5296, .F. ) ;
#1904 = DIRECTION ( 'NONE',  ( -1.000000000000000000, 0.0000000000000000000, 0.0000000000000000000 ) ) ;
#1905 = ORIENTED_EDGE ( 'NONE', *, *, #523, .T. ) ;
#1906 = DIRECTION ( 'NONE',  ( 2.220446049250856900E-016, -2.220446049250313100E-016, -1.000000000000000000 ) ) ;
#1907 = ORIENTED_EDGE ( 'NONE', *, *, #11674, .T. ) ;
#1908 = ORIENTED_EDGE ( 'NONE', *, *, #673, .F. ) ;
#1909 = CARTESIAN_POINT ( 'NONE',  ( 173.7719257169743800, 45.86904386338088800, 21.49999947845938700 ) ) ;
#1910 = ADVANCED_FACE ( 'NONE', ( #1848 ), #4346, .T. ) ;
#1911 = ORIENTED_EDGE ( 'NONE', *, *, #9493, .F. ) ;
#1912 = CARTESIAN_POINT ( 'NONE',  ( 164.3808625143896900, 43.25984246734796600, 23.49999947845893200 ) ) ;
#1913 = VECTOR ( 'NONE', #286, 1000.000000000000000 ) ;
#1914 = DIRECTION ( 'NONE',  ( 1.224646799147352700E-016, -2.220446049250314100E-016, 1.000000000000000000 ) ) ;
#1915 = DIRECTION ( 'NONE',  ( -0.0000000000000000000, -0.0000000000000000000, 1.000000000000000000 ) ) ;
#1916 = DIRECTION ( 'NONE',  ( 0.0000000000000000000, -0.0000000000000000000, 1.000000000000000000 ) ) ;
#1917 = LINE ( 'NONE', #2694, #11717 ) ;
#1918 = DIRECTION ( 'NONE',  ( -4.440892098500625700E-016, 1.224646799147353500E-016, 1.000000000000000000 ) ) ;
#1919 = ORIENTED_EDGE ( 'NONE', *, *, #5240, .T. ) ;
#1920 = CARTESIAN_POINT ( 'NONE',  ( 174.3864793205900100, 66.36003904521784600, 17.29964999314448100 ) ) ;
#1921 = EDGE_LOOP ( 'NONE', ( #3198, #3603, #9720, #11538 ) ) ;
#1922 = DIRECTION ( 'NONE',  ( -1.000000000000000000, 0.0000000000000000000, 0.0000000000000000000 ) ) ;
#1923 = LINE ( 'NONE', #11087, #3242 ) ;
#1924 = ORIENTED_EDGE ( 'NONE', *, *, #8559, .F. ) ;
#1925 = CIRCLE ( 'NONE', #1749, 2.000000000000057300 ) ;
#1926 = EDGE_CURVE ( 'NONE', #10371, #8343, #10075, .T. ) ;
#1927 = DIRECTION ( 'NONE',  ( 0.0000000000000000000, 1.000000000000000000, -2.891205793294675900E-016 ) ) ;
#1928 = DIRECTION ( 'NONE',  ( 4.440892098500625700E-016, -1.224646799147353500E-016, -1.000000000000000000 ) ) ;
#1929 = ORIENTED_EDGE ( 'NONE', *, *, #4328, .T. ) ;
#1930 = CARTESIAN_POINT ( 'NONE',  ( 173.7719257169743800, 45.86904400576364800, 1.999999999999914500 ) ) ;
#1931 = VERTEX_POINT ( 'NONE', #883 ) ;
#1932 = EDGE_CURVE ( 'NONE', #6404, #11035, #3023, .T. ) ;
#1933 = VECTOR ( 'NONE', #7049, 1000.000000000000000 ) ;
#1934 = AXIS2_PLACEMENT_3D ( 'NONE', #5661, #10217, #59 ) ;
#1935 = CARTESIAN_POINT ( 'NONE',  ( 164.9956455047893400, 61.00928524862835200, 2.515349040166370300E-014 ) ) ;
#1936 = CARTESIAN_POINT ( 'NONE',  ( 189.7719259988398600, 45.86904400576391100, 21.49999895691860300 ) ) ;
#1937 = LINE ( 'NONE', #7860, #5145 ) ;
#1938 = CARTESIAN_POINT ( 'NONE',  ( 186.6766242392632500, 32.96434548347627900, 22.49999878108514300 ) ) ;
#1939 = EDGE_CURVE ( 'NONE', #9164, #4103, #11652, .T. ) ;
#1940 = DIRECTION ( 'NONE',  ( 4.440892098500625700E-016, -1.224646799147353500E-016, -1.000000000000000000 ) ) ;
#1941 = EDGE_LOOP ( 'NONE', ( #10178, #1858 ) ) ;
#1942 = DIRECTION ( 'NONE',  ( -8.157786440681345800E-032, -4.440892098500626200E-016, -1.000000000000000000 ) ) ;
#1943 = CARTESIAN_POINT ( 'NONE',  ( 181.6216368679120000, 41.20263259685734900, 0.3680828070000586900 ) ) ;
#1944 = VERTEX_POINT ( 'NONE', #5533 ) ;
#1945 = VECTOR ( 'NONE', #4290, 1000.000000000000000 ) ;
#1946 = CARTESIAN_POINT ( 'NONE',  ( 173.7719257169743800, 45.86904386338088800, 21.99999947845950000 ) ) ;
#1947 = FACE_BOUND ( 'NONE', #9935, .T. ) ;
#1948 = EDGE_CURVE ( 'NONE', #6014, #5804, #10785, .T. ) ;
#1949 = ORIENTED_EDGE ( 'NONE', *, *, #8251, .T. ) ;
#1950 = AXIS2_PLACEMENT_3D ( 'NONE', #8959, #7025, #8922 ) ;
#1951 = FACE_BOUND ( 'NONE', #8926, .T. ) ;
#1952 = EDGE_CURVE ( 'NONE', #7620, #5518, #4637, .T. ) ;
#1953 = EDGE_CURVE ( 'NONE', #6426, #1668, #5921, .T. ) ;
#1954 = CARTESIAN_POINT ( 'NONE',  ( 174.7719257169743500, 45.60724447558175900, 21.99999947845983800 ) ) ;
#1955 = CARTESIAN_POINT ( 'NONE',  ( 189.0689853496277200, 48.36904400576364100, 1.750013533165798700 ) ) ;
#1956 = ORIENTED_EDGE ( 'NONE', *, *, #9593, .F. ) ;
#1957 = EDGE_LOOP ( 'NONE', ( #7257, #358 ) ) ;
#1958 = CIRCLE ( 'NONE', #2099, 1.000000000000445000 ) ;
#1960 = ADVANCED_FACE ( 'NONE', ( #2143 ), #5636, .T. ) ;
#1959 = DIRECTION ( 'NONE',  ( 4.440892098500625700E-016, -1.224646799147353500E-016, -1.000000000000000000 ) ) ;
#1961 = CARTESIAN_POINT ( 'NONE',  ( 188.0689853496277000, 43.36904400576364800, 81.17012103714566300 ) ) ;
#1962 = AXIS2_PLACEMENT_3D ( 'NONE', #9281, #6649, #10212 ) ;
#1963 = DIRECTION ( 'NONE',  ( -1.000000000000000000, 0.0000000000000000000, -4.336808689942013800E-016 ) ) ;
#1964 = FACE_OUTER_BOUND ( 'NONE', #10482, .T. ) ;
#1965 = LINE ( 'NONE', #1786, #6039 ) ;
#1966 = CIRCLE ( 'NONE', #903, 8.999999999997399400 ) ;
#1967 = ORIENTED_EDGE ( 'NONE', *, *, #7265, .F. ) ;
#1968 = CYLINDRICAL_SURFACE ( 'NONE', #3536, 0.7500000000000006700 ) ;
#1969 = DIRECTION ( 'NONE',  ( -1.000000000000000000, -3.700743415417168100E-014, 0.0000000000000000000 ) ) ;
#1970 = CARTESIAN_POINT ( 'NONE',  ( 173.7719257169744400, 45.86904386338111600, 21.99999947845892800 ) ) ;
#1971 = CIRCLE ( 'NONE', #4525, 4.500000000000198100 ) ;
#1972 = EDGE_LOOP ( 'NONE', ( #8599, #10800, #1068, #8878 ) ) ;
#1973 = AXIS2_PLACEMENT_3D ( 'NONE', #10554, #11707, #2535 ) ;
#1974 = CIRCLE ( 'NONE', #5371, 3.999999190699821100 ) ;
#1975 = DIRECTION ( 'NONE',  ( -2.220446049250313100E-016, -0.0000000000000000000, 1.000000000000000000 ) ) ;
#1976 = DIRECTION ( 'NONE',  ( -4.440892098500626200E-016, -0.0000000000000000000, 1.000000000000000000 ) ) ;
#1977 = CYLINDRICAL_SURFACE ( 'NONE', #8965, 1.999999999999807500 ) ;
#1978 = ADVANCED_FACE ( 'NONE', ( #3457 ), #9964, .F. ) ;
#1979 = ORIENTED_EDGE ( 'NONE', *, *, #2028, .F. ) ;
#1980 = AXIS2_PLACEMENT_3D ( 'NONE', #11918, #1844, #8297 ) ;
#1981 = CIRCLE ( 'NONE', #9137, 1.000000000000000900 ) ;
#1982 = CYLINDRICAL_SURFACE ( 'NONE', #5752, 2.000000000000001800 ) ;
#1983 = LINE ( 'NONE', #6299, #5762 ) ;
#1984 = DIRECTION ( 'NONE',  ( 0.0000000000000000000, 0.0000000000000000000, -1.000000000000000000 ) ) ;
#1985 = DIRECTION ( 'NONE',  ( -1.000000000000000000, 0.0000000000000000000, 0.0000000000000000000 ) ) ;
#1986 = EDGE_LOOP ( 'NONE', ( #7780, #1638, #5536, #9218 ) ) ;
#1987 = CYLINDRICAL_SURFACE ( 'NONE', #8406, 1.749999386690445700 ) ;
#1988 = CARTESIAN_POINT ( 'NONE',  ( 173.7719257169747200, 67.36904306100993300, 21.99999878108508600 ) ) ;
#1989 = AXIS2_PLACEMENT_3D ( 'NONE', #291, #7672, #2069 ) ;
#1990 = CARTESIAN_POINT ( 'NONE',  ( 185.6646103220173500, 47.47030988905425600, 21.99999947845893200 ) ) ;
#1991 = CARTESIAN_POINT ( 'NONE',  ( 169.2123204709029400, 34.76904386338113500, 21.99999947845893200 ) ) ;
#1992 = CARTESIAN_POINT ( 'NONE',  ( 160.0458980364822100, 35.67855023120404200, 2.537391903689908100E-014 ) ) ;
#1993 = CARTESIAN_POINT ( 'NONE',  ( 173.7719257169743800, 45.86904386338088800, 5.249999934764247200 ) ) ;
#1994 = CARTESIAN_POINT ( 'NONE',  ( 197.9033806311083200, 43.36904400576364100, 0.7500135331658555100 ) ) ;
#1995 = DIRECTION ( 'NONE',  ( -4.440892098500625700E-016, 1.224646799147353500E-016, 1.000000000000000000 ) ) ;
#1996 = AXIS2_PLACEMENT_3D ( 'NONE', #7158, #5247, #6243 ) ;
#1997 = EDGE_LOOP ( 'NONE', ( #2127, #9065 ) ) ;
#1998 = CIRCLE ( 'NONE', #7821, 1.999999999999974000 ) ;
#1999 = CARTESIAN_POINT ( 'NONE',  ( 165.3013355943351400, 45.92901384441896800, 18.99999947845893200 ) ) ;
#2000 = CARTESIAN_POINT ( 'NONE',  ( 174.7718574563045900, 66.34464203251248200, 16.63285220827073400 ) ) ;
#2001 = VERTEX_POINT ( 'NONE', #1710 ) ;
#2002 = DIRECTION ( 'NONE',  ( -2.220446049250312800E-016, 1.224646799147353200E-016, 1.000000000000000000 ) ) ;
#2003 = EDGE_CURVE ( 'NONE', #7068, #4286, #9196, .T. ) ;
#2004 = ORIENTED_EDGE ( 'NONE', *, *, #8805, .T. ) ;
#2005 = ORIENTED_EDGE ( 'NONE', *, *, #204, .F. ) ;
#2006 = CARTESIAN_POINT ( 'NONE',  ( 158.2778713187580300, 36.92354752811525700, 20.49999878108513900 ) ) ;
#2007 = AXIS2_PLACEMENT_3D ( 'NONE', #926, #10897, #6341 ) ;
#2008 = VERTEX_POINT ( 'NONE', #11858 ) ;
#2009 = FACE_BOUND ( 'NONE', #11613, .T. ) ;
#2010 = EDGE_CURVE ( 'NONE', #9376, #5764, #9050, .T. ) ;
#2011 = CARTESIAN_POINT ( 'NONE',  ( 199.1063220760345000, 45.86904400576364100, 0.7500135331658555100 ) ) ;
#2012 = ADVANCED_FACE ( 'NONE', ( #10507 ), #6629, .F. ) ;
#2013 = AXIS2_PLACEMENT_3D ( 'NONE', #11337, #6690, #7683 ) ;
#2014 = ORIENTED_EDGE ( 'NONE', *, *, #1810, .F. ) ;
#2015 = VERTEX_POINT ( 'NONE', #3831 ) ;
#2016 = DATE_TIME_ROLE ( 'creation_date' ) ;
#2017 = ORIENTED_EDGE ( 'NONE', *, *, #6667, .T. ) ;
#2018 = DIRECTION ( 'NONE',  ( 4.440892098500625700E-016, -1.224646799147353500E-016, -1.000000000000000000 ) ) ;
#2019 = DIRECTION ( 'NONE',  ( -1.000000000000000000, 0.0000000000000000000, 0.0000000000000000000 ) ) ;
#2020 = VERTEX_POINT ( 'NONE', #1074 ) ;
#2021 = CARTESIAN_POINT ( 'NONE',  ( 174.5719257169745300, 39.86904448602505400, 5.499999311752643100 ) ) ;
#2022 = EDGE_CURVE ( 'NONE', #1451, #11065, #3450, .T. ) ;
#2023 = CARTESIAN_POINT ( 'NONE',  ( 170.2781796281143700, 40.38782700336029300, 23.49999947845893200 ) ) ;
#2024 = VERTEX_POINT ( 'NONE', #11249 ) ;
#2025 = EDGE_CURVE ( 'NONE', #9244, #1931, #1143, .T. ) ;
#2026 = FACE_OUTER_BOUND ( 'NONE', #5714, .T. ) ;
#2027 = CARTESIAN_POINT ( 'NONE',  ( 192.2719255630692900, 47.21904400576412500, 56.79194912331138300 ) ) ;
#2028 = EDGE_CURVE ( 'NONE', #2636, #7641, #9186, .T. ) ;
#2029 = DIRECTION ( 'NONE',  ( 4.078893220340672900E-032, 2.220446049250313100E-016, 1.000000000000000000 ) ) ;
#2030 = AXIS2_PLACEMENT_3D ( 'NONE', #2150, #3089, #2233 ) ;
#2031 = ORIENTED_EDGE ( 'NONE', *, *, #10463, .T. ) ;
#2032 = CARTESIAN_POINT ( 'NONE',  ( 173.7719257169743800, 45.86904386338088800, 21.35688322333649600 ) ) ;
#2033 = DIRECTION ( 'NONE',  ( 6.983158872362118400E-017, 1.110223024625156000E-016, -1.000000000000000000 ) ) ;
#2034 = CARTESIAN_POINT ( 'NONE',  ( 173.7719257169743800, 45.86904386338088800, 21.49999947845938700 ) ) ;
#2035 = CARTESIAN_POINT ( 'NONE',  ( 178.0424400341181600, 61.80682041179442600, 22.49999878108514300 ) ) ;
#2036 = EDGE_CURVE ( 'NONE', #9662, #3520, #5910, .T. ) ;
#2037 = AXIS2_PLACEMENT_3D ( 'NONE', #6006, #2316, #5043 ) ;
#2038 = ORIENTED_EDGE ( 'NONE', *, *, #1258, .F. ) ;
#2039 = EDGE_CURVE ( 'NONE', #4286, #7068, #10353, .T. ) ;
#2040 = ORIENTED_EDGE ( 'NONE', *, *, #3043, .F. ) ;
#2041 = DIRECTION ( 'NONE',  ( 0.0000000000000000000, 1.224646799147353200E-016, 1.000000000000000000 ) ) ;
#2042 = VECTOR ( 'NONE', #10616, 1000.000000000000000 ) ;
#2043 = DIRECTION ( 'NONE',  ( 0.0000000000000000000, 0.0000000000000000000, -1.000000000000000000 ) ) ;
#2044 = EDGE_LOOP ( 'NONE', ( #3971, #3228, #2759, #4800, #4156 ) ) ;
#2045 = AXIS2_PLACEMENT_3D ( 'NONE', #454, #5172, #10689 ) ;
#2046 = DIRECTION ( 'NONE',  ( -1.000000000000000000, 0.0000000000000000000, 0.0000000000000000000 ) ) ;
#2047 = ORIENTED_EDGE ( 'NONE', *, *, #7987, .F. ) ;
#2048 = VERTEX_POINT ( 'NONE', #3879 ) ;
#2049 = DIRECTION ( 'NONE',  ( -2.220446049250312800E-016, 1.224646799147353200E-016, 1.000000000000000000 ) ) ;
#2050 = ORIENTED_EDGE ( 'NONE', *, *, #10208, .F. ) ;
#2051 = ORIENTED_EDGE ( 'NONE', *, *, #3837, .F. ) ;
#2052 = ORIENTED_EDGE ( 'NONE', *, *, #138, .F. ) ;
#2053 = LINE ( 'NONE', #2447, #8532 ) ;
#2054 = CARTESIAN_POINT ( 'NONE',  ( 192.8779456889457400, 49.76904400565769700, 2.851451713625315100E-014 ) ) ;
#2055 = AXIS2_PLACEMENT_3D ( 'NONE', #4971, #2243, #7688 ) ;
#2056 = FACE_OUTER_BOUND ( 'NONE', #2205, .T. ) ;
#2057 = ORIENTED_EDGE ( 'NONE', *, *, #6766, .T. ) ;
#2058 = CARTESIAN_POINT ( 'NONE',  ( 194.3874572644616000, 49.36904400576362700, 0.4105268733410045700 ) ) ;
#2059 = EDGE_LOOP ( 'NONE', ( #4067, #10306, #329, #1559 ) ) ;
#2060 = DIRECTION ( 'NONE',  ( -1.000000000000000000, 0.0000000000000000000, 0.0000000000000000000 ) ) ;
#2061 = ORIENTED_EDGE ( 'NONE', *, *, #10061, .T. ) ;
#2062 = VERTEX_POINT ( 'NONE', #208 ) ;
#2063 = CARTESIAN_POINT ( 'NONE',  ( 190.2719267945538500, 45.86904400576364800, 3.000012844918298800 ) ) ;
#2064 = DIRECTION ( 'NONE',  ( -4.440892098500625700E-016, 1.224646799147353500E-016, 1.000000000000000000 ) ) ;
#2065 = VECTOR ( 'NONE', #11526, 1000.000000000000000 ) ;
#2066 = ORIENTED_EDGE ( 'NONE', *, *, #6927, .T. ) ;
#2067 = DIRECTION ( 'NONE',  ( -1.000000000000000000, 0.0000000000000000000, -2.571232623030909800E-016 ) ) ;
#2068 = CYLINDRICAL_SURFACE ( 'NONE', #8918, 3.999999190699821100 ) ;
#2069 = DIRECTION ( 'NONE',  ( 0.0000000000000000000, 1.000000000000000000, 0.0000000000000000000 ) ) ;
#2070 = CARTESIAN_POINT ( 'NONE',  ( 165.3525388497355400, 48.53623804074488400, 23.49999947845893200 ) ) ;
#2071 = DIRECTION ( 'NONE',  ( 7.388085321846811900E-016, 1.000000000000000000, -9.860761315262647600E-032 ) ) ;
#2072 = CARTESIAN_POINT ( 'NONE',  ( 173.7719257169747200, 27.97805215570554100, 20.49999878108513900 ) ) ;
#2073 = VERTEX_POINT ( 'NONE', #9319 ) ;
#2074 = CARTESIAN_POINT ( 'NONE',  ( 174.3862240248300600, 66.36004668775649400, 15.70014376318063000 ) ) ;
#2075 = ADVANCED_FACE ( 'NONE', ( #6198 ), #10778, .F. ) ;
#2076 = ORIENTED_EDGE ( 'NONE', *, *, #6926, .T. ) ;
#2077 = CARTESIAN_POINT ( 'NONE',  ( 173.7719257169743800, 45.86904386338088800, 4.199999833303990300 ) ) ;
#2078 = FACE_OUTER_BOUND ( 'NONE', #8408, .T. ) ;
#2079 = EDGE_CURVE ( 'NONE', #8206, #3128, #8181, .T. ) ;
#2080 = CARTESIAN_POINT ( 'NONE',  ( 192.2719255630693500, 45.86904400576370500, 14.29999914657000200 ) ) ;
#2081 = ORIENTED_EDGE ( 'NONE', *, *, #7070, .F. ) ;
#2082 = FACE_OUTER_BOUND ( 'NONE', #5704, .T. ) ;
#2083 = DIRECTION ( 'NONE',  ( 0.0000000000000000000, -1.000000000000000000, 0.0000000000000000000 ) ) ;
#2084 = AXIS2_PLACEMENT_3D ( 'NONE', #2646, #11814, #4652 ) ;
#2085 = AXIS2_PLACEMENT_3D ( 'NONE', #406, #1351, #5080 ) ;
#2086 = DIRECTION ( 'NONE',  ( -2.040851150607881900E-016, -9.183830177735469000E-015, 1.000000000000000000 ) ) ;
#2087 = ORIENTED_EDGE ( 'NONE', *, *, #5135, .F. ) ;
#2088 = VERTEX_POINT ( 'NONE', #1117 ) ;
#2089 = AXIS2_PLACEMENT_3D ( 'NONE', #10679, #6201, #7075 ) ;
#2090 = CIRCLE ( 'NONE', #6773, 0.7999999999999951600 ) ;
#2091 = EDGE_LOOP ( 'NONE', ( #4327, #610 ) ) ;
#2092 = CARTESIAN_POINT ( 'NONE',  ( 190.2719267945538200, 45.11904400576364100, 0.7500135331658556200 ) ) ;
#2093 = FACE_OUTER_BOUND ( 'NONE', #10293, .T. ) ;
#2094 = ORIENTED_EDGE ( 'NONE', *, *, #11893, .T. ) ;
#2095 = ORIENTED_EDGE ( 'NONE', *, *, #6759, .F. ) ;
#2096 = EDGE_CURVE ( 'NONE', #9885, #9432, #3750, .T. ) ;
#2097 = EDGE_LOOP ( 'NONE', ( #9504, #6609, #11710, #9184 ) ) ;
#2098 = LINE ( 'NONE', #1237, #9601 ) ;
#2099 = AXIS2_PLACEMENT_3D ( 'NONE', #9487, #4942, #3104 ) ;
#2100 = DIRECTION ( 'NONE',  ( -4.440892098500625700E-016, 1.224646799147353500E-016, 1.000000000000000000 ) ) ;
#2101 = CIRCLE ( 'NONE', #7771, 12.00000000000001100 ) ;
#2102 = AXIS2_PLACEMENT_3D ( 'NONE', #874, #10116, #9189 ) ;
#2103 = VERTEX_POINT ( 'NONE', #8468 ) ;
#2104 = CARTESIAN_POINT ( 'NONE',  ( 156.8174435091019900, 37.23506967745709100, 16.49999967266197100 ) ) ;
#2105 = CYLINDRICAL_SURFACE ( 'NONE', #9294, 8.999998263138881100 ) ;
#2106 = CARTESIAN_POINT ( 'NONE',  ( 173.7719257169743800, 46.86904386338088800, 21.99999947845984100 ) ) ;
#2107 = DIRECTION ( 'NONE',  ( -1.000000000000000000, 0.0000000000000000000, 0.0000000000000000000 ) ) ;
#2108 = FACE_OUTER_BOUND ( 'NONE', #10845, .T. ) ;
#2109 = VERTEX_POINT ( 'NONE', #10166 ) ;
#2110 = CARTESIAN_POINT ( 'NONE',  ( 174.6641526205843000, 46.39103052214418500, 21.99999947845984500 ) ) ;
#2111 = CARTESIAN_POINT ( 'NONE',  ( 157.8341493109444700, 41.59852968861951400, 22.49999878108514300 ) ) ;
#2112 = EDGE_CURVE ( 'NONE', #10387, #8162, #1841, .T. ) ;
#2113 = DIRECTION ( 'NONE',  ( -1.000000000000000000, 3.083952846180854800E-015, 0.0000000000000000000 ) ) ;
#2114 = ORIENTED_EDGE ( 'NONE', *, *, #8035, .F. ) ;
#2115 = AXIS2_PLACEMENT_3D ( 'NONE', #8453, #346, #4027 ) ;
#2116 = DIRECTION ( 'NONE',  ( 7.388085321846811900E-016, 1.000000000000000000, -9.860761315262647600E-032 ) ) ;
#2117 = CONICAL_SURFACE ( 'NONE', #899, 9.499998263138881100, 0.7853981633974422800 ) ;
#2118 = EDGE_CURVE ( 'NONE', #152, #10577, #6068, .T. ) ;
#2119 = CARTESIAN_POINT ( 'NONE',  ( 157.7719254351092400, 45.86904386338088800, 17.64999947845947400 ) ) ;
#2120 = ORIENTED_EDGE ( 'NONE', *, *, #827, .T. ) ;
#2121 = EDGE_CURVE ( 'NONE', #5406, #11316, #8576, .T. ) ;
#2122 = FACE_BOUND ( 'NONE', #6440, .T. ) ;
#2123 = CARTESIAN_POINT ( 'NONE',  ( 164.7719274538355000, 45.86904400576364800, 2.199999311752464800 ) ) ;
#2124 = DIRECTION ( 'NONE',  ( -1.000000000000000000, -0.0000000000000000000, -0.0000000000000000000 ) ) ;
#2125 = DIRECTION ( 'NONE',  ( 4.440892098500625700E-016, -1.224646799147353500E-016, -1.000000000000000000 ) ) ;
#2126 = AXIS2_PLACEMENT_3D ( 'NONE', #8171, #5512, #2661 ) ;
#2127 = ORIENTED_EDGE ( 'NONE', *, *, #6921, .T. ) ;
#2128 = LINE ( 'NONE', #898, #11636 ) ;
#2129 = PLANE ( 'NONE',  #8183 ) ;
#2130 = LINE ( 'NONE', #7291, #6626 ) ;
#2131 = DIRECTION ( 'NONE',  ( -8.157786440681345800E-032, -4.440892098500626200E-016, -1.000000000000000000 ) ) ;
#2132 = ORIENTED_EDGE ( 'NONE', *, *, #8052, .T. ) ;
#2133 = DIRECTION ( 'NONE',  ( 4.440892098500625700E-016, -1.224646799147353500E-016, -1.000000000000000000 ) ) ;
#2134 = CIRCLE ( 'NONE', #3492, 1.349999999999997000 ) ;
#2135 = CARTESIAN_POINT ( 'NONE',  ( 168.5164091887845100, 41.68006944272060100, 18.99999947845893200 ) ) ;
#2136 = PLANE ( 'NONE',  #10222 ) ;
#2137 = AXIS2_PLACEMENT_3D ( 'NONE', #11306, #1172, #4023 ) ;
#2138 = DIRECTION ( 'NONE',  ( 0.8660254037849556300, -0.4999999999991045500, 0.0000000000000000000 ) ) ;
#2139 = ADVANCED_FACE ( 'NONE', ( #7053 ), #5767, .T. ) ;
#2140 = CARTESIAN_POINT ( 'NONE',  ( 169.3873112812459300, 54.85654386338107700, 23.49999947845893200 ) ) ;
#2141 = CARTESIAN_POINT ( 'NONE',  ( 169.3873112812459300, 54.85654386338107700, 23.49999947845893200 ) ) ;
#2142 = ORIENTED_EDGE ( 'NONE', *, *, #10449, .T. ) ;
#2143 = FACE_OUTER_BOUND ( 'NONE', #231, .T. ) ;
#2144 = DIRECTION ( 'NONE',  ( 0.0000000000000000000, -1.000000000000000000, 0.0000000000000000000 ) ) ;
#2145 = CARTESIAN_POINT ( 'NONE',  ( 181.3330394058990600, 40.98749259751409100, 0.4999991315707681400 ) ) ;
#2146 = CARTESIAN_POINT ( 'NONE',  ( 163.7579486982979500, 52.34748711850777200, 1.999999999999915000 ) ) ;
#2147 = VERTEX_POINT ( 'NONE', #9276 ) ;
#2148 = DIRECTION ( 'NONE',  ( -1.744636792983765000E-013, 1.000000000000000000, 0.0000000000000000000 ) ) ;
#2149 = ORIENTED_EDGE ( 'NONE', *, *, #6167, .T. ) ;
#2150 = CARTESIAN_POINT ( 'NONE',  ( 155.2719258708795800, 45.86904400576371200, 17.39999966811049600 ) ) ;
#2151 = ORIENTED_EDGE ( 'NONE', *, *, #651, .T. ) ;
#2152 = VECTOR ( 'NONE', #7592, 1000.000000000000000 ) ;
#2153 = CARTESIAN_POINT ( 'NONE',  ( 180.2656718058340500, 45.58397942606603000, 23.49999947845893200 ) ) ;
#2154 = DIRECTION ( 'NONE',  ( 0.0000000000000000000, 1.000000000000000000, -1.613696327631730300E-016 ) ) ;
#2155 = ORIENTED_EDGE ( 'NONE', *, *, #7153, .T. ) ;
#2156 = ORIENTED_EDGE ( 'NONE', *, *, #5148, .T. ) ;
#2157 = DIRECTION ( 'NONE',  ( -1.000000000000000000, -3.122502256758336700E-014, 0.0000000000000000000 ) ) ;
#2158 = CARTESIAN_POINT ( 'NONE',  ( 174.6641526205841900, 45.34705720461761300, 21.99999947845984500 ) ) ;
#2159 = ORIENTED_EDGE ( 'NONE', *, *, #49, .F. ) ;
#2160 = VERTEX_POINT ( 'NONE', #1027 ) ;
#2161 = EDGE_CURVE ( 'NONE', #6081, #8401, #6769, .T. ) ;
#2162 = CARTESIAN_POINT ( 'NONE',  ( 183.7476362513515100, 45.17248135052174300, 23.49999947845893500 ) ) ;
#2163 = ORIENTED_EDGE ( 'NONE', *, *, #2491, .F. ) ;
#2164 = LINE ( 'NONE', #4926, #3640 ) ;
#2165 = CARTESIAN_POINT ( 'NONE',  ( 180.0274422451645400, 43.41212025028988800, 23.49999947845903500 ) ) ;
#2166 = ADVANCED_FACE ( 'NONE', ( #9780 ), #1086, .F. ) ;
#2167 = CARTESIAN_POINT ( 'NONE',  ( 162.3437351359251300, 50.93327355613490000, 1.999999999999914100 ) ) ;
#2168 = ORIENTED_EDGE ( 'NONE', *, *, #11353, .F. ) ;
#2169 = DIRECTION ( 'NONE',  ( -1.000000000000000000, 1.836970198721029700E-016, -0.0000000000000000000 ) ) ;
#2170 = CARTESIAN_POINT ( 'NONE',  ( 182.7875378213373700, 54.88465611012649200, 3.000013011975194200 ) ) ;
#2171 = AXIS2_PLACEMENT_3D ( 'NONE', #6970, #5177, #11581 ) ;
#2172 = EDGE_CURVE ( 'NONE', #5838, #6783, #1279, .T. ) ;
#2173 = CYLINDRICAL_SURFACE ( 'NONE', #7661, 0.7500000000000006700 ) ;
#2174 = B_SPLINE_CURVE_WITH_KNOTS ( 'NONE', 3,
 ( #177, #96, #9363, #11142, #6650, #143, #6572, #7605, #10415, #10460, #5856, #11298, #2074, #4966, #9525, #11255, #335, #5776 ),
 .UNSPECIFIED., .F., .F.,
 ( 4, 2, 2, 2, 2, 2, 2, 2, 4 ),
 ( 0.0000000000000000000, 0.1250000000000004200, 0.2500000000000008300, 0.3750000000000012200, 0.5000000000000010000, 0.6250000000000008900, 0.7500000000000005600, 0.8750000000000003300, 1.000000000000000000 ),
 .UNSPECIFIED. ) ;
#2175 = CARTESIAN_POINT ( 'NONE',  ( 173.7719257169743800, 45.86904386338089500, 22.99999947854303200 ) ) ;
#2176 = ORIENTED_EDGE ( 'NONE', *, *, #9892, .T. ) ;
#2177 = DIRECTION ( 'NONE',  ( 0.0000000000000000000, 1.000000000000000000, -2.891205793294675900E-016 ) ) ;
#2178 = EDGE_CURVE ( 'NONE', #9069, #11842, #4206, .T. ) ;
#2179 = ORIENTED_EDGE ( 'NONE', *, *, #1952, .T. ) ;
#2180 = CALENDAR_DATE ( 2025, 15, 7 ) ;
#2181 = EDGE_CURVE ( 'NONE', #10137, #5666, #3898, .T. ) ;
#2182 = CARTESIAN_POINT ( 'NONE',  ( 191.0183819661528700, 34.78696898917312600, 16.24032369933458500 ) ) ;
#2183 = EDGE_CURVE ( 'NONE', #10841, #7550, #8471, .T. ) ;
#2184 = DIRECTION ( 'NONE',  ( -0.0000000000000000000, -0.0000000000000000000, 1.000000000000000000 ) ) ;
#2185 = AXIS2_PLACEMENT_3D ( 'NONE', #2011, #7890, #11791 ) ;
#2186 = DIRECTION ( 'NONE',  ( 0.0000000000000000000, 0.0000000000000000000, -1.000000000000000000 ) ) ;
#2187 = DIRECTION ( 'NONE',  ( 4.440892098500625700E-016, -1.224646799147353500E-016, -1.000000000000000000 ) ) ;
#2188 = VERTEX_POINT ( 'NONE', #6777 ) ;
#2189 = ORIENTED_EDGE ( 'NONE', *, *, #526, .F. ) ;
#2190 = ORIENTED_EDGE ( 'NONE', *, *, #11540, .F. ) ;
#2191 = DIRECTION ( 'NONE',  ( 0.0000000000000000000, 1.000000000000000000, 0.0000000000000000000 ) ) ;
#2192 = VERTEX_POINT ( 'NONE', #1206 ) ;
#2193 = DIRECTION ( 'NONE',  ( 2.220446049250313100E-016, 0.0000000000000000000, -1.000000000000000000 ) ) ;
#2194 = CYLINDRICAL_SURFACE ( 'NONE', #6353, 19.49999997868845400 ) ;
#2196 = ADVANCED_FACE ( 'NONE', ( #993 ), #576, .F. ) ;
#2195 = DIRECTION ( 'NONE',  ( -0.7071067811865773300, -0.7071067811865178200, 0.0000000000000000000 ) ) ;
#2197 = FACE_OUTER_BOUND ( 'NONE', #4264, .T. ) ;
#2198 = EDGE_CURVE ( 'NONE', #9164, #4392, #9477, .T. ) ;
#2199 = ADVANCED_FACE ( 'NONE', ( #5771 ), #4486, .T. ) ;
#2200 = DIRECTION ( 'NONE',  ( -0.7071067811864609800, 0.7071067811866341700, 0.0000000000000000000 ) ) ;
#2201 = AXIS2_PLACEMENT_3D ( 'NONE', #2904, #4780, #11183 ) ;
#2202 = DIRECTION ( 'NONE',  ( -0.0000000000000000000, -0.0000000000000000000, 1.000000000000000000 ) ) ;
#2203 = ORIENTED_EDGE ( 'NONE', *, *, #9499, .F. ) ;
#2204 = CARTESIAN_POINT ( 'NONE',  ( 192.2719255630692900, 45.86904400576411000, 22.19999878104772500 ) ) ;
#2205 = EDGE_LOOP ( 'NONE', ( #10325, #8722, #11601, #11688 ) ) ;
#2206 = DIRECTION ( 'NONE',  ( 4.440892098500626200E-016, 0.0000000000000000000, -1.000000000000000000 ) ) ;
#2207 = ORIENTED_EDGE ( 'NONE', *, *, #8741, .F. ) ;
#2208 = ORIENTED_EDGE ( 'NONE', *, *, #1185, .F. ) ;
#2209 = DIRECTION ( 'NONE',  ( -1.000000000000000000, 0.0000000000000000000, -4.440892098500626200E-016 ) ) ;
#2210 = ORIENTED_EDGE ( 'NONE', *, *, #6216, .T. ) ;
#2211 = DIRECTION ( 'NONE',  ( -0.8660254037844383700, 0.5000000000000004400, 1.060575238724907400E-016 ) ) ;
#2212 = LINE ( 'NONE', #10758, #11714 ) ;
#2213 = CARTESIAN_POINT ( 'NONE',  ( 172.0485007127525700, 40.17286345020821900, 4.200000000082156700 ) ) ;
#2214 = FACE_OUTER_BOUND ( 'NONE', #9761, .T. ) ;
#2215 = CARTESIAN_POINT ( 'NONE',  ( 183.9624194915337500, 32.14301632527195100, 3.068445359456703400E-014 ) ) ;
#2216 = CARTESIAN_POINT ( 'NONE',  ( 154.4534101037556300, 51.04542466329454700, 20.49999878108513900 ) ) ;
#2217 = ORIENTED_EDGE ( 'NONE', *, *, #7968, .T. ) ;
#2218 = DIRECTION ( 'NONE',  ( 0.0000000000000000000, 0.0000000000000000000, -1.000000000000000000 ) ) ;
#2219 = ORIENTED_EDGE ( 'NONE', *, *, #4361, .T. ) ;
#2220 = AXIS2_PLACEMENT_3D ( 'NONE', #1283, #11296, #10411 ) ;
#2221 = FACE_OUTER_BOUND ( 'NONE', #787, .T. ) ;
#2222 = EDGE_LOOP ( 'NONE', ( #2081, #9668, #3308, #8329, #6166 ) ) ;
#2223 = CARTESIAN_POINT ( 'NONE',  ( 193.3678436374728200, 41.86904400576364100, 1.999999999999914100 ) ) ;
#2224 = CIRCLE ( 'NONE', #315, 0.9999999999999978900 ) ;
#2225 = AXIS2_PLACEMENT_3D ( 'NONE', #11585, #6247, #6179 ) ;
#2226 = CARTESIAN_POINT ( 'NONE',  ( 191.7733607419919500, 36.06019624919019900, 15.62765180217822300 ) ) ;
#2227 = DIRECTION ( 'NONE',  ( -1.094764425253763300E-047, 4.930380657631323800E-032, 1.000000000000000000 ) ) ;
#2228 = ORIENTED_EDGE ( 'NONE', *, *, #6527, .T. ) ;
#2229 = ADVANCED_FACE ( 'NONE', ( #11071 ), #1703, .T. ) ;
#2230 = ORIENTED_EDGE ( 'NONE', *, *, #11828, .F. ) ;
#2231 = DIRECTION ( 'NONE',  ( -1.000000000000000000, 0.0000000000000000000, 0.0000000000000000000 ) ) ;
#2232 = VECTOR ( 'NONE', #2819, 1000.000000000000000 ) ;
#2233 = DIRECTION ( 'NONE',  ( 0.0000000000000000000, 1.000000000000000000, 0.0000000000000000000 ) ) ;
#2234 = AXIS2_PLACEMENT_3D ( 'NONE', #2632, #11887, #3582 ) ;
#2235 = CONICAL_SURFACE ( 'NONE', #4337, 3.499999999921482400, 0.7853981633974482800 ) ;
#2236 = DIRECTION ( 'NONE',  ( -1.000000000000000000, 0.0000000000000000000, 0.0000000000000000000 ) ) ;
#2237 = DIRECTION ( 'NONE',  ( 1.000000000000000000, 1.972152263052529100E-031, 8.758115402030102800E-047 ) ) ;
#2238 = VERTEX_POINT ( 'NONE', #4939 ) ;
#2239 = DIRECTION ( 'NONE',  ( 1.000000000000000000, 0.0000000000000000000, 2.168405058739822700E-016 ) ) ;
#2240 = EDGE_CURVE ( 'NONE', #9245, #2662, #4908, .T. ) ;
#2241 = DIRECTION ( 'NONE',  ( -1.000000000000000000, -3.469446951953563300E-015, 0.0000000000000000000 ) ) ;
#2242 = VECTOR ( 'NONE', #2475, 1000.000000000000100 ) ;
#2243 = DIRECTION ( 'NONE',  ( -8.157786440681345800E-032, -4.440892098500626200E-016, -1.000000000000000000 ) ) ;
#2244 = CARTESIAN_POINT ( 'NONE',  ( 191.4594600505781200, 35.50474384982077700, 17.50010175060697300 ) ) ;
#2245 = FACE_OUTER_BOUND ( 'NONE', #9511, .T. ) ;
#2246 = VERTEX_POINT ( 'NONE', #11390 ) ;
#2247 = CARTESIAN_POINT ( 'NONE',  ( 180.7719294918266800, 45.86904400576364800, 5.999999833293287600 ) ) ;
#2248 = AXIS2_PLACEMENT_3D ( 'NONE', #4055, #9453, #11261 ) ;
#2249 = CIRCLE ( 'NONE', #7453, 1.000000000000000900 ) ;
#2250 = AXIS2_PLACEMENT_3D ( 'NONE', #11546, #2292, #4223 ) ;
#2251 = CARTESIAN_POINT ( 'NONE',  ( 173.7719257169743800, 57.36904386338043300, 17.49999947845938700 ) ) ;
#2252 = DIRECTION ( 'NONE',  ( -0.5000000000000004400, -0.8660254037844383700, 0.0000000000000000000 ) ) ;
#2253 = EDGE_LOOP ( 'NONE', ( #6177, #6129, #8690, #7083 ) ) ;
#2254 = ORIENTED_EDGE ( 'NONE', *, *, #7282, .F. ) ;
#2255 = CIRCLE ( 'NONE', #5228, 2.000000000000001800 ) ;
#2256 = DIRECTION ( 'NONE',  ( 4.440892098500626200E-016, 0.0000000000000000000, -1.000000000000000000 ) ) ;
#2257 = AXIS2_PLACEMENT_3D ( 'NONE', #2874, #2790, #5637 ) ;
#2258 = CARTESIAN_POINT ( 'NONE',  ( 167.0578444306695800, 47.88053894935388400, 18.99999947845893200 ) ) ;
#2259 = DIRECTION ( 'NONE',  ( 8.157786440681345800E-032, 4.440892098500626200E-016, 1.000000000000000000 ) ) ;
#2260 = CIRCLE ( 'NONE', #7900, 1.000000000000000900 ) ;
#2261 = CIRCLE ( 'NONE', #4391, 19.99999905524573100 ) ;
#2262 = EDGE_CURVE ( 'NONE', #8396, #7887, #8327, .T. ) ;
#2263 = CONICAL_SURFACE ( 'NONE', #6997, 13.99999999999998400, 0.7853981633965359000 ) ;
#2264 = EDGE_LOOP ( 'NONE', ( #3446, #7411 ) ) ;
#2265 = VECTOR ( 'NONE', #10413, 1000.000000000000000 ) ;
#2266 = EDGE_CURVE ( 'NONE', #9736, #3530, #1426, .T. ) ;
#2267 = ADVANCED_FACE ( 'NONE', ( #8762 ), #8895, .F. ) ;
#2268 = EDGE_CURVE ( 'NONE', #583, #3778, #1549, .T. ) ;
#2269 = ADVANCED_FACE ( 'NONE', ( #7336 ), #1987, .F. ) ;
#2270 = LINE ( 'NONE', #2213, #2855 ) ;
#2271 = ORIENTED_EDGE ( 'NONE', *, *, #2003, .T. ) ;
#2272 = AXIS2_PLACEMENT_3D ( 'NONE', #950, #2592, #9023 ) ;
#2273 = CARTESIAN_POINT ( 'NONE',  ( 199.9033806311083200, 43.86904400576364100, 0.7500135331658555100 ) ) ;
#2274 = LINE ( 'NONE', #9993, #7456 ) ;
#2275 = CYLINDRICAL_SURFACE ( 'NONE', #5480, 0.7500000000000006700 ) ;
#2276 = ORIENTED_EDGE ( 'NONE', *, *, #6304, .T. ) ;
#2277 = DIRECTION ( 'NONE',  ( 0.0000000000000000000, 1.000000000000000000, 0.0000000000000000000 ) ) ;
#2278 = DIRECTION ( 'NONE',  ( -1.000000000000000000, 0.0000000000000000000, -4.440892098500625200E-016 ) ) ;
#2279 = CARTESIAN_POINT ( 'NONE',  ( 182.5482059291605600, 61.00928524862831600, 1.999999999999914500 ) ) ;
#2280 = CIRCLE ( 'NONE', #11224, 2.499999999999669200 ) ;
#2281 = EDGE_CURVE ( 'NONE', #8876, #1520, #4042, .T. ) ;
#2282 = CYLINDRICAL_SURFACE ( 'NONE', #721, 2.000000000000140300 ) ;
#2283 = AXIS2_PLACEMENT_3D ( 'NONE', #8254, #6550, #3743 ) ;
#2284 = EDGE_CURVE ( 'NONE', #2740, #4359, #10932, .T. ) ;
#2285 = EDGE_CURVE ( 'NONE', #4161, #1896, #293, .T. ) ;
#2286 = CARTESIAN_POINT ( 'NONE',  ( 183.5512093831957500, 28.99848947590598100, 3.464490599159079800E-014 ) ) ;
#2287 = FACE_OUTER_BOUND ( 'NONE', #7542, .T. ) ;
#2288 = DIRECTION ( 'NONE',  ( -1.000000000000000000, 0.0000000000000000000, 0.0000000000000000000 ) ) ;
#2289 = AXIS2_PLACEMENT_3D ( 'NONE', #8097, #11777, #3420 ) ;
#2290 = DIRECTION ( 'NONE',  ( 2.220446049250313100E-016, 0.0000000000000000000, -1.000000000000000000 ) ) ;
#2291 = DIRECTION ( 'NONE',  ( 0.0000000000000000000, 1.000000000000000000, 0.0000000000000000000 ) ) ;
#2292 = DIRECTION ( 'NONE',  ( -0.0000000000000000000, -0.0000000000000000000, -1.000000000000000000 ) ) ;
#2293 = ORIENTED_EDGE ( 'NONE', *, *, #6917, .T. ) ;
#2294 = CIRCLE ( 'NONE', #3103, 21.49999940945329500 ) ;
#2295 = DIRECTION ( 'NONE',  ( -0.0000000000000000000, -0.0000000000000000000, 1.000000000000000000 ) ) ;
#2296 = DIRECTION ( 'NONE',  ( 4.440892098500626200E-016, 0.0000000000000000000, -1.000000000000000000 ) ) ;
#2297 = CARTESIAN_POINT ( 'NONE',  ( 173.7719257169743800, 45.86904386338088100, 23.49999947845892100 ) ) ;
#2298 = ADVANCED_FACE ( 'NONE', ( #2434 ), #10497, .F. ) ;
#2299 = DIRECTION ( 'NONE',  ( -1.000000000000000000, -1.850371707708512700E-014, 0.0000000000000000000 ) ) ;
#2300 = AXIS2_PLACEMENT_3D ( 'NONE', #627, #3294, #6955 ) ;
#2301 = DIRECTION ( 'NONE',  ( -4.078893220340672900E-032, -2.220446049250313100E-016, -1.000000000000000000 ) ) ;
#2302 = DIRECTION ( 'NONE',  ( -1.000000000000000000, 0.0000000000000000000, 0.0000000000000000000 ) ) ;
#2303 = EDGE_LOOP ( 'NONE', ( #1619, #8717, #865, #5516 ) ) ;
#2304 = CIRCLE ( 'NONE', #5210, 1.000000000000000900 ) ;
#2305 = AXIS2_PLACEMENT_3D ( 'NONE', #6461, #7247, #10903 ) ;
#2306 = ORIENTED_EDGE ( 'NONE', *, *, #5221, .T. ) ;
#2307 = EDGE_LOOP ( 'NONE', ( #3481, #2716, #5947, #11505, #11310, #3956, #7259, #8564, #1567, #2228, #10410, #9337 ) ) ;
#2308 = CARTESIAN_POINT ( 'NONE',  ( 169.0484782296380500, 29.99089738282915400, 22.49999878108514300 ) ) ;
#2309 = DIRECTION ( 'NONE',  ( 0.0000000000000000000, 0.0000000000000000000, -1.000000000000000000 ) ) ;
#2310 = ORIENTED_EDGE ( 'NONE', *, *, #3984, .T. ) ;
#2311 = DIRECTION ( 'NONE',  ( 0.0000000000000000000, -1.000000000000000000, 0.0000000000000000000 ) ) ;
#2312 = DIRECTION ( 'NONE',  ( -1.000000000000000000, 0.0000000000000000000, -4.448008917622323200E-016 ) ) ;
#2313 = ORIENTED_EDGE ( 'NONE', *, *, #7987, .T. ) ;
#2314 = CIRCLE ( 'NONE', #2225, 8.500000000000007100 ) ;
#2315 = CARTESIAN_POINT ( 'NONE',  ( 182.1066554382221300, 41.06984819044799200, 2.905661822261151900E-014 ) ) ;
#2316 = DIRECTION ( 'NONE',  ( 4.078893220340672900E-032, 2.220446049250313100E-016, 1.000000000000000000 ) ) ;
#2317 = DIRECTION ( 'NONE',  ( -1.000000000000000000, 0.0000000000000000000, -2.218832413938900800E-016 ) ) ;
#2318 = ORIENTED_EDGE ( 'NONE', *, *, #4001, .F. ) ;
#2319 = EDGE_LOOP ( 'NONE', ( #10384, #685 ) ) ;
#2320 = CARTESIAN_POINT ( 'NONE',  ( 179.0274422451626000, 41.68006944272239900, 18.99999947845893200 ) ) ;
#2321 = ORIENTED_EDGE ( 'NONE', *, *, #8650, .T. ) ;
#2322 = ORIENTED_EDGE ( 'NONE', *, *, #10537, .T. ) ;
#2323 = DIRECTION ( 'NONE',  ( 2.220446049250312800E-016, -1.224646799147353200E-016, -1.000000000000000000 ) ) ;
#2324 = CARTESIAN_POINT ( 'NONE',  ( 172.7719257169744100, 45.86904386338088800, 21.99999947845984100 ) ) ;
#2325 = EDGE_LOOP ( 'NONE', ( #4111, #7062, #5813, #4025, #8535, #6743, #4840, #2685, #7478 ) ) ;
#2326 = CIRCLE ( 'NONE', #977, 1.000000000000451900 ) ;
#2327 = AXIS2_PLACEMENT_3D ( 'NONE', #5777, #7253, #766 ) ;
#2329 = ADVANCED_FACE ( 'NONE', ( #11350 ), #9, .F. ) ;
#2328 = CARTESIAN_POINT ( 'NONE',  ( 175.4953507211967000, 51.56522456131891400, 4.199999999999902500 ) ) ;
#2330 = DIRECTION ( 'NONE',  ( 0.0000000000000000000, 0.0000000000000000000, -1.000000000000000000 ) ) ;
#2331 = ORIENTED_EDGE ( 'NONE', *, *, #8347, .F. ) ;
#2332 = DIRECTION ( 'NONE',  ( 4.440892098500626200E-016, 0.0000000000000000000, -1.000000000000000000 ) ) ;
#2333 = DATE_AND_TIME ( #4812, #5390 ) ;
#2334 = DIRECTION ( 'NONE',  ( -1.000000000000000000, 0.0000000000000000000, 0.0000000000000000000 ) ) ;
#2335 = CARTESIAN_POINT ( 'NONE',  ( 165.8920814067165600, 43.24411452697991400, 23.49999947845893200 ) ) ;
#2336 = EDGE_CURVE ( 'NONE', #7903, #3713, #2134, .T. ) ;
#2337 = CARTESIAN_POINT ( 'NONE',  ( 183.0219256400218600, 61.89051384249004400, 14.29999914656994900 ) ) ;
#2339 = ADVANCED_FACE ( 'NONE', ( #6486 ), #3316, .T. ) ;
#2338 = CARTESIAN_POINT ( 'NONE',  ( 188.3189853496277200, 48.36904400576363400, 1.750013533165798700 ) ) ;
#2340 = AXIS2_PLACEMENT_3D ( 'NONE', #8877, #11510, #9700 ) ;
#2341 = ORIENTED_EDGE ( 'NONE', *, *, #11213, .T. ) ;
#2342 = EDGE_CURVE ( 'NONE', #3412, #10316, #7615, .T. ) ;
#2343 = ORIENTED_EDGE ( 'NONE', *, *, #11742, .T. ) ;
#2344 = CIRCLE ( 'NONE', #3468, 1.000000000000000900 ) ;
#2345 = DIRECTION ( 'NONE',  ( 0.0000000000000000000, 0.0000000000000000000, 1.000000000000000000 ) ) ;
#2346 = ORIENTED_EDGE ( 'NONE', *, *, #4313, .F. ) ;
#2347 = VERTEX_POINT ( 'NONE', #5181 ) ;
#2348 = DIRECTION ( 'NONE',  ( -1.224646799147353500E-016, -2.220446049250312800E-016, -1.000000000000000000 ) ) ;
#2349 = CARTESIAN_POINT ( 'NONE',  ( 187.4979533974661200, 35.67855023120514300, 1.999999999999916300 ) ) ;
#2350 = EDGE_CURVE ( 'NONE', #7697, #10858, #6348, .T. ) ;
#2351 = EDGE_LOOP ( 'NONE', ( #3826, #2817, #3193, #11471 ) ) ;
#2352 = CARTESIAN_POINT ( 'NONE',  ( 173.7719257169743800, 55.86904386338090200, 19.99999947846017900 ) ) ;
#2353 = AXIS2_PLACEMENT_3D ( 'NONE', #1328, #4464, #10213 ) ;
#2354 = ORIENTED_EDGE ( 'NONE', *, *, #446, .F. ) ;
#2355 = ORIENTED_EDGE ( 'NONE', *, *, #10906, .T. ) ;
#2356 = EDGE_CURVE ( 'NONE', #605, #8539, #5494, .T. ) ;
#2357 = VERTEX_POINT ( 'NONE', #11507 ) ;
#2358 = CARTESIAN_POINT ( 'NONE',  ( 181.7531020476297100, 51.02179321167219000, 2.862293735361731700E-014 ) ) ;
#2359 = EDGE_CURVE ( 'NONE', #8343, #10371, #10642, .T. ) ;
#2360 = DIRECTION ( 'NONE',  ( -0.0000000000000000000, -0.0000000000000000000, -1.000000000000000000 ) ) ;
#2361 = FACE_OUTER_BOUND ( 'NONE', #9844, .T. ) ;
#2362 = ADVANCED_FACE ( 'NONE', ( #3013, #5198 ), #11587, .T. ) ;
#2363 = AXIS2_PLACEMENT_3D ( 'NONE', #5994, #1376, #622 ) ;
#2364 = CYLINDRICAL_SURFACE ( 'NONE', #8641, 1.999999999999974000 ) ;
#2365 = DIRECTION ( 'NONE',  ( -1.000000000000000000, -3.700743415417185100E-014, 0.0000000000000000000 ) ) ;
#2366 = ORIENTED_EDGE ( 'NONE', *, *, #7362, .F. ) ;
#2367 = DIRECTION ( 'NONE',  ( 0.0000000000000000000, -1.000000000000000000, 0.0000000000000000000 ) ) ;
#2368 = ORIENTED_EDGE ( 'NONE', *, *, #6852, .T. ) ;
#2369 = DIRECTION ( 'NONE',  ( -1.000000000000000000, 0.0000000000000000000, 0.0000000000000000000 ) ) ;
#2370 = ORIENTED_EDGE ( 'NONE', *, *, #9198, .T. ) ;
#2371 = ORIENTED_EDGE ( 'NONE', *, *, #7584, .T. ) ;
#2372 = FACE_BOUND ( 'NONE', #6948, .T. ) ;
#2373 = DIRECTION ( 'NONE',  ( 0.0000000000000000000, 1.000000000000000000, -5.204170673763544500E-016 ) ) ;
#2374 = ORIENTED_EDGE ( 'NONE', *, *, #8347, .T. ) ;
#2375 = AXIS2_PLACEMENT_3D ( 'NONE', #2507, #5274, #2392 ) ;
#2376 = CARTESIAN_POINT ( 'NONE',  ( 183.6824962211768200, 47.20343221810882300, 18.99999947845893500 ) ) ;
#2377 = CYLINDRICAL_SURFACE ( 'NONE', #4648, 0.7999999999999951600 ) ;
#2378 = AXIS2_PLACEMENT_3D ( 'NONE', #10661, #4342, #10738 ) ;
#2379 = ORIENTED_EDGE ( 'NONE', *, *, #7422, .T. ) ;
#2380 = ORIENTED_EDGE ( 'NONE', *, *, #9751, .T. ) ;
#2381 = CARTESIAN_POINT ( 'NONE',  ( 173.7719257169744400, 45.86904386338088800, 23.49999947845893900 ) ) ;
#2382 = VECTOR ( 'NONE', #2124, 1000.000000000000000 ) ;
#2383 = CARTESIAN_POINT ( 'NONE',  ( 166.8167594231277600, 39.04074525941394600, 23.49999947845893200 ) ) ;
#2384 = FACE_OUTER_BOUND ( 'NONE', #3897, .T. ) ;
#2385 = ADVANCED_FACE ( 'NONE', ( #7908 ), #1696, .F. ) ;
#2386 = VERTEX_POINT ( 'NONE', #7054 ) ;
#2387 = ORIENTED_EDGE ( 'NONE', *, *, #11121, .T. ) ;
#2388 = DIRECTION ( 'NONE',  ( -1.000000000000000000, 0.0000000000000000000, 0.0000000000000000000 ) ) ;
#2389 = DIRECTION ( 'NONE',  ( 0.0000000000000000000, 1.000000000000000000, 0.0000000000000000000 ) ) ;
#2390 = FACE_OUTER_BOUND ( 'NONE', #1623, .T. ) ;
#2391 = VERTEX_POINT ( 'NONE', #5375 ) ;
#2392 = DIRECTION ( 'NONE',  ( -1.000000000000000000, 0.0000000000000000000, 0.0000000000000000000 ) ) ;
#2393 = AXIS2_PLACEMENT_3D ( 'NONE', #8184, #2597, #4526 ) ;
#2394 = FACE_OUTER_BOUND ( 'NONE', #1166, .T. ) ;
#2395 = PLANE ( 'NONE',  #10114 ) ;
#2396 = DIRECTION ( 'NONE',  ( 4.440892098500625700E-016, -1.224646799147353500E-016, -1.000000000000000000 ) ) ;
#2397 = CARTESIAN_POINT ( 'NONE',  ( 166.1116716791292200, 40.86904386338089500, 23.49999947845933700 ) ) ;
#2398 = EDGE_LOOP ( 'NONE', ( #8488, #4656, #10685, #1737, #6592 ) ) ;
#2399 = VERTEX_POINT ( 'NONE', #8873 ) ;
#2400 = ORIENTED_EDGE ( 'NONE', *, *, #7911, .F. ) ;
#2401 = VECTOR ( 'NONE', #3765, 1000.000000000000000 ) ;
#2402 = CC_DESIGN_PERSON_AND_ORGANIZATION_ASSIGNMENT ( #7104, #10319, ( #5832 ) ) ;
#2403 = FACE_OUTER_BOUND ( 'NONE', #6185, .T. ) ;
#2404 = CARTESIAN_POINT ( 'NONE',  ( 173.7719257169743800, 45.86904400576364800, 5.499999311752435300 ) ) ;
#2405 = ORIENTED_EDGE ( 'NONE', *, *, #7221, .F. ) ;
#2406 = CARTESIAN_POINT ( 'NONE',  ( 173.7719257169744900, 62.36904346994576500, 16.49999967266197100 ) ) ;
#2407 = CYLINDRICAL_SURFACE ( 'NONE', #6240, 2.000000000000029300 ) ;
#2408 = EDGE_CURVE ( 'NONE', #10657, #1370, #569, .T. ) ;
#2409 = VECTOR ( 'NONE', #187, 1000.000000000000000 ) ;
#2410 = DIRECTION ( 'NONE',  ( 0.0000000000000000000, 1.000000000000000000, 0.0000000000000000000 ) ) ;
#2411 = ORIENTED_EDGE ( 'NONE', *, *, #1021, .F. ) ;
#2412 = DIRECTION ( 'NONE',  ( -0.5000000000008951700, 0.8660254037839217900, -3.281021287978562100E-016 ) ) ;
#2413 = ORIENTED_EDGE ( 'NONE', *, *, #7507, .T. ) ;
#2414 = CARTESIAN_POINT ( 'NONE',  ( 155.5979376464176200, 36.38438706694951500, 17.00532998045471400 ) ) ;
#2415 = AXIS2_PLACEMENT_3D ( 'NONE', #423, #8713, #493 ) ;
#2416 = LINE ( 'NONE', #5843, #8170 ) ;
#2417 = EDGE_CURVE ( 'NONE', #11035, #6404, #3593, .T. ) ;
#2418 = DIRECTION ( 'NONE',  ( -8.157786440681345800E-032, -4.440892098500626200E-016, -1.000000000000000000 ) ) ;
#2419 = ORIENTED_EDGE ( 'NONE', *, *, #10970, .F. ) ;
#2420 = CARTESIAN_POINT ( 'NONE',  ( 180.2503688297190100, 55.88302102443969200, 1.999999999999914500 ) ) ;
#2421 = CIRCLE ( 'NONE', #2583, 1.999999999999974000 ) ;
#2422 = ADVANCED_FACE ( 'NONE', ( #7329 ), #1982, .F. ) ;
#2423 = CIRCLE ( 'NONE', #4300, 1.999999999999807500 ) ;
#2424 = DIRECTION ( 'NONE',  ( -8.157786440681345800E-032, -4.440892098500626200E-016, -1.000000000000000000 ) ) ;
#2425 = CARTESIAN_POINT ( 'NONE',  ( 160.3975570462096700, 33.49467533499925800, 3.000013011975194200 ) ) ;
#2426 = EDGE_CURVE ( 'NONE', #10565, #549, #11357, .T. ) ;
#2427 = LINE ( 'NONE', #2657, #8605 ) ;
#2428 = EDGE_CURVE ( 'NONE', #9541, #9842, #2565, .T. ) ;
#2429 = CARTESIAN_POINT ( 'NONE',  ( 158.2778713187578300, 54.81454048341289800, 20.49999878108513900 ) ) ;
#2430 = ORIENTED_EDGE ( 'NONE', *, *, #1494, .T. ) ;
#2431 = EDGE_CURVE ( 'NONE', #5587, #10596, #6914, .T. ) ;
#2432 = AXIS2_PLACEMENT_3D ( 'NONE', #6876, #8648, #5912 ) ;
#2433 = DIRECTION ( 'NONE',  ( -2.220446049250313100E-016, -0.0000000000000000000, 1.000000000000000000 ) ) ;
#2434 = FACE_OUTER_BOUND ( 'NONE', #5064, .T. ) ;
#2435 = DIRECTION ( 'NONE',  ( 4.440892098500626200E-016, 0.0000000000000000000, -1.000000000000000000 ) ) ;
#2436 = CARTESIAN_POINT ( 'NONE',  ( 182.0131497082759900, 50.59473910012145100, 2.068765277220819500E-014 ) ) ;
#2437 = EDGE_CURVE ( 'NONE', #9152, #821, #9624, .T. ) ;
#2438 = CARTESIAN_POINT ( 'NONE',  ( 177.5715967553672700, 36.61904386338100200, 21.99999947845893200 ) ) ;
#2439 = AXIS2_PLACEMENT_3D ( 'NONE', #510, #5026, #3320 ) ;
#2440 = ORIENTED_EDGE ( 'NONE', *, *, #3444, .T. ) ;
#2441 = CIRCLE ( 'NONE', #7195, 1.749999386690445700 ) ;
#2442 = CARTESIAN_POINT ( 'NONE',  ( 176.2078226257125400, 55.30654386338101600, 18.99999947845892800 ) ) ;
#2443 = DIRECTION ( 'NONE',  ( -4.440892098500626200E-016, -0.0000000000000000000, 1.000000000000000000 ) ) ;
#2445 = ADVANCED_FACE ( 'NONE', ( #7896 ), #5047, .F. ) ;
#2444 = DIRECTION ( 'NONE',  ( -4.440892098500626200E-016, -0.0000000000000000000, 1.000000000000000000 ) ) ;
#2446 = AXIS2_PLACEMENT_3D ( 'NONE', #69, #10070, #26 ) ;
#2447 = CARTESIAN_POINT ( 'NONE',  ( 160.0458980364823300, 35.67855023120392800, 1.999999999999914500 ) ) ;
#2448 = VERTEX_POINT ( 'NONE', #8949 ) ;
#2449 = ORIENTED_EDGE ( 'NONE', *, *, #8020, .F. ) ;
#2450 = CARTESIAN_POINT ( 'NONE',  ( 155.9524113226587500, 35.73334002055981500, 17.50010175059232900 ) ) ;
#2451 = EDGE_LOOP ( 'NONE', ( #3851, #11844, #3573, #8712, #7638, #9076 ) ) ;
#2452 = LINE ( 'NONE', #8082, #1446 ) ;
#2453 = DIRECTION ( 'NONE',  ( -1.000000000000000000, 0.0000000000000000000, 0.0000000000000000000 ) ) ;
#2454 = DIRECTION ( 'NONE',  ( 0.0000000000000000000, 0.0000000000000000000, 1.000000000000000000 ) ) ;
#2455 = AXIS2_PLACEMENT_3D ( 'NONE', #2404, #9727, #3258 ) ;
#2456 = EDGE_LOOP ( 'NONE', ( #3343, #871, #3338, #8567 ) ) ;
#2457 = ORIENTED_EDGE ( 'NONE', *, *, #8571, .T. ) ;
#2459 = ADVANCED_FACE ( 'NONE', ( #7186 ), #2282, .F. ) ;
#2458 = CARTESIAN_POINT ( 'NONE',  ( 163.2719272811694100, 45.86904400576364800, 1.999999999999919000 ) ) ;
#2460 = ORIENTED_EDGE ( 'NONE', *, *, #9962, .F. ) ;
#2461 = ORIENTED_EDGE ( 'NONE', *, *, #9574, .F. ) ;
#2462 = EDGE_LOOP ( 'NONE', ( #2930, #10265, #1347, #10951 ) ) ;
#2463 = CIRCLE ( 'NONE', #11522, 1.749999386690438600 ) ;
#2464 = VERTEX_POINT ( 'NONE', #8914 ) ;
#2465 = DIRECTION ( 'NONE',  ( -0.8660254037844389300, -0.4999999999999997800, 1.060575238724907400E-016 ) ) ;
#2466 = DIRECTION ( 'NONE',  ( -4.440892098500625700E-016, 1.224646799147353500E-016, 1.000000000000000000 ) ) ;
#2467 = CARTESIAN_POINT ( 'NONE',  ( 187.4979533974654100, 35.67855023120515100, 1.999999999999914500 ) ) ;
#2468 = VECTOR ( 'NONE', #4476, 1000.000000000000000 ) ;
#2469 = ADVANCED_FACE ( 'NONE', ( #4902 ), #7763, .F. ) ;
#2470 = EDGE_CURVE ( 'NONE', #8539, #8689, #11496, .T. ) ;
#2471 = VERTEX_POINT ( 'NONE', #3464 ) ;
#2472 = DIRECTION ( 'NONE',  ( 4.440892098500626200E-016, 0.0000000000000000000, -1.000000000000000000 ) ) ;
#2473 = ORIENTED_EDGE ( 'NONE', *, *, #2798, .F. ) ;
#2474 = AXIS2_PLACEMENT_3D ( 'NONE', #6325, #708, #8981 ) ;
#2475 = DIRECTION ( 'NONE',  ( -0.001768477526933957000, 0.9999984362423957100, 0.0000000000000000000 ) ) ;
#2476 = DIRECTION ( 'NONE',  ( -1.000000000000000000, -3.700743415417185100E-014, 0.0000000000000000000 ) ) ;
#2477 = AXIS2_PLACEMENT_3D ( 'NONE', #4844, #4808, #1985 ) ;
#2478 = CARTESIAN_POINT ( 'NONE',  ( 155.5395405552501400, 36.49727206305251300, 16.49999967266197100 ) ) ;
#2479 = CARTESIAN_POINT ( 'NONE',  ( 189.1985112996508700, 45.86904386338088800, 21.21376696821360500 ) ) ;
#2480 = AXIS2_PLACEMENT_3D ( 'NONE', #11566, #8899, #9766 ) ;
#2481 = DIRECTION ( 'NONE',  ( 0.0000000000000000000, 1.000000000000000000, 0.0000000000000000000 ) ) ;
#2482 = ORIENTED_EDGE ( 'NONE', *, *, #8511, .F. ) ;
#2483 = DIRECTION ( 'NONE',  ( -1.000000000000000000, 0.0000000000000000000, -4.336808689942013800E-016 ) ) ;
#2484 = VERTEX_POINT ( 'NONE', #5217 ) ;
#2485 = ORIENTED_EDGE ( 'NONE', *, *, #10463, .F. ) ;
#2486 = EDGE_CURVE ( 'NONE', #4236, #1484, #7608, .T. ) ;
#2487 = DIRECTION ( 'NONE',  ( 3.700743415417185100E-014, -1.000000000000000000, 0.0000000000000000000 ) ) ;
#2488 = ORIENTED_EDGE ( 'NONE', *, *, #10446, .T. ) ;
#2489 = DIRECTION ( 'NONE',  ( -1.000000000000000000, 0.0000000000000000000, 0.0000000000000000000 ) ) ;
#2490 = FACE_OUTER_BOUND ( 'NONE', #550, .T. ) ;
#2491 = EDGE_CURVE ( 'NONE', #3386, #8212, #1135, .T. ) ;
#2492 = EDGE_CURVE ( 'NONE', #8360, #8111, #5189, .T. ) ;
#2493 = LINE ( 'NONE', #8698, #2786 ) ;
#2494 = AXIS2_PLACEMENT_3D ( 'NONE', #10660, #10630, #8764 ) ;
#2495 = VERTEX_POINT ( 'NONE', #978 ) ;
#2496 = AXIS2_PLACEMENT_3D ( 'NONE', #8613, #5916, #5951 ) ;
#2497 = ORIENTED_EDGE ( 'NONE', *, *, #10380, .T. ) ;
#2498 = ORIENTED_EDGE ( 'NONE', *, *, #4855, .F. ) ;
#2499 = ORIENTED_EDGE ( 'NONE', *, *, #5837, .T. ) ;
#2500 = ORIENTED_EDGE ( 'NONE', *, *, #7813, .T. ) ;
#2501 = LINE ( 'NONE', #3368, #2065 ) ;
#2502 = CARTESIAN_POINT ( 'NONE',  ( 189.7264079248468200, 35.50301886988827200, 16.49999967266197100 ) ) ;
#2503 = CARTESIAN_POINT ( 'NONE',  ( 173.7719257169747200, 45.86904400576391100, 21.99999878108509000 ) ) ;
#2504 = LINE ( 'NONE', #4005, #83 ) ;
#2505 = CARTESIAN_POINT ( 'NONE',  ( 164.5219257939270700, 61.89051384249006600, 21.54999878108492000 ) ) ;
#2506 = EDGE_CURVE ( 'NONE', #1800, #8220, #9331, .T. ) ;
#2507 = CARTESIAN_POINT ( 'NONE',  ( 183.0219256400218600, 29.84757416903736500, 17.39999966811049600 ) ) ;
#2508 = EDGE_CURVE ( 'NONE', #4349, #7891, #2709, .T. ) ;
#2509 = DIRECTION ( 'NONE',  ( -0.0000000000000000000, -0.0000000000000000000, 1.000000000000000000 ) ) ;
#2510 = EDGE_CURVE ( 'NONE', #9682, #2464, #2423, .T. ) ;
#2511 = EDGE_LOOP ( 'NONE', ( #9270, #5057 ) ) ;
#2512 = ORIENTED_EDGE ( 'NONE', *, *, #5304, .F. ) ;
#2513 = AXIS2_PLACEMENT_3D ( 'NONE', #534, #3342, #8787 ) ;
#2514 = CIRCLE ( 'NONE', #9535, 0.7500000000000006700 ) ;
#2515 = CARTESIAN_POINT ( 'NONE',  ( 152.2719263075210800, 45.86904400576364800, 1.000000000000024000 ) ) ;
#2516 = ADVANCED_FACE ( 'NONE', ( #9039 ), #281, .F. ) ;
#2517 = VECTOR ( 'NONE', #1518, 1000.000000000000000 ) ;
#2518 = DIRECTION ( 'NONE',  ( 0.0000000000000000000, 0.0000000000000000000, -1.000000000000000000 ) ) ;
#2519 = DIRECTION ( 'NONE',  ( -0.0000000000000000000, -0.0000000000000000000, 1.000000000000000000 ) ) ;
#2520 = DIRECTION ( 'NONE',  ( -1.000000000000000000, 4.641349033502186700E-013, 0.0000000000000000000 ) ) ;
#2521 = DIRECTION ( 'NONE',  ( 0.0000000000000000000, -0.0000000000000000000, 1.000000000000000000 ) ) ;
#2522 = ORIENTED_EDGE ( 'NONE', *, *, #9133, .F. ) ;
#2523 = VERTEX_POINT ( 'NONE', #3647 ) ;
#2524 = AXIS2_PLACEMENT_3D ( 'NONE', #11680, #595, #8811 ) ;
#2525 = DIRECTION ( 'NONE',  ( 0.0000000000000000000, 1.000000000000000000, 0.0000000000000000000 ) ) ;
#2526 = LINE ( 'NONE', #4859, #8703 ) ;
#2527 = CARTESIAN_POINT ( 'NONE',  ( 186.1462943877393700, 33.49467533499879600, 3.000013011975194200 ) ) ;
#2528 = VECTOR ( 'NONE', #8893, 1000.000000000000000 ) ;
#2529 = AXIS2_PLACEMENT_3D ( 'NONE', #3638, #10059, #6343 ) ;
#2530 = CARTESIAN_POINT ( 'NONE',  ( 173.7719257169743800, 45.86904386338088800, 21.99999947845938700 ) ) ;
#2531 = EDGE_LOOP ( 'NONE', ( #102, #2833, #9549, #2998 ) ) ;
#2532 = ADVANCED_FACE ( 'NONE', ( #11921 ), #706, .F. ) ;
#2533 = ORIENTED_EDGE ( 'NONE', *, *, #11832, .T. ) ;
#2534 = CARTESIAN_POINT ( 'NONE',  ( 173.7719257169743800, 45.86904400576364800, 1.999999999999909800 ) ) ;
#2535 = DIRECTION ( 'NONE',  ( -1.000000000000000000, 0.0000000000000000000, 0.0000000000000000000 ) ) ;
#2536 = CYLINDRICAL_SURFACE ( 'NONE', #9006, 1.000000000000451900 ) ;
#2537 = LINE ( 'NONE', #11839, #9878 ) ;
#2538 = ORIENTED_EDGE ( 'NONE', *, *, #2281, .F. ) ;
#2539 = TOROIDAL_SURFACE ( 'NONE', #9380, 0.9999999999999731300, 0.4999999999999952300 ) ;
#2540 = EDGE_LOOP ( 'NONE', ( #8094, #9550, #2983, #6516 ) ) ;
#2541 = ORIENTED_EDGE ( 'NONE', *, *, #1188, .F. ) ;
#2542 = DIRECTION ( 'NONE',  ( 4.078893220340672900E-032, 2.220446049250313100E-016, 1.000000000000000000 ) ) ;
#2543 = FACE_OUTER_BOUND ( 'NONE', #4792, .T. ) ;
#2544 = CARTESIAN_POINT ( 'NONE',  ( 156.2764968653986800, 35.18376784784393200, 15.62765180217821200 ) ) ;
#2545 = CIRCLE ( 'NONE', #3804, 16.00000028186513000 ) ;
#2546 = FACE_BOUND ( 'NONE', #8073, .T. ) ;
#2547 = FACE_OUTER_BOUND ( 'NONE', #5163, .T. ) ;
#2548 = ORIENTED_EDGE ( 'NONE', *, *, #5066, .F. ) ;
#2549 = DIRECTION ( 'NONE',  ( 0.0000000000000000000, 0.0000000000000000000, -1.000000000000000000 ) ) ;
#2550 = CARTESIAN_POINT ( 'NONE',  ( 192.2719255630693500, 45.86904400576370500, 19.49999999999992200 ) ) ;
#2551 = DIRECTION ( 'NONE',  ( -1.000000000000000000, -1.040834085586097800E-014, 0.0000000000000000000 ) ) ;
#2552 = CIRCLE ( 'NONE', #9922, 1.000000000000000900 ) ;
#2553 = CYLINDRICAL_SURFACE ( 'NONE', #9188, 13.49332192224564300 ) ;
#2554 = DIRECTION ( 'NONE',  ( -4.440892098500626200E-016, -0.0000000000000000000, 1.000000000000000000 ) ) ;
#2555 = VERTEX_POINT ( 'NONE', #9173 ) ;
#2556 = CIRCLE ( 'NONE', #4762, 1.749999999999973800 ) ;
#2557 = CARTESIAN_POINT ( 'NONE',  ( 190.2719267945538200, 45.86904400576364100, 0.7500135331658555100 ) ) ;
#2558 = DIRECTION ( 'NONE',  ( 0.0000000000000000000, 1.000000000000000000, -5.204170673763544500E-016 ) ) ;
#2559 = VECTOR ( 'NONE', #7546, 1000.000000000000000 ) ;
#2560 = ORIENTED_EDGE ( 'NONE', *, *, #8267, .F. ) ;
#2561 = DIRECTION ( 'NONE',  ( 0.0000000000000000000, 1.000000000000000000, 0.0000000000000000000 ) ) ;
#2562 = CIRCLE ( 'NONE', #3611, 0.7500000000000006700 ) ;
#2563 = CARTESIAN_POINT ( 'NONE',  ( 173.7719257169746600, 45.86904400576391100, 22.49999878108513900 ) ) ;
#2564 = EDGE_CURVE ( 'NONE', #8445, #1736, #2128, .T. ) ;
#2565 = LINE ( 'NONE', #4374, #5629 ) ;
#2566 = DIRECTION ( 'NONE',  ( 8.157786440681345800E-032, 4.440892098500626200E-016, 1.000000000000000000 ) ) ;
#2567 = AXIS2_PLACEMENT_3D ( 'NONE', #2778, #1803, #1760 ) ;
#2568 = EDGE_CURVE ( 'NONE', #1244, #3135, #147, .T. ) ;
#2569 = CARTESIAN_POINT ( 'NONE',  ( 173.7719257169743800, 45.86904386338088800, 4.199999833293105700 ) ) ;
#2570 = CIRCLE ( 'NONE', #648, 8.999998263138881100 ) ;
#2571 = CARTESIAN_POINT ( 'NONE',  ( 184.2719257169745500, 47.86904400576364100, 4.199999999999903400 ) ) ;
#2573 = ADVANCED_FACE ( 'NONE', ( #11202 ), #4763, .F. ) ;
#2572 = DIRECTION ( 'NONE',  ( -1.000000000000000000, 0.0000000000000000000, -4.448008917622323200E-016 ) ) ;
#2574 = EDGE_CURVE ( 'NONE', #817, #8772, #8033, .T. ) ;
#2575 = ORIENTED_EDGE ( 'NONE', *, *, #3117, .T. ) ;
#2576 = VECTOR ( 'NONE', #6357, 1000.000000000000000 ) ;
#2577 = AXIS2_PLACEMENT_3D ( 'NONE', #3512, #2424, #7100 ) ;
#2578 = EDGE_CURVE ( 'NONE', #2484, #10705, #9772, .T. ) ;
#2579 = CARTESIAN_POINT ( 'NONE',  ( 173.7719257169746600, 45.86904386338123600, 23.49999947845893200 ) ) ;
#2580 = EDGE_CURVE ( 'NONE', #7350, #11877, #7043, .T. ) ;
#2581 = CARTESIAN_POINT ( 'NONE',  ( 173.7719257169743800, 45.86904386338089500, 22.99999947854303200 ) ) ;
#2582 = DIRECTION ( 'NONE',  ( 0.0000000000000000000, 0.0000000000000000000, -1.000000000000000000 ) ) ;
#2583 = AXIS2_PLACEMENT_3D ( 'NONE', #8281, #3887, #6494 ) ;
#2584 = CARTESIAN_POINT ( 'NONE',  ( 173.7719257169743800, 45.86904386338088800, 21.49999947845938700 ) ) ;
#2585 = CARTESIAN_POINT ( 'NONE',  ( 155.5395729691453300, 36.49720900319299900, 16.36819781739422600 ) ) ;
#2586 = EDGE_LOOP ( 'NONE', ( #11452, #4010, #3825, #2782, #7011, #11029 ) ) ;
#2587 = FACE_BOUND ( 'NONE', #6138, .T. ) ;
#2588 = CARTESIAN_POINT ( 'NONE',  ( 169.5179729960557000, 36.26936414649145500, 2.844079139298121400E-014 ) ) ;
#2589 = DIRECTION ( 'NONE',  ( -1.000000000000000000, 0.0000000000000000000, 0.0000000000000000000 ) ) ;
#2590 = ADVANCED_FACE ( 'NONE', ( #10636 ), #7298, .T. ) ;
#2591 = ORIENTED_EDGE ( 'NONE', *, *, #4389, .F. ) ;
#2592 = DIRECTION ( 'NONE',  ( 0.8660254037844384900, -0.5000000000000004400, -1.060575238724907400E-016 ) ) ;
#2593 = AXIS2_PLACEMENT_3D ( 'NONE', #19, #4543, #812 ) ;
#2594 = VERTEX_POINT ( 'NONE', #9209 ) ;
#2595 = EDGE_LOOP ( 'NONE', ( #1196, #8937, #7305, #5825 ) ) ;
#2596 = DIRECTION ( 'NONE',  ( -1.094764425253763300E-047, 4.930380657631323800E-032, 1.000000000000000000 ) ) ;
#2597 = DIRECTION ( 'NONE',  ( -8.157786440681345800E-032, -4.440892098500626200E-016, -1.000000000000000000 ) ) ;
#2598 = ORIENTED_EDGE ( 'NONE', *, *, #8645, .T. ) ;
#2599 = VECTOR ( 'NONE', #5462, 1000.000000000000000 ) ;
#2600 = DIRECTION ( 'NONE',  ( 8.157786440681345800E-032, 4.440892098500626200E-016, 1.000000000000000000 ) ) ;
#2601 = AXIS2_PLACEMENT_3D ( 'NONE', #6429, #2746, #1766 ) ;
#2602 = CARTESIAN_POINT ( 'NONE',  ( 159.9825070185630700, 36.75301886988820900, 16.49999967266197100 ) ) ;
#2603 = ORIENTED_EDGE ( 'NONE', *, *, #1416, .F. ) ;
#2604 = ORIENTED_EDGE ( 'NONE', *, *, #7768, .F. ) ;
#2605 = VERTEX_POINT ( 'NONE', #10101 ) ;
#2606 = ORIENTED_EDGE ( 'NONE', *, *, #8102, .T. ) ;
#2607 = CARTESIAN_POINT ( 'NONE',  ( 160.8672271946861900, 60.52374191474241600, 22.49999878108514300 ) ) ;
#2608 = VERTEX_POINT ( 'NONE', #5585 ) ;
#2609 = CIRCLE ( 'NONE', #10066, 2.999999411726545200 ) ;
#2610 = DIRECTION ( 'NONE',  ( -0.0000000000000000000, -0.0000000000000000000, 1.000000000000000000 ) ) ;
#2611 = CARTESIAN_POINT ( 'NONE',  ( 173.7719257169743800, 45.86904386338088800, 4.199999833293105700 ) ) ;
#2612 = DIRECTION ( 'NONE',  ( -1.000000000000000000, 0.0000000000000000000, 0.0000000000000000000 ) ) ;
#2613 = CARTESIAN_POINT ( 'NONE',  ( 164.9956455047893400, 61.00928524862835200, 1.999999999999914500 ) ) ;
#2614 = ORIENTED_EDGE ( 'NONE', *, *, #4631, .T. ) ;
#2615 = DIRECTION ( 'NONE',  ( 0.0000000000000000000, 1.000000000000000000, 0.0000000000000000000 ) ) ;
#2616 = AXIS2_PLACEMENT_3D ( 'NONE', #10843, #7949, #10688 ) ;
#2617 = CALENDAR_DATE ( 2025, 15, 7 ) ;
#2618 = DIRECTION ( 'NONE',  ( -1.000000000000000000, 0.0000000000000000000, -4.440892098500626200E-016 ) ) ;
#2619 = CARTESIAN_POINT ( 'NONE',  ( 168.1808296183259300, 37.57810637624008600, 23.49999947845892800 ) ) ;
#2620 = CARTESIAN_POINT ( 'NONE',  ( 172.1052590503081500, 54.00565388213075800, 23.49999947845893200 ) ) ;
#2621 = AXIS2_PLACEMENT_3D ( 'NONE', #5362, #2472, #11774 ) ;
#2622 = ORIENTED_EDGE ( 'NONE', *, *, #9802, .F. ) ;
#2623 = VERTEX_POINT ( 'NONE', #8288 ) ;
#2624 = CARTESIAN_POINT ( 'NONE',  ( 166.7719219421221100, 45.86904400576364800, 5.499999311752191000 ) ) ;
#2625 = DIRECTION ( 'NONE',  ( -8.157786440681345800E-032, -4.440892098500626200E-016, -1.000000000000000000 ) ) ;
#2626 = CARTESIAN_POINT ( 'NONE',  ( 191.4000717265999200, 50.59249149310147700, 22.49999878108514300 ) ) ;
#2627 = CYLINDRICAL_SURFACE ( 'NONE', #10087, 1.000000000000000900 ) ;
#2628 = VERTEX_POINT ( 'NONE', #2943 ) ;
#2629 = EDGE_CURVE ( 'NONE', #7066, #1775, #8754, .T. ) ;
#2630 = ADVANCED_FACE ( 'NONE', ( #2866 ), #9914, .F. ) ;
#2631 = ORIENTED_EDGE ( 'NONE', *, *, #8355, .T. ) ;
#2632 = CARTESIAN_POINT ( 'NONE',  ( 189.0689853496277200, 43.36904400576364100, 3.000012844918273900 ) ) ;
#2633 = EDGE_LOOP ( 'NONE', ( #4601, #606, #7869, #2482, #8313 ) ) ;
#2634 = AXIS2_PLACEMENT_3D ( 'NONE', #7883, #8791, #2410 ) ;
#2635 = CARTESIAN_POINT ( 'NONE',  ( 182.1066554382228400, 50.66823982107913300, 2.732189474663471200E-014 ) ) ;
#2636 = VERTEX_POINT ( 'NONE', #10300 ) ;
#2637 = ORIENTED_EDGE ( 'NONE', *, *, #5079, .F. ) ;
#2638 = EDGE_CURVE ( 'NONE', #2008, #7132, #9469, .T. ) ;
#2639 = CARTESIAN_POINT ( 'NONE',  ( 179.7001289472500500, 49.86904386338100900, 21.99999947845893200 ) ) ;
#2640 = VERTEX_POINT ( 'NONE', #9332 ) ;
#2641 = LINE ( 'NONE', #3099, #5984 ) ;
#2642 = CARTESIAN_POINT ( 'NONE',  ( 165.8719257939270600, 61.89051384249005800, 21.54999878108492000 ) ) ;
#2643 = AXIS2_PLACEMENT_3D ( 'NONE', #7741, #4271, #6946 ) ;
#2644 = CARTESIAN_POINT ( 'NONE',  ( 189.0689853496277200, 48.36904400576364100, 1.750013533165798700 ) ) ;
#2645 = CIRCLE ( 'NONE', #8263, 1.000000000000000900 ) ;
#2646 = CARTESIAN_POINT ( 'NONE',  ( 186.1462943877393700, 33.49467533499879600, 3.000013011975194200 ) ) ;
#2647 = EDGE_LOOP ( 'NONE', ( #8385, #8543 ) ) ;
#2648 = EDGE_CURVE ( 'NONE', #8825, #11867, #432, .T. ) ;
#2649 = ORIENTED_EDGE ( 'NONE', *, *, #434, .F. ) ;
#2650 = EDGE_LOOP ( 'NONE', ( #6843, #4429, #348, #9998 ) ) ;
#2651 = EDGE_CURVE ( 'NONE', #11118, #512, #7463, .T. ) ;
#2652 = ADVANCED_FACE ( 'NONE', ( #6622 ), #10924, .F. ) ;
#2653 = ORIENTED_EDGE ( 'NONE', *, *, #7757, .F. ) ;
#2654 = EDGE_CURVE ( 'NONE', #7747, #2894, #6058, .T. ) ;
#2655 = CARTESIAN_POINT ( 'NONE',  ( 158.6316844741093300, 54.64532421794880400, 2.688821387764051000E-014 ) ) ;
#2656 = FACE_OUTER_BOUND ( 'NONE', #6112, .T. ) ;
#2657 = CARTESIAN_POINT ( 'NONE',  ( 164.2719274538355000, 45.86904400576364800, 1.463672932855431000E-014 ) ) ;
#2658 = DIRECTION ( 'NONE',  ( 0.0000000000000000000, 1.000000000000000000, 0.0000000000000000000 ) ) ;
#2659 = AXIS2_PLACEMENT_3D ( 'NONE', #9557, #5120, #5960 ) ;
#2660 = FACE_OUTER_BOUND ( 'NONE', #7812, .T. ) ;
#2661 = DIRECTION ( 'NONE',  ( 0.0000000000000000000, 1.000000000000000000, 0.0000000000000000000 ) ) ;
#2662 = VERTEX_POINT ( 'NONE', #10254 ) ;
#2663 = ORIENTED_EDGE ( 'NONE', *, *, #1494, .F. ) ;
#2664 = DIRECTION ( 'NONE',  ( 0.0000000000000000000, 0.0000000000000000000, -1.000000000000000000 ) ) ;
#2665 = CARTESIAN_POINT ( 'NONE',  ( 156.1493292718954500, 35.39482557165384700, 15.52552744553203300 ) ) ;
#2666 = CYLINDRICAL_SURFACE ( 'NONE', #5933, 2.000000000000001800 ) ;
#2667 = EDGE_CURVE ( 'NONE', #11126, #8062, #8176, .T. ) ;
#2668 = AXIS2_PLACEMENT_3D ( 'NONE', #7623, #525, #8619 ) ;
#2669 = LINE ( 'NONE', #2620, #11168 ) ;
#2670 = EDGE_CURVE ( 'NONE', #9661, #8823, #4615, .T. ) ;
#2671 = DIRECTION ( 'NONE',  ( -0.0000000000000000000, -0.0000000000000000000, 1.000000000000000000 ) ) ;
#2672 = DIRECTION ( 'NONE',  ( 0.0000000000000000000, 1.000000000000000000, 0.0000000000000000000 ) ) ;
#2673 = CARTESIAN_POINT ( 'NONE',  ( 193.3678436374728200, 49.36904400576364100, 1.999999999999914500 ) ) ;
#2674 = ORIENTED_EDGE ( 'NONE', *, *, #10821, .F. ) ;
#2675 = AXIS2_PLACEMENT_3D ( 'NONE', #10251, #1077, #333 ) ;
#2676 = ORIENTED_EDGE ( 'NONE', *, *, #2958, .T. ) ;
#2677 = DIRECTION ( 'NONE',  ( 0.0000000000000000000, 1.224646799147353200E-016, 1.000000000000000000 ) ) ;
#2678 = ORIENTED_EDGE ( 'NONE', *, *, #9129, .F. ) ;
#2679 = VECTOR ( 'NONE', #4344, 1000.000000000000000 ) ;
#2680 = CARTESIAN_POINT ( 'NONE',  ( 190.0689853496277200, 48.36904400576364800, 1.999999999999919000 ) ) ;
#2681 = EDGE_LOOP ( 'NONE', ( #4503, #5490, #7080, #7254 ) ) ;
#2682 = CYLINDRICAL_SURFACE ( 'NONE', #10005, 10.49999843580509700 ) ;
#2683 = DIRECTION ( 'NONE',  ( 0.0000000000000000000, 1.000000000000000000, 0.0000000000000000000 ) ) ;
#2684 = ORIENTED_EDGE ( 'NONE', *, *, #1725, .T. ) ;
#2685 = ORIENTED_EDGE ( 'NONE', *, *, #11283, .T. ) ;
#2686 = AXIS2_PLACEMENT_3D ( 'NONE', #10731, #8911, #5132 ) ;
#2687 = ORIENTED_EDGE ( 'NONE', *, *, #8186, .F. ) ;
#2688 = DIRECTION ( 'NONE',  ( 2.220446049250313100E-016, 0.0000000000000000000, -1.000000000000000000 ) ) ;
#2689 = CARTESIAN_POINT ( 'NONE',  ( 173.7719257169743200, 45.86904400576370500, 2.211772431870429000E-014 ) ) ;
#2690 = LINE ( 'NONE', #10865, #6891 ) ;
#2691 = CIRCLE ( 'NONE', #2283, 2.999999999990149200 ) ;
#2692 = DIRECTION ( 'NONE',  ( -1.000000000000000000, 0.0000000000000000000, 0.0000000000000000000 ) ) ;
#2693 = ORIENTED_EDGE ( 'NONE', *, *, #2437, .T. ) ;
#2694 = CARTESIAN_POINT ( 'NONE',  ( 181.6517700272319200, 43.24411452697987800, 23.49999947845893200 ) ) ;
#2695 = VECTOR ( 'NONE', #1162, 1000.000000000000000 ) ;
#2696 = CARTESIAN_POINT ( 'NONE',  ( 173.7719257169747200, 63.76003585582225200, 20.49999878108513900 ) ) ;
#2697 = CYLINDRICAL_SURFACE ( 'NONE', #7957, 2.000000000000001800 ) ;
#2698 = EDGE_LOOP ( 'NONE', ( #10810, #9367, #6841, #9086 ) ) ;
#2699 = DIRECTION ( 'NONE',  ( -1.000000000000000000, 0.0000000000000000000, 0.0000000000000000000 ) ) ;
#2700 = ADVANCED_FACE ( 'NONE', ( #11783 ), #2129, .F. ) ;
#2701 = CARTESIAN_POINT ( 'NONE',  ( 166.5164091887860100, 45.14417105785848600, 23.49999947845893200 ) ) ;
#2702 = CIRCLE ( 'NONE', #1270, 0.7500000000000006700 ) ;
#2703 = CIRCLE ( 'NONE', #7755, 0.5000000000000004400 ) ;
#2704 = DIRECTION ( 'NONE',  ( -1.000000000000000000, 0.0000000000000000000, 0.0000000000000000000 ) ) ;
#2705 = VERTEX_POINT ( 'NONE', #1136 ) ;
#2706 = VECTOR ( 'NONE', #7245, 1000.000000000000000 ) ;
#2707 = DIRECTION ( 'NONE',  ( -0.0000000000000000000, -0.0000000000000000000, 1.000000000000000000 ) ) ;
#2708 = EDGE_CURVE ( 'NONE', #11065, #11867, #3892, .T. ) ;
#2709 = CIRCLE ( 'NONE', #9577, 10.49999843580518000 ) ;
#2710 = AXIS2_PLACEMENT_3D ( 'NONE', #264, #5865, #4865 ) ;
#2711 = CARTESIAN_POINT ( 'NONE',  ( 167.2781796281146300, 45.58397942606704600, 23.49999947845893200 ) ) ;
#2712 = CIRCLE ( 'NONE', #9979, 10.49999843580518000 ) ;
#2713 = DIRECTION ( 'NONE',  ( 4.440892098500625700E-016, -1.224646799147353500E-016, -1.000000000000000000 ) ) ;
#2714 = AXIS2_PLACEMENT_3D ( 'NONE', #7760, #2227, #600 ) ;
#2715 = ADVANCED_FACE ( 'NONE', ( #3302, #10344 ), #1039, .T. ) ;
#2716 = ORIENTED_EDGE ( 'NONE', *, *, #1181, .F. ) ;
#2717 = DIRECTION ( 'NONE',  ( -4.440892098500626200E-016, -0.0000000000000000000, 1.000000000000000000 ) ) ;
#2718 = AXIS2_PLACEMENT_3D ( 'NONE', #9794, #5321, #8779 ) ;
#2719 = LINE ( 'NONE', #6666, #9609 ) ;
#2720 = CARTESIAN_POINT ( 'NONE',  ( 181.8341815263929100, 41.86904400576364800, 2.199999311752462100 ) ) ;
#2721 = CARTESIAN_POINT ( 'NONE',  ( 190.2719267945538200, 45.86904400576364100, 0.7500135331658663900 ) ) ;
#2722 = EDGE_CURVE ( 'NONE', #5518, #11136, #5488, .T. ) ;
#2723 = EDGE_CURVE ( 'NONE', #3069, #1868, #11342, .T. ) ;
#2724 = CARTESIAN_POINT ( 'NONE',  ( 183.0219256400220300, 28.49757416903784700, 56.79194912331138300 ) ) ;
#2725 = AXIS2_PLACEMENT_3D ( 'NONE', #9987, #6427, #1843 ) ;
#2726 = ORIENTED_EDGE ( 'NONE', *, *, #7836, .F. ) ;
#2727 = CIRCLE ( 'NONE', #6588, 1.999999999999974000 ) ;
#2728 = AXIS2_PLACEMENT_3D ( 'NONE', #4112, #9546, #9505 ) ;
#2729 = DIRECTION ( 'NONE',  ( -1.000000000000000000, 0.0000000000000000000, 0.0000000000000000000 ) ) ;
#2730 = DIRECTION ( 'NONE',  ( -1.000000000000000000, 0.0000000000000000000, 0.0000000000000000000 ) ) ;
#2731 = DIRECTION ( 'NONE',  ( -1.000000000000000000, 0.0000000000000000000, -4.336808689942073900E-016 ) ) ;
#2732 = CARTESIAN_POINT ( 'NONE',  ( 177.0019953151992500, 40.22841886338043300, 18.99999947845893200 ) ) ;
#2733 = CARTESIAN_POINT ( 'NONE',  ( 164.5219257939272900, 29.84757416903766400, 19.49999999999988600 ) ) ;
#2734 = DIRECTION ( 'NONE',  ( -1.000000000000000000, 0.0000000000000000000, 0.0000000000000000000 ) ) ;
#2735 = ORIENTED_EDGE ( 'NONE', *, *, #2788, .T. ) ;
#2736 = EDGE_LOOP ( 'NONE', ( #4523, #11260, #5388, #10107, #5715, #5374, #7783, #4938, #222 ) ) ;
#2737 = EDGE_CURVE ( 'NONE', #5017, #2048, #6756, .T. ) ;
#2738 = DIRECTION ( 'NONE',  ( -8.157786440681345800E-032, -4.440892098500626200E-016, -1.000000000000000000 ) ) ;
#2739 = AXIS2_PLACEMENT_3D ( 'NONE', #2563, #7166, #846 ) ;
#2740 = VERTEX_POINT ( 'NONE', #11503 ) ;
#2741 = EDGE_CURVE ( 'NONE', #1047, #6032, #5616, .T. ) ;
#2742 = CIRCLE ( 'NONE', #9486, 19.49999997868845400 ) ;
#2743 = DIRECTION ( 'NONE',  ( 1.000000000000000000, -1.836970198721029700E-016, 0.0000000000000000000 ) ) ;
#2744 = EDGE_CURVE ( 'NONE', #10950, #429, #6900, .T. ) ;
#2745 = AXIS2_PLACEMENT_3D ( 'NONE', #4577, #9079, #5420 ) ;
#2746 = DIRECTION ( 'NONE',  ( 4.440892098500625700E-016, -1.224646799147353500E-016, -1.000000000000000000 ) ) ;
#2747 = ORIENTED_EDGE ( 'NONE', *, *, #2359, .T. ) ;
#2748 = ORIENTED_EDGE ( 'NONE', *, *, #41, .F. ) ;
#2749 = CARTESIAN_POINT ( 'NONE',  ( 160.0458980364822700, 56.05953778032226600, 1.999999999999915800 ) ) ;
#2750 = ORIENTED_EDGE ( 'NONE', *, *, #10970, .T. ) ;
#2751 = ORIENTED_EDGE ( 'NONE', *, *, #789, .F. ) ;
#2752 = DIRECTION ( 'NONE',  ( 4.440892098500625700E-016, -1.224646799147353500E-016, -1.000000000000000000 ) ) ;
#2753 = CARTESIAN_POINT ( 'NONE',  ( 178.4953732043113900, 28.24089799613869900, 22.49999878108514300 ) ) ;
#2754 = ORIENTED_EDGE ( 'NONE', *, *, #6475, .F. ) ;
#2755 = CIRCLE ( 'NONE', #815, 1.350000000000000500 ) ;
#2756 = DIRECTION ( 'NONE',  ( -1.224646799147352700E-016, 2.220446049250314100E-016, -1.000000000000000000 ) ) ;
#2757 = ADVANCED_FACE ( 'NONE', ( #8737 ), #10581, .F. ) ;
#2758 = AXIS2_PLACEMENT_3D ( 'NONE', #5238, #560, #6199 ) ;
#2759 = ORIENTED_EDGE ( 'NONE', *, *, #3683, .F. ) ;
#2760 = DIRECTION ( 'NONE',  ( 4.078893220340672900E-032, 2.220446049250313100E-016, 1.000000000000000000 ) ) ;
#2761 = DIRECTION ( 'NONE',  ( 0.0000000000000000000, 1.000000000000000000, 0.0000000000000000000 ) ) ;
#2762 = AXIS2_PLACEMENT_3D ( 'NONE', #10699, #3435, #615 ) ;
#2763 = LINE ( 'NONE', #5297, #3053 ) ;
#2764 = CARTESIAN_POINT ( 'NONE',  ( 192.2719255630693500, 45.86904400576370500, 17.39999966811055300 ) ) ;
#2765 = CARTESIAN_POINT ( 'NONE',  ( 173.7719257169743800, 45.86904400576364800, 19.50000000000002500 ) ) ;
#2766 = CARTESIAN_POINT ( 'NONE',  ( 160.8672271946866500, 32.96434548347582400, 20.49999878108513900 ) ) ;
#2767 = VERTEX_POINT ( 'NONE', #5863 ) ;
#2768 = DIRECTION ( 'NONE',  ( -1.000000000000000000, 0.0000000000000000000, 0.0000000000000000000 ) ) ;
#2769 = VERTEX_POINT ( 'NONE', #10621 ) ;
#2770 = DIRECTION ( 'NONE',  ( 0.0000000000000000000, 1.000000000000000000, 0.0000000000000000000 ) ) ;
#2771 = CIRCLE ( 'NONE', #7404, 4.500000000000198100 ) ;
#2772 = CARTESIAN_POINT ( 'NONE',  ( 175.4953507211965000, 40.17286345020775700, 4.200000000082156700 ) ) ;
#2773 = ADVANCED_FACE ( 'NONE', ( #7882 ), #2553, .T. ) ;
#2774 = DIRECTION ( 'NONE',  ( 4.440892098500625700E-016, -1.224646799147353500E-016, -1.000000000000000000 ) ) ;
#2775 = DIRECTION ( 'NONE',  ( 0.0000000000000000000, 0.0000000000000000000, -1.000000000000000000 ) ) ;
#2776 = DIRECTION ( 'NONE',  ( -4.440892098500625700E-016, 1.224646799147353500E-016, 1.000000000000000000 ) ) ;
#2777 = DIRECTION ( 'NONE',  ( -1.000000000000000000, 0.0000000000000000000, 0.0000000000000000000 ) ) ;
#2778 = CARTESIAN_POINT ( 'NONE',  ( 173.7719257169743800, 57.36904386338088800, 3.000012844918302300 ) ) ;
#2779 = ORIENTED_EDGE ( 'NONE', *, *, #7073, .T. ) ;
#2780 = ORIENTED_EDGE ( 'NONE', *, *, #6376, .F. ) ;
#2781 = VERTEX_POINT ( 'NONE', #11385 ) ;
#2782 = ORIENTED_EDGE ( 'NONE', *, *, #3756, .T. ) ;
#2783 = LINE ( 'NONE', #9325, #10269 ) ;
#2784 = DIRECTION ( 'NONE',  ( -4.440892098500626200E-016, -0.0000000000000000000, 1.000000000000000000 ) ) ;
#2785 = DIRECTION ( 'NONE',  ( 4.440892098500625700E-016, -1.224646799147353500E-016, -1.000000000000000000 ) ) ;
#2786 = VECTOR ( 'NONE', #6758, 1000.000000000000000 ) ;
#2787 = EDGE_LOOP ( 'NONE', ( #6359, #5123, #4816, #87 ) ) ;
#2788 = EDGE_CURVE ( 'NONE', #6878, #7931, #4035, .T. ) ;
#2789 = EDGE_LOOP ( 'NONE', ( #8828, #3260, #3938, #7804 ) ) ;
#2790 = DIRECTION ( 'NONE',  ( -4.440892098500625700E-016, 1.224646799147353500E-016, 1.000000000000000000 ) ) ;
#2791 = DIRECTION ( 'NONE',  ( 4.440892098500625700E-016, -1.224646799147353500E-016, -1.000000000000000000 ) ) ;
#2792 = VERTEX_POINT ( 'NONE', #1402 ) ;
#2793 = VERTEX_POINT ( 'NONE', #4134 ) ;
#2794 = VERTEX_POINT ( 'NONE', #457 ) ;
#2795 = CIRCLE ( 'NONE', #4026, 0.7999999999999951600 ) ;
#2796 = CARTESIAN_POINT ( 'NONE',  ( 178.0258784378858400, 36.26936414651000700, 2.880508331425307300E-014 ) ) ;
#2797 = VERTEX_POINT ( 'NONE', #3147 ) ;
#2798 = EDGE_CURVE ( 'NONE', #11721, #583, #7174, .T. ) ;
#2799 = CYLINDRICAL_SURFACE ( 'NONE', #5645, 1.349999999999997000 ) ;
#2800 = AXIS2_PLACEMENT_3D ( 'NONE', #11592, #506, #5478 ) ;
#2801 = CARTESIAN_POINT ( 'NONE',  ( 159.7719257169743800, 45.86904386338088800, 21.49999947845939000 ) ) ;
#2802 = EDGE_CURVE ( 'NONE', #2523, #8008, #10770, .T. ) ;
#2803 = CARTESIAN_POINT ( 'NONE',  ( 182.7875378213373400, 54.88465611012649200, 81.17012103714566300 ) ) ;
#2804 = ORIENTED_EDGE ( 'NONE', *, *, #6452, .T. ) ;
#2805 = ORIENTED_EDGE ( 'NONE', *, *, #11283, .F. ) ;
#2806 = CARTESIAN_POINT ( 'NONE',  ( 173.7719257169744900, 51.86904400576364800, 4.200000000030884800 ) ) ;
#2807 = VECTOR ( 'NONE', #3588, 1000.000000000000000 ) ;
#2808 = DIRECTION ( 'NONE',  ( 4.440892098500625700E-016, -1.224646799147353500E-016, -1.000000000000000000 ) ) ;
#2809 = FACE_OUTER_BOUND ( 'NONE', #11005, .T. ) ;
#2810 = EDGE_CURVE ( 'NONE', #982, #7707, #7750, .T. ) ;
#2811 = CARTESIAN_POINT ( 'NONE',  ( 190.0689853496277000, 43.36904400576364100, 1.750013533165752300 ) ) ;
#2812 = DIRECTION ( 'NONE',  ( 0.0000000000000000000, 1.000000000000000000, 0.0000000000000000000 ) ) ;
#2813 = EDGE_CURVE ( 'NONE', #8212, #9833, #5746, .T. ) ;
#2814 = CARTESIAN_POINT ( 'NONE',  ( 168.6728792297818100, 50.67786127740841800, 21.99999947845893200 ) ) ;
#2815 = EDGE_CURVE ( 'NONE', #5216, #8062, #8884, .T. ) ;
#2816 = DIRECTION ( 'NONE',  ( -3.147609485530916800E-016, 1.110223024625158000E-016, -1.000000000000000000 ) ) ;
#2817 = ORIENTED_EDGE ( 'NONE', *, *, #8293, .T. ) ;
#2818 = DIRECTION ( 'NONE',  ( -2.960863674957791600E-016, -4.818676322157950500E-017, 1.000000000000000000 ) ) ;
#2820 = ADVANCED_FACE ( 'NONE', ( #11192 ), #5327, .F. ) ;
#2819 = DIRECTION ( 'NONE',  ( 1.000000000000000000, -1.836970198721029700E-016, 0.0000000000000000000 ) ) ;
#2821 = ORIENTED_EDGE ( 'NONE', *, *, #8746, .F. ) ;
#2822 = DIRECTION ( 'NONE',  ( 8.157786440681345800E-032, 4.440892098500626200E-016, 1.000000000000000000 ) ) ;
#2823 = AXIS2_PLACEMENT_3D ( 'NONE', #3597, #5503, #725 ) ;
#2824 = FACE_OUTER_BOUND ( 'NONE', #5088, .T. ) ;
#2825 = LINE ( 'NONE', #8614, #11030 ) ;
#2826 = ORIENTED_EDGE ( 'NONE', *, *, #7678, .F. ) ;
#2827 = EDGE_LOOP ( 'NONE', ( #10279, #4581, #9324, #2637 ) ) ;
#2828 = DIRECTION ( 'NONE',  ( 2.220446049250313100E-016, 0.0000000000000000000, -1.000000000000000000 ) ) ;
#2829 = EDGE_CURVE ( 'NONE', #7005, #1752, #10183, .T. ) ;
#2830 = CIRCLE ( 'NONE', #8776, 1.000000000000000900 ) ;
#2831 = AXIS2_PLACEMENT_3D ( 'NONE', #10354, #10478, #6784 ) ;
#2832 = CIRCLE ( 'NONE', #4555, 1.749999386690445700 ) ;
#2833 = ORIENTED_EDGE ( 'NONE', *, *, #9132, .T. ) ;
#2834 = CARTESIAN_POINT ( 'NONE',  ( 198.1063220760345000, 45.86904400576364100, 0.7500135331658555100 ) ) ;
#2835 = DIRECTION ( 'NONE',  ( 0.0000000000000000000, 0.0000000000000000000, -1.000000000000000000 ) ) ;
#2836 = FACE_OUTER_BOUND ( 'NONE', #8241, .T. ) ;
#2837 = ADVANCED_FACE ( 'NONE', ( #10620 ), #1833, .F. ) ;
#2838 = AXIS2_PLACEMENT_3D ( 'NONE', #1379, #6116, #10675 ) ;
#2839 = ORIENTED_EDGE ( 'NONE', *, *, #6468, .F. ) ;
#2840 = EDGE_LOOP ( 'NONE', ( #10462, #73, #2310, #7612, #7637 ) ) ;
#2841 = FACE_OUTER_BOUND ( 'NONE', #3472, .T. ) ;
#2842 = CARTESIAN_POINT ( 'NONE',  ( 187.4979533974665200, 56.05953778032201000, 1.999999999999914500 ) ) ;
#2843 = APPROVAL_STATUS ( 'not_yet_approved' ) ;
#2844 = CIRCLE ( 'NONE', #8709, 4.500000000000198100 ) ;
#2845 = DIRECTION ( 'NONE',  ( 4.440892098500626200E-016, 0.0000000000000000000, -1.000000000000000000 ) ) ;
#2846 = CYLINDRICAL_SURFACE ( 'NONE', #10539, 2.000000000000029300 ) ;
#2847 = VECTOR ( 'NONE', #3903, 1000.000000000000000 ) ;
#2848 = ORIENTED_EDGE ( 'NONE', *, *, #8056, .T. ) ;
#2849 = DIRECTION ( 'NONE',  ( 1.000000000000000000, -1.836970198721029700E-016, 0.0000000000000000000 ) ) ;
#2850 = CYLINDRICAL_SURFACE ( 'NONE', #3214, 2.000000000000029300 ) ;
#2851 = AXIS2_PLACEMENT_3D ( 'NONE', #3958, #4896, #8474 ) ;
#2852 = DIRECTION ( 'NONE',  ( 8.157786440681345800E-032, 4.440892098500626200E-016, 1.000000000000000000 ) ) ;
#2853 = EDGE_LOOP ( 'NONE', ( #2419, #5847 ) ) ;
#2854 = CARTESIAN_POINT ( 'NONE',  ( 171.5357236874342300, 41.96399578645755900, 23.49999947845893200 ) ) ;
#2855 = VECTOR ( 'NONE', #1371, 1000.000000000000000 ) ;
#2856 = DIRECTION ( 'NONE',  ( -1.000000000000000000, 0.0000000000000000000, -4.336808689942013800E-016 ) ) ;
#2857 = LINE ( 'NONE', #10877, #699 ) ;
#2858 = DIRECTION ( 'NONE',  ( 0.0000000000000000000, 0.0000000000000000000, -1.000000000000000000 ) ) ;
#2859 = DIRECTION ( 'NONE',  ( -1.000000000000000000, 0.0000000000000000000, 0.0000000000000000000 ) ) ;
#2860 = LINE ( 'NONE', #4900, #8456 ) ;
#2861 = CARTESIAN_POINT ( 'NONE',  ( 161.3975570462096700, 58.24341267652847900, 3.000013011975194200 ) ) ;
#2862 = ORIENTED_EDGE ( 'NONE', *, *, #5296, .T. ) ;
#2863 = FACE_OUTER_BOUND ( 'NONE', #9975, .T. ) ;
#2864 = DIRECTION ( 'NONE',  ( 1.000000000000000000, 0.0000000000000000000, 0.0000000000000000000 ) ) ;
#2865 = CARTESIAN_POINT ( 'NONE',  ( 183.0219256400218600, 29.84757416903736500, 14.29999914656994900 ) ) ;
#2866 = FACE_OUTER_BOUND ( 'NONE', #2967, .T. ) ;
#2867 = CC_DESIGN_PERSON_AND_ORGANIZATION_ASSIGNMENT ( #5669, #8462, ( #9639 ) ) ;
#2868 = CYLINDRICAL_SURFACE ( 'NONE', #733, 8.999998263138881100 ) ;
#2869 = DIRECTION ( 'NONE',  ( 0.0000000000000000000, -0.0000000000000000000, -1.000000000000000000 ) ) ;
#2870 = CARTESIAN_POINT ( 'NONE',  ( 193.9709357602897600, 42.36904400576409600, 2.521778611896647800E-014 ) ) ;
#2871 = EDGE_CURVE ( 'NONE', #1488, #9696, #1401, .T. ) ;
#2872 = ORIENTED_EDGE ( 'NONE', *, *, #9813, .F. ) ;
#2873 = CYLINDRICAL_SURFACE ( 'NONE', #8026, 16.50000028186543600 ) ;
#2874 = CARTESIAN_POINT ( 'NONE',  ( 173.7719257169744400, 45.86904386338088800, 18.99999947845893500 ) ) ;
#2875 = DIRECTION ( 'NONE',  ( -0.7071067811866341700, -0.7071067811864609800, -3.140184917367934900E-016 ) ) ;
#2876 = AXIS2_PLACEMENT_3D ( 'NONE', #11174, #3916, #2856 ) ;
#2877 = AXIS2_PLACEMENT_3D ( 'NONE', #11494, #6800, #1275 ) ;
#2878 = CARTESIAN_POINT ( 'NONE',  ( 194.8786821224099400, 49.96230781940352700, 1.999999999999914500 ) ) ;
#2879 = ADVANCED_FACE ( 'NONE', ( #8450 ), #10488, .F. ) ;
#2880 = AXIS2_PLACEMENT_3D ( 'NONE', #481, #8748, #11529 ) ;
#2881 = DIRECTION ( 'NONE',  ( -4.440892098500626200E-016, -0.0000000000000000000, 1.000000000000000000 ) ) ;
#2882 = CARTESIAN_POINT ( 'NONE',  ( 183.0219256400218600, 60.89051384248958200, 14.29999914656994900 ) ) ;
#2883 = DIRECTION ( 'NONE',  ( 0.0000000000000000000, 1.000000000000000000, 0.0000000000000000000 ) ) ;
#2884 = EDGE_CURVE ( 'NONE', #11459, #9765, #3288, .T. ) ;
#2885 = ORIENTED_EDGE ( 'NONE', *, *, #4541, .T. ) ;
#2886 = VECTOR ( 'NONE', #2891, 1000.000000000000000 ) ;
#2887 = DIRECTION ( 'NONE',  ( 4.440892098500626200E-016, 0.0000000000000000000, -1.000000000000000000 ) ) ;
#2888 = EDGE_CURVE ( 'NONE', #10998, #1775, #4753, .T. ) ;
#2889 = CARTESIAN_POINT ( 'NONE',  ( 173.7719257169747200, 45.86904400576391100, 21.49999895691860300 ) ) ;
#2890 = EDGE_CURVE ( 'NONE', #1303, #7333, #2270, .T. ) ;
#2891 = DIRECTION ( 'NONE',  ( -2.220446049250312800E-016, 1.224646799147353200E-016, 1.000000000000000000 ) ) ;
#2892 = VERTEX_POINT ( 'NONE', #7739 ) ;
#2893 = DIRECTION ( 'NONE',  ( -1.000000000000000000, 0.0000000000000000000, 0.0000000000000000000 ) ) ;
#2894 = VERTEX_POINT ( 'NONE', #7650 ) ;
#2895 = ORIENTED_EDGE ( 'NONE', *, *, #8479, .T. ) ;
#2896 = CARTESIAN_POINT ( 'NONE',  ( 173.7719257169753700, 45.86904400576429500, 22.49999878108514300 ) ) ;
#2897 = ORIENTED_EDGE ( 'NONE', *, *, #5761, .T. ) ;
#2898 = CIRCLE ( 'NONE', #6898, 1.000000000000445000 ) ;
#2899 = CARTESIAN_POINT ( 'NONE',  ( 174.8670723329549600, 45.86904400576364800, 4.199999999999903400 ) ) ;
#2900 = ADVANCED_FACE ( 'NONE', ( #6190 ), #7454, .F. ) ;
#2901 = DIRECTION ( 'NONE',  ( 4.440892098500626200E-016, 0.0000000000000000000, -1.000000000000000000 ) ) ;
#2902 = DIRECTION ( 'NONE',  ( 0.0000000000000000000, 1.000000000000000000, 0.0000000000000000000 ) ) ;
#2903 = DIRECTION ( 'NONE',  ( 0.0000000000000000000, 0.0000000000000000000, -1.000000000000000000 ) ) ;
#2904 = CARTESIAN_POINT ( 'NONE',  ( 159.4077994067604900, 45.86904400576332100, 1.999999999999914500 ) ) ;
#2905 = DIRECTION ( 'NONE',  ( 0.0000000000000000000, 1.000000000000000000, 0.0000000000000000000 ) ) ;
#2906 = EDGE_LOOP ( 'NONE', ( #8692, #8643, #3465, #10676, #6354, #1798, #1433, #5967 ) ) ;
#2907 = ORIENTED_EDGE ( 'NONE', *, *, #8819, .T. ) ;
#2908 = EDGE_CURVE ( 'NONE', #9948, #11123, #11772, .T. ) ;
#2909 = CARTESIAN_POINT ( 'NONE',  ( 173.7719257169743800, 57.36904386338088800, 3.000012844918302300 ) ) ;
#2910 = AXIS2_PLACEMENT_3D ( 'NONE', #3084, #9514, #2278 ) ;
#2911 = EDGE_LOOP ( 'NONE', ( #7985, #9640, #5030, #1167, #7851 ) ) ;
#2912 = EDGE_CURVE ( 'NONE', #2448, #5093, #1266, .T. ) ;
#2913 = EDGE_CURVE ( 'NONE', #1899, #2793, #1971, .T. ) ;
#2914 = ORIENTED_EDGE ( 'NONE', *, *, #4698, .T. ) ;
#2915 = VECTOR ( 'NONE', #11641, 1000.000000000000000 ) ;
#2916 = CARTESIAN_POINT ( 'NONE',  ( 172.9706756308272300, 66.35359317113156400, 17.11281938473572200 ) ) ;
#2917 = AXIS2_PLACEMENT_3D ( 'NONE', #4366, #6334, #8991 ) ;
#2918 = VERTEX_POINT ( 'NONE', #3191 ) ;
#2919 = DIRECTION ( 'NONE',  ( -1.000000000000000000, 0.0000000000000000000, 0.0000000000000000000 ) ) ;
#2920 = AXIS2_PLACEMENT_3D ( 'NONE', #8851, #2465, #7036 ) ;
#2921 = CARTESIAN_POINT ( 'NONE',  ( 180.2718850593088000, 45.89203403532670900, 21.99999947845893200 ) ) ;
#2922 = DIRECTION ( 'NONE',  ( 0.0000000000000000000, 0.0000000000000000000, -1.000000000000000000 ) ) ;
#2923 = ORIENTED_EDGE ( 'NONE', *, *, #6994, .F. ) ;
#2924 = DIRECTION ( 'NONE',  ( -1.000000000000000000, 0.0000000000000000000, -4.336808689942073900E-016 ) ) ;
#2925 = ORIENTED_EDGE ( 'NONE', *, *, #4529, .F. ) ;
#2926 = FACE_OUTER_BOUND ( 'NONE', #10436, .T. ) ;
#2927 = ORIENTED_EDGE ( 'NONE', *, *, #7443, .T. ) ;
#2928 = DIRECTION ( 'NONE',  ( -0.0000000000000000000, -0.0000000000000000000, 1.000000000000000000 ) ) ;
#2929 = CARTESIAN_POINT ( 'NONE',  ( 168.9425479578908700, 38.87425233909673500, 2.199999311752463900 ) ) ;
#2930 = ORIENTED_EDGE ( 'NONE', *, *, #1263, .F. ) ;
#2931 = ORIENTED_EDGE ( 'NONE', *, *, #3607, .F. ) ;
#2932 = EDGE_LOOP ( 'NONE', ( #3518, #11423, #2087, #1886 ) ) ;
#2933 = EDGE_LOOP ( 'NONE', ( #5194, #11667, #11052, #7578 ) ) ;
#2934 = ORIENTED_EDGE ( 'NONE', *, *, #8802, .F. ) ;
#2935 = DIRECTION ( 'NONE',  ( -1.000000000000000000, 0.0000000000000000000, 0.0000000000000000000 ) ) ;
#2936 = VECTOR ( 'NONE', #11404, 1000.000000000000000 ) ;
#2937 = DIRECTION ( 'NONE',  ( 0.0000000000000000000, 0.0000000000000000000, 1.000000000000000000 ) ) ;
#2938 = DIRECTION ( 'NONE',  ( 0.7071067811866373900, 0.7071067811864576400, 1.570092458683974600E-016 ) ) ;
#2940 = ADVANCED_FACE ( 'NONE', ( #3877 ), #8601, .F. ) ;
#2939 = DIRECTION ( 'NONE',  ( 0.0000000000000000000, -0.0000000000000000000, 1.000000000000000000 ) ) ;
#2941 = CARTESIAN_POINT ( 'NONE',  ( 188.0689853496277200, 48.36904400576364800, 1.999999999999918100 ) ) ;
#2942 = VECTOR ( 'NONE', #10323, 1000.000000000000000 ) ;
#2943 = CARTESIAN_POINT ( 'NONE',  ( 156.1437797073500300, 42.89559590511676400, 22.49999878108514300 ) ) ;
#2944 = ORIENTED_EDGE ( 'NONE', *, *, #3837, .T. ) ;
#2945 = ORIENTED_EDGE ( 'NONE', *, *, #11059, .F. ) ;
#2946 = DIRECTION ( 'NONE',  ( 2.040851150607881900E-016, 9.183830177735469000E-015, -1.000000000000000000 ) ) ;
#2947 = EDGE_LOOP ( 'NONE', ( #8694, #9368 ) ) ;
#2948 = AXIS2_PLACEMENT_3D ( 'NONE', #6802, #2186, #6642 ) ;
#2949 = CARTESIAN_POINT ( 'NONE',  ( 181.7001289472500500, 49.86904386338100900, 19.99999947845892800 ) ) ;
#2950 = EDGE_LOOP ( 'NONE', ( #6986, #869, #7111, #9729 ) ) ;
#2951 = LINE ( 'NONE', #9312, #7549 ) ;
#2952 = ORIENTED_EDGE ( 'NONE', *, *, #9569, .T. ) ;
#2953 = LINE ( 'NONE', #5908, #792 ) ;
#2954 = DIRECTION ( 'NONE',  ( 0.0000000000000000000, 0.0000000000000000000, -1.000000000000000000 ) ) ;
#2955 = ORIENTED_EDGE ( 'NONE', *, *, #9041, .T. ) ;
#2956 = CARTESIAN_POINT ( 'NONE',  ( 193.0904413301940100, 51.04542466329457500, 20.49999878108513900 ) ) ;
#2957 = ORIENTED_EDGE ( 'NONE', *, *, #1574, .F. ) ;
#2958 = EDGE_CURVE ( 'NONE', #10998, #7664, #9317, .T. ) ;
#2959 = CIRCLE ( 'NONE', #6329, 0.8000000000000020400 ) ;
#2960 = AXIS2_PLACEMENT_3D ( 'NONE', #8036, #5258, #1601 ) ;
#2961 = DIRECTION ( 'NONE',  ( -8.157786440681345800E-032, -4.440892098500626200E-016, -1.000000000000000000 ) ) ;
#2962 = CARTESIAN_POINT ( 'NONE',  ( 163.7563136126116800, 36.85343190140081800, 3.000013011975194200 ) ) ;
#2963 = CIRCLE ( 'NONE', #1584, 2.000000000000057300 ) ;
#2964 = CARTESIAN_POINT ( 'NONE',  ( 173.7719257169743800, 37.86904386338088800, 21.99999947845893200 ) ) ;
#2965 = EDGE_CURVE ( 'NONE', #9821, #7664, #8161, .T. ) ;
#2966 = DIRECTION ( 'NONE',  ( -1.000000000000000000, 0.0000000000000000000, 0.0000000000000000000 ) ) ;
#2967 = EDGE_LOOP ( 'NONE', ( #7219, #4724, #3587, #7019 ) ) ;
#2968 = DIRECTION ( 'NONE',  ( -1.000000000000000000, 0.0000000000000000000, -4.081702296416013000E-016 ) ) ;
#2969 = DIRECTION ( 'NONE',  ( 4.440892098500625700E-016, -1.224646799147353500E-016, -1.000000000000000000 ) ) ;
#2970 = ORIENTED_EDGE ( 'NONE', *, *, #5460, .T. ) ;
#2971 = CIRCLE ( 'NONE', #1597, 1.999999999999807500 ) ;
#2972 = CONICAL_SURFACE ( 'NONE', #9612, 13.99999999999998400, 0.7853981633965359000 ) ;
#2973 = EDGE_CURVE ( 'NONE', #2523, #6252, #5034, .T. ) ;
#2974 = EDGE_LOOP ( 'NONE', ( #5623, #7497, #4059, #4719, #5325 ) ) ;
#2975 = AXIS2_PLACEMENT_3D ( 'NONE', #4233, #5100, #9746 ) ;
#2976 = CARTESIAN_POINT ( 'NONE',  ( 174.7719257169744900, 64.86904346994575100, 16.49999967266197100 ) ) ;
#2977 = FACE_OUTER_BOUND ( 'NONE', #8679, .T. ) ;
#2978 = EDGE_CURVE ( 'NONE', #5474, #3267, #11057, .T. ) ;
#2979 = DIRECTION ( 'NONE',  ( 0.0000000000000000000, 0.0000000000000000000, -1.000000000000000000 ) ) ;
#2980 = EDGE_CURVE ( 'NONE', #1506, #1004, #986, .T. ) ;
#2981 = DIRECTION ( 'NONE',  ( -1.000000000000000000, -3.558407134097853000E-015, -4.440892098500626200E-016 ) ) ;
#2982 = VERTEX_POINT ( 'NONE', #9534 ) ;
#2983 = ORIENTED_EDGE ( 'NONE', *, *, #8214, .F. ) ;
#2984 = CARTESIAN_POINT ( 'NONE',  ( 189.1985112996508700, 45.86904386338088800, 21.49999947845938700 ) ) ;
#2985 = CARTESIAN_POINT ( 'NONE',  ( 186.6766242392632500, 60.52374191474241600, 22.49999878108514300 ) ) ;
#2986 = EDGE_LOOP ( 'NONE', ( #3012, #10223, #7724, #5254 ) ) ;
#2987 = DIRECTION ( 'NONE',  ( 4.440892098500625200E-016, -1.224646799147353500E-016, -1.000000000000000000 ) ) ;
#2988 = CIRCLE ( 'NONE', #5768, 8.999998263138881100 ) ;
#2989 = FACE_OUTER_BOUND ( 'NONE', #3737, .T. ) ;
#2990 = EDGE_LOOP ( 'NONE', ( #3946, #4712, #4231, #4572 ) ) ;
#2991 = DIRECTION ( 'NONE',  ( -8.157786440681345800E-032, -4.440892098500626200E-016, -1.000000000000000000 ) ) ;
#2992 = CIRCLE ( 'NONE', #4401, 2.000000000000057300 ) ;
#2993 = PLANE ( 'NONE',  #8105 ) ;
#2994 = CARTESIAN_POINT ( 'NONE',  ( 163.5814319424160000, 32.14301632527183000, 1.999999999999914500 ) ) ;
#2995 = VECTOR ( 'NONE', #2296, 1000.000000000000000 ) ;
#2996 = ORIENTED_EDGE ( 'NONE', *, *, #3965, .F. ) ;
#2997 = DIRECTION ( 'NONE',  ( 1.000000000000000000, -1.836970198721029700E-016, 0.0000000000000000000 ) ) ;
#2998 = ORIENTED_EDGE ( 'NONE', *, *, #6530, .F. ) ;
#2999 = LINE ( 'NONE', #4888, #428 ) ;
#3000 = ORIENTED_EDGE ( 'NONE', *, *, #1278, .F. ) ;
#3001 = AXIS2_PLACEMENT_3D ( 'NONE', #4459, #10977, #761 ) ;
#3002 = CIRCLE ( 'NONE', #10216, 2.000000000000029300 ) ;
#3003 = ADVANCED_FACE ( 'NONE', ( #11483, #3438, #6327, #9022 ), #6912, .T. ) ;
#3004 = VECTOR ( 'NONE', #4016, 1000.000000000000000 ) ;
#3005 = CARTESIAN_POINT ( 'NONE',  ( 181.3330394059003400, 50.75059541401379400, 1.999999999999914500 ) ) ;
#3006 = FACE_OUTER_BOUND ( 'NONE', #7822, .T. ) ;
#3007 = VERTEX_POINT ( 'NONE', #11429 ) ;
#3008 = CARTESIAN_POINT ( 'NONE',  ( 164.5219257939272900, 27.84757416903789500, 22.49999878108508300 ) ) ;
#3009 = CARTESIAN_POINT ( 'NONE',  ( 164.5219257939270700, 61.89051384249006600, 21.54999878108492000 ) ) ;
#3010 = CARTESIAN_POINT ( 'NONE',  ( 173.5101263291752800, 46.86904386338092400, 21.99999947845984100 ) ) ;
#3011 = CARTESIAN_POINT ( 'NONE',  ( 168.6728792297817600, 50.67786127740839000, 23.49999947845893200 ) ) ;
#3012 = ORIENTED_EDGE ( 'NONE', *, *, #2266, .F. ) ;
#3013 = FACE_OUTER_BOUND ( 'NONE', #6067, .T. ) ;
#3014 = CARTESIAN_POINT ( 'NONE',  ( 181.8341815263929100, 41.86904400576364800, 2.199999311752465700 ) ) ;
#3015 = AXIS2_PLACEMENT_3D ( 'NONE', #3314, #5215, #9809 ) ;
#3016 = CARTESIAN_POINT ( 'NONE',  ( 178.0274422451635400, 39.94801863515321100, 18.99999947845893200 ) ) ;
#3017 = DIRECTION ( 'NONE',  ( 0.0000000000000000000, 0.0000000000000000000, 1.000000000000000000 ) ) ;
#3018 = DIRECTION ( 'NONE',  ( -1.224646799147352700E-016, 2.220446049250314100E-016, -1.000000000000000000 ) ) ;
#3019 = DIRECTION ( 'NONE',  ( -1.000000000000000000, 1.836970198721029700E-016, -0.0000000000000000000 ) ) ;
#3020 = CARTESIAN_POINT ( 'NONE',  ( 178.2718975693599100, 45.88496013626655000, 18.99999947845892800 ) ) ;
#3021 = CC_DESIGN_APPROVAL ( #6577, ( #8012 ) ) ;
#3022 = EDGE_LOOP ( 'NONE', ( #7246, #5479, #9409, #499 ) ) ;
#3023 = CIRCLE ( 'NONE', #2084, 1.000000000000000900 ) ;
#3024 = EDGE_CURVE ( 'NONE', #1391, #11708, #1541, .T. ) ;
#3025 = DIRECTION ( 'NONE',  ( 0.0000000000000000000, -1.000000000000000000, 4.930380657631323800E-032 ) ) ;
#3026 = ORIENTED_EDGE ( 'NONE', *, *, #4613, .F. ) ;
#3027 = VERTEX_POINT ( 'NONE', #392 ) ;
#3028 = DIRECTION ( 'NONE',  ( 0.0000000000000000000, 0.0000000000000000000, -1.000000000000000000 ) ) ;
#3029 = AXIS2_PLACEMENT_3D ( 'NONE', #465, #2133, #9659 ) ;
#3030 = ORIENTED_EDGE ( 'NONE', *, *, #5541, .F. ) ;
#3031 = FACE_OUTER_BOUND ( 'NONE', #1122, .T. ) ;
#3032 = EDGE_CURVE ( 'NONE', #11314, #7795, #8021, .T. ) ;
#3033 = DIRECTION ( 'NONE',  ( -1.000000000000000000, 0.0000000000000000000, -4.336808689942134100E-016 ) ) ;
#3034 = ORIENTED_EDGE ( 'NONE', *, *, #4815, .T. ) ;
#3035 = ORIENTED_EDGE ( 'NONE', *, *, #2025, .F. ) ;
#3036 = VERTEX_POINT ( 'NONE', #11872 ) ;
#3037 = DIRECTION ( 'NONE',  ( -1.000000000000000000, 0.0000000000000000000, 0.0000000000000000000 ) ) ;
#3038 = ORIENTED_EDGE ( 'NONE', *, *, #2506, .F. ) ;
#3039 = DIRECTION ( 'NONE',  ( 0.0000000000000000000, 0.0000000000000000000, -1.000000000000000000 ) ) ;
#3040 = EDGE_CURVE ( 'NONE', #4062, #5793, #422, .T. ) ;
#3041 = CARTESIAN_POINT ( 'NONE',  ( 173.7719257169747200, 45.86904400576391100, 19.49999999999988600 ) ) ;
#3042 = VERTEX_POINT ( 'NONE', #10477 ) ;
#3043 = EDGE_CURVE ( 'NONE', #2464, #9865, #3741, .T. ) ;
#3044 = LINE ( 'NONE', #9956, #5232 ) ;
#3045 = CARTESIAN_POINT ( 'NONE',  ( 176.0081277465147600, 41.96399578645754500, 23.49999947845893200 ) ) ;
#3046 = EDGE_CURVE ( 'NONE', #1520, #7800, #10908, .T. ) ;
#3047 = CARTESIAN_POINT ( 'NONE',  ( 189.8189853496277200, 43.36904400576364100, 1.750013533165798700 ) ) ;
#3048 = AXIS2_PLACEMENT_3D ( 'NONE', #7658, #5033, #2138 ) ;
#3049 = VERTEX_POINT ( 'NONE', #580 ) ;
#3050 = CARTESIAN_POINT ( 'NONE',  ( 184.2719257169745500, 47.86904400576364100, 4.199999999999904300 ) ) ;
#3051 = DIRECTION ( 'NONE',  ( -1.000000000000000000, 0.0000000000000000000, 0.0000000000000000000 ) ) ;
#3052 = DIRECTION ( 'NONE',  ( 0.0000000000000000000, -1.000000000000000000, -9.912705577232704500E-016 ) ) ;
#3053 = VECTOR ( 'NONE', #6214, 1000.000000000000000 ) ;
#3055 = ADVANCED_FACE ( 'NONE', ( #6608 ), #4186, .T. ) ;
#3054 = DIRECTION ( 'NONE',  ( -8.157786440681345800E-032, -4.440892098500626200E-016, -1.000000000000000000 ) ) ;
#3056 = DIRECTION ( 'NONE',  ( 0.5000000000004540800, -0.8660254037841764700, 3.281021287976915300E-016 ) ) ;
#3057 = EDGE_CURVE ( 'NONE', #8162, #2391, #10330, .T. ) ;
#3058 = DIRECTION ( 'NONE',  ( -1.000000000000000000, 0.0000000000000000000, -4.440892098500625200E-016 ) ) ;
#3059 = AXIS2_PLACEMENT_3D ( 'NONE', #6665, #11596, #9576 ) ;
#3060 = ORIENTED_EDGE ( 'NONE', *, *, #2913, .F. ) ;
#3061 = VERTEX_POINT ( 'NONE', #4229 ) ;
#3062 = DIRECTION ( 'NONE',  ( 0.0000000000000000000, 0.0000000000000000000, -1.000000000000000000 ) ) ;
#3063 = EDGE_LOOP ( 'NONE', ( #2114, #7438, #1041, #1073, #5111 ) ) ;
#3064 = AXIS2_PLACEMENT_3D ( 'NONE', #904, #11036, #1809 ) ;
#3065 = DIRECTION ( 'NONE',  ( -4.440892098500625700E-016, 1.224646799147353500E-016, 1.000000000000000000 ) ) ;
#3066 = DIRECTION ( 'NONE',  ( 8.157786440681345800E-032, 4.440892098500626200E-016, 1.000000000000000000 ) ) ;
#3067 = ORIENTED_EDGE ( 'NONE', *, *, #11604, .T. ) ;
#3068 = CARTESIAN_POINT ( 'NONE',  ( 165.2719257169744900, 45.86904400576364800, 2.199999311752462100 ) ) ;
#3069 = VERTEX_POINT ( 'NONE', #10023 ) ;
#3070 = VERTEX_POINT ( 'NONE', #6305 ) ;
#3071 = ORIENTED_EDGE ( 'NONE', *, *, #4079, .F. ) ;
#3072 = CIRCLE ( 'NONE', #5414, 5.500003774852074500 ) ;
#3073 = CARTESIAN_POINT ( 'NONE',  ( 167.5164091887864400, 43.41212025029005900, 23.49999947845893200 ) ) ;
#3074 = AXIS2_PLACEMENT_3D ( 'NONE', #1512, #5092, #10691 ) ;
#3075 = CIRCLE ( 'NONE', #11116, 0.9999999999992514900 ) ;
#3076 = VERTEX_POINT ( 'NONE', #11829 ) ;
#3077 = CARTESIAN_POINT ( 'NONE',  ( 189.2719267945538500, 46.61904400576364800, 3.000012844918273900 ) ) ;
#3078 = ORIENTED_EDGE ( 'NONE', *, *, #809, .T. ) ;
#3079 = CARTESIAN_POINT ( 'NONE',  ( 173.7719257169744900, 45.86904386338077400, 23.49999947845893200 ) ) ;
#3080 = ORIENTED_EDGE ( 'NONE', *, *, #6233, .T. ) ;
#3081 = VERTEX_POINT ( 'NONE', #10662 ) ;
#3082 = ORIENTED_EDGE ( 'NONE', *, *, #2470, .F. ) ;
#3083 = DIRECTION ( 'NONE',  ( 0.0000000000000000000, 1.000000000000000000, 0.0000000000000000000 ) ) ;
#3084 = CARTESIAN_POINT ( 'NONE',  ( 169.5885661826981200, 38.50331264161074100, 18.99999947845893200 ) ) ;
#3085 = FACE_BOUND ( 'NONE', #2853, .T. ) ;
#3086 = ADVANCED_FACE ( 'NONE', ( #8319 ), #129, .T. ) ;
#3087 = VECTOR ( 'NONE', #2071, 1000.000000000000000 ) ;
#3088 = CARTESIAN_POINT ( 'NONE',  ( 193.0904413301937800, 40.69266334823378600, 22.49999878108514700 ) ) ;
#3089 = DIRECTION ( 'NONE',  ( -1.224646799147352700E-016, 2.220446049250314100E-016, -1.000000000000000000 ) ) ;
#3090 = DIRECTION ( 'NONE',  ( -8.157786440681345800E-032, -4.440892098500626200E-016, -1.000000000000000000 ) ) ;
#3091 = ORIENTED_EDGE ( 'NONE', *, *, #7206, .F. ) ;
#3092 = DIRECTION ( 'NONE',  ( 1.000000000000000000, -1.836970198721029700E-016, 0.0000000000000000000 ) ) ;
#3093 = ORIENTED_EDGE ( 'NONE', *, *, #9569, .F. ) ;
#3094 = DIRECTION ( 'NONE',  ( -2.168405058739822500E-016, 0.0000000000000000000, 1.000000000000000000 ) ) ;
#3095 = LINE ( 'NONE', #7238, #5128 ) ;
#3096 = EDGE_CURVE ( 'NONE', #8008, #8665, #5901, .T. ) ;
#3097 = DIRECTION ( 'NONE',  ( 0.0000000000000000000, 0.0000000000000000000, -1.000000000000000000 ) ) ;
#3098 = VERTEX_POINT ( 'NONE', #3516 ) ;
#3099 = CARTESIAN_POINT ( 'NONE',  ( 180.2503688297190600, 35.85506698708755400, 1.999999999999915000 ) ) ;
#3100 = LINE ( 'NONE', #3231, #661 ) ;
#3101 = DIRECTION ( 'NONE',  ( -8.157786440681345800E-032, -4.440892098500626200E-016, -1.000000000000000000 ) ) ;
#3102 = AXIS2_PLACEMENT_3D ( 'NONE', #8795, #9697, #8635 ) ;
#3103 = AXIS2_PLACEMENT_3D ( 'NONE', #7913, #11648, #2317 ) ;
#3104 = DIRECTION ( 'NONE',  ( -1.000000000000000000, 0.0000000000000000000, 0.0000000000000000000 ) ) ;
#3105 = ORIENTED_EDGE ( 'NONE', *, *, #2492, .F. ) ;
#3106 = ORIENTED_EDGE ( 'NONE', *, *, #3114, .F. ) ;
#3107 = AXIS2_PLACEMENT_3D ( 'NONE', #11120, #11206, #3822 ) ;
#3108 = VECTOR ( 'NONE', #6192, 1000.000000000000000 ) ;
#3109 = DIRECTION ( 'NONE',  ( 4.440892098500626200E-016, 0.0000000000000000000, -1.000000000000000000 ) ) ;
#3110 = CARTESIAN_POINT ( 'NONE',  ( 194.7719247722207900, 45.86904400576391100, 22.49999878108508300 ) ) ;
#3111 = CYLINDRICAL_SURFACE ( 'NONE', #7776, 1.000000000000000900 ) ;
#3112 = EDGE_CURVE ( 'NONE', #4739, #4062, #696, .T. ) ;
#3113 = ORIENTED_EDGE ( 'NONE', *, *, #1007, .T. ) ;
#3114 = EDGE_CURVE ( 'NONE', #7868, #5982, #6463, .T. ) ;
#3115 = DIRECTION ( 'NONE',  ( 1.640510643989947600E-016, -2.841447785744686800E-016, -1.000000000000000000 ) ) ;
#3116 = ADVANCED_FACE ( 'NONE', ( #3580 ), #2697, .F. ) ;
#3117 = EDGE_CURVE ( 'NONE', #7383, #10091, #114, .T. ) ;
#3118 = B_SPLINE_CURVE_WITH_KNOTS ( 'NONE', 3,
 ( #11107, #2000, #7565, #7452, #1139, #1920, #6502, #7406, #8364, #3805, #4750, #5665, #150, #2916, #9335, #7732, #8561, #10511 ),
 .UNSPECIFIED., .F., .F.,
 ( 4, 2, 2, 2, 2, 2, 2, 2, 4 ),
 ( 0.0000000000000000000, 0.1250000000000000000, 0.2500000000000000000, 0.3750000000000000000, 0.5000000000000000000, 0.6250000000000000000, 0.7500000000000000000, 0.8750000000000000000, 1.000000000000000000 ),
 .UNSPECIFIED. ) ;
#3119 = ADVANCED_FACE ( 'NONE', ( #9597 ), #1687, .T. ) ;
#3120 = CYLINDRICAL_SURFACE ( 'NONE', #6566, 1.349999999999997000 ) ;
#3121 = AXIS2_PLACEMENT_3D ( 'NONE', #8384, #11133, #8348 ) ;
#3122 = CARTESIAN_POINT ( 'NONE',  ( 169.2719257169740700, 45.86904386338100200, 23.49999947845893900 ) ) ;
#3123 = CARTESIAN_POINT ( 'NONE',  ( 178.6013034760580600, 38.87425233909687000, 4.199999999999902500 ) ) ;
#3124 = FACE_OUTER_BOUND ( 'NONE', #2911, .T. ) ;
#3125 = EDGE_CURVE ( 'NONE', #5360, #2662, #11624, .T. ) ;
#3126 = VERTEX_POINT ( 'NONE', #8295 ) ;
#3127 = VECTOR ( 'NONE', #8464, 1000.000000000000200 ) ;
#3128 = VERTEX_POINT ( 'NONE', #5485 ) ;
#3129 = CYLINDRICAL_SURFACE ( 'NONE', #2725, 0.5000000000000004400 ) ;
#3130 = EDGE_CURVE ( 'NONE', #1752, #4143, #7165, .T. ) ;
#3131 = DIRECTION ( 'NONE',  ( 4.440892098500625200E-016, -1.224646799147353500E-016, -1.000000000000000000 ) ) ;
#3132 = FACE_OUTER_BOUND ( 'NONE', #3325, .T. ) ;
#3133 = AXIS2_PLACEMENT_3D ( 'NONE', #10008, #4530, #10935 ) ;
#3134 = VECTOR ( 'NONE', #8317, 1000.000000000000000 ) ;
#3135 = VERTEX_POINT ( 'NONE', #11073 ) ;
#3136 = EDGE_CURVE ( 'NONE', #11015, #3036, #8009, .T. ) ;
#3137 = LINE ( 'NONE', #6831, #5624 ) ;
#3138 = DIRECTION ( 'NONE',  ( -1.000000000000000000, 0.0000000000000000000, -4.081702296416025900E-016 ) ) ;
#3139 = EDGE_LOOP ( 'NONE', ( #4135, #7570 ) ) ;
#3140 = EDGE_CURVE ( 'NONE', #1931, #6415, #11908, .T. ) ;
#3141 = CARTESIAN_POINT ( 'NONE',  ( 172.9719257169745400, 51.86904400577365200, 2.199999311752464800 ) ) ;
#3142 = CIRCLE ( 'NONE', #4185, 1.749999386690445700 ) ;
#3143 = DIRECTION ( 'NONE',  ( 0.0000000000000000000, 0.0000000000000000000, -1.000000000000000000 ) ) ;
#3144 = AXIS2_PLACEMENT_3D ( 'NONE', #6445, #5605, #84 ) ;
#3145 = VERTEX_POINT ( 'NONE', #11917 ) ;
#3146 = VECTOR ( 'NONE', #8167, 1000.000000000000000 ) ;
#3147 = CARTESIAN_POINT ( 'NONE',  ( 175.2719257169743800, 45.86904386338089500, 21.49999947845984800 ) ) ;
#3148 = CARTESIAN_POINT ( 'NONE',  ( 174.0337251047735400, 44.86904386338089500, 21.99999947845984100 ) ) ;
#3149 = CARTESIAN_POINT ( 'NONE',  ( 191.1122880412047200, 34.93421943913158900, 17.11456817461089800 ) ) ;
#3150 = FACE_OUTER_BOUND ( 'NONE', #7193, .T. ) ;
#3151 = DIRECTION ( 'NONE',  ( 0.7071067811865803200, 0.7071067811865148200, 2.844015352656592300E-016 ) ) ;
#3152 = LINE ( 'NONE', #975, #276 ) ;
#3153 = PLANE ( 'NONE',  #10590 ) ;
#3154 = ORIENTED_EDGE ( 'NONE', *, *, #2356, .T. ) ;
#3155 = LINE ( 'NONE', #8806, #5894 ) ;
#3156 = ADVANCED_FACE ( 'NONE', ( #9011 ), #3129, .T. ) ;
#3157 = DIRECTION ( 'NONE',  ( -0.0000000000000000000, -0.0000000000000000000, 1.000000000000000000 ) ) ;
#3158 = AXIS2_PLACEMENT_3D ( 'NONE', #442, #11444, #11321 ) ;
#3159 = VECTOR ( 'NONE', #7775, 1000.000000000000000 ) ;
#3160 = CARTESIAN_POINT ( 'NONE',  ( 173.7719257169743800, 45.86904386338088800, 21.99999947845950000 ) ) ;
#3161 = DIRECTION ( 'NONE',  ( 0.5000000000000015500, -0.8660254037844377100, 0.0000000000000000000 ) ) ;
#3162 = AXIS2_PLACEMENT_3D ( 'NONE', #11135, #4733, #2859 ) ;
#3163 = LINE ( 'NONE', #7529, #9921 ) ;
#3164 = CARTESIAN_POINT ( 'NONE',  ( 162.3437351359251300, 40.80481445539241000, 1.999999999999914500 ) ) ;
#3165 = DIRECTION ( 'NONE',  ( -0.0000000000000000000, -0.0000000000000000000, -1.000000000000000000 ) ) ;
#3166 = DIRECTION ( 'NONE',  ( 4.440892098500626200E-016, 0.0000000000000000000, -1.000000000000000000 ) ) ;
#3167 = VERTEX_POINT ( 'NONE', #7337 ) ;
#3168 = VECTOR ( 'NONE', #4533, 1000.000000000000000 ) ;
#3169 = DIRECTION ( 'NONE',  ( 0.0000000000000000000, 1.224646799147353200E-016, 1.000000000000000000 ) ) ;
#3170 = DIRECTION ( 'NONE',  ( 0.0000000000000000000, 0.0000000000000000000, 1.000000000000000000 ) ) ;
#3171 = CARTESIAN_POINT ( 'NONE',  ( 173.7719257169743800, 57.36904386338088800, 3.000012844918302300 ) ) ;
#3172 = DIRECTION ( 'NONE',  ( 4.440892098500626200E-016, 0.0000000000000000000, -1.000000000000000000 ) ) ;
#3173 = CARTESIAN_POINT ( 'NONE',  ( 169.5164091887855600, 39.94801863515309700, 18.99999947845893200 ) ) ;
#3174 = CARTESIAN_POINT ( 'NONE',  ( 194.6917675308389200, 42.27187010296858500, 0.7268183972258536200 ) ) ;
#3175 = VERTEX_POINT ( 'NONE', #4510 ) ;
#3176 = LINE ( 'NONE', #7548, #2886 ) ;
#3177 = CARTESIAN_POINT ( 'NONE',  ( 183.7875378213373700, 54.88465611012649200, 3.000013011975194700 ) ) ;
#3179 = ADVANCED_FACE ( 'NONE', ( #7440 ), #5176, .F. ) ;
#3178 = CARTESIAN_POINT ( 'NONE',  ( 164.5219257939272900, 29.84757416903766400, 21.54999878108492000 ) ) ;
#3180 = VERTEX_POINT ( 'NONE', #8247 ) ;
#3181 = ADVANCED_FACE ( 'NONE', ( #10476 ), #7737, .T. ) ;
#3182 = DIRECTION ( 'NONE',  ( -4.440892098500625700E-016, 1.224646799147353500E-016, 1.000000000000000000 ) ) ;
#3183 = ORIENTED_EDGE ( 'NONE', *, *, #588, .F. ) ;
#3184 = CARTESIAN_POINT ( 'NONE',  ( 173.7719257169743800, 45.86904400576364800, 17.51199967266197200 ) ) ;
#3185 = ORIENTED_EDGE ( 'NONE', *, *, #1408, .T. ) ;
#3186 = CARTESIAN_POINT ( 'NONE',  ( 173.7719257169743800, 45.86904386338089500, 22.99999947854303200 ) ) ;
#3187 = ORIENTED_EDGE ( 'NONE', *, *, #1496, .F. ) ;
#3188 = VECTOR ( 'NONE', #496, 1000.000000000000000 ) ;
#3189 = CARTESIAN_POINT ( 'NONE',  ( 183.0219256400220300, 28.49757416903783300, 22.49999878108507900 ) ) ;
#3190 = CARTESIAN_POINT ( 'NONE',  ( 181.8051236174880200, 50.50920768449198300, 0.2232876972799981700 ) ) ;
#3191 = CARTESIAN_POINT ( 'NONE',  ( 181.3330394059000200, 40.98749259751347300, 1.999999999999914500 ) ) ;
#3192 = EDGE_CURVE ( 'NONE', #2048, #10984, #8587, .T. ) ;
#3193 = ORIENTED_EDGE ( 'NONE', *, *, #117, .F. ) ;
#3194 = ORIENTED_EDGE ( 'NONE', *, *, #5072, .F. ) ;
#3195 = DIRECTION ( 'NONE',  ( -1.000000000000000000, 1.836970198721029700E-016, -0.0000000000000000000 ) ) ;
#3196 = CARTESIAN_POINT ( 'NONE',  ( 178.2675960861851400, 45.67169156062450200, 18.99999947845893200 ) ) ;
#3197 = AXIS2_PLACEMENT_3D ( 'NONE', #11105, #6424, #7403 ) ;
#3198 = ORIENTED_EDGE ( 'NONE', *, *, #4783, .F. ) ;
#3199 = AXIS2_PLACEMENT_3D ( 'NONE', #11145, #3891, #10215 ) ;
#3200 = VECTOR ( 'NONE', #11095, 1000.000000000000000 ) ;
#3201 = DIRECTION ( 'NONE',  ( 0.4999999999995463600, 0.8660254037847006100, 1.159870810523071600E-016 ) ) ;
#3202 = DIRECTION ( 'NONE',  ( 4.440892098500625700E-016, -1.224646799147353500E-016, -1.000000000000000000 ) ) ;
#3203 = CARTESIAN_POINT ( 'NONE',  ( 173.7719257169744100, 45.86904386338089500, 21.49999947845984800 ) ) ;
#3204 = VERTEX_POINT ( 'NONE', #4634 ) ;
#3205 = DIRECTION ( 'NONE',  ( -1.000000000000000000, -1.261616207544121800E-015, 0.0000000000000000000 ) ) ;
#3206 = EDGE_CURVE ( 'NONE', #10018, #5457, #6742, .T. ) ;
#3207 = AXIS2_PLACEMENT_3D ( 'NONE', #2732, #1683, #2699 ) ;
#3208 = PERSON_AND_ORGANIZATION ( #6755, #6956 ) ;
#3209 = EDGE_CURVE ( 'NONE', #2238, #4472, #4024, .T. ) ;
#3210 = PLANE ( 'NONE',  #2910 ) ;
#3211 = EDGE_CURVE ( 'NONE', #8681, #8257, #4740, .T. ) ;
#3212 = CARTESIAN_POINT ( 'NONE',  ( 181.2719257169744900, 41.86904400576364800, 2.199999311752465200 ) ) ;
#3213 = ADVANCED_FACE ( 'NONE', ( #2108 ), #10173, .T. ) ;
#3214 = AXIS2_PLACEMENT_3D ( 'NONE', #7437, #2774, #11140 ) ;
#3215 = PLANE ( 'NONE',  #3691 ) ;
#3216 = VERTEX_POINT ( 'NONE', #11835 ) ;
#3217 = VERTEX_POINT ( 'NONE', #4588 ) ;
#3218 = EDGE_LOOP ( 'NONE', ( #185, #9984, #3830, #10024 ) ) ;
#3219 = DIRECTION ( 'NONE',  ( -1.972152263052529100E-031, 1.000000000000000000, 0.0000000000000000000 ) ) ;
#3220 = CYLINDRICAL_SURFACE ( 'NONE', #1220, 8.499999999999980500 ) ;
#3221 = ORIENTED_EDGE ( 'NONE', *, *, #5519, .T. ) ;
#3222 = DIRECTION ( 'NONE',  ( 4.440892098500625700E-016, -1.224646799147353500E-016, -1.000000000000000000 ) ) ;
#3223 = AXIS2_PLACEMENT_3D ( 'NONE', #10942, #2776, #9203 ) ;
#3224 = EDGE_LOOP ( 'NONE', ( #2693, #3653 ) ) ;
#3225 = DIRECTION ( 'NONE',  ( -1.000000000000000000, 0.0000000000000000000, -0.0000000000000000000 ) ) ;
#3226 = ORIENTED_EDGE ( 'NONE', *, *, #6759, .T. ) ;
#3227 = ORIENTED_EDGE ( 'NONE', *, *, #10673, .F. ) ;
#3228 = ORIENTED_EDGE ( 'NONE', *, *, #1952, .F. ) ;
#3229 = EDGE_LOOP ( 'NONE', ( #8932, #9019 ) ) ;
#3230 = AXIS2_PLACEMENT_3D ( 'NONE', #2505, #3480, #5436 ) ;
#3231 = CARTESIAN_POINT ( 'NONE',  ( 190.0689853496277000, 47.61904400576364100, 0.7500135331658556200 ) ) ;
#3232 = CYLINDRICAL_SURFACE ( 'NONE', #6408, 1.999999999999974000 ) ;
#3233 = DIRECTION ( 'NONE',  ( 4.440892098500626200E-016, 0.0000000000000000000, -1.000000000000000000 ) ) ;
#3234 = VECTOR ( 'NONE', #1192, 1000.000000000000000 ) ;
#3235 = CARTESIAN_POINT ( 'NONE',  ( 164.5219257939270700, 61.89051384249005100, 14.29999914657000200 ) ) ;
#3236 = ORIENTED_EDGE ( 'NONE', *, *, #965, .T. ) ;
#3237 = ORIENTED_EDGE ( 'NONE', *, *, #9825, .T. ) ;
#3238 = ORIENTED_EDGE ( 'NONE', *, *, #1563, .T. ) ;
#3239 = CARTESIAN_POINT ( 'NONE',  ( 193.9709357602896800, 49.36904400576364100, 2.656459029626886400E-014 ) ) ;
#3240 = ADVANCED_FACE ( 'NONE', ( #8305 ), #4449, .F. ) ;
#3241 = ORIENTED_EDGE ( 'NONE', *, *, #1119, .T. ) ;
#3242 = VECTOR ( 'NONE', #8187, 1000.000000000000000 ) ;
#3243 = ORIENTED_EDGE ( 'NONE', *, *, #1654, .F. ) ;
#3244 = CARTESIAN_POINT ( 'NONE',  ( 192.2719255630692900, 45.86904400576411000, 22.19999878104772500 ) ) ;
#3245 = FACE_OUTER_BOUND ( 'NONE', #3218, .T. ) ;
#3246 = CARTESIAN_POINT ( 'NONE',  ( 193.6219255630692800, 45.86904400576411000, 21.54999878108492000 ) ) ;
#3247 = DIRECTION ( 'NONE',  ( -1.000000000000000000, 0.0000000000000000000, 0.0000000000000000000 ) ) ;
#3248 = AXIS2_PLACEMENT_3D ( 'NONE', #6139, #719, #7013 ) ;
#3249 = DIRECTION ( 'NONE',  ( 0.0000000000000000000, 0.0000000000000000000, -1.000000000000000000 ) ) ;
#3250 = CARTESIAN_POINT ( 'NONE',  ( 161.3975570462096700, 33.49467533499925800, 2.775557561562891400E-014 ) ) ;
#3251 = ORIENTED_EDGE ( 'NONE', *, *, #1320, .T. ) ;
#3252 = EDGE_LOOP ( 'NONE', ( #11270, #7015, #3034, #10593, #9539 ) ) ;
#3253 = VECTOR ( 'NONE', #1915, 1000.000000000000000 ) ;
#3254 = CARTESIAN_POINT ( 'NONE',  ( 163.7579486982984100, 39.39060089301908400, 1.999999999999914500 ) ) ;
#3255 = ORIENTED_EDGE ( 'NONE', *, *, #5004, .F. ) ;
#3256 = AXIS2_PLACEMENT_3D ( 'NONE', #3751, #872, #4643 ) ;
#3257 = CIRCLE ( 'NONE', #10229, 2.000000000000057300 ) ;
#3258 = DIRECTION ( 'NONE',  ( -1.000000000000000000, 0.0000000000000000000, 0.0000000000000000000 ) ) ;
#3259 = PLANE ( 'NONE',  #7686 ) ;
#3260 = ORIENTED_EDGE ( 'NONE', *, *, #2508, .F. ) ;
#3261 = DIRECTION ( 'NONE',  ( -1.000000000000000000, 0.0000000000000000000, 0.0000000000000000000 ) ) ;
#3262 = ORIENTED_EDGE ( 'NONE', *, *, #10757, .F. ) ;
#3263 = FACE_OUTER_BOUND ( 'NONE', #2531, .T. ) ;
#3264 = DIRECTION ( 'NONE',  ( 8.157786440681345800E-032, 4.440892098500626200E-016, 1.000000000000000000 ) ) ;
#3265 = DIRECTION ( 'NONE',  ( 0.0000000000000000000, 0.0000000000000000000, -1.000000000000000000 ) ) ;
#3266 = FACE_OUTER_BOUND ( 'NONE', #2947, .T. ) ;
#3267 = VERTEX_POINT ( 'NONE', #10993 ) ;
#3268 = DIRECTION ( 'NONE',  ( -1.000000000000000000, 0.0000000000000000000, -2.220446049250313100E-016 ) ) ;
#3269 = AXIS2_PLACEMENT_3D ( 'NONE', #4220, #5902, #8676 ) ;
#3270 = CIRCLE ( 'NONE', #10080, 1.000000000000451900 ) ;
#3271 = EDGE_CURVE ( 'NONE', #7005, #10837, #1820, .T. ) ;
#3272 = CARTESIAN_POINT ( 'NONE',  ( 184.0219256400223200, 29.84757416903736500, 14.29999914656994900 ) ) ;
#3273 = DIRECTION ( 'NONE',  ( 4.440892098500626200E-016, 0.0000000000000000000, -1.000000000000000000 ) ) ;
#3274 = ORIENTED_EDGE ( 'NONE', *, *, #7447, .F. ) ;
#3275 = ORIENTED_EDGE ( 'NONE', *, *, #4398, .F. ) ;
#3276 = ADVANCED_FACE ( 'NONE', ( #409 ), #2993, .F. ) ;
#3277 = ORIENTED_EDGE ( 'NONE', *, *, #879, .F. ) ;
#3278 = AXIS2_PLACEMENT_3D ( 'NONE', #1593, #6257, #7966 ) ;
#3279 = DIRECTION ( 'NONE',  ( -3.147609485530916800E-016, 1.110223024625158000E-016, -1.000000000000000000 ) ) ;
#3280 = CYLINDRICAL_SURFACE ( 'NONE', #7789, 1.999999999999974000 ) ;
#3281 = CYLINDRICAL_SURFACE ( 'NONE', #11149, 0.9999999999992514900 ) ;
#3282 = EDGE_CURVE ( 'NONE', #10316, #3126, #270, .T. ) ;
#3283 = FACE_OUTER_BOUND ( 'NONE', #8781, .T. ) ;
#3284 = EDGE_LOOP ( 'NONE', ( #4168, #11753, #76, #8411 ) ) ;
#3285 = LINE ( 'NONE', #416, #7877 ) ;
#3286 = EDGE_CURVE ( 'NONE', #11821, #3049, #10041, .T. ) ;
#3287 = EDGE_CURVE ( 'NONE', #7550, #4906, #6593, .T. ) ;
#3288 = LINE ( 'NONE', #4099, #834 ) ;
#3289 = ORIENTED_EDGE ( 'NONE', *, *, #969, .T. ) ;
#3290 = AXIS2_PLACEMENT_3D ( 'NONE', #3254, #1463, #4172 ) ;
#3291 = CARTESIAN_POINT ( 'NONE',  ( 181.6517700272319800, 43.24411452697980000, 23.49999947845909200 ) ) ;
#3292 = CARTESIAN_POINT ( 'NONE',  ( 187.1462943877393700, 33.49467533499879600, 2.819966482547897600E-014 ) ) ;
#3293 = FACE_OUTER_BOUND ( 'NONE', #6470, .T. ) ;
#3294 = DIRECTION ( 'NONE',  ( 4.078893220340672900E-032, 2.220446049250313100E-016, 1.000000000000000000 ) ) ;
#3295 = VECTOR ( 'NONE', #7785, 1000.000000000000000 ) ;
#3296 = VECTOR ( 'NONE', #2938, 1000.000000000000000 ) ;
#3297 = ORIENTED_EDGE ( 'NONE', *, *, #297, .F. ) ;
#3298 = CARTESIAN_POINT ( 'NONE',  ( 183.0219256400218600, 61.89051384249004400, 17.39999966811049600 ) ) ;
#3299 = CARTESIAN_POINT ( 'NONE',  ( 166.1808296183259300, 37.57810637624008600, 23.49999947845892800 ) ) ;
#3300 = FACE_OUTER_BOUND ( 'NONE', #3252, .T. ) ;
#3301 = EDGE_CURVE ( 'NONE', #2001, #6221, #9458, .T. ) ;
#3302 = FACE_OUTER_BOUND ( 'NONE', #2091, .T. ) ;
#3303 = CARTESIAN_POINT ( 'NONE',  ( 194.5152716158496600, 42.35670148402653700, 0.5386014667727598800 ) ) ;
#3304 = AXIS2_PLACEMENT_3D ( 'NONE', #9950, #11001, #1653 ) ;
#3305 = EDGE_CURVE ( 'NONE', #9468, #4236, #3424, .T. ) ;
#3306 = DIRECTION ( 'NONE',  ( 0.0000000000000000000, -1.000000000000000000, 0.0000000000000000000 ) ) ;
#3307 = CIRCLE ( 'NONE', #4468, 0.9999999999992514900 ) ;
#3308 = ORIENTED_EDGE ( 'NONE', *, *, #1408, .F. ) ;
#3310 = ADVANCED_FACE ( 'NONE', ( #557 ), #8869, .T. ) ;
#3309 = DIRECTION ( 'NONE',  ( 0.0000000000000000000, 1.000000000000000000, 0.0000000000000000000 ) ) ;
#3311 = AXIS2_PLACEMENT_3D ( 'NONE', #7991, #9958, #4489 ) ;
#3312 = CARTESIAN_POINT ( 'NONE',  ( 173.7719257169743800, 57.36904386338088800, 3.000012844918302300 ) ) ;
#3313 = CARTESIAN_POINT ( 'NONE',  ( 198.1063220760344700, 45.86904400576364100, 0.7500135331658555100 ) ) ;
#3314 = CARTESIAN_POINT ( 'NONE',  ( 165.1116716791297300, 40.86904386338135000, 23.49999947845893200 ) ) ;
#3315 = ORIENTED_EDGE ( 'NONE', *, *, #9266, .F. ) ;
#3316 = CYLINDRICAL_SURFACE ( 'NONE', #9028, 1.999999999999974000 ) ;
#3317 = DIRECTION ( 'NONE',  ( 0.0000000000000000000, 0.0000000000000000000, -1.000000000000000000 ) ) ;
#3318 = CARTESIAN_POINT ( 'NONE',  ( 194.3874579384626300, 41.86904400576364100, 1.999999999999914500 ) ) ;
#3319 = AXIS2_PLACEMENT_3D ( 'NONE', #1909, #8354, #10209 ) ;
#3320 = DIRECTION ( 'NONE',  ( 0.0000000000000000000, 1.000000000000000000, 0.0000000000000000000 ) ) ;
#3321 = ORIENTED_EDGE ( 'NONE', *, *, #5481, .T. ) ;
#3322 = FACE_BOUND ( 'NONE', #7710, .T. ) ;
#3323 = VERTEX_POINT ( 'NONE', #10180 ) ;
#3324 = CARTESIAN_POINT ( 'NONE',  ( 171.7719257169744400, 37.86904386338088800, 21.99999947845893200 ) ) ;
#3325 = EDGE_LOOP ( 'NONE', ( #38, #11651, #6537, #9665 ) ) ;
#3326 = CARTESIAN_POINT ( 'NONE',  ( 169.2719538645889900, 45.88496013626640000, 18.99999947845893500 ) ) ;
#3327 = DIRECTION ( 'NONE',  ( -2.220446049250312800E-016, 1.224646799147353200E-016, 1.000000000000000000 ) ) ;
#3328 = EDGE_LOOP ( 'NONE', ( #783, #6477 ) ) ;
#3329 = CIRCLE ( 'NONE', #5981, 2.000000000000029300 ) ;
#3330 = CARTESIAN_POINT ( 'NONE',  ( 173.7719257169744400, 45.86904386338111600, 18.99999947845892800 ) ) ;
#3331 = DIRECTION ( 'NONE',  ( -8.157786440681345800E-032, -4.440892098500626200E-016, -1.000000000000000000 ) ) ;
#3332 = DIRECTION ( 'NONE',  ( -0.7071067811865178200, -0.7071067811865773300, -3.140184917367417700E-016 ) ) ;
#3333 = ADVANCED_FACE ( 'NONE', ( #1527, #6176 ), #3772, .T. ) ;
#3334 = VERTEX_POINT ( 'NONE', #4707 ) ;
#3335 = ORIENTED_EDGE ( 'NONE', *, *, #3756, .F. ) ;
#3336 = EDGE_CURVE ( 'NONE', #1180, #169, #5601, .T. ) ;
#3337 = DIRECTION ( 'NONE',  ( -0.0000000000000000000, -0.0000000000000000000, 1.000000000000000000 ) ) ;
#3338 = ORIENTED_EDGE ( 'NONE', *, *, #8585, .F. ) ;
#3339 = VERTEX_POINT ( 'NONE', #8400 ) ;
#3340 = DIRECTION ( 'NONE',  ( -0.0000000000000000000, -0.0000000000000000000, 1.000000000000000000 ) ) ;
#3341 = AXIS2_PLACEMENT_3D ( 'NONE', #341, #2946, #10346 ) ;
#3342 = DIRECTION ( 'NONE',  ( 4.440892098500626200E-016, 0.0000000000000000000, -1.000000000000000000 ) ) ;
#3343 = ORIENTED_EDGE ( 'NONE', *, *, #8335, .F. ) ;
#3344 = FACE_OUTER_BOUND ( 'NONE', #6789, .T. ) ;
#3345 = AXIS2_PLACEMENT_3D ( 'NONE', #1386, #9719, #9796 ) ;
#3346 = DIRECTION ( 'NONE',  ( -1.000000000000000000, 0.0000000000000000000, -5.421010862427554700E-016 ) ) ;
#3347 = AXIS2_PLACEMENT_3D ( 'NONE', #11243, #1618, #1892 ) ;
#3349 = ORIENTED_EDGE ( 'NONE', *, *, #11125, .T. ) ;
#3348 = DIRECTION ( 'NONE',  ( 0.0000000000000000000, 1.000000000000000000, 0.0000000000000000000 ) ) ;
#3350 = CARTESIAN_POINT ( 'NONE',  ( 155.6319086941537400, 36.31926200561233700, 17.11456817453939300 ) ) ;
#3351 = DIRECTION ( 'NONE',  ( -1.000000000000000000, 0.0000000000000000000, -5.782411586589351700E-016 ) ) ;
#3352 = DIRECTION ( 'NONE',  ( 0.0000000000000000000, 0.0000000000000000000, -1.000000000000000000 ) ) ;
#3353 = EDGE_CURVE ( 'NONE', #11909, #3339, #3118, .T. ) ;
#3354 = LINE ( 'NONE', #1988, #10543 ) ;
#3355 = EDGE_CURVE ( 'NONE', #9765, #9832, #9886, .T. ) ;
#3356 = AXIS2_PLACEMENT_3D ( 'NONE', #9089, #10922, #860 ) ;
#3357 = VERTEX_POINT ( 'NONE', #6541 ) ;
#3358 = EDGE_CURVE ( 'NONE', #6252, #9709, #5313, .T. ) ;
#3359 = ORIENTED_EDGE ( 'NONE', *, *, #360, .T. ) ;
#3360 = APPROVAL_DATE_TIME ( #4528, #7562 ) ;
#3361 = CARTESIAN_POINT ( 'NONE',  ( 176.7719251287009300, 45.86904386338088800, 4.199999833293105700 ) ) ;
#3362 = ORIENTED_EDGE ( 'NONE', *, *, #6854, .T. ) ;
#3363 = ADVANCED_FACE ( 'NONE', ( #4316 ), #4979, .F. ) ;
#3364 = CARTESIAN_POINT ( 'NONE',  ( 173.7719257169744100, 37.86904386338095200, 21.99999947845893200 ) ) ;
#3365 = CARTESIAN_POINT ( 'NONE',  ( 178.3315309630457600, 34.76904386338107100, 21.99999947845893200 ) ) ;
#3366 = EDGE_CURVE ( 'NONE', #10999, #10137, #11473, .T. ) ;
#3367 = VERTEX_POINT ( 'NONE', #5059 ) ;
#3368 = CARTESIAN_POINT ( 'NONE',  ( 191.4000717265999200, 42.89559590511721200, 22.49999878108514300 ) ) ;
#3369 = AXIS2_PLACEMENT_3D ( 'NONE', #1671, #11694, #3590 ) ;
#3370 = EDGE_LOOP ( 'NONE', ( #5662, #8098, #1588, #8233 ) ) ;
#3371 = ORIENTED_EDGE ( 'NONE', *, *, #29, .F. ) ;
#3372 = EDGE_CURVE ( 'NONE', #3216, #3530, #1958, .T. ) ;
#3373 = ORIENTED_EDGE ( 'NONE', *, *, #8571, .F. ) ;
#3374 = CARTESIAN_POINT ( 'NONE',  ( 173.7719257169743800, 45.86904400576364800, 1.744954930550331400E-014 ) ) ;
#3375 = EDGE_CURVE ( 'NONE', #4407, #4534, #5473, .T. ) ;
#3376 = FACE_BOUND ( 'NONE', #6053, .T. ) ;
#3377 = AXIS2_PLACEMENT_3D ( 'NONE', #4461, #854, #8237 ) ;
#3378 = CIRCLE ( 'NONE', #11584, 0.7500000000000006700 ) ;
#3379 = DIRECTION ( 'NONE',  ( 4.440892098500625700E-016, -1.224646799147353500E-016, -1.000000000000000000 ) ) ;
#3380 = VERTEX_POINT ( 'NONE', #4022 ) ;
#3381 = DIRECTION ( 'NONE',  ( -0.0000000000000000000, -0.0000000000000000000, 1.000000000000000000 ) ) ;
#3382 = ORIENTED_EDGE ( 'NONE', *, *, #2266, .T. ) ;
#3383 = ORIENTED_EDGE ( 'NONE', *, *, #9181, .T. ) ;
#3384 = ORIENTED_EDGE ( 'NONE', *, *, #8725, .F. ) ;
#3385 = DIRECTION ( 'NONE',  ( -1.000000000000000000, 0.0000000000000000000, -2.168404306771157900E-016 ) ) ;
#3386 = VERTEX_POINT ( 'NONE', #3189 ) ;
#3387 = CYLINDRICAL_SURFACE ( 'NONE', #2375, 1.000000000000445000 ) ;
#3388 = AXIS2_PLACEMENT_3D ( 'NONE', #8656, #6840, #9633 ) ;
#3389 = CARTESIAN_POINT ( 'NONE',  ( 152.2719263075210800, 45.86904400576364800, 10.25000000000008000 ) ) ;
#3390 = FACE_OUTER_BOUND ( 'NONE', #1194, .T. ) ;
#3391 = CARTESIAN_POINT ( 'NONE',  ( 156.4711743325179600, 34.87192870198421000, 17.00466716096485300 ) ) ;
#3392 = AXIS2_PLACEMENT_3D ( 'NONE', #9080, #1678, #8109 ) ;
#3393 = ORIENTED_EDGE ( 'NONE', *, *, #3305, .T. ) ;
#3394 = ADVANCED_FACE ( 'NONE', ( #2841 ), #3153, .T. ) ;
#3395 = ORIENTED_EDGE ( 'NONE', *, *, #8581, .T. ) ;
#3396 = VECTOR ( 'NONE', #2849, 1000.000000000000000 ) ;
#3397 = DIRECTION ( 'NONE',  ( -4.440892098500625700E-016, 1.224646799147353500E-016, 1.000000000000000000 ) ) ;
#3398 = DIRECTION ( 'NONE',  ( -1.000000000000000000, 0.0000000000000000000, -4.336808689942013800E-016 ) ) ;
#3399 = FACE_OUTER_BOUND ( 'NONE', #2511, .T. ) ;
#3400 = DIRECTION ( 'NONE',  ( 5.242473122279988200E-013, -1.000000000000000000, 0.0000000000000000000 ) ) ;
#3401 = ORIENTED_EDGE ( 'NONE', *, *, #4457, .T. ) ;
#3402 = DIRECTION ( 'NONE',  ( 1.000000000000000000, 0.0000000000000000000, 0.0000000000000000000 ) ) ;
#3403 = VERTEX_POINT ( 'NONE', #1292 ) ;
#3404 = CARTESIAN_POINT ( 'NONE',  ( 161.8010730757221200, 45.03316884794978100, 18.99999947845892800 ) ) ;
#3405 = FACE_OUTER_BOUND ( 'NONE', #233, .T. ) ;
#3406 = ORIENTED_EDGE ( 'NONE', *, *, #4922, .T. ) ;
#3407 = CARTESIAN_POINT ( 'NONE',  ( 175.0019953151992800, 40.22841886338043300, 21.99999947845893200 ) ) ;
#3408 = LINE ( 'NONE', #10149, #7722 ) ;
#3409 = DIRECTION ( 'NONE',  ( -1.000000000000000000, 0.0000000000000000000, 0.0000000000000000000 ) ) ;
#3410 = DIRECTION ( 'NONE',  ( -1.000000000000000000, 3.469446951953563300E-015, -4.440892098500626200E-016 ) ) ;
#3411 = CARTESIAN_POINT ( 'NONE',  ( 173.7719257169749500, 45.86904400576418100, 22.49999878108514700 ) ) ;
#3412 = VERTEX_POINT ( 'NONE', #4056 ) ;
#3413 = EDGE_LOOP ( 'NONE', ( #9856, #3187, #34, #1872, #4608, #8346, #98, #8243, #10909, #2132, #11340, #11153, #601, #7677, #7538, #7164, #2804, #11334, #7255, #922, #7484, #11389, #7955 ) ) ;
#3414 = CARTESIAN_POINT ( 'NONE',  ( 173.7719257169745200, 39.86904448602505400, 2.199999311752465200 ) ) ;
#3415 = FACE_OUTER_BOUND ( 'NONE', #6464, .T. ) ;
#3416 = FACE_OUTER_BOUND ( 'NONE', #8262, .T. ) ;
#3417 = EDGE_CURVE ( 'NONE', #491, #1800, #3725, .T. ) ;
#3418 = ORIENTED_EDGE ( 'NONE', *, *, #4849, .F. ) ;
#3419 = DIRECTION ( 'NONE',  ( 1.000000000000000000, -1.836970198721029700E-016, 0.0000000000000000000 ) ) ;
#3420 = DIRECTION ( 'NONE',  ( 0.0000000000000000000, 1.000000000000000000, 0.0000000000000000000 ) ) ;
#3421 = CIRCLE ( 'NONE', #5012, 1.349999999999997000 ) ;
#3422 = DIRECTION ( 'NONE',  ( 0.0000000000000000000, 0.0000000000000000000, -1.000000000000000000 ) ) ;
#3423 = ORIENTED_EDGE ( 'NONE', *, *, #1861, .F. ) ;
#3424 = CIRCLE ( 'NONE', #6220, 0.7500000000000006700 ) ;
#3425 = CARTESIAN_POINT ( 'NONE',  ( 167.2523743689317500, 51.82684968601702700, 18.99999947845893200 ) ) ;
#3426 = EDGE_CURVE ( 'NONE', #11591, #3175, #2255, .T. ) ;
#3427 = ORIENTED_EDGE ( 'NONE', *, *, #5685, .T. ) ;
#3428 = DIRECTION ( 'NONE',  ( -8.157786440681345800E-032, -4.440892098500626200E-016, -1.000000000000000000 ) ) ;
#3429 = AXIS2_PLACEMENT_3D ( 'NONE', #1440, #6065, #2373 ) ;
#3430 = FACE_OUTER_BOUND ( 'NONE', #10844, .T. ) ;
#3431 = LINE ( 'NONE', #9983, #10481 ) ;
#3432 = EDGE_CURVE ( 'NONE', #4318, #605, #356, .T. ) ;
#3433 = CARTESIAN_POINT ( 'NONE',  ( 182.5482059291605600, 30.72880276289894000, 1.999999999999914500 ) ) ;
#3434 = ORIENTED_EDGE ( 'NONE', *, *, #4772, .T. ) ;
#3435 = DIRECTION ( 'NONE',  ( -0.0000000000000000000, -0.0000000000000000000, 1.000000000000000000 ) ) ;
#3436 = FACE_OUTER_BOUND ( 'NONE', #4804, .T. ) ;
#3437 = ORIENTED_EDGE ( 'NONE', *, *, #8894, .F. ) ;
#3438 = FACE_BOUND ( 'NONE', #1142, .T. ) ;
#3439 = DIRECTION ( 'NONE',  ( -1.000000000000000000, 0.0000000000000000000, -4.440892098500626200E-016 ) ) ;
#3441 = ADVANCED_FACE ( 'NONE', ( #2543 ), #10753, .F. ) ;
#3440 = CARTESIAN_POINT ( 'NONE',  ( 173.7719257169744900, 45.86904400576364800, 1.999999999999914500 ) ) ;
#3442 = EDGE_CURVE ( 'NONE', #2347, #4286, #11755, .T. ) ;
#3443 = CYLINDRICAL_SURFACE ( 'NONE', #4246, 1.749999386690449100 ) ;
#3444 = EDGE_CURVE ( 'NONE', #10155, #9842, #9756, .T. ) ;
#3445 = CARTESIAN_POINT ( 'NONE',  ( 195.2719251264276700, 45.86904400576364800, 10.25000000000009100 ) ) ;
#3446 = ORIENTED_EDGE ( 'NONE', *, *, #3125, .T. ) ;
#3447 = EDGE_CURVE ( 'NONE', #11004, #9164, #7318, .T. ) ;
#3448 = AXIS2_PLACEMENT_3D ( 'NONE', #316, #3201, #4203 ) ;
#3449 = DIRECTION ( 'NONE',  ( 4.440892098500625700E-016, -1.224646799147353500E-016, -1.000000000000000000 ) ) ;
#3450 = CIRCLE ( 'NONE', #1466, 2.000000000000029300 ) ;
#3451 = CARTESIAN_POINT ( 'NONE',  ( 181.1050050759460500, 55.36777783770764200, 21.99999947845893200 ) ) ;
#3452 = DIRECTION ( 'NONE',  ( 0.7071067811864681900, 0.7071067811866268400, 1.570092458683598900E-016 ) ) ;
#3453 = ADVANCED_FACE ( 'NONE', ( #4599 ), #1669, .T. ) ;
#3454 = EDGE_CURVE ( 'NONE', #7084, #8396, #11326, .T. ) ;
#3455 = AXIS2_PLACEMENT_3D ( 'NONE', #8960, #9818, #3471 ) ;
#3456 = VERTEX_POINT ( 'NONE', #9656 ) ;
#3457 = FACE_OUTER_BOUND ( 'NONE', #8844, .T. ) ;
#3458 = DIRECTION ( 'NONE',  ( 0.0000000000000000000, 1.000000000000000000, 0.0000000000000000000 ) ) ;
#3459 = CARTESIAN_POINT ( 'NONE',  ( 176.7719257169737500, 52.51494189713120200, 23.49999947845893200 ) ) ;
#3460 = DIRECTION ( 'NONE',  ( 1.000000000000000000, 0.0000000000000000000, 0.0000000000000000000 ) ) ;
#3461 = AXIS2_PLACEMENT_3D ( 'NONE', #11108, #4666, #105 ) ;
#3462 = CARTESIAN_POINT ( 'NONE',  ( 181.2719257169745800, 49.86904400576358400, 4.199999999999906000 ) ) ;
#3463 = DIRECTION ( 'NONE',  ( 4.440892098500626200E-016, 0.0000000000000000000, -1.000000000000000000 ) ) ;
#3464 = CARTESIAN_POINT ( 'NONE',  ( 187.2719257169762000, 45.86904386338088100, 23.49999947845892100 ) ) ;
#3465 = ORIENTED_EDGE ( 'NONE', *, *, #3125, .F. ) ;
#3466 = FACE_OUTER_BOUND ( 'NONE', #4651, .T. ) ;
#3467 = DIRECTION ( 'NONE',  ( -1.000000000000000000, 0.0000000000000000000, -4.336808689942013800E-016 ) ) ;
#3468 = AXIS2_PLACEMENT_3D ( 'NONE', #8786, #414, #6060 ) ;
#3469 = VERTEX_POINT ( 'NONE', #4228 ) ;
#3470 = CARTESIAN_POINT ( 'NONE',  ( 173.7719257169747200, 67.36904306100990400, 19.49999999999988300 ) ) ;
#3471 = DIRECTION ( 'NONE',  ( 1.000000000000000000, 0.0000000000000000000, 0.0000000000000000000 ) ) ;
#3472 = EDGE_LOOP ( 'NONE', ( #11796, #8813 ) ) ;
#3473 = EDGE_LOOP ( 'NONE', ( #9366, #6094, #11600, #9093 ) ) ;
#3474 = AXIS2_PLACEMENT_3D ( 'NONE', #4475, #6313, #7217 ) ;
#3475 = ORIENTED_EDGE ( 'NONE', *, *, #11611, .T. ) ;
#3476 = LINE ( 'NONE', #8678, #5511 ) ;
#3477 = DIRECTION ( 'NONE',  ( 1.000000000000000000, -1.836970198721029700E-016, 0.0000000000000000000 ) ) ;
#3478 = ORIENTED_EDGE ( 'NONE', *, *, #9133, .T. ) ;
#3479 = ORIENTED_EDGE ( 'NONE', *, *, #1418, .F. ) ;
#3480 = DIRECTION ( 'NONE',  ( -8.157786440681345800E-032, -4.440892098500626200E-016, -1.000000000000000000 ) ) ;
#3481 = ORIENTED_EDGE ( 'NONE', *, *, #9672, .T. ) ;
#3482 = AXIS2_PLACEMENT_3D ( 'NONE', #5495, #9151, #5407 ) ;
#3483 = DIRECTION ( 'NONE',  ( 4.440892098500626200E-016, 0.0000000000000000000, -1.000000000000000000 ) ) ;
#3484 = CARTESIAN_POINT ( 'NONE',  ( 178.0274422451635400, 39.94801863515321100, 23.49999947845893200 ) ) ;
#3485 = CARTESIAN_POINT ( 'NONE',  ( 158.6316844741093300, 37.09276379357758200, 2.949029909160572100E-014 ) ) ;
#3486 = LINE ( 'NONE', #5805, #8789 ) ;
#3487 = EDGE_CURVE ( 'NONE', #8110, #4351, #3862, .T. ) ;
#3488 = CARTESIAN_POINT ( 'NONE',  ( 189.0689853496277200, 43.36904400576364100, 3.000012844918273900 ) ) ;
#3489 = ADVANCED_FACE ( 'NONE', ( #9303 ), #8723, .F. ) ;
#3490 = ORIENTED_EDGE ( 'NONE', *, *, #10905, .T. ) ;
#3491 = PLANE ( 'NONE',  #1003 ) ;
#3492 = AXIS2_PLACEMENT_3D ( 'NONE', #1321, #10655, #8680 ) ;
#3493 = CARTESIAN_POINT ( 'NONE',  ( 166.8437224866989100, 49.86904386338100900, 21.99999947845893200 ) ) ;
#3494 = VECTOR ( 'NONE', #3663, 1000.000000000000000 ) ;
#3495 = AXIS2_PLACEMENT_3D ( 'NONE', #2765, #9159, #9192 ) ;
#3496 = CARTESIAN_POINT ( 'NONE',  ( 180.2503688297189500, 35.85506698708766700, 1.999999999999915000 ) ) ;
#3497 = AXIS2_PLACEMENT_3D ( 'NONE', #2834, #110, #3810 ) ;
#3498 = DIRECTION ( 'NONE',  ( 2.220446049250312800E-016, -1.224646799147353200E-016, -1.000000000000000000 ) ) ;
#3499 = DIRECTION ( 'NONE',  ( -0.0000000000000000000, -0.0000000000000000000, 1.000000000000000000 ) ) ;
#3500 = EDGE_LOOP ( 'NONE', ( #769, #7818, #8978, #10584 ) ) ;
#3501 = ORIENTED_EDGE ( 'NONE', *, *, #6514, .F. ) ;
#3502 = EDGE_CURVE ( 'NONE', #2982, #6977, #1389, .T. ) ;
#3503 = DIRECTION ( 'NONE',  ( -1.000000000000000000, -3.700743415417168100E-014, 0.0000000000000000000 ) ) ;
#3504 = ORIENTED_EDGE ( 'NONE', *, *, #4155, .F. ) ;
#3505 = DIRECTION ( 'NONE',  ( 0.0000000000000000000, 1.000000000000000000, 0.0000000000000000000 ) ) ;
#3506 = CIRCLE ( 'NONE', #236, 1.000000000000000900 ) ;
#3507 = EDGE_CURVE ( 'NONE', #10667, #1524, #4169, .T. ) ;
#3508 = ADVANCED_FACE ( 'NONE', ( #11181 ), #11400, .F. ) ;
#3509 = ORIENTED_EDGE ( 'NONE', *, *, #4935, .F. ) ;
#3510 = EDGE_CURVE ( 'NONE', #8846, #4586, #8935, .T. ) ;
#3511 = CARTESIAN_POINT ( 'NONE',  ( 167.6610262511647700, 53.78465550865308800, 18.99999947845893200 ) ) ;
#3512 = CARTESIAN_POINT ( 'NONE',  ( 191.4000717265999200, 41.14559651842677100, 22.49999878108514300 ) ) ;
#3513 = DIRECTION ( 'NONE',  ( 4.440892098500626200E-016, 0.0000000000000000000, -1.000000000000000000 ) ) ;
#3514 = AXIS2_PLACEMENT_3D ( 'NONE', #7382, #6484, #7319 ) ;
#3515 = ORIENTED_EDGE ( 'NONE', *, *, #2737, .T. ) ;
#3516 = CARTESIAN_POINT ( 'NONE',  ( 163.9926420507598600, 28.99848947591633700, 2.861674191236306400E-014 ) ) ;
#3517 = ORIENTED_EDGE ( 'NONE', *, *, #8971, .T. ) ;
#3518 = ORIENTED_EDGE ( 'NONE', *, *, #5146, .F. ) ;
#3519 = ORIENTED_EDGE ( 'NONE', *, *, #796, .T. ) ;
#3520 = VERTEX_POINT ( 'NONE', #6980 ) ;
#3521 = LINE ( 'NONE', #4, #11274 ) ;
#3522 = CARTESIAN_POINT ( 'NONE',  ( 198.9033806311083200, 43.36904400576364100, 0.7500135331658555100 ) ) ;
#3523 = DIRECTION ( 'NONE',  ( -1.000000000000000000, 0.0000000000000000000, -2.220446049250313100E-016 ) ) ;
#3524 = CYLINDRICAL_SURFACE ( 'NONE', #3162, 10.49999843580509700 ) ;
#3525 = CARTESIAN_POINT ( 'NONE',  ( 156.0847441733190000, 35.50414254150677400, 15.49999745121856200 ) ) ;
#3526 = EDGE_CURVE ( 'NONE', #8206, #2192, #8229, .T. ) ;
#3527 = AXIS2_PLACEMENT_3D ( 'NONE', #9918, #6356, #9060 ) ;
#3528 = ORIENTED_EDGE ( 'NONE', *, *, #4466, .T. ) ;
#3529 = EDGE_CURVE ( 'NONE', #8455, #6664, #6807, .T. ) ;
#3530 = VERTEX_POINT ( 'NONE', #3272 ) ;
#3531 = DIRECTION ( 'NONE',  ( -1.000000000000000000, 0.0000000000000000000, 0.0000000000000000000 ) ) ;
#3532 = EDGE_CURVE ( 'NONE', #4236, #3948, #8076, .T. ) ;
#3533 = CARTESIAN_POINT ( 'NONE',  ( 175.8488487938980100, 49.86108476153624700, 23.49999947845893200 ) ) ;
#3534 = ORIENTED_EDGE ( 'NONE', *, *, #9129, .T. ) ;
#3535 = ORIENTED_EDGE ( 'NONE', *, *, #6473, .F. ) ;
#3536 = AXIS2_PLACEMENT_3D ( 'NONE', #4009, #4931, #5854 ) ;
#3537 = CIRCLE ( 'NONE', #6246, 1.349999999999997000 ) ;
#3538 = ORIENTED_EDGE ( 'NONE', *, *, #5630, .T. ) ;
#3539 = CIRCLE ( 'NONE', #8315, 13.50000000000181500 ) ;
#3540 = DIRECTION ( 'NONE',  ( -0.4999999999999996700, 0.8660254037844388200, 0.0000000000000000000 ) ) ;
#3541 = PLANE ( 'NONE',  #3311 ) ;
#3542 = DIRECTION ( 'NONE',  ( -1.224646799147353500E-016, -2.220446049250312800E-016, -1.000000000000000000 ) ) ;
#3543 = ORIENTED_EDGE ( 'NONE', *, *, #1636, .F. ) ;
#3544 = ORIENTED_EDGE ( 'NONE', *, *, #9874, .T. ) ;
#3545 = AXIS2_PLACEMENT_3D ( 'NONE', #5174, #5090, #536 ) ;
#3546 = DIRECTION ( 'NONE',  ( -4.440892098500626200E-016, -0.0000000000000000000, 1.000000000000000000 ) ) ;
#3547 = CARTESIAN_POINT ( 'NONE',  ( 173.7719257169744400, 45.86904400576401000, 22.49999878108514300 ) ) ;
#3548 = FACE_OUTER_BOUND ( 'NONE', #5224, .T. ) ;
#3549 = VERTEX_POINT ( 'NONE', #9739 ) ;
#3550 = CARTESIAN_POINT ( 'NONE',  ( 173.7719257169744900, 37.86904386338088800, 21.99999947845893200 ) ) ;
#3551 = FACE_OUTER_BOUND ( 'NONE', #4011, .T. ) ;
#3552 = CARTESIAN_POINT ( 'NONE',  ( 173.7719257169743800, 45.86904400576364800, 1.000000000000028600 ) ) ;
#3553 = DIRECTION ( 'NONE',  ( 8.157786440681345800E-032, 4.440892098500626200E-016, 1.000000000000000000 ) ) ;
#3554 = ORIENTED_EDGE ( 'NONE', *, *, #655, .F. ) ;
#3555 = ORIENTED_EDGE ( 'NONE', *, *, #8040, .F. ) ;
#3556 = DIRECTION ( 'NONE',  ( -1.000000000000000000, 0.0000000000000000000, -5.782411586589351700E-016 ) ) ;
#3557 = ADVANCED_FACE ( 'NONE', ( #10103 ), #1461, .T. ) ;
#3558 = VECTOR ( 'NONE', #5769, 1000.000000000000000 ) ;
#3559 = DIRECTION ( 'NONE',  ( 8.157786440681345800E-032, 4.440892098500626200E-016, 1.000000000000000000 ) ) ;
#3560 = CIRCLE ( 'NONE', #11462, 4.500000000000198100 ) ;
#3561 = DIRECTION ( 'NONE',  ( -1.000000000000000000, 0.0000000000000000000, 0.0000000000000000000 ) ) ;
#3562 = ORIENTED_EDGE ( 'NONE', *, *, #2198, .T. ) ;
#3563 = VECTOR ( 'NONE', #1457, 1000.000000000000000 ) ;
#3564 = ORIENTED_EDGE ( 'NONE', *, *, #10057, .F. ) ;
#3565 = ORIENTED_EDGE ( 'NONE', *, *, #4008, .F. ) ;
#3566 = CARTESIAN_POINT ( 'NONE',  ( 175.0019953151992800, 40.22841886338043300, 23.49999947845893200 ) ) ;
#3567 = ORIENTED_EDGE ( 'NONE', *, *, #10119, .T. ) ;
#3568 = DIRECTION ( 'NONE',  ( -1.000000000000000000, 0.0000000000000000000, -4.336808689941893500E-016 ) ) ;
#3569 = DIRECTION ( 'NONE',  ( -1.000000000000000000, 0.0000000000000000000, 0.0000000000000000000 ) ) ;
#3570 = CIRCLE ( 'NONE', #3199, 0.5000000000000004400 ) ;
#3571 = CIRCLE ( 'NONE', #11372, 2.000000000000001800 ) ;
#3572 = FACE_OUTER_BOUND ( 'NONE', #11533, .T. ) ;
#3573 = ORIENTED_EDGE ( 'NONE', *, *, #8968, .T. ) ;
#3574 = CARTESIAN_POINT ( 'NONE',  ( 173.7719257169747200, 45.86904400576391100, 21.49999895691860300 ) ) ;
#3575 = CARTESIAN_POINT ( 'NONE',  ( 169.0484782296380500, 29.99089738282915400, 20.49999878108513900 ) ) ;
#3576 = CARTESIAN_POINT ( 'NONE',  ( 173.7719257169742400, 45.86904386338100200, 23.49999947845893900 ) ) ;
#3577 = CYLINDRICAL_SURFACE ( 'NONE', #3936, 2.000000000000001800 ) ;
#3578 = AXIS2_PLACEMENT_3D ( 'NONE', #9974, #9205, #11026 ) ;
#3579 = ADVANCED_FACE ( 'NONE', ( #7801 ), #7501, .F. ) ;
#3580 = FACE_OUTER_BOUND ( 'NONE', #555, .T. ) ;
#3581 = ORIENTED_EDGE ( 'NONE', *, *, #1796, .F. ) ;
#3583 = CIRCLE ( 'NONE', #9037, 0.5000000000000004400 ) ;
#3582 = DIRECTION ( 'NONE',  ( 0.0000000000000000000, 1.000000000000000000, 0.0000000000000000000 ) ) ;
#3584 = CIRCLE ( 'NONE', #8107, 0.8000000000000020400 ) ;
#3585 = CARTESIAN_POINT ( 'NONE',  ( 164.9956455047893400, 30.72880276289894400, 1.999999999999911200 ) ) ;
#3586 = VECTOR ( 'NONE', #9036, 1000.000000000000000 ) ;
#3587 = ORIENTED_EDGE ( 'NONE', *, *, #4294, .F. ) ;
#3588 = DIRECTION ( 'NONE',  ( 4.440892098500626200E-016, 0.0000000000000000000, -1.000000000000000000 ) ) ;
#3589 = CIRCLE ( 'NONE', #3845, 21.49999940945329500 ) ;
#3590 = DIRECTION ( 'NONE',  ( 0.0000000000000000000, 1.000000000000000000, 0.0000000000000000000 ) ) ;
#3591 = EDGE_CURVE ( 'NONE', #6977, #485, #4088, .T. ) ;
#3592 = CARTESIAN_POINT ( 'NONE',  ( 178.6013034760583200, 52.86383567243009900, 4.199999999999905100 ) ) ;
#3593 = CIRCLE ( 'NONE', #5816, 1.000000000000000900 ) ;
#3594 = DIRECTION ( 'NONE',  ( 0.0000000000000000000, 1.224646799147353200E-016, 1.000000000000000000 ) ) ;
#3595 = AXIS2_PLACEMENT_3D ( 'NONE', #11756, #2582, #1528 ) ;
#3596 = EDGE_CURVE ( 'NONE', #3886, #2357, #2763, .T. ) ;
#3597 = CARTESIAN_POINT ( 'NONE',  ( 173.7719257169743800, 42.36904386338100200, 23.49999947845933700 ) ) ;
#3598 = CIRCLE ( 'NONE', #11445, 21.49999940945329500 ) ;
#3599 = CARTESIAN_POINT ( 'NONE',  ( 181.3330386763110800, 50.75059494298165000, 2.199999311752462100 ) ) ;
#3600 = DIRECTION ( 'NONE',  ( 8.157786440681345800E-032, 4.440892098500626200E-016, 1.000000000000000000 ) ) ;
#3601 = DIRECTION ( 'NONE',  ( 1.000000000000000000, -0.0000000000000000000, 4.440892098500626200E-016 ) ) ;
#3602 = EDGE_CURVE ( 'NONE', #5764, #8206, #1591, .T. ) ;
#3603 = ORIENTED_EDGE ( 'NONE', *, *, #9426, .T. ) ;
#3604 = VECTOR ( 'NONE', #3151, 1000.000000000000000 ) ;
#3605 = DIRECTION ( 'NONE',  ( -0.0000000000000000000, -0.0000000000000000000, 1.000000000000000000 ) ) ;
#3606 = AXIS2_PLACEMENT_3D ( 'NONE', #5582, #999, #1079 ) ;
#3607 = EDGE_CURVE ( 'NONE', #10155, #318, #334, .T. ) ;
#3608 = PLANE ( 'NONE',  #5315 ) ;
#3609 = EDGE_CURVE ( 'NONE', #5982, #7962, #7099, .T. ) ;
#3610 = CARTESIAN_POINT ( 'NONE',  ( 168.5164091887856200, 41.68006944272092100, 23.49999947845893200 ) ) ;
#3611 = AXIS2_PLACEMENT_3D ( 'NONE', #5378, #3503, #10901 ) ;
#3612 = CARTESIAN_POINT ( 'NONE',  ( 179.9851033605656600, 40.35736318103189300, 23.49999947845893200 ) ) ;
#3613 = EDGE_LOOP ( 'NONE', ( #11749, #6228, #21, #6311 ) ) ;
#3614 = CYLINDRICAL_SURFACE ( 'NONE', #11114, 1.000000000000000900 ) ;
#3615 = CARTESIAN_POINT ( 'NONE',  ( 182.7875378213373400, 36.85343190140081800, 81.17012103714566300 ) ) ;
#3616 = CARTESIAN_POINT ( 'NONE',  ( 178.2656718058339300, 42.11987781092901900, 23.49999947845893200 ) ) ;
#3617 = DIRECTION ( 'NONE',  ( -1.000000000000000000, 0.0000000000000000000, 0.0000000000000000000 ) ) ;
#3618 = ORIENTED_EDGE ( 'NONE', *, *, #4328, .F. ) ;
#3619 = DIRECTION ( 'NONE',  ( -1.000000000000000000, 0.0000000000000000000, 0.0000000000000000000 ) ) ;
#3620 = ADVANCED_FACE ( 'NONE', ( #5531 ), #5948, .T. ) ;
#3621 = AXIS2_PLACEMENT_3D ( 'NONE', #10004, #6245, #4446 ) ;
#3622 = VERTEX_POINT ( 'NONE', #8047 ) ;
#3623 = EDGE_LOOP ( 'NONE', ( #5784, #1885, #6146, #10987 ) ) ;
#3624 = DIRECTION ( 'NONE',  ( -1.000000000000000000, 0.0000000000000000000, -4.440892098500626200E-016 ) ) ;
#3625 = CARTESIAN_POINT ( 'NONE',  ( 192.2719255630692900, 45.86904400576411700, 21.54999878108492000 ) ) ;
#3626 = ORIENTED_EDGE ( 'NONE', *, *, #11147, .T. ) ;
#3627 = LINE ( 'NONE', #9734, #314 ) ;
#3628 = CARTESIAN_POINT ( 'NONE',  ( 186.1462943877393500, 33.49467533499879600, 81.17012103714563400 ) ) ;
#3629 = AXIS2_PLACEMENT_3D ( 'NONE', #9042, #850, #11862 ) ;
#3630 = CARTESIAN_POINT ( 'NONE',  ( 173.7719257169743800, 55.86904386338089500, -19.26262734681628800 ) ) ;
#3631 = CARTESIAN_POINT ( 'NONE',  ( 183.0219256400218600, 62.89051384249050600, 14.29999914656994900 ) ) ;
#3632 = ORIENTED_EDGE ( 'NONE', *, *, #5007, .F. ) ;
#3633 = VERTEX_POINT ( 'NONE', #5350 ) ;
#3634 = CARTESIAN_POINT ( 'NONE',  ( 165.1116716791299600, 40.86904386338089500, -19.26262734681628800 ) ) ;
#3635 = ORIENTED_EDGE ( 'NONE', *, *, #3271, .T. ) ;
#3636 = ORIENTED_EDGE ( 'NONE', *, *, #8802, .T. ) ;
#3637 = DIRECTION ( 'NONE',  ( 4.440892098500626200E-016, 0.0000000000000000000, -1.000000000000000000 ) ) ;
#3638 = CARTESIAN_POINT ( 'NONE',  ( 180.7001289472499600, 49.86904386338100200, 21.99999947845893200 ) ) ;
#3639 = ORIENTED_EDGE ( 'NONE', *, *, #2651, .F. ) ;
#3640 = VECTOR ( 'NONE', #4002, 1000.000000000000000 ) ;
#3641 = ADVANCED_FACE ( 'NONE', ( #42 ), #9953, .T. ) ;
#3642 = DIRECTION ( 'NONE',  ( 0.0000000000000000000, 1.000000000000000000, -4.440892098500626200E-016 ) ) ;
#3643 = CARTESIAN_POINT ( 'NONE',  ( 168.5955450594449900, 65.18755961898305900, 20.49999878108513900 ) ) ;
#3644 = DIRECTION ( 'NONE',  ( 0.0000000000000000000, -1.000000000000000000, 0.0000000000000000000 ) ) ;
#3645 = CARTESIAN_POINT ( 'NONE',  ( 164.2719274538355000, 45.86904400576364800, 8.348356728138381000E-015 ) ) ;
#3646 = EDGE_LOOP ( 'NONE', ( #803, #7109 ) ) ;
#3647 = CARTESIAN_POINT ( 'NONE',  ( 173.1748931372349600, 40.40154058810423300, 5.499999311752322500 ) ) ;
#3648 = DIRECTION ( 'NONE',  ( -0.0000000000000000000, -0.0000000000000000000, 1.000000000000000000 ) ) ;
#3649 = CYLINDRICAL_SURFACE ( 'NONE', #9503, 7.000003774852298300 ) ;
#3650 = DIRECTION ( 'NONE',  ( 0.8660254037839217900, 0.5000000000008951700, -0.0000000000000000000 ) ) ;
#3651 = CARTESIAN_POINT ( 'NONE',  ( 173.7719257169747200, 65.86904306100990400, 22.49999878108514300 ) ) ;
#3652 = DIRECTION ( 'NONE',  ( 0.0000000000000000000, 0.0000000000000000000, -1.000000000000000000 ) ) ;
#3653 = ORIENTED_EDGE ( 'NONE', *, *, #1342, .T. ) ;
#3654 = EDGE_CURVE ( 'NONE', #9399, #5121, #3940, .T. ) ;
#3655 = ORIENTED_EDGE ( 'NONE', *, *, #10123, .T. ) ;
#3656 = DIRECTION ( 'NONE',  ( 0.8660254037839452100, 0.5000000000008546500, 0.0000000000000000000 ) ) ;
#3657 = DIRECTION ( 'NONE',  ( 4.440892098500626200E-016, 0.0000000000000000000, -1.000000000000000000 ) ) ;
#3658 = CIRCLE ( 'NONE', #8623, 2.499999999999697100 ) ;
#3659 = DIRECTION ( 'NONE',  ( 0.0000000000000000000, 0.0000000000000000000, -1.000000000000000000 ) ) ;
#3660 = EDGE_LOOP ( 'NONE', ( #4075, #10331, #7359, #6731 ) ) ;
#3661 = EDGE_CURVE ( 'NONE', #7320, #1354, #10968, .T. ) ;
#3662 = DIRECTION ( 'NONE',  ( -1.224646799147352700E-016, 2.220446049250314100E-016, -1.000000000000000000 ) ) ;
#3663 = DIRECTION ( 'NONE',  ( -0.0000000000000000000, -0.0000000000000000000, 1.000000000000000000 ) ) ;
#3664 = VERTEX_POINT ( 'NONE', #589 ) ;
#3665 = AXIS2_PLACEMENT_3D ( 'NONE', #6389, #4629, #4583 ) ;
#3666 = CARTESIAN_POINT ( 'NONE',  ( 189.2719267945538500, 45.86904400576364100, 1.750013533165798700 ) ) ;
#3667 = ORIENTED_EDGE ( 'NONE', *, *, #6913, .F. ) ;
#3668 = VERTEX_POINT ( 'NONE', #11793 ) ;
#3669 = EDGE_CURVE ( 'NONE', #7931, #6878, #9816, .T. ) ;
#3670 = ORIENTED_EDGE ( 'NONE', *, *, #5242, .T. ) ;
#3671 = CIRCLE ( 'NONE', #4199, 2.000000000000001800 ) ;
#3672 = CARTESIAN_POINT ( 'NONE',  ( 166.8437224866989100, 49.86904386338100900, 19.99999947845892800 ) ) ;
#3673 = CIRCLE ( 'NONE', #1625, 21.49999940945329500 ) ;
#3674 = CARTESIAN_POINT ( 'NONE',  ( 166.1808296183259300, 37.57810637624008600, 23.49999947845893200 ) ) ;
#3675 = ORIENTED_EDGE ( 'NONE', *, *, #3654, .F. ) ;
#3676 = EDGE_CURVE ( 'NONE', #10132, #1055, #6108, .T. ) ;
#3677 = DIRECTION ( 'NONE',  ( -1.000000000000000000, 0.0000000000000000000, -2.218832413938900800E-016 ) ) ;
#3678 = EDGE_LOOP ( 'NONE', ( #1603, #7039 ) ) ;
#3679 = ORIENTED_EDGE ( 'NONE', *, *, #4831, .F. ) ;
#3680 = EDGE_LOOP ( 'NONE', ( #3091, #10974, #6379, #4364 ) ) ;
#3681 = EDGE_CURVE ( 'NONE', #3842, #5742, #1881, .T. ) ;
#3682 = EDGE_LOOP ( 'NONE', ( #6675, #5106 ) ) ;
#3683 = EDGE_CURVE ( 'NONE', #3820, #7620, #6520, .T. ) ;
#3684 = CARTESIAN_POINT ( 'NONE',  ( 181.7875378213373700, 36.85343190140081800, 2.731148640577885100E-014 ) ) ;
#3685 = FACE_OUTER_BOUND ( 'NONE', #9101, .T. ) ;
#3686 = EDGE_LOOP ( 'NONE', ( #11297, #11635, #9902, #7392, #2254 ) ) ;
#3687 = DIRECTION ( 'NONE',  ( 4.440892098500625700E-016, -1.224646799147353500E-016, -1.000000000000000000 ) ) ;
#3689 = ADVANCED_FACE ( 'NONE', ( #8514 ), #2173, .T. ) ;
#3688 = CARTESIAN_POINT ( 'NONE',  ( 165.8437224866989100, 49.86904386338100900, 19.99999947845892800 ) ) ;
#3690 = DIRECTION ( 'NONE',  ( 0.0000000000000000000, 0.0000000000000000000, -1.000000000000000000 ) ) ;
#3691 = AXIS2_PLACEMENT_3D ( 'NONE', #6961, #3131, #484 ) ;
#3692 = CIRCLE ( 'NONE', #2305, 0.5000000000000004400 ) ;
#3693 = DIRECTION ( 'NONE',  ( -1.000000000000000000, 0.0000000000000000000, 0.0000000000000000000 ) ) ;
#3694 = DIRECTION ( 'NONE',  ( 8.157786440681345800E-032, 4.440892098500626200E-016, 1.000000000000000000 ) ) ;
#3695 = ORIENTED_EDGE ( 'NONE', *, *, #10757, .T. ) ;
#3696 = ORIENTED_EDGE ( 'NONE', *, *, #10991, .F. ) ;
#3697 = DIRECTION ( 'NONE',  ( -8.157786440681345800E-032, -4.440892098500626200E-016, -1.000000000000000000 ) ) ;
#3698 = CYLINDRICAL_SURFACE ( 'NONE', #1141, 1.350000000000000500 ) ;
#3699 = EDGE_CURVE ( 'NONE', #9399, #11110, #5808, .T. ) ;
#3700 = AXIS2_PLACEMENT_3D ( 'NONE', #11744, #5227, #6258 ) ;
#3701 = FACE_OUTER_BOUND ( 'NONE', #3806, .T. ) ;
#3702 = DIRECTION ( 'NONE',  ( -1.000000000000000000, 1.836970198721029700E-016, -0.0000000000000000000 ) ) ;
#3703 = CARTESIAN_POINT ( 'NONE',  ( 197.9033806311083500, 43.36904400576364100, 0.7500135331658555100 ) ) ;
#3704 = AXIS2_PLACEMENT_3D ( 'NONE', #8548, #5236, #8848 ) ;
#3705 = EDGE_LOOP ( 'NONE', ( #4834, #5458, #10719, #10653, #10556 ) ) ;
#3706 = DIRECTION ( 'NONE',  ( 1.000000000000000000, 0.0000000000000000000, 0.0000000000000000000 ) ) ;
#3707 = VERTEX_POINT ( 'NONE', #7184 ) ;
#3708 = CIRCLE ( 'NONE', #7989, 0.7500000000000006700 ) ;
#3709 = DIRECTION ( 'NONE',  ( -1.000000000000000000, 0.0000000000000000000, 0.0000000000000000000 ) ) ;
#3710 = ORIENTED_EDGE ( 'NONE', *, *, #8049, .F. ) ;
#3711 = LINE ( 'NONE', #3122, #9738 ) ;
#3712 = ORIENTED_EDGE ( 'NONE', *, *, #7666, .T. ) ;
#3713 = VERTEX_POINT ( 'NONE', #10788 ) ;
#3714 = CARTESIAN_POINT ( 'NONE',  ( 193.9709357602896800, 49.36904400576364100, 2.656459029626886400E-014 ) ) ;
#3715 = ORIENTED_EDGE ( 'NONE', *, *, #5691, .T. ) ;
#3716 = CARTESIAN_POINT ( 'NONE',  ( 182.4321797548188000, 40.06904386338089800, 17.49999947846030000 ) ) ;
#3717 = CIRCLE ( 'NONE', #4820, 1.000000000000000900 ) ;
#3718 = CARTESIAN_POINT ( 'NONE',  ( 171.5081558941292300, 49.75817566741887500, 21.99999947845893200 ) ) ;
#3719 = CIRCLE ( 'NONE', #5169, 1.749999386690445700 ) ;
#3720 = ORIENTED_EDGE ( 'NONE', *, *, #8901, .T. ) ;
#3721 = DIRECTION ( 'NONE',  ( 1.000000000000000000, 0.0000000000000000000, 0.0000000000000000000 ) ) ;
#3722 = CYLINDRICAL_SURFACE ( 'NONE', #7613, 1.999999999999772800 ) ;
#3723 = PLANE ( 'NONE',  #6633 ) ;
#3724 = DIRECTION ( 'NONE',  ( -1.000000000000000000, 0.0000000000000000000, -4.336808689942073900E-016 ) ) ;
#3725 = LINE ( 'NONE', #9455, #1251 ) ;
#3726 = EDGE_LOOP ( 'NONE', ( #8642, #3729, #5706, #7838 ) ) ;
#3727 = DIRECTION ( 'NONE',  ( -2.040851150607881900E-016, -9.183830177735469000E-015, 1.000000000000000000 ) ) ;
#3728 = DIRECTION ( 'NONE',  ( -4.440892098500626200E-016, -0.0000000000000000000, 1.000000000000000000 ) ) ;
#3729 = ORIENTED_EDGE ( 'NONE', *, *, #958, .T. ) ;
#3730 = AXIS2_PLACEMENT_3D ( 'NONE', #4604, #8182, #10965 ) ;
#3731 = FACE_OUTER_BOUND ( 'NONE', #1804, .T. ) ;
#3732 = ORIENTED_EDGE ( 'NONE', *, *, #10343, .F. ) ;
#3733 = FACE_OUTER_BOUND ( 'NONE', #9540, .T. ) ;
#3734 = ORIENTED_EDGE ( 'NONE', *, *, #2568, .T. ) ;
#3735 = LINE ( 'NONE', #8707, #694 ) ;
#3736 = CARTESIAN_POINT ( 'NONE',  ( 169.7719265262745700, 45.86904386338088800, 5.249999934764246300 ) ) ;
#3737 = EDGE_LOOP ( 'NONE', ( #4015, #10937, #5404, #10704 ) ) ;
#3738 = DIRECTION ( 'NONE',  ( 7.388085321846811900E-016, 1.000000000000000000, -9.860761315262647600E-032 ) ) ;
#3739 = DIRECTION ( 'NONE',  ( 4.440892098500625700E-016, -1.224646799147353500E-016, -1.000000000000000000 ) ) ;
#3740 = EDGE_CURVE ( 'NONE', #7415, #11014, #8647, .T. ) ;
#3741 = LINE ( 'NONE', #2335, #9901 ) ;
#3742 = DIRECTION ( 'NONE',  ( 0.0000000000000000000, 1.000000000000000000, 0.0000000000000000000 ) ) ;
#3743 = DIRECTION ( 'NONE',  ( 0.0000000000000000000, -1.000000000000000000, 0.0000000000000000000 ) ) ;
#3744 = AXIS2_PLACEMENT_3D ( 'NONE', #9392, #168, #11092 ) ;
#3745 = VECTOR ( 'NONE', #9202, 1000.000000000000000 ) ;
#3746 = AXIS2_PLACEMENT_3D ( 'NONE', #1864, #11056, #9111 ) ;
#3747 = ORIENTED_EDGE ( 'NONE', *, *, #6990, .T. ) ;
#3748 = ADVANCED_FACE ( 'NONE', ( #1024 ), #3649, .F. ) ;
#3749 = AXIS2_PLACEMENT_3D ( 'NONE', #3615, #10076, #3531 ) ;
#3750 = CIRCLE ( 'NONE', #9652, 0.7500000000000006700 ) ;
#3751 = CARTESIAN_POINT ( 'NONE',  ( 192.2719255630693500, 45.86904400576370500, 14.29999914657000200 ) ) ;
#3752 = DIRECTION ( 'NONE',  ( -1.000000000000000000, 0.0000000000000000000, -4.336808689942013800E-016 ) ) ;
#3753 = EDGE_CURVE ( 'NONE', #10339, #9258, #6238, .T. ) ;
#3754 = EDGE_CURVE ( 'NONE', #8743, #9810, #7657, .T. ) ;
#3755 = DIRECTION ( 'NONE',  ( -2.775557692673890300E-015, 1.000000000000000000, -5.204170673763544500E-016 ) ) ;
#3756 = EDGE_CURVE ( 'NONE', #7558, #734, #9524, .T. ) ;
#3757 = DIRECTION ( 'NONE',  ( 2.040851150607881900E-016, 9.183830177735469000E-015, -1.000000000000000000 ) ) ;
#3758 = AXIS2_PLACEMENT_3D ( 'NONE', #5578, #10205, #4730 ) ;
#3759 = ORIENTED_EDGE ( 'NONE', *, *, #6850, .F. ) ;
#3760 = CYLINDRICAL_SURFACE ( 'NONE', #8863, 1.749999386690438600 ) ;
#3761 = DIRECTION ( 'NONE',  ( 8.157786440681345800E-032, 4.440892098500626200E-016, 1.000000000000000000 ) ) ;
#3762 = CARTESIAN_POINT ( 'NONE',  ( 170.0788721364986300, 40.52008567243016300, 2.199999311752464300 ) ) ;
#3763 = ADVANCED_FACE ( 'NONE', ( #11106 ), #5663, .T. ) ;
#3764 = DIRECTION ( 'NONE',  ( -1.000000000000000000, 0.0000000000000000000, 0.0000000000000000000 ) ) ;
#3765 = DIRECTION ( 'NONE',  ( 0.0000000000000000000, 0.0000000000000000000, -1.000000000000000000 ) ) ;
#3766 = EDGE_CURVE ( 'NONE', #1361, #5982, #10238, .T. ) ;
#3767 = AXIS2_PLACEMENT_3D ( 'NONE', #7389, #10088, #8342 ) ;
#3768 = ORIENTED_EDGE ( 'NONE', *, *, #7573, .T. ) ;
#3769 = EDGE_CURVE ( 'NONE', #4989, #2628, #5243, .T. ) ;
#3770 = FACE_BOUND ( 'NONE', #7825, .T. ) ;
#3771 = EDGE_CURVE ( 'NONE', #656, #5107, #10681, .T. ) ;
#3772 = PLANE ( 'NONE',  #8275 ) ;
#3773 = AXIS2_PLACEMENT_3D ( 'NONE', #6669, #7581, #4764 ) ;
#3774 = ORIENTED_EDGE ( 'NONE', *, *, #10444, .T. ) ;
#3775 = ORIENTED_EDGE ( 'NONE', *, *, #10049, .T. ) ;
#3776 = ORIENTED_EDGE ( 'NONE', *, *, #7968, .F. ) ;
#3777 = CARTESIAN_POINT ( 'NONE',  ( 177.2656718058337600, 40.38782700335961100, 23.49999947845893200 ) ) ;
#3778 = VERTEX_POINT ( 'NONE', #3792 ) ;
#3779 = FACE_OUTER_BOUND ( 'NONE', #228, .T. ) ;
#3780 = CARTESIAN_POINT ( 'NONE',  ( 156.1437797073500300, 41.14559651842632300, 22.49999878108514300 ) ) ;
#3781 = AXIS2_PLACEMENT_3D ( 'NONE', #5211, #3222, #3261 ) ;
#3782 = ORIENTED_EDGE ( 'NONE', *, *, #10748, .F. ) ;
#3783 = ORIENTED_EDGE ( 'NONE', *, *, #8963, .T. ) ;
#3784 = CARTESIAN_POINT ( 'NONE',  ( 181.4321797548195700, 40.86904386338088800, 19.99999947846018200 ) ) ;
#3785 = DIRECTION ( 'NONE',  ( -1.094764425253763300E-047, 4.930380657631323800E-032, 1.000000000000000000 ) ) ;
#3786 = DIRECTION ( 'NONE',  ( 4.440892098500625700E-016, -1.224646799147353500E-016, -1.000000000000000000 ) ) ;
#3787 = AXIS2_PLACEMENT_3D ( 'NONE', #2297, #548, #5021 ) ;
#3788 = VECTOR ( 'NONE', #5650, 1000.000000000000000 ) ;
#3789 = DIRECTION ( 'NONE',  ( 4.440892098500626200E-016, 0.0000000000000000000, -1.000000000000000000 ) ) ;
#3790 = DIRECTION ( 'NONE',  ( 0.0000000000000000000, 0.0000000000000000000, -1.000000000000000000 ) ) ;
#3791 = VERTEX_POINT ( 'NONE', #4618 ) ;
#3792 = CARTESIAN_POINT ( 'NONE',  ( 162.9956455047893400, 30.72880276289894400, 2.816843980291139400E-014 ) ) ;
#3793 = CARTESIAN_POINT ( 'NONE',  ( 158.6316844741093300, 54.64532421794880400, 1.999999999999914500 ) ) ;
#3794 = VECTOR ( 'NONE', #1747, 1000.000000000000000 ) ;
#3795 = CARTESIAN_POINT ( 'NONE',  ( 164.5219257939270100, 29.84757416903736500, 14.29999914657000200 ) ) ;
#3796 = CARTESIAN_POINT ( 'NONE',  ( 180.2718850593088000, 45.89203403532670900, 23.49999947845893200 ) ) ;
#3797 = CARTESIAN_POINT ( 'NONE',  ( 164.5219257939270700, 61.89051384249005800, 22.19999878093403800 ) ) ;
#3798 = ADVANCED_FACE ( 'NONE', ( #7373 ), #748, .F. ) ;
#3799 = CARTESIAN_POINT ( 'NONE',  ( 173.7719257169744400, 45.86904386338088800, 23.49999947845893200 ) ) ;
#3800 = VERTEX_POINT ( 'NONE', #171 ) ;
#3801 = ORIENTED_EDGE ( 'NONE', *, *, #1173, .F. ) ;
#3802 = EDGE_LOOP ( 'NONE', ( #5979, #1631, #2413, #10608 ) ) ;
#3803 = CIRCLE ( 'NONE', #2455, 5.500003774852074500 ) ;
#3804 = AXIS2_PLACEMENT_3D ( 'NONE', #10982, #10913, #2777 ) ;
#3805 = CARTESIAN_POINT ( 'NONE',  ( 173.6384967105587700, 66.36903876735216600, 17.49989706984617000 ) ) ;
#3806 = EDGE_LOOP ( 'NONE', ( #3930, #2885, #6836, #711 ) ) ;
#3807 = CARTESIAN_POINT ( 'NONE',  ( 174.7719257169736400, 55.86904386338088800, 21.74999947845978500 ) ) ;
#3808 = VERTEX_POINT ( 'NONE', #10131 ) ;
#3809 = ORIENTED_EDGE ( 'NONE', *, *, #2121, .F. ) ;
#3810 = DIRECTION ( 'NONE',  ( 0.0000000000000000000, 1.000000000000000000, 0.0000000000000000000 ) ) ;
#3811 = DIRECTION ( 'NONE',  ( -1.000000000000000000, 0.0000000000000000000, 0.0000000000000000000 ) ) ;
#3812 = ORIENTED_EDGE ( 'NONE', *, *, #11767, .F. ) ;
#3813 = ORIENTED_EDGE ( 'NONE', *, *, #7450, .F. ) ;
#3814 = ORIENTED_EDGE ( 'NONE', *, *, #985, .T. ) ;
#3815 = CIRCLE ( 'NONE', #9149, 0.8000000000000020400 ) ;
#3816 = EDGE_CURVE ( 'NONE', #9709, #4790, #10817, .T. ) ;
#3817 = CIRCLE ( 'NONE', #5498, 1.749999386690438600 ) ;
#3818 = APPROVAL_STATUS ( 'not_yet_approved' ) ;
#3819 = AXIS2_PLACEMENT_3D ( 'NONE', #11258, #182, #148 ) ;
#3820 = VERTEX_POINT ( 'NONE', #3834 ) ;
#3821 = DIRECTION ( 'NONE',  ( 0.0000000000000000000, 1.000000000000000000, -5.204170673763544500E-016 ) ) ;
#3822 = DIRECTION ( 'NONE',  ( -1.000000000000000000, 0.0000000000000000000, -4.336808689942013800E-016 ) ) ;
#3823 = EDGE_CURVE ( 'NONE', #10268, #4349, #4663, .T. ) ;
#3824 = ORIENTED_EDGE ( 'NONE', *, *, #7895, .F. ) ;
#3825 = ORIENTED_EDGE ( 'NONE', *, *, #9200, .F. ) ;
#3826 = ORIENTED_EDGE ( 'NONE', *, *, #4698, .F. ) ;
#3827 = CARTESIAN_POINT ( 'NONE',  ( 181.4346718591770900, 41.10840761858963800, 0.4790617559635070300 ) ) ;
#3828 = DIRECTION ( 'NONE',  ( 0.0000000000000000000, 1.000000000000000000, 0.0000000000000000000 ) ) ;
#3829 = CYLINDRICAL_SURFACE ( 'NONE', #7091, 1.749999386690438600 ) ;
#3830 = ORIENTED_EDGE ( 'NONE', *, *, #9823, .F. ) ;
#3831 = CARTESIAN_POINT ( 'NONE',  ( 192.8779456889457400, 49.76904400565769700, 1.999999999999915400 ) ) ;
#3832 = CIRCLE ( 'NONE', #11633, 0.7999999999999951600 ) ;
#3833 = EDGE_CURVE ( 'NONE', #2894, #10743, #3354, .T. ) ;
#3834 = CARTESIAN_POINT ( 'NONE',  ( 190.0689853496276700, 44.11904400576364100, 0.7500135331658555100 ) ) ;
#3835 = AXIS2_PLACEMENT_3D ( 'NONE', #9625, #2301, #6985 ) ;
#3836 = CARTESIAN_POINT ( 'NONE',  ( 180.2503688297190400, 55.88302102443970700, 1.999999999999914500 ) ) ;
#3837 = EDGE_CURVE ( 'NONE', #1370, #10018, #7945, .T. ) ;
#3838 = CARTESIAN_POINT ( 'NONE',  ( 173.7719257169744900, 45.86904400576359100, 1.999999999999914500 ) ) ;
#3839 = EDGE_CURVE ( 'NONE', #1500, #1746, #1315, .T. ) ;
#3840 = CARTESIAN_POINT ( 'NONE',  ( 189.0689853496277200, 49.11904400576364100, 3.000012844918273900 ) ) ;
#3841 = CARTESIAN_POINT ( 'NONE',  ( 192.2719255630693500, 45.86904400576370500, 14.29999914657000200 ) ) ;
#3842 = VERTEX_POINT ( 'NONE', #1871 ) ;
#3843 = ORIENTED_EDGE ( 'NONE', *, *, #6012, .T. ) ;
#3844 = CARTESIAN_POINT ( 'NONE',  ( 186.1462943877393700, 33.49467533499879600, 2.775557561562891400E-014 ) ) ;
#3845 = AXIS2_PLACEMENT_3D ( 'NONE', #3552, #10013, #3677 ) ;
#3846 = LINE ( 'NONE', #10214, #237 ) ;
#3847 = CARTESIAN_POINT ( 'NONE',  ( 173.7719257169747200, 45.86904400576391100, 22.49999878108509000 ) ) ;
#3848 = CIRCLE ( 'NONE', #8765, 1.749999386690445700 ) ;
#3849 = EDGE_LOOP ( 'NONE', ( #8015, #11852, #9494, #3490 ) ) ;
#3850 = CARTESIAN_POINT ( 'NONE',  ( 190.0689853496277000, 48.36904400576364100, 0.7500135331658663900 ) ) ;
#3851 = ORIENTED_EDGE ( 'NONE', *, *, #1552, .T. ) ;
#3852 = FACE_OUTER_BOUND ( 'NONE', #876, .T. ) ;
#3853 = AXIS2_PLACEMENT_3D ( 'NONE', #1557, #8003, #3398 ) ;
#3854 = CIRCLE ( 'NONE', #11922, 0.7999999999999951600 ) ;
#3855 = ORIENTED_EDGE ( 'NONE', *, *, #11066, .F. ) ;
#3856 = DIRECTION ( 'NONE',  ( 4.440892098500626200E-016, 0.0000000000000000000, -1.000000000000000000 ) ) ;
#3857 = CARTESIAN_POINT ( 'NONE',  ( 180.0274422451646500, 43.41212025029010100, 23.49999947845893200 ) ) ;
#3858 = VECTOR ( 'NONE', #8145, 1000.000000000000000 ) ;
#3859 = AXIS2_PLACEMENT_3D ( 'NONE', #11485, #7663, #9506 ) ;
#3860 = ORIENTED_EDGE ( 'NONE', *, *, #8192, .T. ) ;
#3861 = EDGE_LOOP ( 'NONE', ( #6579, #5600, #6093, #2676 ) ) ;
#3862 = CIRCLE ( 'NONE', #2494, 0.8000000000000020400 ) ;
#3863 = CARTESIAN_POINT ( 'NONE',  ( 178.3315309630457400, 34.76904386338114300, 23.49999947845893500 ) ) ;
#3864 = ADVANCED_FACE ( 'NONE', ( #1178, #474 ), #3954, .T. ) ;
#3865 = ORIENTED_EDGE ( 'NONE', *, *, #11518, .F. ) ;
#3866 = LINE ( 'NONE', #2308, #8154 ) ;
#3867 = CARTESIAN_POINT ( 'NONE',  ( 154.2719257382862600, 45.86904400576364800, 1.999999999999905900 ) ) ;
#3868 = CARTESIAN_POINT ( 'NONE',  ( 188.9121669598396500, 54.64532421794879700, 1.999999999999914500 ) ) ;
#3869 = DIRECTION ( 'NONE',  ( 0.0000000000000000000, 0.0000000000000000000, -1.000000000000000000 ) ) ;
#3870 = FACE_OUTER_BOUND ( 'NONE', #10955, .T. ) ;
#3871 = CYLINDRICAL_SURFACE ( 'NONE', #9826, 1.999999999999946300 ) ;
#3872 = ORIENTED_EDGE ( 'NONE', *, *, #11737, .T. ) ;
#3873 = DIRECTION ( 'NONE',  ( -0.8660254037844388200, -0.4999999999999997200, 1.060575238724907300E-016 ) ) ;
#3874 = LINE ( 'NONE', #11378, #5032 ) ;
#3875 = DIRECTION ( 'NONE',  ( 0.0000000000000000000, 0.0000000000000000000, -1.000000000000000000 ) ) ;
#3876 = DIRECTION ( 'NONE',  ( -8.157786440681345800E-032, -4.440892098500626200E-016, -1.000000000000000000 ) ) ;
#3877 = FACE_OUTER_BOUND ( 'NONE', #224, .T. ) ;
#3878 = EDGE_LOOP ( 'NONE', ( #2952, #10831 ) ) ;
#3879 = CARTESIAN_POINT ( 'NONE',  ( 190.9219255630692900, 45.86904400576411000, 21.54999878108492000 ) ) ;
#3880 = CIRCLE ( 'NONE', #5986, 2.000000000000029300 ) ;
#3881 = DIRECTION ( 'NONE',  ( 2.220446049250313100E-016, 0.0000000000000000000, -1.000000000000000000 ) ) ;
#3882 = AXIS2_PLACEMENT_3D ( 'NONE', #9240, #5698, #6620 ) ;
#3883 = CYLINDRICAL_SURFACE ( 'NONE', #11599, 1.999999999999974000 ) ;
#3884 = DIRECTION ( 'NONE',  ( -4.440892098500626200E-016, -0.0000000000000000000, 1.000000000000000000 ) ) ;
#3885 = LINE ( 'NONE', #5289, #9175 ) ;
#3886 = VERTEX_POINT ( 'NONE', #7393 ) ;
#3887 = DIRECTION ( 'NONE',  ( -4.440892098500626200E-016, -0.0000000000000000000, 1.000000000000000000 ) ) ;
#3888 = CIRCLE ( 'NONE', #530, 1.000000000000000900 ) ;
#3889 = CARTESIAN_POINT ( 'NONE',  ( 190.0689853496277000, 43.36904400576364100, 1.750013533165752300 ) ) ;
#3890 = CARTESIAN_POINT ( 'NONE',  ( 170.7719257169748300, 52.51494189713109500, 23.49999947845893200 ) ) ;
#3891 = DIRECTION ( 'NONE',  ( 1.000000000000000000, -1.836970198721029700E-016, 0.0000000000000000000 ) ) ;
#3892 = CIRCLE ( 'NONE', #3819, 2.000000000000029300 ) ;
#3893 = DIRECTION ( 'NONE',  ( 4.440892098500625700E-016, -1.224646799147353500E-016, -1.000000000000000000 ) ) ;
#3894 = DIRECTION ( 'NONE',  ( 4.440892098500626200E-016, 0.0000000000000000000, -1.000000000000000000 ) ) ;
#3895 = LINE ( 'NONE', #11824, #4038 ) ;
#3896 = DIRECTION ( 'NONE',  ( -4.440892098500625700E-016, 1.224646799147353500E-016, 1.000000000000000000 ) ) ;
#3897 = EDGE_LOOP ( 'NONE', ( #8925, #3544 ) ) ;
#3898 = LINE ( 'NONE', #4905, #6923 ) ;
#3899 = DIRECTION ( 'NONE',  ( 0.0000000000000000000, 1.000000000000000000, 0.0000000000000000000 ) ) ;
#3900 = DIRECTION ( 'NONE',  ( -1.000000000000000000, 0.0000000000000000000, 0.0000000000000000000 ) ) ;
#3901 = AXIS2_PLACEMENT_3D ( 'NONE', #1214, #1326, #6744 ) ;
#3902 = EDGE_CURVE ( 'NONE', #7887, #4960, #10397, .T. ) ;
#3903 = DIRECTION ( 'NONE',  ( 0.0000000000000000000, 0.0000000000000000000, -1.000000000000000000 ) ) ;
#3904 = AXIS2_PLACEMENT_3D ( 'NONE', #469, #8687, #1294 ) ;
#3905 = DIRECTION ( 'NONE',  ( 0.0000000000000000000, 1.000000000000000000, 0.0000000000000000000 ) ) ;
#3906 = DIRECTION ( 'NONE',  ( -4.440892098500626200E-016, -0.0000000000000000000, 1.000000000000000000 ) ) ;
#3907 = EDGE_CURVE ( 'NONE', #7839, #1055, #11684, .T. ) ;
#3908 = EDGE_LOOP ( 'NONE', ( #1256, #2497, #1313, #3975, #10568 ) ) ;
#3909 = VECTOR ( 'NONE', #5845, 1000.000000000000000 ) ;
#3910 = CARTESIAN_POINT ( 'NONE',  ( 173.7719257169745200, 39.86904448602505400, 5.499999311752643100 ) ) ;
#3911 = EDGE_CURVE ( 'NONE', #11459, #1800, #8363, .T. ) ;
#3912 = CARTESIAN_POINT ( 'NONE',  ( 182.4321797548188000, 39.86904386338162700, 19.99999947846018200 ) ) ;
#3913 = EDGE_CURVE ( 'NONE', #6365, #3357, #3486, .T. ) ;
#3914 = DIRECTION ( 'NONE',  ( 1.000000000000000000, 0.0000000000000000000, 0.0000000000000000000 ) ) ;
#3915 = EDGE_LOOP ( 'NONE', ( #1967, #11670, #3504, #8624 ) ) ;
#3916 = DIRECTION ( 'NONE',  ( 4.440892098500626200E-016, 0.0000000000000000000, -1.000000000000000000 ) ) ;
#3917 = AXIS2_PLACEMENT_3D ( 'NONE', #3414, #4330, #10838 ) ;
#3918 = ORIENTED_EDGE ( 'NONE', *, *, #6458, .F. ) ;
#3919 = ORIENTED_EDGE ( 'NONE', *, *, #6605, .T. ) ;
#3920 = DIRECTION ( 'NONE',  ( -4.440892098500625700E-016, 1.224646799147353500E-016, 1.000000000000000000 ) ) ;
#3921 = ORIENTED_EDGE ( 'NONE', *, *, #9680, .T. ) ;
#3922 = CIRCLE ( 'NONE', #9098, 1.999999999974327900 ) ;
#3924 = ADVANCED_FACE ( 'NONE', ( #2026 ), #10671, .T. ) ;
#3923 = DIRECTION ( 'NONE',  ( -1.000000000000000000, 0.0000000000000000000, -4.336808689942013800E-016 ) ) ;
#3925 = EDGE_LOOP ( 'NONE', ( #4683, #6145 ) ) ;
#3926 = ORIENTED_EDGE ( 'NONE', *, *, #3336, .F. ) ;
#3927 = EDGE_CURVE ( 'NONE', #5877, #4226, #11675, .T. ) ;
#3928 = AXIS2_PLACEMENT_3D ( 'NONE', #2550, #5356, #2672 ) ;
#3929 = ORIENTED_EDGE ( 'NONE', *, *, #7225, .T. ) ;
#3930 = ORIENTED_EDGE ( 'NONE', *, *, #7426, .F. ) ;
#3931 = EDGE_CURVE ( 'NONE', #8628, #11299, #6381, .T. ) ;
#3932 = DIRECTION ( 'NONE',  ( 4.440892098500625200E-016, -1.224646799147353500E-016, -1.000000000000000000 ) ) ;
#3933 = ORIENTED_EDGE ( 'NONE', *, *, #4294, .T. ) ;
#3934 = CIRCLE ( 'NONE', #3514, 2.500000000000390800 ) ;
#3935 = CARTESIAN_POINT ( 'NONE',  ( 164.9956455047893400, 61.00928524862835200, 1.999999999999915000 ) ) ;
#3936 = AXIS2_PLACEMENT_3D ( 'NONE', #972, #215, #2935 ) ;
#3937 = DIRECTION ( 'NONE',  ( -1.000000000000000000, 0.0000000000000000000, -2.220446049250313100E-016 ) ) ;
#3938 = ORIENTED_EDGE ( 'NONE', *, *, #9579, .T. ) ;
#3939 = DIRECTION ( 'NONE',  ( 9.056962336419333900E-048, 2.220446049250313100E-016, 1.000000000000000000 ) ) ;
#3940 = CIRCLE ( 'NONE', #4234, 1.000000000000000900 ) ;
#3941 = DIRECTION ( 'NONE',  ( 2.220446049250313100E-016, 0.0000000000000000000, -1.000000000000000000 ) ) ;
#3942 = AXIS2_PLACEMENT_3D ( 'NONE', #5895, #10500, #10338 ) ;
#3943 = ORIENTED_EDGE ( 'NONE', *, *, #10363, .F. ) ;
#3944 = DIRECTION ( 'NONE',  ( 0.0000000000000000000, 1.000000000000000000, 0.0000000000000000000 ) ) ;
#3945 = DIRECTION ( 'NONE',  ( -1.000000000000000000, 0.0000000000000000000, 0.0000000000000000000 ) ) ;
#3946 = ORIENTED_EDGE ( 'NONE', *, *, #2629, .F. ) ;
#3947 = CIRCLE ( 'NONE', #1830, 0.9999999999999978900 ) ;
#3948 = VERTEX_POINT ( 'NONE', #7598 ) ;
#3949 = CARTESIAN_POINT ( 'NONE',  ( 166.5164091887860100, 45.14417105785848600, 23.49999947845893200 ) ) ;
#3950 = CARTESIAN_POINT ( 'NONE',  ( 169.9722546785817800, 36.61904386338089500, 23.49999947845893200 ) ) ;
#3951 = CARTESIAN_POINT ( 'NONE',  ( 197.9033806311083500, 49.11904400576364100, 0.7500135331658555100 ) ) ;
#3952 = CARTESIAN_POINT ( 'NONE',  ( 173.7719257169748300, 60.23317031597804300, 1.999999999999914500 ) ) ;
#3953 = DIRECTION ( 'NONE',  ( -8.157786440681345800E-032, -4.440892098500626200E-016, -1.000000000000000000 ) ) ;
#3954 = PLANE ( 'NONE',  #10674 ) ;
#3955 = EDGE_LOOP ( 'NONE', ( #917, #9491 ) ) ;
#3956 = ORIENTED_EDGE ( 'NONE', *, *, #11907, .F. ) ;
#3957 = ORIENTED_EDGE ( 'NONE', *, *, #5905, .T. ) ;
#3958 = CARTESIAN_POINT ( 'NONE',  ( 165.1116716791301800, 40.86904386338123600, 18.99999947845893200 ) ) ;
#3959 = ORIENTED_EDGE ( 'NONE', *, *, #7588, .F. ) ;
#3960 = DIRECTION ( 'NONE',  ( 0.0000000000000000000, 1.000000000000000000, 0.0000000000000000000 ) ) ;
#3961 = FACE_OUTER_BOUND ( 'NONE', #340, .T. ) ;
#3962 = DIRECTION ( 'NONE',  ( 0.0000000000000000000, 1.000000000000000000, 0.0000000000000000000 ) ) ;
#3963 = CARTESIAN_POINT ( 'NONE',  ( 173.7719257169742400, 45.86904386338100200, 23.49999947845893500 ) ) ;
#3964 = FACE_OUTER_BOUND ( 'NONE', #2932, .T. ) ;
#3965 = EDGE_CURVE ( 'NONE', #8496, #5216, #7646, .T. ) ;
#3966 = DIRECTION ( 'NONE',  ( -1.000000000000000000, 0.0000000000000000000, 0.0000000000000000000 ) ) ;
#3967 = ORIENTED_EDGE ( 'NONE', *, *, #7681, .F. ) ;
#3968 = ORIENTED_EDGE ( 'NONE', *, *, #4904, .F. ) ;
#3969 = DIRECTION ( 'NONE',  ( -1.000000000000000000, 0.0000000000000000000, 0.0000000000000000000 ) ) ;
#3970 = AXIS2_PLACEMENT_3D ( 'NONE', #1168, #6697, #9370 ) ;
#3971 = ORIENTED_EDGE ( 'NONE', *, *, #2722, .F. ) ;
#3972 = ORIENTED_EDGE ( 'NONE', *, *, #2802, .F. ) ;
#3973 = AXIS2_PLACEMENT_3D ( 'NONE', #9391, #10241, #128 ) ;
#3974 = DIRECTION ( 'NONE',  ( -4.440892098500625700E-016, 1.224646799147353500E-016, 1.000000000000000000 ) ) ;
#3975 = ORIENTED_EDGE ( 'NONE', *, *, #3591, .T. ) ;
#3976 = DIRECTION ( 'NONE',  ( 0.7071067811864609800, 0.7071067811866341700, -0.0000000000000000000 ) ) ;
#3977 = CIRCLE ( 'NONE', #11781, 0.8000000000000020400 ) ;
#3978 = ORIENTED_EDGE ( 'NONE', *, *, #2342, .F. ) ;
#3979 = AXIS2_PLACEMENT_3D ( 'NONE', #8134, #7312, #4480 ) ;
#3980 = VECTOR ( 'NONE', #9322, 1000.000000000000000 ) ;
#3981 = DIRECTION ( 'NONE',  ( -8.157786440681345800E-032, -4.440892098500626200E-016, -1.000000000000000000 ) ) ;
#3982 = DIRECTION ( 'NONE',  ( -1.000000000000000000, 0.0000000000000000000, -4.336808689942013800E-016 ) ) ;
#3983 = ORIENTED_EDGE ( 'NONE', *, *, #10519, .F. ) ;
#3984 = EDGE_CURVE ( 'NONE', #2608, #9545, #5522, .T. ) ;
#3985 = DIRECTION ( 'NONE',  ( 4.440892098500626200E-016, 0.0000000000000000000, -1.000000000000000000 ) ) ;
#3986 = ADVANCED_FACE ( 'NONE', ( #9223 ), #11542, .T. ) ;
#3987 = EDGE_LOOP ( 'NONE', ( #2366, #4071, #277, #4084 ) ) ;
#3988 = EDGE_CURVE ( 'NONE', #8253, #11307, #4368, .T. ) ;
#3989 = AXIS2_PLACEMENT_3D ( 'NONE', #10349, #2043, #68 ) ;
#3990 = CARTESIAN_POINT ( 'NONE',  ( 173.7719257169671300, 41.61904379877765300, 4.200000000035939400 ) ) ;
#3991 = LINE ( 'NONE', #7106, #7855 ) ;
#3992 = AXIS2_PLACEMENT_3D ( 'NONE', #10321, #10274, #8495 ) ;
#3993 = CARTESIAN_POINT ( 'NONE',  ( 190.6424802468431200, 36.08976033953700100, 1.999999999999915400 ) ) ;
#3994 = CARTESIAN_POINT ( 'NONE',  ( 164.5219257939272900, 27.84757416903789500, 22.34999878108499200 ) ) ;
#3995 = DIRECTION ( 'NONE',  ( 0.0000000000000000000, 0.0000000000000000000, -1.000000000000000000 ) ) ;
#3996 = DIRECTION ( 'NONE',  ( -1.000000000000000000, 0.0000000000000000000, -4.336808689942013800E-016 ) ) ;
#3997 = VERTEX_POINT ( 'NONE', #3014 ) ;
#3998 = ORIENTED_EDGE ( 'NONE', *, *, #7205, .F. ) ;
#3999 = DIRECTION ( 'NONE',  ( 4.440892098500625700E-016, -1.224646799147353500E-016, -1.000000000000000000 ) ) ;
#4000 = FACE_BOUND ( 'NONE', #1756, .T. ) ;
#4001 = EDGE_CURVE ( 'NONE', #11332, #9860, #2755, .T. ) ;
#4002 = DIRECTION ( 'NONE',  ( -0.0000000000000000000, -0.0000000000000000000, 1.000000000000000000 ) ) ;
#4003 = ORIENTED_EDGE ( 'NONE', *, *, #11353, .T. ) ;
#4004 = AXIS2_PLACEMENT_3D ( 'NONE', #7556, #1914, #11222 ) ;
#4005 = CARTESIAN_POINT ( 'NONE',  ( 157.8341493109436200, 50.13955832290741200, 22.49999878108514300 ) ) ;
#4006 = CONICAL_SURFACE ( 'NONE', #612, 21.49999905524602900, 0.7853981633974447300 ) ;
#4007 = EDGE_CURVE ( 'NONE', #6823, #6641, #2164, .T. ) ;
#4008 = EDGE_CURVE ( 'NONE', #2188, #7415, #6950, .T. ) ;
#4009 = CARTESIAN_POINT ( 'NONE',  ( 189.0689853496277200, 43.36904400576364100, 3.000012844918273900 ) ) ;
#4010 = ORIENTED_EDGE ( 'NONE', *, *, #5761, .F. ) ;
#4011 = EDGE_LOOP ( 'NONE', ( #10749, #8784, #9195, #7545, #487, #1908 ) ) ;
#4012 = CARTESIAN_POINT ( 'NONE',  ( 173.7719257169743800, 45.86904386338088800, 21.49999947845938700 ) ) ;
#4013 = DIRECTION ( 'NONE',  ( 1.000000000000000000, 0.0000000000000000000, 2.344221876285785300E-016 ) ) ;
#4014 = AXIS2_PLACEMENT_3D ( 'NONE', #4240, #9671, #5233 ) ;
#4015 = ORIENTED_EDGE ( 'NONE', *, *, #1857, .F. ) ;
#4016 = DIRECTION ( 'NONE',  ( 1.000000000000000000, -1.836970198721029700E-016, 0.0000000000000000000 ) ) ;
#4017 = FACE_OUTER_BOUND ( 'NONE', #9420, .T. ) ;
#4018 = VECTOR ( 'NONE', #11268, 1000.000000000000100 ) ;
#4019 = ORIENTED_EDGE ( 'NONE', *, *, #11040, .F. ) ;
#4020 = DIRECTION ( 'NONE',  ( 1.000000000000000000, 0.0000000000000000000, 0.0000000000000000000 ) ) ;
#4021 = CIRCLE ( 'NONE', #4565, 2.000000000000029300 ) ;
#4022 = CARTESIAN_POINT ( 'NONE',  ( 178.2656718058341000, 45.58397942606603000, 23.49999947845893200 ) ) ;
#4023 = DIRECTION ( 'NONE',  ( -1.000000000000000000, 0.0000000000000000000, 0.0000000000000000000 ) ) ;
#4024 = CIRCLE ( 'NONE', #6668, 13.49332192224564300 ) ;
#4025 = ORIENTED_EDGE ( 'NONE', *, *, #5381, .T. ) ;
#4026 = AXIS2_PLACEMENT_3D ( 'NONE', #3910, #1151, #3945 ) ;
#4027 = DIRECTION ( 'NONE',  ( -1.000000000000000000, 3.122502256758336700E-014, 0.0000000000000000000 ) ) ;
#4028 = ORIENTED_EDGE ( 'NONE', *, *, #4627, .T. ) ;
#4029 = VECTOR ( 'NONE', #243, 1000.000000000000000 ) ;
#4030 = EDGE_LOOP ( 'NONE', ( #1489, #5446 ) ) ;
#4031 = AXIS2_PLACEMENT_3D ( 'NONE', #7434, #11061, #2812 ) ;
#4032 = VECTOR ( 'NONE', #7258, 1000.000000000000000 ) ;
#4033 = DIRECTION ( 'NONE',  ( -1.000000000000000000, 0.0000000000000000000, 0.0000000000000000000 ) ) ;
#4034 = ORIENTED_EDGE ( 'NONE', *, *, #2888, .T. ) ;
#4035 = CIRCLE ( 'NONE', #2415, 0.9999999999992514900 ) ;
#4036 = CARTESIAN_POINT ( 'NONE',  ( 185.7427783582270100, 45.03316884795116700, 23.49999947845893200 ) ) ;
#4037 = DIRECTION ( 'NONE',  ( -1.000000000000000000, 0.0000000000000000000, 0.0000000000000000000 ) ) ;
#4038 = VECTOR ( 'NONE', #5427, 1000.000000000000000 ) ;
#4039 = VERTEX_POINT ( 'NONE', #8508 ) ;
#4040 = CARTESIAN_POINT ( 'NONE',  ( 191.6541631882213000, 35.84453702070465700, 15.52552744553202900 ) ) ;
#4041 = DIRECTION ( 'NONE',  ( -1.000000000000000000, 0.0000000000000000000, -2.220446049250313100E-016 ) ) ;
#4042 = LINE ( 'NONE', #2247, #8610 ) ;
#4043 = CARTESIAN_POINT ( 'NONE',  ( 173.7719257169746600, 45.86904386338123600, 23.49999947845893200 ) ) ;
#4044 = DIRECTION ( 'NONE',  ( 1.000000000000000000, 0.0000000000000000000, 0.0000000000000000000 ) ) ;
#4045 = DIRECTION ( 'NONE',  ( 4.440892098500626200E-016, 0.0000000000000000000, -1.000000000000000000 ) ) ;
#4046 = DIRECTION ( 'NONE',  ( -1.000000000000000000, 0.0000000000000000000, 0.0000000000000000000 ) ) ;
#4048 = ADVANCED_FACE ( 'NONE', ( #3779 ), #6510, .F. ) ;
#4047 = DIRECTION ( 'NONE',  ( 0.0000000000000000000, 1.224646799147353200E-016, 1.000000000000000000 ) ) ;
#4049 = DIRECTION ( 'NONE',  ( -4.440892098500625700E-016, 1.224646799147353500E-016, 1.000000000000000000 ) ) ;
#4050 = ADVANCED_FACE ( 'NONE', ( #6224 ), #1353, .F. ) ;
#4051 = CARTESIAN_POINT ( 'NONE',  ( 191.0181499548989400, 34.78661154844886000, 16.76042953167835100 ) ) ;
#4052 = ORIENTED_EDGE ( 'NONE', *, *, #6772, .T. ) ;
#4053 = VECTOR ( 'NONE', #8090, 1000.000000000000000 ) ;
#4054 = EDGE_CURVE ( 'NONE', #8111, #8360, #2609, .T. ) ;
#4055 = CARTESIAN_POINT ( 'NONE',  ( 173.7719257169743800, 45.86904400576364800, 5.499999311752645800 ) ) ;
#4056 = CARTESIAN_POINT ( 'NONE',  ( 176.7719257169645500, 45.86904386338088800, 22.99999947854303200 ) ) ;
#4057 = CARTESIAN_POINT ( 'NONE',  ( 165.2719257169744900, 45.86904400576364800, 4.199999999999899800 ) ) ;
#4058 = EDGE_CURVE ( 'NONE', #3842, #4359, #11822, .T. ) ;
#4059 = ORIENTED_EDGE ( 'NONE', *, *, #7450, .T. ) ;
#4060 = DIRECTION ( 'NONE',  ( 0.0000000000000000000, -1.000000000000000000, -0.0000000000000000000 ) ) ;
#4061 = AXIS2_PLACEMENT_3D ( 'NONE', #2381, #6109, #9087 ) ;
#4062 = VERTEX_POINT ( 'NONE', #5048 ) ;
#4063 = CYLINDRICAL_SURFACE ( 'NONE', #2085, 12.00000000000001100 ) ;
#4064 = EDGE_CURVE ( 'NONE', #1746, #3820, #1583, .T. ) ;
#4065 = DIRECTION ( 'NONE',  ( 8.157786440681345800E-032, 4.440892098500626200E-016, 1.000000000000000000 ) ) ;
#4066 = B_SPLINE_CURVE_WITH_KNOTS ( 'NONE', 3,
 ( #4612, #4726, #11127, #6562, #1025, #1943, #8382, #3827, #5681, #2145 ),
 .UNSPECIFIED., .F., .F.,
 ( 4, 2, 2, 2, 4 ),
 ( 1.704975922192258600E-018, 0.0002336689015244744300, 0.0004673378030489471200, 0.0007010067045734199000, 0.0009346756060978926200 ),
 .UNSPECIFIED. ) ;
#4067 = ORIENTED_EDGE ( 'NONE', *, *, #6231, .T. ) ;
#4068 = ORIENTED_EDGE ( 'NONE', *, *, #3136, .T. ) ;
#4069 = DIRECTION ( 'NONE',  ( 0.0000000000000000000, 0.0000000000000000000, -1.000000000000000000 ) ) ;
#4070 = DIRECTION ( 'NONE',  ( -1.224646799147353500E-016, -2.220446049250312800E-016, -1.000000000000000000 ) ) ;
#4071 = ORIENTED_EDGE ( 'NONE', *, *, #2491, .T. ) ;
#4072 = DIRECTION ( 'NONE',  ( 0.0000000000000000000, 1.000000000000000000, -2.891205793294675900E-016 ) ) ;
#4073 = EDGE_CURVE ( 'NONE', #11484, #2399, #8651, .T. ) ;
#4074 = CARTESIAN_POINT ( 'NONE',  ( 175.6717612361708500, 37.24404386338098000, 21.99999947845893200 ) ) ;
#4075 = ORIENTED_EDGE ( 'NONE', *, *, #9724, .F. ) ;
#4076 = EDGE_CURVE ( 'NONE', #1524, #3997, #325, .T. ) ;
#4077 = CIRCLE ( 'NONE', #3917, 0.7999999999999951600 ) ;
#4078 = DIRECTION ( 'NONE',  ( 6.983158872362118400E-017, 1.110223024625156000E-016, -1.000000000000000000 ) ) ;
#4079 = EDGE_CURVE ( 'NONE', #9832, #8445, #9806, .T. ) ;
#4080 = CARTESIAN_POINT ( 'NONE',  ( 180.7001289472500500, 49.86904386338100900, 19.99999947845892800 ) ) ;
#4081 = ADVANCED_FACE ( 'NONE', ( #8501 ), #3215, .F. ) ;
#4082 = AXIS2_PLACEMENT_3D ( 'NONE', #7216, #5391, #5308 ) ;
#4083 = ORIENTED_EDGE ( 'NONE', *, *, #2510, .T. ) ;
#4084 = ORIENTED_EDGE ( 'NONE', *, *, #7655, .F. ) ;
#4085 = CARTESIAN_POINT ( 'NONE',  ( 194.4523202691067600, 42.36904400576364800, 0.4744748224938452100 ) ) ;
#4086 = DIRECTION ( 'NONE',  ( 0.0000000000000000000, -1.000000000000000000, -0.0000000000000000000 ) ) ;
#4087 = CARTESIAN_POINT ( 'NONE',  ( 178.0258784378935700, 55.46872386503571300, 1.999999999999914100 ) ) ;
#4088 = CIRCLE ( 'NONE', #2960, 1.749999386690438600 ) ;
#4089 = CARTESIAN_POINT ( 'NONE',  ( 189.0689853496277200, 43.36904400576364100, 1.750013533165798700 ) ) ;
#4090 = EDGE_CURVE ( 'NONE', #11316, #2797, #4941, .T. ) ;
#4091 = CARTESIAN_POINT ( 'NONE',  ( 164.5219257939270700, 59.89051384249029300, 22.34999878108499200 ) ) ;
#4092 = AXIS2_PLACEMENT_3D ( 'NONE', #2733, #3600, #9172 ) ;
#4093 = CARTESIAN_POINT ( 'NONE',  ( 172.7719257169744100, 45.86904386338088800, 21.99999947845984100 ) ) ;
#4095 = ORIENTED_EDGE ( 'NONE', *, *, #6511, .F. ) ;
#4094 = CARTESIAN_POINT ( 'NONE',  ( 168.7076961666033100, 34.44085342471462500, 2.818925648462311500E-014 ) ) ;
#4096 = DIRECTION ( 'NONE',  ( 0.0000000000000000000, 0.0000000000000000000, -1.000000000000000000 ) ) ;
#4097 = AXIS2_PLACEMENT_3D ( 'NONE', #71, #10071, #7375 ) ;
#4098 = DIRECTION ( 'NONE',  ( -4.440892098500626200E-016, -0.0000000000000000000, 1.000000000000000000 ) ) ;
#4099 = CARTESIAN_POINT ( 'NONE',  ( 178.2675960861852800, 45.67169156062446700, 23.49999947845893200 ) ) ;
#4100 = VERTEX_POINT ( 'NONE', #4213 ) ;
#4101 = ORIENTED_EDGE ( 'NONE', *, *, #827, .F. ) ;
#4102 = ORIENTED_EDGE ( 'NONE', *, *, #5242, .F. ) ;
#4103 = VERTEX_POINT ( 'NONE', #2320 ) ;
#4104 = VECTOR ( 'NONE', #9522, 1000.000000000000000 ) ;
#4105 = DIRECTION ( 'NONE',  ( 1.000000000000000000, 0.0000000000000000000, 0.0000000000000000000 ) ) ;
#4106 = ORIENTED_EDGE ( 'NONE', *, *, #10503, .T. ) ;
#4107 = ADVANCED_FACE ( 'NONE', ( #891 ), #5800, .F. ) ;
#4108 = AXIS2_PLACEMENT_3D ( 'NONE', #253, #6727, #2191 ) ;
#4109 = CIRCLE ( 'NONE', #37, 12.00000000000001100 ) ;
#4110 = ADVANCED_FACE ( 'NONE', ( #4657 ), #4805, .F. ) ;
#4111 = ORIENTED_EDGE ( 'NONE', *, *, #11355, .T. ) ;
#4112 = CARTESIAN_POINT ( 'NONE',  ( 164.5219257939270100, 29.84757416903736900, 14.29999914657000200 ) ) ;
#4113 = DIRECTION ( 'NONE',  ( 4.440892098500625700E-016, -1.224646799147353500E-016, -1.000000000000000000 ) ) ;
#4114 = CARTESIAN_POINT ( 'NONE',  ( 189.0689853496277200, 42.61904400576364100, 1.750013533165798900 ) ) ;
#4115 = ORIENTED_EDGE ( 'NONE', *, *, #3301, .F. ) ;
#4116 = AXIS2_PLACEMENT_3D ( 'NONE', #7685, #2125, #11257 ) ;
#4117 = ORIENTED_EDGE ( 'NONE', *, *, #3769, .T. ) ;
#4118 = ORIENTED_EDGE ( 'NONE', *, *, #7142, .T. ) ;
#4119 = VERTEX_POINT ( 'NONE', #7872 ) ;
#4120 = CARTESIAN_POINT ( 'NONE',  ( 183.0219256400220300, 31.19757416903785000, 56.79194912331138300 ) ) ;
#4121 = CARTESIAN_POINT ( 'NONE',  ( 187.7719257169744100, 45.86904386338088800, 21.49999947845939700 ) ) ;
#4122 = CARTESIAN_POINT ( 'NONE',  ( 182.4321797548188000, 40.86904386338088800, 23.49999947845933700 ) ) ;
#4123 = CYLINDRICAL_SURFACE ( 'NONE', #915, 1.000000000000000900 ) ;
#4124 = FACE_OUTER_BOUND ( 'NONE', #7304, .T. ) ;
#4125 = CARTESIAN_POINT ( 'NONE',  ( 174.7719257169743800, 45.86904386338089500, 21.49999947845984800 ) ) ;
#4126 = CC_DESIGN_APPROVAL ( #7562, ( #9016 ) ) ;
#4127 = DIRECTION ( 'NONE',  ( 4.440892098500626200E-016, 0.0000000000000000000, -1.000000000000000000 ) ) ;
#4128 = EDGE_LOOP ( 'NONE', ( #8388, #4731, #4117, #2907, #3655 ) ) ;
#4129 = CARTESIAN_POINT ( 'NONE',  ( 173.7719257169744100, 37.86904386338095200, 19.99999947845892800 ) ) ;
#4130 = ORIENTED_EDGE ( 'NONE', *, *, #2079, .F. ) ;
#4131 = EDGE_LOOP ( 'NONE', ( #2189, #6719, #2179, #10797, #6131, #3813 ) ) ;
#4132 = VECTOR ( 'NONE', #8028, 1000.000000000000000 ) ;
#4133 = EDGE_CURVE ( 'NONE', #8377, #11563, #4239, .T. ) ;
#4134 = CARTESIAN_POINT ( 'NONE',  ( 169.2719538645889900, 45.88496013626640000, 21.99999947845893200 ) ) ;
#4135 = ORIENTED_EDGE ( 'NONE', *, *, #2172, .T. ) ;
#4136 = CARTESIAN_POINT ( 'NONE',  ( 162.3437351359251300, 50.93327355613490000, 1.999999999999914500 ) ) ;
#4137 = DIRECTION ( 'NONE',  ( -1.000000000000000000, 0.0000000000000000000, 0.0000000000000000000 ) ) ;
#4138 = VECTOR ( 'NONE', #1250, 1000.000000000000000 ) ;
#4139 = AXIS2_PLACEMENT_3D ( 'NONE', #3186, #4192, #9616 ) ;
#4140 = AXIS2_PLACEMENT_3D ( 'NONE', #3547, #6371, #9963 ) ;
#4141 = DIRECTION ( 'NONE',  ( 1.000000000000000000, 0.0000000000000000000, 0.0000000000000000000 ) ) ;
#4142 = CARTESIAN_POINT ( 'NONE',  ( 186.6766242392632500, 58.77374252805196900, 22.49999878108514300 ) ) ;
#4143 = VERTEX_POINT ( 'NONE', #570 ) ;
#4144 = ADVANCED_FACE ( 'NONE', ( #6798 ), #8927, .F. ) ;
#4145 = ORIENTED_EDGE ( 'NONE', *, *, #11593, .T. ) ;
#4146 = DIRECTION ( 'NONE',  ( -2.040851150607881900E-016, -9.183830177735469000E-015, 1.000000000000000000 ) ) ;
#4147 = AXIS2_PLACEMENT_3D ( 'NONE', #6480, #7486, #1052 ) ;
#4148 = CIRCLE ( 'NONE', #6936, 10.49999843580509700 ) ;
#4149 = DIRECTION ( 'NONE',  ( -0.7071067811864584200, 0.7071067811866367200, -1.570092458683577200E-016 ) ) ;
#4150 = LINE ( 'NONE', #5110, #10303 ) ;
#4151 = EDGE_CURVE ( 'NONE', #9948, #4860, #10097, .T. ) ;
#4152 = EDGE_LOOP ( 'NONE', ( #654, #629, #6695, #11025 ) ) ;
#4153 = EDGE_CURVE ( 'NONE', #810, #2767, #11392, .T. ) ;
#4154 = CARTESIAN_POINT ( 'NONE',  ( 194.1097964148424100, 49.36904400576364100, 0.1368218406572478700 ) ) ;
#4155 = EDGE_CURVE ( 'NONE', #8231, #7734, #9372, .T. ) ;
#4156 = ORIENTED_EDGE ( 'NONE', *, *, #9646, .T. ) ;
#4157 = VECTOR ( 'NONE', #10726, 1000.000000000000000 ) ;
#4158 = AXIS2_PLACEMENT_3D ( 'NONE', #10961, #10081, #4600 ) ;
#4159 = CARTESIAN_POINT ( 'NONE',  ( 160.2786037947287500, 45.86904386338088800, 21.21376696821360100 ) ) ;
#4160 = LINE ( 'NONE', #8454, #10034 ) ;
#4161 = VERTEX_POINT ( 'NONE', #7008 ) ;
#4162 = CARTESIAN_POINT ( 'NONE',  ( 178.4953732043113900, 29.99089738282915000, 20.49999878108513900 ) ) ;
#4163 = CIRCLE ( 'NONE', #1656, 0.7500000000000006700 ) ;
#4164 = DIRECTION ( 'NONE',  ( -0.0000000000000000000, -0.0000000000000000000, 1.000000000000000000 ) ) ;
#4165 = DIRECTION ( 'NONE',  ( 4.440892098500626200E-016, 0.0000000000000000000, -1.000000000000000000 ) ) ;
#4166 = DIRECTION ( 'NONE',  ( 1.000000000000000000, 0.0000000000000000000, 0.0000000000000000000 ) ) ;
#4167 = ORIENTED_EDGE ( 'NONE', *, *, #11066, .T. ) ;
#4168 = ORIENTED_EDGE ( 'NONE', *, *, #8875, .F. ) ;
#4169 = CIRCLE ( 'NONE', #10358, 8.499999999999980500 ) ;
#4170 = ORIENTED_EDGE ( 'NONE', *, *, #5811, .F. ) ;
#4171 = EDGE_CURVE ( 'NONE', #10617, #5299, #9670, .T. ) ;
#4172 = DIRECTION ( 'NONE',  ( 0.7071067811866341700, 0.7071067811864609800, 0.0000000000000000000 ) ) ;
#4173 = FACE_OUTER_BOUND ( 'NONE', #5583, .T. ) ;
#4174 = AXIS2_PLACEMENT_3D ( 'NONE', #7487, #1928, #75 ) ;
#4175 = VECTOR ( 'NONE', #3995, 1000.000000000000000 ) ;
#4176 = EDGE_CURVE ( 'NONE', #11679, #5928, #1456, .T. ) ;
#4177 = CIRCLE ( 'NONE', #741, 0.7500000000000006700 ) ;
#4178 = DIRECTION ( 'NONE',  ( 1.000000000000000000, -9.912705577010316700E-016, 2.478176394252579200E-016 ) ) ;
#4179 = ORIENTED_EDGE ( 'NONE', *, *, #2798, .T. ) ;
#4180 = EDGE_CURVE ( 'NONE', #6448, #4265, #186, .T. ) ;
#4181 = CARTESIAN_POINT ( 'NONE',  ( 190.2719267945538200, 45.86904400576364100, 0.7500135331658663900 ) ) ;
#4182 = VECTOR ( 'NONE', #10501, 1000.000000000000000 ) ;
#4184 = ADVANCED_FACE ( 'NONE', ( #3344 ), #7988, .F. ) ;
#4183 = DIRECTION ( 'NONE',  ( -1.000000000000000000, 6.938893903907222100E-015, -4.440892098500626200E-016 ) ) ;
#4185 = AXIS2_PLACEMENT_3D ( 'NONE', #254, #3090, #3960 ) ;
#4186 = CYLINDRICAL_SURFACE ( 'NONE', #6517, 0.7500000000000006700 ) ;
#4187 = DIRECTION ( 'NONE',  ( -4.078893220340672900E-032, -2.220446049250313100E-016, -1.000000000000000000 ) ) ;
#4188 = ORIENTED_EDGE ( 'NONE', *, *, #2336, .F. ) ;
#4189 = CARTESIAN_POINT ( 'NONE',  ( 191.9126907223809400, 36.32067235256716500, 17.11281938448969000 ) ) ;
#4190 = CIRCLE ( 'NONE', #2115, 1.999999999999946300 ) ;
#4191 = VECTOR ( 'NONE', #4069, 1000.000000000000000 ) ;
#4192 = DIRECTION ( 'NONE',  ( 0.0000000000000000000, -5.782411586717914400E-016, 1.000000000000000000 ) ) ;
#4193 = FACE_OUTER_BOUND ( 'NONE', #1164, .T. ) ;
#4194 = CARTESIAN_POINT ( 'NONE',  ( 173.7719257169744900, 45.86904400576364800, 2.199999311752462500 ) ) ;
#4195 = ORIENTED_EDGE ( 'NONE', *, *, #3192, .F. ) ;
#4196 = CARTESIAN_POINT ( 'NONE',  ( 166.8437224866989100, 49.86904386338100900, 19.99999947845892800 ) ) ;
#4197 = FACE_BOUND ( 'NONE', #5953, .T. ) ;
#4198 = DIRECTION ( 'NONE',  ( -1.000000000000000000, 0.0000000000000000000, -4.336808689942073900E-016 ) ) ;
#4199 = AXIS2_PLACEMENT_3D ( 'NONE', #8832, #4221, #7051 ) ;
#4200 = VECTOR ( 'NONE', #9193, 1000.000000000000000 ) ;
#4201 = CARTESIAN_POINT ( 'NONE',  ( 190.2719267945538500, 45.86904400576364800, 1.999999999999919000 ) ) ;
#4202 = CYLINDRICAL_SURFACE ( 'NONE', #1345, 0.9999999999992514900 ) ;
#4203 = DIRECTION ( 'NONE',  ( -0.8660254037847005000, 0.4999999999995463100, 0.0000000000000000000 ) ) ;
#4204 = DIRECTION ( 'NONE',  ( 0.0000000000000000000, 1.000000000000000000, -4.440892098500626200E-016 ) ) ;
#4205 = ORIENTED_EDGE ( 'NONE', *, *, #2428, .T. ) ;
#4206 = CIRCLE ( 'NONE', #1617, 1.000000000000000900 ) ;
#4207 = DIRECTION ( 'NONE',  ( -1.000000000000000000, 0.0000000000000000000, 0.0000000000000000000 ) ) ;
#4208 = CARTESIAN_POINT ( 'NONE',  ( 165.1116716791301800, 40.86904386338123600, 23.49999947845893200 ) ) ;
#4209 = DIRECTION ( 'NONE',  ( 0.0000000000000000000, -1.000000000000000000, 0.0000000000000000000 ) ) ;
#4210 = CARTESIAN_POINT ( 'NONE',  ( 174.7719257169746400, 51.63532516071646900, 18.99999947845893200 ) ) ;
#4211 = ADVANCED_FACE ( 'NONE', ( #4521 ), #7936, .F. ) ;
#4212 = EDGE_CURVE ( 'NONE', #3622, #4463, #4077, .T. ) ;
#4213 = CARTESIAN_POINT ( 'NONE',  ( 178.3315309630457600, 34.76904386338107100, 18.99999947845893200 ) ) ;
#4214 = ORIENTED_EDGE ( 'NONE', *, *, #1777, .F. ) ;
#4215 = CYLINDRICAL_SURFACE ( 'NONE', #2477, 14.19999999999982300 ) ;
#4216 = DIRECTION ( 'NONE',  ( -1.000000000000000000, 0.0000000000000000000, 0.0000000000000000000 ) ) ;
#4217 = AXIS2_PLACEMENT_3D ( 'NONE', #10803, #5208, #2231 ) ;
#4218 = CARTESIAN_POINT ( 'NONE',  ( 193.3678436374728200, 49.36904400576364100, 4.163336342344337000E-014 ) ) ;
#4219 = ORIENTED_EDGE ( 'NONE', *, *, #2654, .F. ) ;
#4220 = CARTESIAN_POINT ( 'NONE',  ( 173.7719257169743800, 45.86904400576364800, 17.51199967266196800 ) ) ;
#4221 = DIRECTION ( 'NONE',  ( -4.440892098500626200E-016, -0.0000000000000000000, 1.000000000000000000 ) ) ;
#4222 = ORIENTED_EDGE ( 'NONE', *, *, #4064, .T. ) ;
#4223 = DIRECTION ( 'NONE',  ( 1.000000000000000000, 0.0000000000000000000, 0.0000000000000000000 ) ) ;
#4224 = EDGE_LOOP ( 'NONE', ( #1050, #920, #10754, #6133 ) ) ;
#4225 = CARTESIAN_POINT ( 'NONE',  ( 178.4953732043113900, 28.24089799613869900, 20.49999878108513900 ) ) ;
#4226 = VERTEX_POINT ( 'NONE', #10771 ) ;
#4227 = LINE ( 'NONE', #9038, #2599 ) ;
#4228 = CARTESIAN_POINT ( 'NONE',  ( 162.3975570462096700, 58.24341267652847900, 2.819966482547897600E-014 ) ) ;
#4229 = CARTESIAN_POINT ( 'NONE',  ( 192.2719255630693500, 44.86904400576325700, 19.49999999999992200 ) ) ;
#4230 = EDGE_CURVE ( 'NONE', #7962, #2769, #2463, .T. ) ;
#4231 = ORIENTED_EDGE ( 'NONE', *, *, #4611, .T. ) ;
#4232 = ORIENTED_EDGE ( 'NONE', *, *, #5166, .F. ) ;
#4233 = CARTESIAN_POINT ( 'NONE',  ( 169.0484782296380500, 28.24089799613870300, 22.49999878108514300 ) ) ;
#4234 = AXIS2_PLACEMENT_3D ( 'NONE', #5392, #9944, #4387 ) ;
#4235 = VERTEX_POINT ( 'NONE', #2515 ) ;
#4236 = VERTEX_POINT ( 'NONE', #6128 ) ;
#4237 = EDGE_CURVE ( 'NONE', #10074, #10841, #1742, .T. ) ;
#4238 = ORIENTED_EDGE ( 'NONE', *, *, #1499, .T. ) ;
#4239 = CIRCLE ( 'NONE', #8204, 0.8000000000000020400 ) ;
#4240 = CARTESIAN_POINT ( 'NONE',  ( 183.0219256400218600, 61.89051384249004400, 14.29999914656994900 ) ) ;
#4241 = ADVANCED_FACE ( 'NONE', ( #9082 ), #11098, .F. ) ;
#4242 = VERTEX_POINT ( 'NONE', #5566 ) ;
#4243 = CARTESIAN_POINT ( 'NONE',  ( 167.2934826042305500, 35.85506698708726200, 1.999999999999914500 ) ) ;
#4244 = EDGE_CURVE ( 'NONE', #7550, #1778, #11245, .T. ) ;
#4245 = DIRECTION ( 'NONE',  ( -4.440892098500626200E-016, -0.0000000000000000000, 1.000000000000000000 ) ) ;
#4246 = AXIS2_PLACEMENT_3D ( 'NONE', #1131, #4741, #9327 ) ;
#4247 = EDGE_CURVE ( 'NONE', #8128, #5938, #10389, .T. ) ;
#4248 = EDGE_CURVE ( 'NONE', #4826, #1808, #3044, .T. ) ;
#4249 = AXIS2_PLACEMENT_3D ( 'NONE', #9543, #4065, #6951 ) ;
#4250 = DIRECTION ( 'NONE',  ( 0.8660254037844384900, -0.5000000000000004400, -1.060575238724907400E-016 ) ) ;
#4251 = ORIENTED_EDGE ( 'NONE', *, *, #7673, .T. ) ;
#4252 = CARTESIAN_POINT ( 'NONE',  ( 164.5219257939270700, 61.89051384249006600, 22.34999878108499200 ) ) ;
#4253 = ORIENTED_EDGE ( 'NONE', *, *, #8666, .T. ) ;
#4254 = CARTESIAN_POINT ( 'NONE',  ( 170.7719257169748300, 52.51494189713109500, 18.99999947845893200 ) ) ;
#4255 = LINE ( 'NONE', #7554, #6397 ) ;
#4256 = EDGE_LOOP ( 'NONE', ( #3636, #6785 ) ) ;
#4257 = CARTESIAN_POINT ( 'NONE',  ( 164.7719274538355000, 45.86904400576364800, 2.199999311752462100 ) ) ;
#4258 = DIRECTION ( 'NONE',  ( -2.220446049250313100E-016, -0.0000000000000000000, 1.000000000000000000 ) ) ;
#4259 = AXIS2_PLACEMENT_3D ( 'NONE', #8944, #7090, #3460 ) ;
#4260 = ORIENTED_EDGE ( 'NONE', *, *, #6994, .T. ) ;
#4261 = CARTESIAN_POINT ( 'NONE',  ( 160.0458980364821000, 56.05953778032220900, 1.999999999999915000 ) ) ;
#4262 = ORIENTED_EDGE ( 'NONE', *, *, #11272, .F. ) ;
#4263 = ORIENTED_EDGE ( 'NONE', *, *, #11264, .T. ) ;
#4264 = EDGE_LOOP ( 'NONE', ( #9923, #5357 ) ) ;
#4265 = VERTEX_POINT ( 'NONE', #7274 ) ;
#4266 = DIRECTION ( 'NONE',  ( -1.000000000000000000, 0.0000000000000000000, 0.0000000000000000000 ) ) ;
#4267 = CIRCLE ( 'NONE', #11088, 1.000000000000000900 ) ;
#4268 = ADVANCED_FACE ( 'NONE', ( #8638 ), #9512, .F. ) ;
#4269 = CARTESIAN_POINT ( 'NONE',  ( 173.7719257169744400, 45.86904386338088800, 23.49999947845893900 ) ) ;
#4270 = CYLINDRICAL_SURFACE ( 'NONE', #9733, 1.000000000000458700 ) ;
#4271 = DIRECTION ( 'NONE',  ( 4.440892098500625700E-016, -1.224646799147353500E-016, -1.000000000000000000 ) ) ;
#4272 = CARTESIAN_POINT ( 'NONE',  ( 174.3689579063738500, 51.33654746604683800, 4.999999311752643100 ) ) ;
#4273 = ORIENTED_EDGE ( 'NONE', *, *, #7836, .T. ) ;
#4274 = ORIENTED_EDGE ( 'NONE', *, *, #2741, .F. ) ;
#4275 = ORIENTED_EDGE ( 'NONE', *, *, #6076, .F. ) ;
#4276 = ORIENTED_EDGE ( 'NONE', *, *, #3426, .T. ) ;
#4277 = ORIENTED_EDGE ( 'NONE', *, *, #296, .F. ) ;
#4278 = CIRCLE ( 'NONE', #2758, 1.999999999999974000 ) ;
#4279 = EDGE_LOOP ( 'NONE', ( #7958, #2168, #8000, #5151 ) ) ;
#4280 = DIRECTION ( 'NONE',  ( -8.157786440681345800E-032, -4.440892098500626200E-016, -1.000000000000000000 ) ) ;
#4281 = VECTOR ( 'NONE', #136, 1000.000000000000000 ) ;
#4282 = DIRECTION ( 'NONE',  ( -0.7071067811866230700, 0.7071067811864719700, -2.844015352656456700E-016 ) ) ;
#4283 = CARTESIAN_POINT ( 'NONE',  ( 191.0043108786986700, 34.76522125548367400, 16.49999967266197100 ) ) ;
#4284 = CARTESIAN_POINT ( 'NONE',  ( 169.5014113998312800, 29.93126759973320400, 20.49999878108513900 ) ) ;
#4285 = ORIENTED_EDGE ( 'NONE', *, *, #2908, .F. ) ;
#4286 = VERTEX_POINT ( 'NONE', #1821 ) ;
#4287 = DIRECTION ( 'NONE',  ( 4.440892098500626200E-016, 0.0000000000000000000, -1.000000000000000000 ) ) ;
#4288 = CYLINDRICAL_SURFACE ( 'NONE', #156, 1.749999386690445700 ) ;
#4289 = EDGE_CURVE ( 'NONE', #8665, #6252, #7230, .T. ) ;
#4290 = DIRECTION ( 'NONE',  ( -8.157786440681345800E-032, -4.440892098500626200E-016, -1.000000000000000000 ) ) ;
#4291 = DIRECTION ( 'NONE',  ( 1.353763752833605500E-014, -1.000000000000000000, 1.353763752833661700E-014 ) ) ;
#4292 = ADVANCED_FACE ( 'NONE', ( #35 ), #1701, .F. ) ;
#4293 = ORIENTED_EDGE ( 'NONE', *, *, #1348, .T. ) ;
#4294 = EDGE_CURVE ( 'NONE', #4654, #6929, #6661, .T. ) ;
#4295 = EDGE_LOOP ( 'NONE', ( #5165, #7397, #9908, #10696 ) ) ;
#4296 = PLANE ( 'NONE',  #3074 ) ;
#4297 = FACE_BOUND ( 'NONE', #11838, .T. ) ;
#4298 = ORIENTED_EDGE ( 'NONE', *, *, #7042, .T. ) ;
#4299 = CARTESIAN_POINT ( 'NONE',  ( 173.7719257169743800, 45.86904400576364800, 5.999999833293287600 ) ) ;
#4300 = AXIS2_PLACEMENT_3D ( 'NONE', #2701, #939, #9130 ) ;
#4301 = VECTOR ( 'NONE', #2664, 1000.000000000000000 ) ;
#4302 = EDGE_CURVE ( 'NONE', #6027, #7887, #3934, .T. ) ;
#4303 = CARTESIAN_POINT ( 'NONE',  ( 165.1116716791301800, 40.86904386338123600, 23.49999947845893200 ) ) ;
#4304 = DIRECTION ( 'NONE',  ( 0.0000000000000000000, 1.000000000000000000, -1.110223024625157000E-016 ) ) ;
#4305 = ORIENTED_EDGE ( 'NONE', *, *, #8946, .T. ) ;
#4306 = DIRECTION ( 'NONE',  ( 4.440892098500626200E-016, 0.0000000000000000000, -1.000000000000000000 ) ) ;
#4307 = CARTESIAN_POINT ( 'NONE',  ( 173.7719257169743800, 45.86904400576364800, 1.000003282706157600 ) ) ;
#4308 = CIRCLE ( 'NONE', #8092, 3.699998480359983700 ) ;
#4309 = CYLINDRICAL_SURFACE ( 'NONE', #6015, 1.999999999999807500 ) ;
#4310 = EDGE_CURVE ( 'NONE', #2705, #9356, #2326, .T. ) ;
#4311 = ORIENTED_EDGE ( 'NONE', *, *, #2744, .T. ) ;
#4312 = CIRCLE ( 'NONE', #1048, 2.999999999990149200 ) ;
#4313 = EDGE_CURVE ( 'NONE', #3778, #3098, #6099, .T. ) ;
#4314 = DIRECTION ( 'NONE',  ( -1.000000000000000000, 0.0000000000000000000, -0.0000000000000000000 ) ) ;
#4315 = EDGE_CURVE ( 'NONE', #429, #8726, #1998, .T. ) ;
#4316 = FACE_OUTER_BOUND ( 'NONE', #9980, .T. ) ;
#4317 = CARTESIAN_POINT ( 'NONE',  ( 168.1808296183259300, 37.57810637624008600, 18.99999947845893200 ) ) ;
#4318 = VERTEX_POINT ( 'NONE', #6439 ) ;
#4319 = AXIS2_PLACEMENT_3D ( 'NONE', #9600, #2365, #9638 ) ;
#4320 = VECTOR ( 'NONE', #6000, 1000.000000000000000 ) ;
#4321 = VECTOR ( 'NONE', #10328, 1000.000000000000000 ) ;
#4322 = ORIENTED_EDGE ( 'NONE', *, *, #8439, .F. ) ;
#4323 = CARTESIAN_POINT ( 'NONE',  ( 173.7719257169745200, 51.86904400577365200, 5.499999311752184800 ) ) ;
#4324 = CARTESIAN_POINT ( 'NONE',  ( 155.2719258708795800, 45.86904400576371200, 14.29999914656994900 ) ) ;
#4325 = CIRCLE ( 'NONE', #10383, 19.99999905524573100 ) ;
#4326 = ADVANCED_FACE ( 'NONE', ( #10959 ), #5758, .F. ) ;
#4327 = ORIENTED_EDGE ( 'NONE', *, *, #5304, .T. ) ;
#4328 = EDGE_CURVE ( 'NONE', #3367, #7827, #10067, .T. ) ;
#4329 = VECTOR ( 'NONE', #3097, 1000.000000000000000 ) ;
#4330 = DIRECTION ( 'NONE',  ( -4.440892098500626200E-016, -0.0000000000000000000, 1.000000000000000000 ) ) ;
#4331 = AXIS2_PLACEMENT_3D ( 'NONE', #7101, #7060, #764 ) ;
#4332 = DIRECTION ( 'NONE',  ( 2.220446049250313100E-016, 0.0000000000000000000, -1.000000000000000000 ) ) ;
#4333 = CARTESIAN_POINT ( 'NONE',  ( 165.1116716791299600, 40.86904386338089500, 23.49999947845933700 ) ) ;
#4334 = CIRCLE ( 'NONE', #3606, 0.5000000000000282000 ) ;
#4335 = VERTEX_POINT ( 'NONE', #5447 ) ;
#4336 = CARTESIAN_POINT ( 'NONE',  ( 174.8670723329549600, 45.86904400576364800, 4.199999999999903400 ) ) ;
#4337 = AXIS2_PLACEMENT_3D ( 'NONE', #6117, #4352, #11643 ) ;
#4338 = PLANE ( 'NONE',  #7023 ) ;
#4339 = DIRECTION ( 'NONE',  ( 6.983158872362118400E-017, 1.110223024625156000E-016, -1.000000000000000000 ) ) ;
#4340 = VECTOR ( 'NONE', #4974, 1000.000000000000000 ) ;
#4341 = CARTESIAN_POINT ( 'NONE',  ( 178.2656718058333100, 42.11987781092891900, 23.49999947845893200 ) ) ;
#4342 = DIRECTION ( 'NONE',  ( -0.0000000000000000000, -0.0000000000000000000, 1.000000000000000000 ) ) ;
#4343 = AXIS2_PLACEMENT_3D ( 'NONE', #11333, #9400, #1126 ) ;
#4344 = DIRECTION ( 'NONE',  ( 0.0000000000000000000, 1.224646799147353200E-016, 1.000000000000000000 ) ) ;
#4345 = ORIENTED_EDGE ( 'NONE', *, *, #5924, .F. ) ;
#4346 = CYLINDRICAL_SURFACE ( 'NONE', #1246, 1.999999999999974000 ) ;
#4347 = DIRECTION ( 'NONE',  ( 0.7071067811865474600, 0.0000000000000000000, 0.7071067811865475700 ) ) ;
#4348 = ADVANCED_FACE ( 'NONE', ( #4628 ), #6314, .F. ) ;
#4349 = VERTEX_POINT ( 'NONE', #2796 ) ;
#4350 = CARTESIAN_POINT ( 'NONE',  ( 168.9425479578909500, 38.87425233909684900, 4.200000000026793900 ) ) ;
#4351 = VERTEX_POINT ( 'NONE', #1147 ) ;
#4352 = DIRECTION ( 'NONE',  ( 0.0000000000000000000, -4.956352788616351200E-016, 1.000000000000000000 ) ) ;
#4353 = AXIS2_PLACEMENT_3D ( 'NONE', #4524, #1823, #7322 ) ;
#4354 = ORIENTED_EDGE ( 'NONE', *, *, #11264, .F. ) ;
#4355 = CIRCLE ( 'NONE', #1014, 0.5000000000000004400 ) ;
#4356 = DIRECTION ( 'NONE',  ( -4.440892098500626200E-016, -0.0000000000000000000, 1.000000000000000000 ) ) ;
#4357 = CARTESIAN_POINT ( 'NONE',  ( 164.5219257939272900, 27.84757416910613900, 22.19999878099088200 ) ) ;
#4358 = CARTESIAN_POINT ( 'NONE',  ( 160.8672271946866500, 32.96434548347582400, 22.49999878108514300 ) ) ;
#4359 = VERTEX_POINT ( 'NONE', #2842 ) ;
#4360 = ORIENTED_EDGE ( 'NONE', *, *, #8581, .F. ) ;
#4361 = EDGE_CURVE ( 'NONE', #5935, #9119, #7031, .T. ) ;
#4362 = DIRECTION ( 'NONE',  ( 4.440892098500626200E-016, 0.0000000000000000000, -1.000000000000000000 ) ) ;
#4363 = ORIENTED_EDGE ( 'NONE', *, *, #5438, .T. ) ;
#4364 = ORIENTED_EDGE ( 'NONE', *, *, #1648, .F. ) ;
#4365 = AXIS2_PLACEMENT_3D ( 'NONE', #6028, #7846, #3268 ) ;
#4366 = CARTESIAN_POINT ( 'NONE',  ( 173.7719257169743800, 45.86904386338088800, 21.21376696821360500 ) ) ;
#4367 = ORIENTED_EDGE ( 'NONE', *, *, #10191, .T. ) ;
#4368 = CIRCLE ( 'NONE', #5999, 4.500000000000198100 ) ;
#4369 = AXIS2_PLACEMENT_3D ( 'NONE', #7867, #2360, #5201 ) ;
#4370 = DIRECTION ( 'NONE',  ( 0.0000000000000000000, 0.0000000000000000000, -1.000000000000000000 ) ) ;
#4371 = DIRECTION ( 'NONE',  ( 1.000000000000000000, 0.0000000000000000000, -0.0000000000000000000 ) ) ;
#4372 = AXIS2_PLACEMENT_3D ( 'NONE', #3574, #2671, #1815 ) ;
#4373 = EDGE_LOOP ( 'NONE', ( #7568, #4924, #4395, #5797, #9010 ) ) ;
#4374 = CARTESIAN_POINT ( 'NONE',  ( 169.5014113998318800, 61.80682041179493100, 22.49999878108514300 ) ) ;
#4375 = EDGE_CURVE ( 'NONE', #10743, #5587, #7089, .T. ) ;
#4376 = DIRECTION ( 'NONE',  ( -1.000000000000000000, 0.0000000000000000000, -4.336808689942013800E-016 ) ) ;
#4377 = DIRECTION ( 'NONE',  ( -2.220446049250312800E-016, 1.224646799147353200E-016, 1.000000000000000000 ) ) ;
#4378 = EDGE_CURVE ( 'NONE', #9033, #5493, #8044, .T. ) ;
#4379 = ADVANCED_FACE ( 'NONE', ( #902 ), #8625, .T. ) ;
#4380 = EDGE_CURVE ( 'NONE', #1635, #4681, #2719, .T. ) ;
#4381 = CARTESIAN_POINT ( 'NONE',  ( 179.0334630398485800, 56.65404386338124000, 23.49999947845893200 ) ) ;
#4382 = CARTESIAN_POINT ( 'NONE',  ( 182.4321797548188000, 41.66904386338089900, -19.26262734681628800 ) ) ;
#4383 = AXIS2_PLACEMENT_3D ( 'NONE', #4655, #11060, #50 ) ;
#4384 = EDGE_LOOP ( 'NONE', ( #4205, #5423, #4810, #1772 ) ) ;
#4385 = ORIENTED_EDGE ( 'NONE', *, *, #5850, .F. ) ;
#4386 = CARTESIAN_POINT ( 'NONE',  ( 164.5219257939270700, 61.89051384249005100, 17.39999966811055300 ) ) ;
#4387 = DIRECTION ( 'NONE',  ( -1.000000000000000000, 0.0000000000000000000, -4.336808689942013800E-016 ) ) ;
#4388 = CARTESIAN_POINT ( 'NONE',  ( 155.7709210839256900, 36.05941595335113400, 15.62684140313200000 ) ) ;
#4389 = EDGE_CURVE ( 'NONE', #2918, #2594, #2988, .T. ) ;
#4390 = ORIENTED_EDGE ( 'NONE', *, *, #3532, .T. ) ;
#4391 = AXIS2_PLACEMENT_3D ( 'NONE', #9232, #5612, #3755 ) ;
#4392 = VERTEX_POINT ( 'NONE', #157 ) ;
#4393 = ORIENTED_EDGE ( 'NONE', *, *, #3301, .T. ) ;
#4394 = EDGE_CURVE ( 'NONE', #605, #4692, #5592, .T. ) ;
#4395 = ORIENTED_EDGE ( 'NONE', *, *, #7659, .F. ) ;
#4396 = DIRECTION ( 'NONE',  ( -1.000000000000000000, 0.0000000000000000000, -4.336808689942134100E-016 ) ) ;
#4397 = DIRECTION ( 'NONE',  ( -4.057416247971343300E-016, -1.000000000000000000, 0.0000000000000000000 ) ) ;
#4398 = EDGE_CURVE ( 'NONE', #6448, #4100, #8157, .T. ) ;
#4399 = CARTESIAN_POINT ( 'NONE',  ( 176.7719257169737500, 52.51494189713120200, 18.99999947845893200 ) ) ;
#4400 = LINE ( 'NONE', #6172, #9969 ) ;
#4401 = AXIS2_PLACEMENT_3D ( 'NONE', #4254, #8670, #4216 ) ;
#4402 = CIRCLE ( 'NONE', #7651, 2.000000000000057300 ) ;
#4403 = DIRECTION ( 'NONE',  ( 0.0000000000000000000, 1.000000000000000000, 0.0000000000000000000 ) ) ;
#4404 = ORIENTED_EDGE ( 'NONE', *, *, #6582, .F. ) ;
#4405 = VERTEX_POINT ( 'NONE', #2878 ) ;
#4406 = CARTESIAN_POINT ( 'NONE',  ( 163.7579486982984100, 39.39060089301908400, 1.999999999999914100 ) ) ;
#4407 = VERTEX_POINT ( 'NONE', #992 ) ;
#4408 = ORIENTED_EDGE ( 'NONE', *, *, #8629, .T. ) ;
#4409 = ORIENTED_EDGE ( 'NONE', *, *, #10299, .F. ) ;
#4410 = LINE ( 'NONE', #4767, #4845 ) ;
#4411 = PRODUCT_DEFINITION_SHAPE ( 'NONE', 'NONE',  #9639 ) ;
#4412 = AXIS2_PLACEMENT_3D ( 'NONE', #4336, #9779, #6020 ) ;
#4413 = CARTESIAN_POINT ( 'NONE',  ( 157.8341493109444700, 41.59852968861958500, 22.49999878108514300 ) ) ;
#4414 = DIRECTION ( 'NONE',  ( 0.5000000000000015500, 0.8660254037844377100, 0.0000000000000000000 ) ) ;
#4415 = CIRCLE ( 'NONE', #5545, 2.000000000000001800 ) ;
#4416 = CARTESIAN_POINT ( 'NONE',  ( 190.0689853496277000, 49.11904400576364100, 0.7500135331658555100 ) ) ;
#4417 = AXIS2_PLACEMENT_3D ( 'NONE', #10095, #9165, #3505 ) ;
#4418 = ORIENTED_EDGE ( 'NONE', *, *, #9764, .T. ) ;
#4419 = ORIENTED_EDGE ( 'NONE', *, *, #9590, .T. ) ;
#4420 = CYLINDRICAL_SURFACE ( 'NONE', #3621, 1.000000000000000900 ) ;
#4421 = VERTEX_POINT ( 'NONE', #8306 ) ;
#4422 = DIRECTION ( 'NONE',  ( 8.157786440681345800E-032, 4.440892098500626200E-016, 1.000000000000000000 ) ) ;
#4423 = ADVANCED_FACE ( 'NONE', ( #8732 ), #122, .F. ) ;
#4424 = FACE_OUTER_BOUND ( 'NONE', #10361, .T. ) ;
#4425 = CARTESIAN_POINT ( 'NONE',  ( 166.5219257938019800, 29.84757416903766700, 22.19999878093403800 ) ) ;
#4426 = EDGE_LOOP ( 'NONE', ( #1606, #9792, #11416, #9551, #9345, #4795, #10309, #3241, #6388, #11151, #10891 ) ) ;
#4427 = DIRECTION ( 'NONE',  ( 4.440892098500625700E-016, -1.224646799147353500E-016, -1.000000000000000000 ) ) ;
#4428 = CARTESIAN_POINT ( 'NONE',  ( 182.1066554382230400, 50.66823982107931100, 2.645453300864630800E-014 ) ) ;
#4429 = ORIENTED_EDGE ( 'NONE', *, *, #2629, .T. ) ;
#4430 = CONICAL_SURFACE ( 'NONE', #5091, 1.999999999917484500, 0.7853981633974482800 ) ;
#4431 = CIRCLE ( 'NONE', #4943, 1.999999999999946300 ) ;
#4432 = CARTESIAN_POINT ( 'NONE',  ( 156.9013711871163800, 55.64832767198399900, 1.999999999999914500 ) ) ;
#4433 = CARTESIAN_POINT ( 'NONE',  ( 182.0219256400214400, 29.84757416903736500, 19.49999999999992200 ) ) ;
#4434 = DIRECTION ( 'NONE',  ( -4.440892098500626200E-016, -0.0000000000000000000, 1.000000000000000000 ) ) ;
#4435 = EDGE_LOOP ( 'NONE', ( #1894, #1056, #3434, #2750 ) ) ;
#4436 = AXIS2_PLACEMENT_3D ( 'NONE', #1580, #2519, #8941 ) ;
#4437 = ADVANCED_FACE ( 'NONE', ( #1108 ), #2263, .T. ) ;
#4438 = ORIENTED_EDGE ( 'NONE', *, *, #4244, .T. ) ;
#4439 = CYLINDRICAL_SURFACE ( 'NONE', #172, 0.8000000000000020400 ) ;
#4440 = VECTOR ( 'NONE', #9142, 1000.000000000000000 ) ;
#4441 = DIRECTION ( 'NONE',  ( 0.0000000000000000000, -1.000000000000000000, 4.930380657631323800E-032 ) ) ;
#4442 = EDGE_LOOP ( 'NONE', ( #7356, #8207, #2805, #3667 ) ) ;
#4443 = DIRECTION ( 'NONE',  ( 0.0000000000000000000, 1.000000000000000000, 0.0000000000000000000 ) ) ;
#4444 = DIRECTION ( 'NONE',  ( -1.000000000000000000, 0.0000000000000000000, 0.0000000000000000000 ) ) ;
#4445 = FACE_OUTER_BOUND ( 'NONE', #10172, .T. ) ;
#4446 = DIRECTION ( 'NONE',  ( -1.000000000000000000, 0.0000000000000000000, 0.0000000000000000000 ) ) ;
#4447 = ORIENTED_EDGE ( 'NONE', *, *, #657, .T. ) ;
#4448 = VERTEX_POINT ( 'NONE', #2956 ) ;
#4449 = CYLINDRICAL_SURFACE ( 'NONE', #660, 1.999999999999974000 ) ;
#4450 = DIRECTION ( 'NONE',  ( -2.220446049250312800E-016, 1.224646799147353200E-016, 1.000000000000000000 ) ) ;
#4451 = EDGE_CURVE ( 'NONE', #5804, #6014, #10190, .T. ) ;
#4452 = DIRECTION ( 'NONE',  ( 4.440892098500626200E-016, 0.0000000000000000000, -1.000000000000000000 ) ) ;
#4453 = FACE_OUTER_BOUND ( 'NONE', #4256, .T. ) ;
#4454 = AXIS2_PLACEMENT_3D ( 'NONE', #2909, #9406, #10345 ) ;
#4455 = CIRCLE ( 'NONE', #3767, 1.999999999931750800 ) ;
#4456 = CIRCLE ( 'NONE', #1253, 1.999999999999946300 ) ;
#4457 = EDGE_CURVE ( 'NONE', #9078, #7736, #6322, .T. ) ;
#4458 = ORIENTED_EDGE ( 'NONE', *, *, #3353, .F. ) ;
#4459 = CARTESIAN_POINT ( 'NONE',  ( 155.2719258708797600, 45.86904400576378300, 19.49999999999988600 ) ) ;
#4460 = FACE_OUTER_BOUND ( 'NONE', #7394, .T. ) ;
#4461 = CARTESIAN_POINT ( 'NONE',  ( 173.7719257169743800, 45.86904386338088800, 21.49999947845938700 ) ) ;
#4462 = VECTOR ( 'NONE', #2256, 1000.000000000000000 ) ;
#4463 = VERTEX_POINT ( 'NONE', #396 ) ;
#4464 = DIRECTION ( 'NONE',  ( -8.157786440681345800E-032, -4.440892098500626200E-016, -1.000000000000000000 ) ) ;
#4465 = CARTESIAN_POINT ( 'NONE',  ( 182.2719257169745500, 47.86904400576364100, 1.999999999999914100 ) ) ;
#4466 = EDGE_CURVE ( 'NONE', #9682, #8525, #8593, .T. ) ;
#4467 = LINE ( 'NONE', #10834, #8742 ) ;
#4468 = AXIS2_PLACEMENT_3D ( 'NONE', #6191, #1556, #5263 ) ;
#4469 = CYLINDRICAL_SURFACE ( 'NONE', #11216, 8.500000000000007100 ) ;
#4470 = EDGE_CURVE ( 'NONE', #8111, #95, #3137, .T. ) ;
#4471 = CARTESIAN_POINT ( 'NONE',  ( 177.5715967553672700, 36.61904386338100200, 18.99999947845893200 ) ) ;
#4472 = VERTEX_POINT ( 'NONE', #7705 ) ;
#4473 = EDGE_CURVE ( 'NONE', #9311, #8743, #5029, .T. ) ;
#4474 = CYLINDRICAL_SURFACE ( 'NONE', #7762, 0.5000000000000004400 ) ;
#4475 = CARTESIAN_POINT ( 'NONE',  ( 173.7719257169742400, 45.86904386338100200, 23.49999947845893500 ) ) ;
#4476 = DIRECTION ( 'NONE',  ( 4.440892098500626200E-016, 0.0000000000000000000, -1.000000000000000000 ) ) ;
#4477 = AXIS2_PLACEMENT_3D ( 'NONE', #8209, #3648, #2704 ) ;
#4478 = DIRECTION ( 'NONE',  ( 0.0000000000000000000, 1.000000000000000000, 0.0000000000000000000 ) ) ;
#4479 = VECTOR ( 'NONE', #9241, 1000.000000000000000 ) ;
#4480 = DIRECTION ( 'NONE',  ( 1.000000000000000000, 0.0000000000000000000, 0.0000000000000000000 ) ) ;
#4481 = VECTOR ( 'NONE', #4149, 999.9999999999998900 ) ;
#4482 = CARTESIAN_POINT ( 'NONE',  ( 165.1116716791299600, 40.86904386338089500, -19.26262734681628800 ) ) ;
#4483 = ADVANCED_FACE ( 'NONE', ( #10615 ), #6787, .F. ) ;
#4484 = AXIS2_PLACEMENT_3D ( 'NONE', #10253, #1874, #11101 ) ;
#4485 = ORIENTED_EDGE ( 'NONE', *, *, #507, .F. ) ;
#4486 = CONICAL_SURFACE ( 'NONE', #3970, 21.49999905524602900, 0.7853981633974447300 ) ;
#4487 = DIRECTION ( 'NONE',  ( -1.000000000000000000, 0.0000000000000000000, 0.0000000000000000000 ) ) ;
#4488 = CARTESIAN_POINT ( 'NONE',  ( 183.5512093831895900, 62.73959853561064600, 2.911237719181044600E-014 ) ) ;
#4489 = DIRECTION ( 'NONE',  ( 1.000000000000000000, 0.0000000000000000000, -0.0000000000000000000 ) ) ;
#4490 = DIRECTION ( 'NONE',  ( 0.0000000000000000000, 1.000000000000000000, 0.0000000000000000000 ) ) ;
#4491 = AXIS2_PLACEMENT_3D ( 'NONE', #9947, #10790, #4478 ) ;
#4492 = CARTESIAN_POINT ( 'NONE',  ( 185.6646103220173500, 47.47030988905425600, 18.99999947845893500 ) ) ;
#4493 = ORIENTED_EDGE ( 'NONE', *, *, #1282, .F. ) ;
#4494 = FACE_OUTER_BOUND ( 'NONE', #6949, .T. ) ;
#4495 = DIRECTION ( 'NONE',  ( 0.0000000000000000000, 0.0000000000000000000, -1.000000000000000000 ) ) ;
#4496 = ADVANCED_FACE ( 'NONE', ( #9893 ), #3871, .T. ) ;
#4497 = CARTESIAN_POINT ( 'NONE',  ( 173.7719257169744100, 37.86904386338095200, 19.99999947845892800 ) ) ;
#4498 = ORIENTED_EDGE ( 'NONE', *, *, #1320, .F. ) ;
#4499 = DIRECTION ( 'NONE',  ( 0.7071067811864609800, 0.7071067811866341700, 0.0000000000000000000 ) ) ;
#4500 = CARTESIAN_POINT ( 'NONE',  ( 173.7719257169747200, 45.86904400576327100, 20.49999878108513900 ) ) ;
#4501 = CARTESIAN_POINT ( 'NONE',  ( 169.5179729960637200, 55.46872386501753000, 2.844079139298155400E-014 ) ) ;
#4502 = VERTEX_POINT ( 'NONE', #2054 ) ;
#4503 = ORIENTED_EDGE ( 'NONE', *, *, #5481, .F. ) ;
#4504 = CARTESIAN_POINT ( 'NONE',  ( 190.0689853496277000, 48.36904400576364100, 0.7500135331658555100 ) ) ;
#4505 = AXIS2_PLACEMENT_3D ( 'NONE', #5476, #7368, #814 ) ;
#4506 = ORIENTED_EDGE ( 'NONE', *, *, #4539, .F. ) ;
#4507 = CIRCLE ( 'NONE', #3015, 2.500000000000390800 ) ;
#4508 = DIRECTION ( 'NONE',  ( 0.0000000000000000000, 1.224646799147353200E-016, 1.000000000000000000 ) ) ;
#4509 = CARTESIAN_POINT ( 'NONE',  ( 179.3630218156229400, 37.57810637624007900, 23.49999947845893200 ) ) ;
#4510 = CARTESIAN_POINT ( 'NONE',  ( 190.6424802468432100, 36.08976033953713600, 2.966996688067134700E-014 ) ) ;
#4511 = DIRECTION ( 'NONE',  ( 0.0000000000000000000, 0.0000000000000000000, -1.000000000000000000 ) ) ;
#4512 = ORIENTED_EDGE ( 'NONE', *, *, #10521, .T. ) ;
#4513 = ORIENTED_EDGE ( 'NONE', *, *, #11374, .T. ) ;
#4514 = DIRECTION ( 'NONE',  ( -2.220446049250313100E-016, -0.0000000000000000000, 1.000000000000000000 ) ) ;
#4515 = VERTEX_POINT ( 'NONE', #6711 ) ;
#4516 = ORIENTED_EDGE ( 'NONE', *, *, #1021, .T. ) ;
#4517 = CARTESIAN_POINT ( 'NONE',  ( 173.7719257169744400, 45.86904400576423800, 22.49999878108514300 ) ) ;
#4518 = CARTESIAN_POINT ( 'NONE',  ( 193.3678436374728200, 42.36904400576361200, 1.999999999999914500 ) ) ;
#4519 = DIRECTION ( 'NONE',  ( -1.000000000000000000, 1.040834085586097800E-014, -4.440892098500626200E-016 ) ) ;
#4520 = VERTEX_POINT ( 'NONE', #6752 ) ;
#4521 = FACE_OUTER_BOUND ( 'NONE', #7971, .T. ) ;
#4522 = CARTESIAN_POINT ( 'NONE',  ( 155.2719258708795800, 45.86904400576371200, 19.49999999999992200 ) ) ;
#4523 = ORIENTED_EDGE ( 'NONE', *, *, #6153, .T. ) ;
#4524 = CARTESIAN_POINT ( 'NONE',  ( 183.0219256400218600, 61.89051384249028600, 22.49999878108507900 ) ) ;
#4525 = AXIS2_PLACEMENT_3D ( 'NONE', #11511, #3157, #2299 ) ;
#4526 = DIRECTION ( 'NONE',  ( 0.0000000000000000000, 1.000000000000000000, 0.0000000000000000000 ) ) ;
#4527 = CARTESIAN_POINT ( 'NONE',  ( 163.7563136126116800, 36.85343190140081800, 2.731148640577885100E-014 ) ) ;
#4528 = DATE_AND_TIME ( #2617, #5095 ) ;
#4529 = EDGE_CURVE ( 'NONE', #4653, #11179, #5608, .T. ) ;
#4530 = DIRECTION ( 'NONE',  ( -4.440892098500625700E-016, 1.224646799147353500E-016, 1.000000000000000000 ) ) ;
#4531 = CARTESIAN_POINT ( 'NONE',  ( 182.2719257169745500, 47.86904400576364100, 4.199999999999903400 ) ) ;
#4532 = AXIS2_PLACEMENT_3D ( 'NONE', #659, #855, #4499 ) ;
#4533 = DIRECTION ( 'NONE',  ( 0.8660254037849480800, -0.4999999999991177100, 0.0000000000000000000 ) ) ;
#4534 = VERTEX_POINT ( 'NONE', #8574 ) ;
#4535 = EDGE_CURVE ( 'NONE', #3042, #514, #5741, .T. ) ;
#4536 = ORIENTED_EDGE ( 'NONE', *, *, #10072, .F. ) ;
#4537 = CARTESIAN_POINT ( 'NONE',  ( 166.8437224866989100, 49.86904386338100900, 19.99999947845892800 ) ) ;
#4538 = CYLINDRICAL_SURFACE ( 'NONE', #9858, 1.999999999999946300 ) ;
#4539 = EDGE_CURVE ( 'NONE', #1635, #491, #413, .T. ) ;
#4540 = ORIENTED_EDGE ( 'NONE', *, *, #10821, .T. ) ;
#4541 = EDGE_CURVE ( 'NONE', #6406, #11837, #6183, .T. ) ;
#4542 = PLANE ( 'NONE',  #4861 ) ;
#4544 = ADVANCED_FACE ( 'NONE', ( #10900 ), #11479, .F. ) ;
#4543 = DIRECTION ( 'NONE',  ( 2.220446049250312800E-016, -1.224646799147353200E-016, -1.000000000000000000 ) ) ;
#4545 = AXIS2_PLACEMENT_3D ( 'NONE', #4567, #9064, #5524 ) ;
#4546 = EDGE_LOOP ( 'NONE', ( #5717, #9066, #4363, #7787 ) ) ;
#4547 = DIRECTION ( 'NONE',  ( 0.0000000000000000000, 1.000000000000000000, -1.613696327631730300E-016 ) ) ;
#4548 = ORIENTED_EDGE ( 'NONE', *, *, #5555, .F. ) ;
#4549 = ORIENTED_EDGE ( 'NONE', *, *, #4591, .T. ) ;
#4550 = ORIENTED_EDGE ( 'NONE', *, *, #3206, .T. ) ;
#4551 = EDGE_LOOP ( 'NONE', ( #6616, #2371, #6658, #2430, #311, #5517, #5152, #3534 ) ) ;
#4552 = LINE ( 'NONE', #909, #2936 ) ;
#4553 = FACE_OUTER_BOUND ( 'NONE', #9207, .T. ) ;
#4554 = EDGE_CURVE ( 'NONE', #7350, #3622, #7448, .T. ) ;
#4555 = AXIS2_PLACEMENT_3D ( 'NONE', #1697, #2625, #1816 ) ;
#4556 = ORIENTED_EDGE ( 'NONE', *, *, #4171, .T. ) ;
#4557 = EDGE_CURVE ( 'NONE', #8434, #9541, #11187, .T. ) ;
#4558 = ORIENTED_EDGE ( 'NONE', *, *, #2965, .T. ) ;
#4559 = CARTESIAN_POINT ( 'NONE',  ( 173.7719257169743800, 45.86904400576364800, 2.199999311752464800 ) ) ;
#4560 = DIRECTION ( 'NONE',  ( -2.220446049250312800E-016, 1.224646799147353200E-016, 1.000000000000000000 ) ) ;
#4561 = DIRECTION ( 'NONE',  ( -0.0000000000000000000, -0.0000000000000000000, -1.000000000000000000 ) ) ;
#4562 = ORIENTED_EDGE ( 'NONE', *, *, #2039, .T. ) ;
#4563 = ADVANCED_FACE ( 'NONE', ( #3572 ), #5829, .F. ) ;
#4564 = ORIENTED_EDGE ( 'NONE', *, *, #10923, .F. ) ;
#4565 = AXIS2_PLACEMENT_3D ( 'NONE', #6598, #7420, #1105 ) ;
#4566 = CONICAL_SURFACE ( 'NONE', #309, 1.999999999917484500, 0.7853981633974482800 ) ;
#4567 = CARTESIAN_POINT ( 'NONE',  ( 170.0788721364986300, 51.21800233909667800, 2.199999311752462500 ) ) ;
#4568 = VECTOR ( 'NONE', #10428, 1000.000000000000000 ) ;
#4569 = DIRECTION ( 'NONE',  ( 4.440892098500626200E-016, 0.0000000000000000000, -1.000000000000000000 ) ) ;
#4570 = CARTESIAN_POINT ( 'NONE',  ( 164.5219257939272900, 31.84757416903744000, 22.34999878108499200 ) ) ;
#4571 = EDGE_LOOP ( 'NONE', ( #1724, #10427, #2945, #3543, #1205 ) ) ;
#4572 = ORIENTED_EDGE ( 'NONE', *, *, #350, .F. ) ;
#4573 = AXIS2_PLACEMENT_3D ( 'NONE', #533, #2367, #11413 ) ;
#4574 = DIRECTION ( 'NONE',  ( -1.000000000000000000, 0.0000000000000000000, -4.336808689942013800E-016 ) ) ;
#4575 = FACE_OUTER_BOUND ( 'NONE', #4822, .T. ) ;
#4576 = FACE_BOUND ( 'NONE', #7088, .T. ) ;
#4577 = CARTESIAN_POINT ( 'NONE',  ( 173.7719257169744900, 45.86904400576364800, 4.199999999999905100 ) ) ;
#4578 = CARTESIAN_POINT ( 'NONE',  ( 167.0578444306695800, 47.88053894935388400, 23.49999947845893200 ) ) ;
#4579 = ORIENTED_EDGE ( 'NONE', *, *, #3532, .F. ) ;
#4580 = DIRECTION ( 'NONE',  ( -0.0000000000000000000, -0.0000000000000000000, 1.000000000000000000 ) ) ;
#4581 = ORIENTED_EDGE ( 'NONE', *, *, #9897, .T. ) ;
#4582 = FACE_OUTER_BOUND ( 'NONE', #4373, .T. ) ;
#4583 = DIRECTION ( 'NONE',  ( -1.000000000000000000, 0.0000000000000000000, 0.0000000000000000000 ) ) ;
#4584 = EDGE_LOOP ( 'NONE', ( #3227, #8545, #11244, #6453 ) ) ;
#4585 = CIRCLE ( 'NONE', #5941, 1.350000000000000500 ) ;
#4586 = VERTEX_POINT ( 'NONE', #10707 ) ;
#4587 = ORIENTED_EDGE ( 'NONE', *, *, #897, .F. ) ;
#4588 = CARTESIAN_POINT ( 'NONE',  ( 165.7563136126116800, 36.85343190140081800, 3.000013011975194700 ) ) ;
#4589 = VERTEX_POINT ( 'NONE', #10398 ) ;
#4590 = DIRECTION ( 'NONE',  ( -4.440892098500625700E-016, 1.224646799147353500E-016, 1.000000000000000000 ) ) ;
#4591 = EDGE_CURVE ( 'NONE', #5474, #9033, #10177, .T. ) ;
#4592 = FACE_OUTER_BOUND ( 'NONE', #9136, .T. ) ;
#4593 = LINE ( 'NONE', #4518, #10747 ) ;
#4594 = ORIENTED_EDGE ( 'NONE', *, *, #5146, .T. ) ;
#4595 = AXIS2_PLACEMENT_3D ( 'NONE', #3485, #4434, #4519 ) ;
#4596 = FACE_BOUND ( 'NONE', #1761, .T. ) ;
#4597 = DIRECTION ( 'NONE',  ( 2.220446049250312600E-016, -1.224646799147353200E-016, -1.000000000000000000 ) ) ;
#4598 = AXIS2_PLACEMENT_3D ( 'NONE', #11090, #11017, #5499 ) ;
#4599 = FACE_OUTER_BOUND ( 'NONE', #6861, .T. ) ;
#4600 = DIRECTION ( 'NONE',  ( -1.000000000000000000, 0.0000000000000000000, -4.440892098500626200E-016 ) ) ;
#4601 = ORIENTED_EDGE ( 'NONE', *, *, #9523, .F. ) ;
#4602 = ADVANCED_FACE ( 'NONE', ( #3283 ), #691, .F. ) ;
#4603 = AXIS2_PLACEMENT_3D ( 'NONE', #1849, #9252, #74 ) ;
#4604 = CARTESIAN_POINT ( 'NONE',  ( 178.0591563053375000, 53.17480510411329700, 18.99999947845893200 ) ) ;
#4605 = CYLINDRICAL_SURFACE ( 'NONE', #3992, 19.49999997868762200 ) ;
#4606 = CARTESIAN_POINT ( 'NONE',  ( 164.9956455047893400, 61.00928524862835200, 1.999999999999914500 ) ) ;
#4607 = LINE ( 'NONE', #8552, #841 ) ;
#4608 = ORIENTED_EDGE ( 'NONE', *, *, #8292, .F. ) ;
#4609 = CARTESIAN_POINT ( 'NONE',  ( 187.1462943877393500, 33.49467533499879600, 81.17012103714563400 ) ) ;
#4610 = FACE_BOUND ( 'NONE', #6360, .T. ) ;
#4611 = EDGE_CURVE ( 'NONE', #10601, #591, #7170, .T. ) ;
#4612 = CARTESIAN_POINT ( 'NONE',  ( 182.0131497082755300, 41.14334891140514100, 2.599370207880291100E-014 ) ) ;
#4613 = EDGE_CURVE ( 'NONE', #63, #9005, #9501, .T. ) ;
#4614 = VERTEX_POINT ( 'NONE', #5149 ) ;
#4615 = CIRCLE ( 'NONE', #5063, 1.999999999999946300 ) ;
#4616 = AXIS2_PLACEMENT_3D ( 'NONE', #1323, #9618, #4141 ) ;
#4617 = AXIS2_PLACEMENT_3D ( 'NONE', #3244, #861, #9422 ) ;
#4618 = CARTESIAN_POINT ( 'NONE',  ( 199.9033806311083200, 48.86904400576364100, 0.7500135331658555100 ) ) ;
#4619 = DIRECTION ( 'NONE',  ( 0.0000000000000000000, 0.0000000000000000000, 1.000000000000000000 ) ) ;
#4620 = CYLINDRICAL_SURFACE ( 'NONE', #5688, 12.00000000000001100 ) ;
#4621 = ADVANCED_FACE ( 'NONE', ( #3733 ), #10594, .T. ) ;
#4622 = ORIENTED_EDGE ( 'NONE', *, *, #1202, .F. ) ;
#4623 = DIRECTION ( 'NONE',  ( 0.0000000000000000000, 0.0000000000000000000, 1.000000000000000000 ) ) ;
#4624 = CARTESIAN_POINT ( 'NONE',  ( 173.7719257169743800, 42.36904386345941000, 23.49999947847436500 ) ) ;
#4625 = CARTESIAN_POINT ( 'NONE',  ( 168.5164091887845100, 41.68006944272059400, 23.49999947845903500 ) ) ;
#4626 = DIRECTION ( 'NONE',  ( 4.440892098500626200E-016, 0.0000000000000000000, -1.000000000000000000 ) ) ;
#4627 = EDGE_CURVE ( 'NONE', #9297, #3633, #4177, .T. ) ;
#4628 = FACE_OUTER_BOUND ( 'NONE', #5826, .T. ) ;
#4629 = DIRECTION ( 'NONE',  ( 4.440892098500625700E-016, -1.224646799147353500E-016, -1.000000000000000000 ) ) ;
#4630 = AXIS2_PLACEMENT_3D ( 'NONE', #10252, #2818, #5656 ) ;
#4631 = EDGE_CURVE ( 'NONE', #5889, #8993, #7761, .T. ) ;
#4632 = CARTESIAN_POINT ( 'NONE',  ( 173.7719257169744900, 45.86904400576364800, 2.199999311752466100 ) ) ;
#4633 = EDGE_CURVE ( 'NONE', #11299, #10452, #430, .T. ) ;
#4634 = CARTESIAN_POINT ( 'NONE',  ( 164.3808625143896600, 43.25984246734800100, 23.49999947845909200 ) ) ;
#4635 = DIRECTION ( 'NONE',  ( -1.000000000000000000, 0.0000000000000000000, 0.0000000000000000000 ) ) ;
#4636 = ORIENTED_EDGE ( 'NONE', *, *, #3040, .T. ) ;
#4637 = CIRCLE ( 'NONE', #11343, 0.7500000000000006700 ) ;
#4638 = DIRECTION ( 'NONE',  ( 1.353763752833605500E-014, -1.000000000000000000, 1.353763752833661700E-014 ) ) ;
#4639 = CARTESIAN_POINT ( 'NONE',  ( 167.2934826042308300, 55.88302102443973500, 1.999999999999914500 ) ) ;
#4640 = DIRECTION ( 'NONE',  ( -1.000000000000000000, 3.469446951953659200E-015, 0.0000000000000000000 ) ) ;
#4641 = ORIENTED_EDGE ( 'NONE', *, *, #11207, .F. ) ;
#4642 = ORIENTED_EDGE ( 'NONE', *, *, #8819, .F. ) ;
#4643 = DIRECTION ( 'NONE',  ( 0.0000000000000000000, 1.000000000000000000, -2.220446049250312600E-016 ) ) ;
#4644 = DIRECTION ( 'NONE',  ( 0.0000000000000000000, -1.000000000000000000, 0.0000000000000000000 ) ) ;
#4645 = VERTEX_POINT ( 'NONE', #9754 ) ;
#4646 = CYLINDRICAL_SURFACE ( 'NONE', #10960, 15.42658558267648200 ) ;
#4647 = DIRECTION ( 'NONE',  ( -1.000000000000000000, 0.0000000000000000000, 0.0000000000000000000 ) ) ;
#4648 = AXIS2_PLACEMENT_3D ( 'NONE', #6144, #7892, #726 ) ;
#4649 = DIRECTION ( 'NONE',  ( 4.440892098500626200E-016, 0.0000000000000000000, -1.000000000000000000 ) ) ;
#4650 = ORIENTED_EDGE ( 'NONE', *, *, #669, .T. ) ;
#4651 = EDGE_LOOP ( 'NONE', ( #7325, #8683, #31, #7244 ) ) ;
#4652 = DIRECTION ( 'NONE',  ( -1.000000000000000000, 0.0000000000000000000, -4.336808689942013800E-016 ) ) ;
#4653 = VERTEX_POINT ( 'NONE', #8736 ) ;
#4654 = VERTEX_POINT ( 'NONE', #6043 ) ;
#4655 = CARTESIAN_POINT ( 'NONE',  ( 169.5164091887855600, 39.94801863515309700, 23.49999947845893200 ) ) ;
#4656 = ORIENTED_EDGE ( 'NONE', *, *, #4073, .T. ) ;
#4657 = FACE_OUTER_BOUND ( 'NONE', #10641, .T. ) ;
#4658 = CARTESIAN_POINT ( 'NONE',  ( 157.3174435091019900, 36.36904427367265700, 16.49999967266197100 ) ) ;
#4660 = ADVANCED_FACE ( 'NONE', ( #2863 ), #6893, .F. ) ;
#4659 = DIRECTION ( 'NONE',  ( 4.440892098500626200E-016, 0.0000000000000000000, -1.000000000000000000 ) ) ;
#4661 = CARTESIAN_POINT ( 'NONE',  ( 160.8672271946861900, 58.77374252805196900, 20.49999878108513900 ) ) ;
#4662 = ORIENTED_EDGE ( 'NONE', *, *, #5060, .T. ) ;
#4663 = CIRCLE ( 'NONE', #3758, 2.000000000000057300 ) ;
#4664 = CARTESIAN_POINT ( 'NONE',  ( 173.7719257169743800, 45.86904386338088800, 21.49999947845938700 ) ) ;
#4665 = CARTESIAN_POINT ( 'NONE',  ( 173.7719257169744900, 64.86904346994575100, 16.49999967266197100 ) ) ;
#4666 = DIRECTION ( 'NONE',  ( -1.224646799147352700E-016, 2.220446049250314100E-016, -1.000000000000000000 ) ) ;
#4667 = ORIENTED_EDGE ( 'NONE', *, *, #5148, .F. ) ;
#4668 = EDGE_CURVE ( 'NONE', #5587, #10743, #4747, .T. ) ;
#4669 = EDGE_LOOP ( 'NONE', ( #11193, #9674 ) ) ;
#4670 = CARTESIAN_POINT ( 'NONE',  ( 181.8341815263929100, 49.86904400576364800, 1.999999999999914500 ) ) ;
#4671 = CARTESIAN_POINT ( 'NONE',  ( 154.4534101037557400, 40.69266334823311100, 20.49999878108513900 ) ) ;
#4672 = CIRCLE ( 'NONE', #1604, 2.000000000000001800 ) ;
#4673 = ADVANCED_FACE ( 'NONE', ( #2547 ), #516, .F. ) ;
#4674 = DIRECTION ( 'NONE',  ( -1.000000000000000000, 0.0000000000000000000, -4.440892098500626200E-016 ) ) ;
#4675 = EDGE_CURVE ( 'NONE', #10339, #6783, #11764, .T. ) ;
#4676 = SECURITY_CLASSIFICATION_LEVEL ( 'unclassified' ) ;
#4677 = VERTEX_POINT ( 'NONE', #3361 ) ;
#4678 = AXIS2_PLACEMENT_3D ( 'NONE', #1317, #7770, #2241 ) ;
#4679 = CARTESIAN_POINT ( 'NONE',  ( 172.7719257169751500, 55.86904386338088800, 21.74999947845978500 ) ) ;
#4680 = EDGE_LOOP ( 'NONE', ( #1476, #9528, #11885, #5426 ) ) ;
#4681 = VERTEX_POINT ( 'NONE', #6991 ) ;
#4682 = EDGE_CURVE ( 'NONE', #7798, #5360, #3155, .T. ) ;
#4683 = ORIENTED_EDGE ( 'NONE', *, *, #5075, .T. ) ;
#4684 = CIRCLE ( 'NONE', #7187, 10.49999843580512500 ) ;
#4685 = CARTESIAN_POINT ( 'NONE',  ( 162.5219257940526100, 29.84757416903766700, 22.19999878093403800 ) ) ;
#4686 = CARTESIAN_POINT ( 'NONE',  ( 180.0274422451638800, 43.41212025029054900, 23.49999947845893200 ) ) ;
#4687 = FACE_OUTER_BOUND ( 'NONE', #6790, .T. ) ;
#4688 = DIRECTION ( 'NONE',  ( -4.440892098500625700E-016, 1.224646799147353500E-016, 1.000000000000000000 ) ) ;
#4689 = ORIENTED_EDGE ( 'NONE', *, *, #738, .F. ) ;
#4690 = EDGE_CURVE ( 'NONE', #5103, #8767, #991, .T. ) ;
#4691 = CARTESIAN_POINT ( 'NONE',  ( 165.5219257939274700, 29.84757416903736900, 17.39999966811055300 ) ) ;
#4692 = VERTEX_POINT ( 'NONE', #8969 ) ;
#4693 = ORIENTED_EDGE ( 'NONE', *, *, #9353, .T. ) ;
#4694 = ORIENTED_EDGE ( 'NONE', *, *, #2437, .F. ) ;
#4695 = EDGE_CURVE ( 'NONE', #9611, #4119, #8312, .T. ) ;
#4696 = DIRECTION ( 'NONE',  ( 4.440892098500626200E-016, 0.0000000000000000000, -1.000000000000000000 ) ) ;
#4697 = ORIENTED_EDGE ( 'NONE', *, *, #4090, .F. ) ;
#4698 = EDGE_CURVE ( 'NONE', #4906, #11821, #9310, .T. ) ;
#4699 = CARTESIAN_POINT ( 'NONE',  ( 165.3525388497355700, 48.53623804074490500, 18.99999947845893200 ) ) ;
#4700 = CYLINDRICAL_SURFACE ( 'NONE', #7321, 1.999999999999946300 ) ;
#4701 = CARTESIAN_POINT ( 'NONE',  ( 179.0334630398486700, 56.65404386338120400, 18.99999947845892800 ) ) ;
#4702 = DIRECTION ( 'NONE',  ( 4.078893220340672900E-032, 2.220446049250313100E-016, 1.000000000000000000 ) ) ;
#4703 = DIRECTION ( 'NONE',  ( -4.078893220340672900E-032, -2.220446049250313100E-016, -1.000000000000000000 ) ) ;
#4704 = AXIS2_PLACEMENT_3D ( 'NONE', #10825, #6225, #9907 ) ;
#4705 = VECTOR ( 'NONE', #11820, 1000.000000000000000 ) ;
#4706 = ORIENTED_EDGE ( 'NONE', *, *, #5932, .F. ) ;
#4707 = CARTESIAN_POINT ( 'NONE',  ( 189.7719259988398600, 45.86904400576391100, 21.49999895691860300 ) ) ;
#4708 = VERTEX_POINT ( 'NONE', #10919 ) ;
#4709 = DIRECTION ( 'NONE',  ( 6.983158872362118400E-017, 1.110223024625156000E-016, -1.000000000000000000 ) ) ;
#4710 = CYLINDRICAL_SURFACE ( 'NONE', #4259, 0.9999999999992514900 ) ;
#4711 = EDGE_CURVE ( 'NONE', #2892, #1492, #1966, .T. ) ;
#4712 = ORIENTED_EDGE ( 'NONE', *, *, #9590, .F. ) ;
#4713 = AXIS2_PLACEMENT_3D ( 'NONE', #3890, #6573, #7441 ) ;
#4714 = VECTOR ( 'NONE', #3976, 1000.000000000000000 ) ;
#4715 = CARTESIAN_POINT ( 'NONE',  ( 199.9033806311083200, 42.86904400576364100, 0.7500135331658556200 ) ) ;
#4716 = AXIS2_PLACEMENT_3D ( 'NONE', #8328, #2828, #10150 ) ;
#4717 = ORIENTED_EDGE ( 'NONE', *, *, #7426, .T. ) ;
#4718 = ADVANCED_FACE ( 'NONE', ( #10495 ), #7973, .F. ) ;
#4719 = ORIENTED_EDGE ( 'NONE', *, *, #10284, .T. ) ;
#4720 = LINE ( 'NONE', #300, #2382 ) ;
#4721 = CARTESIAN_POINT ( 'NONE',  ( 160.8672271946861900, 58.77374252805196900, 22.49999878108514300 ) ) ;
#4722 = CIRCLE ( 'NONE', #7533, 1.999999999999974000 ) ;
#4723 = DIRECTION ( 'NONE',  ( -1.000000000000000000, 0.0000000000000000000, -4.336808689942013800E-016 ) ) ;
#4724 = ORIENTED_EDGE ( 'NONE', *, *, #1629, .F. ) ;
#4725 = AXIS2_PLACEMENT_3D ( 'NONE', #4658, #11064, #8280 ) ;
#4726 = CARTESIAN_POINT ( 'NONE',  ( 181.9654281118661200, 41.17240820195625900, 0.05585366411007988700 ) ) ;
#4727 = LINE ( 'NONE', #715, #2242 ) ;
#4728 = DIRECTION ( 'NONE',  ( 0.0000000000000000000, 1.000000000000000000, 0.0000000000000000000 ) ) ;
#4729 = VECTOR ( 'NONE', #4560, 1000.000000000000000 ) ;
#4730 = DIRECTION ( 'NONE',  ( -1.000000000000000000, -2.081668171172108900E-014, -4.440892098500626200E-016 ) ) ;
#4731 = ORIENTED_EDGE ( 'NONE', *, *, #8898, .T. ) ;
#4732 = AXIS2_PLACEMENT_3D ( 'NONE', #6386, #5429, #2734 ) ;
#4733 = DIRECTION ( 'NONE',  ( 0.0000000000000000000, 0.0000000000000000000, -1.000000000000000000 ) ) ;
#4734 = CIRCLE ( 'NONE', #1438, 19.99999905524573100 ) ;
#4735 = CARTESIAN_POINT ( 'NONE',  ( 163.8613552127720500, 47.20343221810883000, 23.49999947845893200 ) ) ;
#4736 = ADVANCED_FACE ( 'NONE', ( #8029 ), #8014, .T. ) ;
#4737 = DIRECTION ( 'NONE',  ( -8.157786440681345800E-032, -4.440892098500626200E-016, -1.000000000000000000 ) ) ;
#4738 = ORIENTED_EDGE ( 'NONE', *, *, #10519, .T. ) ;
#4739 = VERTEX_POINT ( 'NONE', #9824 ) ;
#4740 = CIRCLE ( 'NONE', #1867, 4.500000000000198100 ) ;
#4741 = DIRECTION ( 'NONE',  ( -8.157786440681345800E-032, -4.440892098500626200E-016, -1.000000000000000000 ) ) ;
#4742 = CARTESIAN_POINT ( 'NONE',  ( 155.2719258708797600, 44.51904400576378900, 22.49999878108507900 ) ) ;
#4743 = DIRECTION ( 'NONE',  ( 0.0000000000000000000, 1.000000000000000000, 0.0000000000000000000 ) ) ;
#4744 = DIRECTION ( 'NONE',  ( 4.440892098500625700E-016, -1.224646799147353500E-016, -1.000000000000000000 ) ) ;
#4745 = FACE_OUTER_BOUND ( 'NONE', #313, .T. ) ;
#4746 = CIRCLE ( 'NONE', #10760, 0.9999999999992514900 ) ;
#4747 = CIRCLE ( 'NONE', #11615, 21.49999905524600100 ) ;
#4748 = ORIENTED_EDGE ( 'NONE', *, *, #526, .T. ) ;
#4749 = VECTOR ( 'NONE', #11221, 1000.000000000000000 ) ;
#4750 = CARTESIAN_POINT ( 'NONE',  ( 173.5108104248080600, 66.36774617664345000, 17.47437426670355600 ) ) ;
#4751 = CARTESIAN_POINT ( 'NONE',  ( 173.7719257169743800, 45.86904386338088800, 21.49999947845939400 ) ) ;
#4752 = EDGE_CURVE ( 'NONE', #2705, #5709, #702, .T. ) ;
#4753 = CIRCLE ( 'NONE', #3901, 1.749999386690445700 ) ;
#4754 = ORIENTED_EDGE ( 'NONE', *, *, #4315, .T. ) ;
#4755 = CYLINDRICAL_SURFACE ( 'NONE', #3835, 0.7500000000000006700 ) ;
#4756 = CARTESIAN_POINT ( 'NONE',  ( 178.6013034760578400, 38.87425233909688400, 4.199999999999905100 ) ) ;
#4757 = DIRECTION ( 'NONE',  ( 3.700743415417185100E-014, -1.000000000000000000, 0.0000000000000000000 ) ) ;
#4758 = AXIS2_PLACEMENT_3D ( 'NONE', #3634, #3594, #10092 ) ;
#4759 = LINE ( 'NONE', #3994, #4321 ) ;
#4760 = EDGE_LOOP ( 'NONE', ( #6922, #544, #11451, #471 ) ) ;
#4761 = CIRCLE ( 'NONE', #4477, 2.500000000000363300 ) ;
#4762 = AXIS2_PLACEMENT_3D ( 'NONE', #10432, #4060, #3028 ) ;
#4763 = CYLINDRICAL_SURFACE ( 'NONE', #10434, 1.749999386690438600 ) ;
#4764 = DIRECTION ( 'NONE',  ( 0.0000000000000000000, 1.000000000000000000, -1.613696327631730300E-016 ) ) ;
#4765 = CARTESIAN_POINT ( 'NONE',  ( 172.0485007127524600, 40.17286345020813300, 4.200000000041030500 ) ) ;
#4766 = EDGE_CURVE ( 'NONE', #11689, #6373, #9909, .T. ) ;
#4767 = CARTESIAN_POINT ( 'NONE',  ( 172.0485007127526300, 51.56522456131875700, 4.200000000082269500 ) ) ;
#4768 = CIRCLE ( 'NONE', #5602, 2.000000000000140300 ) ;
#4769 = EDGE_CURVE ( 'NONE', #8087, #9847, #1260, .T. ) ;
#4770 = CARTESIAN_POINT ( 'NONE',  ( 175.3869605160868400, 39.04873136338073900, 18.99999947845893200 ) ) ;
#4771 = CARTESIAN_POINT ( 'NONE',  ( 173.7719257169743800, 55.86904386338088800, 19.99999947846018200 ) ) ;
#4772 = EDGE_CURVE ( 'NONE', #8110, #11563, #3431, .T. ) ;
#4773 = CARTESIAN_POINT ( 'NONE',  ( 183.0219256400218600, 60.54051384249029200, 19.49999999999988600 ) ) ;
#4774 = AXIS2_PLACEMENT_3D ( 'NONE', #7, #9185, #3706 ) ;
#4775 = VERTEX_POINT ( 'NONE', #5268 ) ;
#4776 = CIRCLE ( 'NONE', #7644, 2.000000000000140300 ) ;
#4777 = DIRECTION ( 'NONE',  ( 4.440892098500626200E-016, 0.0000000000000000000, -1.000000000000000000 ) ) ;
#4778 = DIRECTION ( 'NONE',  ( -1.000000000000000000, -2.523232415088243700E-015, 0.0000000000000000000 ) ) ;
#4779 = DIRECTION ( 'NONE',  ( 0.0000000000000000000, 1.000000000000000000, 0.0000000000000000000 ) ) ;
#4781 = ADVANCED_FACE ( 'NONE', ( #6751 ), #8595, .F. ) ;
#4780 = DIRECTION ( 'NONE',  ( 4.440892098500626200E-016, 0.0000000000000000000, -1.000000000000000000 ) ) ;
#4782 = CARTESIAN_POINT ( 'NONE',  ( 178.0424400341181900, 61.80682041179458300, 20.49999878108513900 ) ) ;
#4783 = EDGE_CURVE ( 'NONE', #5886, #2062, #8880, .T. ) ;
#4784 = AXIS2_PLACEMENT_3D ( 'NONE', #3912, #327, #1153 ) ;
#4785 = ORIENTED_EDGE ( 'NONE', *, *, #8750, .T. ) ;
#4786 = EDGE_CURVE ( 'NONE', #4100, #5439, #3002, .T. ) ;
#4787 = VECTOR ( 'NONE', #8620, 1000.000000000000000 ) ;
#4788 = CARTESIAN_POINT ( 'NONE',  ( 173.7719257169743800, 48.86904234378440700, 4.199999833293105700 ) ) ;
#4789 = AXIS2_PLACEMENT_3D ( 'NONE', #3841, #10171, #2902 ) ;
#4790 = VERTEX_POINT ( 'NONE', #6263 ) ;
#4791 = CARTESIAN_POINT ( 'NONE',  ( 178.0424400341178500, 29.93126759973311800, 22.49999878108514300 ) ) ;
#4792 = EDGE_LOOP ( 'NONE', ( #9208, #3998, #10525, #5178, #1272 ) ) ;
#4793 = EDGE_LOOP ( 'NONE', ( #681, #8931, #4360, #931 ) ) ;
#4794 = CARTESIAN_POINT ( 'NONE',  ( 175.3869605160868400, 39.04873136338073200, 21.99999947845893200 ) ) ;
#4795 = ORIENTED_EDGE ( 'NONE', *, *, #3988, .F. ) ;
#4796 = VECTOR ( 'NONE', #8469, 1000.000000000000000 ) ;
#4797 = DIRECTION ( 'NONE',  ( -1.000000000000000000, 0.0000000000000000000, 0.0000000000000000000 ) ) ;
#4798 = AXIS2_PLACEMENT_3D ( 'NONE', #6813, #4737, #2291 ) ;
#4799 = VERTEX_POINT ( 'NONE', #6350 ) ;
#4800 = ORIENTED_EDGE ( 'NONE', *, *, #10276, .T. ) ;
#4801 = ORIENTED_EDGE ( 'NONE', *, *, #7192, .T. ) ;
#4802 = CARTESIAN_POINT ( 'NONE',  ( 187.9140606726643100, 31.72690905007528900, 20.49999878108513900 ) ) ;
#4803 = ORIENTED_EDGE ( 'NONE', *, *, #5909, .F. ) ;
#4804 = EDGE_LOOP ( 'NONE', ( #6856, #3978, #3183, #933, #10722 ) ) ;
#4805 = CONICAL_SURFACE ( 'NONE', #6387, 9.499998263138881100, 0.7853981633974422800 ) ;
#4806 = DIRECTION ( 'NONE',  ( -4.078893220340672900E-032, -2.220446049250313100E-016, -1.000000000000000000 ) ) ;
#4807 = DIRECTION ( 'NONE',  ( -4.440892098500626200E-016, -0.0000000000000000000, 1.000000000000000000 ) ) ;
#4808 = DIRECTION ( 'NONE',  ( 0.0000000000000000000, 0.0000000000000000000, -1.000000000000000000 ) ) ;
#4809 = DIRECTION ( 'NONE',  ( -1.000000000000000000, 0.0000000000000000000, 0.0000000000000000000 ) ) ;
#4810 = ORIENTED_EDGE ( 'NONE', *, *, #3607, .T. ) ;
#4811 = CARTESIAN_POINT ( 'NONE',  ( 183.1629889195591500, 43.25984246734800800, 23.49999947845893200 ) ) ;
#4812 = CALENDAR_DATE ( 2025, 15, 7 ) ;
#4813 = CARTESIAN_POINT ( 'NONE',  ( 189.2719267945538500, 45.86904400576364800, 3.000012844918298300 ) ) ;
#4814 = DIRECTION ( 'NONE',  ( 8.157786440681345800E-032, 4.440892098500626200E-016, 1.000000000000000000 ) ) ;
#4815 = EDGE_CURVE ( 'NONE', #8702, #10409, #4325, .T. ) ;
#4816 = ORIENTED_EDGE ( 'NONE', *, *, #3591, .F. ) ;
#4817 = ORIENTED_EDGE ( 'NONE', *, *, #3454, .F. ) ;
#4818 = CARTESIAN_POINT ( 'NONE',  ( 184.0219256400223200, 29.84757416903736500, 17.39999966811049600 ) ) ;
#4819 = CIRCLE ( 'NONE', #4343, 2.000000000000029300 ) ;
#4820 = AXIS2_PLACEMENT_3D ( 'NONE', #5409, #10047, #3624 ) ;
#4821 = CARTESIAN_POINT ( 'NONE',  ( 162.3975570462096700, 33.49467533499925800, 2.819966482547897600E-014 ) ) ;
#4822 = EDGE_LOOP ( 'NONE', ( #5235, #1807, #11699, #4493 ) ) ;
#4823 = ORIENTED_EDGE ( 'NONE', *, *, #2884, .F. ) ;
#4824 = CARTESIAN_POINT ( 'NONE',  ( 192.2719255630692900, 45.86904400576411000, 22.19999878104772500 ) ) ;
#4825 = CARTESIAN_POINT ( 'NONE',  ( 177.2656718058337600, 40.38782700335961100, 23.49999947845893200 ) ) ;
#4826 = VERTEX_POINT ( 'NONE', #11833 ) ;
#4827 = ORIENTED_EDGE ( 'NONE', *, *, #3699, .T. ) ;
#4828 = ORIENTED_EDGE ( 'NONE', *, *, #6582, .T. ) ;
#4829 = VECTOR ( 'NONE', #6119, 1000.000000000000000 ) ;
#4830 = ADVANCED_FACE ( 'NONE', ( #7459 ), #4474, .T. ) ;
#4831 = EDGE_CURVE ( 'NONE', #6929, #8114, #11495, .T. ) ;
#4832 = CYLINDRICAL_SURFACE ( 'NONE', #4975, 1.749999386690445700 ) ;
#4833 = AXIS2_PLACEMENT_3D ( 'NONE', #7977, #9911, #5234 ) ;
#4834 = ORIENTED_EDGE ( 'NONE', *, *, #5671, .F. ) ;
#4835 = DIRECTION ( 'NONE',  ( 4.440892098500626200E-016, 0.0000000000000000000, -1.000000000000000000 ) ) ;
#4836 = CARTESIAN_POINT ( 'NONE',  ( 164.7563136126116800, 36.85343190140081800, 2.775557561562891400E-014 ) ) ;
#4837 = AXIS2_PLACEMENT_3D ( 'NONE', #145, #11102, #11223 ) ;
#4838 = ORIENTED_EDGE ( 'NONE', *, *, #1181, .T. ) ;
#4839 = DIRECTION ( 'NONE',  ( -1.000000000000000000, 0.0000000000000000000, 0.0000000000000000000 ) ) ;
#4840 = ORIENTED_EDGE ( 'NONE', *, *, #6380, .T. ) ;
#4841 = ORIENTED_EDGE ( 'NONE', *, *, #2268, .T. ) ;
#4842 = CARTESIAN_POINT ( 'NONE',  ( 171.6950026400516000, 49.86108476153672300, 23.49999947845893200 ) ) ;
#4843 = DIRECTION ( 'NONE',  ( 4.440892098500625700E-016, -1.224646799147353500E-016, -1.000000000000000000 ) ) ;
#4844 = CARTESIAN_POINT ( 'NONE',  ( 173.7719257169747200, 45.86904400576391100, 22.49999878108514300 ) ) ;
#4845 = VECTOR ( 'NONE', #10401, 1000.000000000000000 ) ;
#4846 = EDGE_LOOP ( 'NONE', ( #5452, #10958, #5660, #2400, #11605, #4305, #9236, #407, #9710, #9126 ) ) ;
#4847 = CIRCLE ( 'NONE', #2378, 4.500000000000198100 ) ;
#4848 = CARTESIAN_POINT ( 'NONE',  ( 171.5081558941292900, 49.75817566741880400, 23.49999947845893900 ) ) ;
#4849 = EDGE_CURVE ( 'NONE', #8128, #1006, #4761, .T. ) ;
#4850 = DIRECTION ( 'NONE',  ( -1.000000000000000000, 0.0000000000000000000, -2.420544451569709900E-016 ) ) ;
#4851 = AXIS2_PLACEMENT_3D ( 'NONE', #6619, #5697, #55 ) ;
#4852 = DIRECTION ( 'NONE',  ( 0.0000000000000000000, 0.0000000000000000000, 1.000000000000000000 ) ) ;
#4853 = EDGE_CURVE ( 'NONE', #6414, #519, #11199, .T. ) ;
#4854 = DIRECTION ( 'NONE',  ( -1.000000000000000000, 0.0000000000000000000, 0.0000000000000000000 ) ) ;
#4855 = EDGE_CURVE ( 'NONE', #8419, #8747, #5186, .T. ) ;
#4856 = DIRECTION ( 'NONE',  ( 0.0000000000000000000, 0.0000000000000000000, 1.000000000000000000 ) ) ;
#4857 = EDGE_LOOP ( 'NONE', ( #9107, #6095, #4785, #8051, #4748 ) ) ;
#4858 = DIRECTION ( 'NONE',  ( 1.000000000000000000, -1.836970198721029700E-016, 0.0000000000000000000 ) ) ;
#4859 = CARTESIAN_POINT ( 'NONE',  ( 187.4979533974657800, 35.67855023120479500, 1.999999999999914500 ) ) ;
#4860 = VERTEX_POINT ( 'NONE', #9088 ) ;
#4861 = AXIS2_PLACEMENT_3D ( 'NONE', #4497, #4623, #1797 ) ;
#4862 = CIRCLE ( 'NONE', #8759, 0.7500000000000006700 ) ;
#4863 = DIRECTION ( 'NONE',  ( 1.224646799147353500E-016, 2.220446049250312800E-016, 1.000000000000000000 ) ) ;
#4864 = CIRCLE ( 'NONE', #6175, 1.999999999931750800 ) ;
#4865 = DIRECTION ( 'NONE',  ( -1.000000000000000000, 0.0000000000000000000, -4.081702296416013000E-016 ) ) ;
#4866 = ORIENTED_EDGE ( 'NONE', *, *, #2802, .T. ) ;
#4867 = CARTESIAN_POINT ( 'NONE',  ( 156.9013711871273800, 36.08976033954883200, 1.999999999999907200 ) ) ;
#4868 = EDGE_LOOP ( 'NONE', ( #943, #10562, #7385, #5534, #2208 ) ) ;
#4869 = ORIENTED_EDGE ( 'NONE', *, *, #9667, .T. ) ;
#4870 = AXIS2_PLACEMENT_3D ( 'NONE', #878, #7326, #1895 ) ;
#4871 = FACE_OUTER_BOUND ( 'NONE', #3802, .T. ) ;
#4872 = EDGE_LOOP ( 'NONE', ( #9884, #771 ) ) ;
#4873 = CARTESIAN_POINT ( 'NONE',  ( 173.7719257169743800, 55.06904386338089800, 17.49999947846030000 ) ) ;
#4874 = DIRECTION ( 'NONE',  ( -1.000000000000000000, 0.0000000000000000000, -4.336808689942013800E-016 ) ) ;
#4875 = FACE_OUTER_BOUND ( 'NONE', #11579, .T. ) ;
#4876 = AXIS2_PLACEMENT_3D ( 'NONE', #1632, #5537, #6378 ) ;
#4877 = ORIENTED_EDGE ( 'NONE', *, *, #732, .F. ) ;
#4878 = VERTEX_POINT ( 'NONE', #5550 ) ;
#4879 = DIRECTION ( 'NONE',  ( -0.0000000000000000000, -0.0000000000000000000, 1.000000000000000000 ) ) ;
#4880 = VERTEX_POINT ( 'NONE', #940 ) ;
#4881 = LINE ( 'NONE', #1961, #9890 ) ;
#4882 = CARTESIAN_POINT ( 'NONE',  ( 177.4719241973343700, 45.86904386338088800, 4.199999833303991200 ) ) ;
#4883 = DIRECTION ( 'NONE',  ( -1.000000000000000000, 0.0000000000000000000, 0.0000000000000000000 ) ) ;
#4884 = CIRCLE ( 'NONE', #448, 2.000000000000001800 ) ;
#4885 = VERTEX_POINT ( 'NONE', #10027 ) ;
#4886 = DIRECTION ( 'NONE',  ( -0.0000000000000000000, -0.0000000000000000000, 1.000000000000000000 ) ) ;
#4887 = CIRCLE ( 'NONE', #8223, 2.500000000000390800 ) ;
#4888 = CARTESIAN_POINT ( 'NONE',  ( 189.0689853496277200, 44.11904400576364100, 3.000012844918273900 ) ) ;
#4889 = VECTOR ( 'NONE', #1409, 1000.000000000000000 ) ;
#4890 = ORIENTED_EDGE ( 'NONE', *, *, #1879, .T. ) ;
#4891 = DIRECTION ( 'NONE',  ( 2.220446049250313100E-016, 0.0000000000000000000, -1.000000000000000000 ) ) ;
#4892 = CARTESIAN_POINT ( 'NONE',  ( 173.7719257169744900, 45.86904386338077400, 21.99999947845893200 ) ) ;
#4893 = CYLINDRICAL_SURFACE ( 'NONE', #2102, 19.99999905524628500 ) ;
#4894 = DIRECTION ( 'NONE',  ( 4.440892098500626200E-016, 0.0000000000000000000, -1.000000000000000000 ) ) ;
#4895 = CYLINDRICAL_SURFACE ( 'NONE', #1495, 1.749999386690445700 ) ;
#4896 = DIRECTION ( 'NONE',  ( -0.0000000000000000000, -0.0000000000000000000, 1.000000000000000000 ) ) ;
#4897 = ORIENTED_EDGE ( 'NONE', *, *, #10824, .F. ) ;
#4898 = DIRECTION ( 'NONE',  ( -4.440892098500626200E-016, -0.0000000000000000000, 1.000000000000000000 ) ) ;
#4899 = VECTOR ( 'NONE', #10861, 1000.000000000000000 ) ;
#4900 = CARTESIAN_POINT ( 'NONE',  ( 187.9140606726641900, 31.72690905007536300, 22.49999878108515000 ) ) ;
#4901 = ADVANCED_FACE ( 'NONE', ( #9035, #9622 ), #3608, .T. ) ;
#4902 = FACE_OUTER_BOUND ( 'NONE', #3660, .T. ) ;
#4903 = DIRECTION ( 'NONE',  ( 4.440892098500626200E-016, 0.0000000000000000000, -1.000000000000000000 ) ) ;
#4904 = EDGE_CURVE ( 'NONE', #288, #11884, #1981, .T. ) ;
#4905 = CARTESIAN_POINT ( 'NONE',  ( 155.2719258708797600, 44.51904400576380300, 56.79194912331138300 ) ) ;
#4906 = VERTEX_POINT ( 'NONE', #8244 ) ;
#4907 = DIRECTION ( 'NONE',  ( -1.000000000000000000, 1.387778780781482900E-014, 0.0000000000000000000 ) ) ;
#4908 = LINE ( 'NONE', #6659, #11506 ) ;
#4909 = CARTESIAN_POINT ( 'NONE',  ( 165.8719257939272900, 29.84757416903766700, 21.54999878108492000 ) ) ;
#4910 = DIRECTION ( 'NONE',  ( -2.040851150607881900E-016, -9.183830177735469000E-015, 1.000000000000000000 ) ) ;
#4911 = AXIS2_PLACEMENT_3D ( 'NONE', #6181, #10779, #2483 ) ;
#4912 = EDGE_CURVE ( 'NONE', #8162, #10387, #6618, .T. ) ;
#4913 = B_SPLINE_CURVE_WITH_KNOTS ( 'NONE', 3,
 ( #6398, #1954, #2158, #6862, #3148, #8631, #11420, #5903, #9527, #4093 ),
 .UNSPECIFIED., .F., .F.,
 ( 4, 2, 2, 2, 4 ),
 ( 0.0000000000000000000, 0.2500000000000000000, 0.5000000000000000000, 0.7500000000000000000, 1.000000000000000000 ),
 .UNSPECIFIED. ) ;
#4914 = CARTESIAN_POINT ( 'NONE',  ( 167.2781796281146300, 45.58397942606704600, 18.99999947845893200 ) ) ;
#4915 = EDGE_CURVE ( 'NONE', #7925, #5679, #11054, .T. ) ;
#4916 = VERTEX_POINT ( 'NONE', #8158 ) ;
#4917 = LINE ( 'NONE', #566, #153 ) ;
#4918 = CARTESIAN_POINT ( 'NONE',  ( 173.7719257169743800, 45.86904400576364800, 1.999999999999914500 ) ) ;
#4919 = EDGE_CURVE ( 'NONE', #2246, #6229, #2280, .T. ) ;
#4920 = CARTESIAN_POINT ( 'NONE',  ( 181.6517700272319200, 43.24411452697983500, 18.99999947845892800 ) ) ;
#4921 = DIRECTION ( 'NONE',  ( -1.000000000000000000, -5.337610701146953500E-015, -4.440892098500627100E-016 ) ) ;
#4922 = EDGE_CURVE ( 'NONE', #3948, #2781, #2562, .T. ) ;
#4923 = CARTESIAN_POINT ( 'NONE',  ( 155.2719258708797600, 47.21904400576377700, 19.49999999999988600 ) ) ;
#4924 = ORIENTED_EDGE ( 'NONE', *, *, #9117, .T. ) ;
#4925 = ORIENTED_EDGE ( 'NONE', *, *, #11676, .F. ) ;
#4926 = CARTESIAN_POINT ( 'NONE',  ( 178.0424400341174800, 29.93126759973318900, 22.49999878108514300 ) ) ;
#4927 = DIRECTION ( 'NONE',  ( -1.000000000000000000, -6.938893903907896500E-015, 0.0000000000000000000 ) ) ;
#4928 = CLOSED_SHELL ( 'NONE', ( #6219, #7232, #5523, #1236 ) ) ;
#4929 = FACE_OUTER_BOUND ( 'NONE', #10441, .T. ) ;
#4930 = DIRECTION ( 'NONE',  ( -8.157786440681345800E-032, -4.440892098500626200E-016, -1.000000000000000000 ) ) ;
#4931 = DIRECTION ( 'NONE',  ( -4.078893220340672900E-032, -2.220446049250313100E-016, -1.000000000000000000 ) ) ;
#4932 = DIRECTION ( 'NONE',  ( 0.0000000000000000000, 0.0000000000000000000, -1.000000000000000000 ) ) ;
#4933 = ORIENTED_EDGE ( 'NONE', *, *, #9342, .T. ) ;
#4934 = ORIENTED_EDGE ( 'NONE', *, *, #6167, .F. ) ;
#4935 = EDGE_CURVE ( 'NONE', #5125, #10452, #6338, .T. ) ;
#4936 = AXIS2_PLACEMENT_3D ( 'NONE', #4307, #8923, #6218 ) ;
#4937 = ORIENTED_EDGE ( 'NONE', *, *, #735, .T. ) ;
#4938 = ORIENTED_EDGE ( 'NONE', *, *, #1876, .T. ) ;
#4939 = CARTESIAN_POINT ( 'NONE',  ( 160.2786037947287500, 45.86904386338088800, 21.49999947845938300 ) ) ;
#4940 = VERTEX_POINT ( 'NONE', #11860 ) ;
#4941 = CIRCLE ( 'NONE', #10524, 0.5000000000000004400 ) ;
#4942 = DIRECTION ( 'NONE',  ( 3.147609485530918300E-016, 1.110223024625155600E-016, 1.000000000000000000 ) ) ;
#4943 = AXIS2_PLACEMENT_3D ( 'NONE', #11865, #6383, #7634 ) ;
#4944 = CARTESIAN_POINT ( 'NONE',  ( 165.1116716791299600, 40.86904386338089500, 19.99999947846018200 ) ) ;
#4945 = CARTESIAN_POINT ( 'NONE',  ( 173.7719257169744900, 45.86904400576364800, 2.818925648462311500E-014 ) ) ;
#4946 = ORIENTED_EDGE ( 'NONE', *, *, #738, .T. ) ;
#4947 = DIRECTION ( 'NONE',  ( 0.0000000000000000000, -1.000000000000000000, 2.220446049250313100E-016 ) ) ;
#4948 = VECTOR ( 'NONE', #294, 1000.000000000000000 ) ;
#4949 = CARTESIAN_POINT ( 'NONE',  ( 173.7719257169743800, 45.86904386338088800, 19.49999999999991800 ) ) ;
#4950 = ADVANCED_FACE ( 'NONE', ( #8458 ), #11336, .F. ) ;
#4951 = AXIS2_PLACEMENT_3D ( 'NONE', #6937, #3264, #9693 ) ;
#4952 = CARTESIAN_POINT ( 'NONE',  ( 164.1116716791307200, 40.86904386338089500, 19.99999947846018200 ) ) ;
#4953 = DIRECTION ( 'NONE',  ( 0.0000000000000000000, 0.0000000000000000000, -1.000000000000000000 ) ) ;
#4954 = ORIENTED_EDGE ( 'NONE', *, *, #10737, .T. ) ;
#4955 = CARTESIAN_POINT ( 'NONE',  ( 168.7076961666033100, 34.44085342471462500, 1.999999999999915000 ) ) ;
#4956 = ORIENTED_EDGE ( 'NONE', *, *, #10208, .T. ) ;
#4957 = CARTESIAN_POINT ( 'NONE',  ( 191.9927788855132200, 36.47473377745032500, 16.24014178378472900 ) ) ;
#4958 = DIRECTION ( 'NONE',  ( 0.0000000000000000000, 1.000000000000000000, 0.0000000000000000000 ) ) ;
#4959 = CARTESIAN_POINT ( 'NONE',  ( 189.1985112996508700, 45.86904386338088800, 21.49999947845938700 ) ) ;
#4960 = VERTEX_POINT ( 'NONE', #11903 ) ;
#4961 = EDGE_LOOP ( 'NONE', ( #10010, #10350, #5549, #1578 ) ) ;
#4962 = ORIENTED_EDGE ( 'NONE', *, *, #11515, .T. ) ;
#4963 = CLOSED_SHELL ( 'NONE', ( #10979, #11384, #11823, #7914 ) ) ;
#4964 = DIRECTION ( 'NONE',  ( 0.0000000000000000000, -1.000000000000000000, 0.0000000000000000000 ) ) ;
#4965 = FACE_OUTER_BOUND ( 'NONE', #5882, .T. ) ;
#4966 = CARTESIAN_POINT ( 'NONE',  ( 174.5713196512822900, 66.35366073789373300, 15.88512089166335400 ) ) ;
#4967 = DIRECTION ( 'NONE',  ( 0.0000000000000000000, -1.000000000000000000, 0.0000000000000000000 ) ) ;
#4968 = CIRCLE ( 'NONE', #11512, 0.7500000000000006700 ) ;
#4969 = EDGE_CURVE ( 'NONE', #8401, #6978, #7183, .T. ) ;
#4970 = DIRECTION ( 'NONE',  ( 0.0000000000000000000, 1.000000000000000000, 0.0000000000000000000 ) ) ;
#4971 = CARTESIAN_POINT ( 'NONE',  ( 178.4953732043113900, 28.24089799613869900, 22.49999878108514300 ) ) ;
#4972 = VERTEX_POINT ( 'NONE', #6251 ) ;
#4973 = ORIENTED_EDGE ( 'NONE', *, *, #8352, .T. ) ;
#4974 = DIRECTION ( 'NONE',  ( -3.147609485530918300E-016, -1.110223024625155600E-016, -1.000000000000000000 ) ) ;
#4975 = AXIS2_PLACEMENT_3D ( 'NONE', #1938, #284, #2883 ) ;
#4976 = ORIENTED_EDGE ( 'NONE', *, *, #5072, .T. ) ;
#4977 = VERTEX_POINT ( 'NONE', #6342 ) ;
#4978 = AXIS2_PLACEMENT_3D ( 'NONE', #7354, #10936, #847 ) ;
#4979 = PLANE ( 'NONE',  #1267 ) ;
#4980 = EDGE_LOOP ( 'NONE', ( #4498, #4404, #2354, #6842 ) ) ;
#4981 = CARTESIAN_POINT ( 'NONE',  ( 181.3330394058964100, 50.75059541401088800, 0.4999991315742422500 ) ) ;
#4982 = CIRCLE ( 'NONE', #1511, 0.8000000000000020400 ) ;
#4983 = ADVANCED_FACE ( 'NONE', ( #11916, #7041, #6056, #4197, #6910, #4610, #9177, #2122 ), #7171, .T. ) ;
#4984 = DIRECTION ( 'NONE',  ( 4.440892098500626200E-016, 0.0000000000000000000, -1.000000000000000000 ) ) ;
#4985 = AXIS2_PLACEMENT_3D ( 'NONE', #1608, #8054, #2549 ) ;
#4986 = FACE_OUTER_BOUND ( 'NONE', #72, .T. ) ;
#4987 = DIRECTION ( 'NONE',  ( 4.440892098500626200E-016, 0.0000000000000000000, -1.000000000000000000 ) ) ;
#4988 = EDGE_CURVE ( 'NONE', #11863, #7068, #10052, .T. ) ;
#4989 = VERTEX_POINT ( 'NONE', #1715 ) ;
#4990 = EDGE_CURVE ( 'NONE', #4860, #9948, #3888, .T. ) ;
#4991 = DIRECTION ( 'NONE',  ( -1.000000000000000000, 0.0000000000000000000, 0.0000000000000000000 ) ) ;
#4992 = ORIENTED_EDGE ( 'NONE', *, *, #11128, .F. ) ;
#4993 = EDGE_CURVE ( 'NONE', #2448, #10517, #5045, .T. ) ;
#4994 = CIRCLE ( 'NONE', #4870, 0.7500000000000006700 ) ;
#4995 = AXIS2_PLACEMENT_3D ( 'NONE', #8278, #1030, #2768 ) ;
#4996 = CYLINDRICAL_SURFACE ( 'NONE', #6106, 1.749999386690445700 ) ;
#4997 = DIRECTION ( 'NONE',  ( -1.000000000000000000, 0.0000000000000000000, -4.336808689942013800E-016 ) ) ;
#4998 = CARTESIAN_POINT ( 'NONE',  ( 190.0689853496277000, 43.36904400576364100, 1.353316580825735000E-005 ) ) ;
#4999 = CARTESIAN_POINT ( 'NONE',  ( 192.0043108786986700, 36.49727206305256300, 16.49999967266197100 ) ) ;
#5000 = CARTESIAN_POINT ( 'NONE',  ( 168.5955450594449300, 26.55052839254454600, 22.49999878108514300 ) ) ;
#5001 = VERTEX_POINT ( 'NONE', #8999 ) ;
#5002 = ORIENTED_EDGE ( 'NONE', *, *, #8267, .T. ) ;
#5003 = CIRCLE ( 'NONE', #3223, 2.000000000000001800 ) ;
#5004 = EDGE_CURVE ( 'NONE', #4235, #11484, #3589, .T. ) ;
#5005 = CARTESIAN_POINT ( 'NONE',  ( 194.8868509834136400, 41.95482836526867500, 0.9745435337644640100 ) ) ;
#5006 = CIRCLE ( 'NONE', #5713, 1.349999999999997000 ) ;
#5007 = EDGE_CURVE ( 'NONE', #9078, #6641, #1130, .T. ) ;
#5008 = EDGE_CURVE ( 'NONE', #11565, #63, #1412, .T. ) ;
#5009 = EDGE_LOOP ( 'NONE', ( #515, #5501, #2219, #1454, #8637, #449, #1785, #8542, #245, #9857 ) ) ;
#5011 = ADVANCED_FACE ( 'NONE', ( #1829 ), #1539, .T. ) ;
#5010 = DIRECTION ( 'NONE',  ( 0.0000000000000000000, 1.000000000000000000, -2.891205793294675900E-016 ) ) ;
#5012 = AXIS2_PLACEMENT_3D ( 'NONE', #3625, #795, #7236 ) ;
#5013 = ORIENTED_EDGE ( 'NONE', *, *, #9117, .F. ) ;
#5014 = DIRECTION ( 'NONE',  ( 8.157786440681345800E-032, 4.440892098500626200E-016, 1.000000000000000000 ) ) ;
#5015 = CIRCLE ( 'NONE', #11253, 19.99999905524554900 ) ;
#5016 = CIRCLE ( 'NONE', #6471, 19.99999905524597200 ) ;
#5017 = VERTEX_POINT ( 'NONE', #1717 ) ;
#5018 = DIRECTION ( 'NONE',  ( -1.000000000000000000, 0.0000000000000000000, 0.0000000000000000000 ) ) ;
#5019 = CIRCLE ( 'NONE', #10148, 1.000000000000000900 ) ;
#5020 = DIRECTION ( 'NONE',  ( -0.7071067811864609800, -0.7071067811866341700, 0.0000000000000000000 ) ) ;
#5021 = DIRECTION ( 'NONE',  ( -1.000000000000000000, 0.0000000000000000000, 0.0000000000000000000 ) ) ;
#5022 = ORIENTED_EDGE ( 'NONE', *, *, #4248, .T. ) ;
#5023 = VERTEX_POINT ( 'NONE', #763 ) ;
#5024 = VECTOR ( 'NONE', #10146, 1000.000000000000000 ) ;
#5025 = DIRECTION ( 'NONE',  ( 0.0000000000000000000, 0.0000000000000000000, -1.000000000000000000 ) ) ;
#5026 = DIRECTION ( 'NONE',  ( 8.157786440681345800E-032, 4.440892098500626200E-016, 1.000000000000000000 ) ) ;
#5027 = FACE_OUTER_BOUND ( 'NONE', #758, .T. ) ;
#5028 = LINE ( 'NONE', #3045, #4175 ) ;
#5029 = CIRCLE ( 'NONE', #1801, 1.999999999931528800 ) ;
#5030 = ORIENTED_EDGE ( 'NONE', *, *, #58, .T. ) ;
#5031 = AXIS2_PLACEMENT_3D ( 'NONE', #3762, #93, #10207 ) ;
#5032 = VECTOR ( 'NONE', #6806, 1000.000000000000000 ) ;
#5033 = DIRECTION ( 'NONE',  ( -0.4999999999991045500, -0.8660254037849556300, -1.159870810520796800E-016 ) ) ;
#5034 = LINE ( 'NONE', #10430, #6045 ) ;
#5035 = ORIENTED_EDGE ( 'NONE', *, *, #2510, .F. ) ;
#5036 = CARTESIAN_POINT ( 'NONE',  ( 154.2719257382862600, 45.86904400576364800, 2.733577254390685300E-014 ) ) ;
#5037 = CARTESIAN_POINT ( 'NONE',  ( 187.5613444153857500, 36.75301886988826500, 16.49999967266197100 ) ) ;
#5038 = CIRCLE ( 'NONE', #3497, 0.5000000000000004400 ) ;
#5039 = CARTESIAN_POINT ( 'NONE',  ( 194.3874579384626300, 42.36904400576386800, 0.4105275378335439000 ) ) ;
#5040 = VECTOR ( 'NONE', #7589, 1000.000000000000000 ) ;
#5041 = EDGE_LOOP ( 'NONE', ( #9931, #9443, #3373, #7934, #10043, #3275, #7224, #2159 ) ) ;
#5042 = DIRECTION ( 'NONE',  ( -8.157786440681345800E-032, -4.440892098500626200E-016, -1.000000000000000000 ) ) ;
#5043 = DIRECTION ( 'NONE',  ( 0.0000000000000000000, 1.000000000000000000, -2.891205793294675900E-016 ) ) ;
#5044 = CARTESIAN_POINT ( 'NONE',  ( 193.3678436374728200, 49.86904400576364100, 1.999999999999914500 ) ) ;
#5045 = CIRCLE ( 'NONE', #1134, 1.000000000000000900 ) ;
#5046 = ADVANCED_FACE ( 'NONE', ( #10921 ), #8173, .F. ) ;
#5047 = CYLINDRICAL_SURFACE ( 'NONE', #9812, 7.000003774852298300 ) ;
#5048 = CARTESIAN_POINT ( 'NONE',  ( 161.7719257169744400, 45.86904386338088800, 23.49999947845893200 ) ) ;
#5049 = DIRECTION ( 'NONE',  ( -1.000000000000000000, 0.0000000000000000000, -5.782411586589351700E-016 ) ) ;
#5050 = DIRECTION ( 'NONE',  ( -0.0000000000000000000, -0.0000000000000000000, 1.000000000000000000 ) ) ;
#5051 = FACE_OUTER_BOUND ( 'NONE', #1921, .T. ) ;
#5052 = AXIS2_PLACEMENT_3D ( 'NONE', #10692, #4339, #3348 ) ;
#5053 = CARTESIAN_POINT ( 'NONE',  ( 194.8783012293225500, 49.96428175296595200, 1.000001218979424300 ) ) ;
#5054 = DIRECTION ( 'NONE',  ( -8.157786440681345800E-032, -4.440892098500626200E-016, -1.000000000000000000 ) ) ;
#5055 = DIRECTION ( 'NONE',  ( -1.000000000000000000, 0.0000000000000000000, -4.336808689942013800E-016 ) ) ;
#5056 = DIRECTION ( 'NONE',  ( -4.440892098500626200E-016, -0.0000000000000000000, 1.000000000000000000 ) ) ;
#5057 = ORIENTED_EDGE ( 'NONE', *, *, #3046, .T. ) ;
#5058 = VECTOR ( 'NONE', #5323, 1000.000000000000000 ) ;
#5059 = CARTESIAN_POINT ( 'NONE',  ( 192.2719255630692900, 44.51904400576411500, 19.49999999999988600 ) ) ;
#5060 = EDGE_CURVE ( 'NONE', #8236, #11170, #11634, .T. ) ;
#5061 = CARTESIAN_POINT ( 'NONE',  ( 171.5357236874341700, 41.96399578645746700, 21.99999947845893200 ) ) ;
#5062 = DIRECTION ( 'NONE',  ( -4.440892098500626200E-016, -0.0000000000000000000, 1.000000000000000000 ) ) ;
#5063 = AXIS2_PLACEMENT_3D ( 'NONE', #7640, #1084, #5812 ) ;
#5064 = EDGE_LOOP ( 'NONE', ( #11480, #11711, #10259, #1090 ) ) ;
#5065 = FACE_OUTER_BOUND ( 'NONE', #5288, .T. ) ;
#5066 = EDGE_CURVE ( 'NONE', #10452, #11299, #6476, .T. ) ;
#5067 = ADVANCED_FACE ( 'NONE', ( #11780 ), #4542, .T. ) ;
#5068 = ORIENTED_EDGE ( 'NONE', *, *, #6380, .F. ) ;
#5069 = ORIENTED_EDGE ( 'NONE', *, *, #10210, .T. ) ;
#5070 = CARTESIAN_POINT ( 'NONE',  ( 183.7875378213373700, 36.85343190140081800, 2.819966482547897600E-014 ) ) ;
#5071 = EDGE_LOOP ( 'NONE', ( #88, #7528, #8984, #4385 ) ) ;
#5072 = EDGE_CURVE ( 'NONE', #6260, #558, #142, .T. ) ;
#5073 = AXIS2_PLACEMENT_3D ( 'NONE', #6384, #3687, #9084 ) ;
#5074 = ORIENTED_EDGE ( 'NONE', *, *, #6012, .F. ) ;
#5075 = EDGE_CURVE ( 'NONE', #5125, #8628, #278, .T. ) ;
#5076 = CIRCLE ( 'NONE', #9257, 0.9999999999992514900 ) ;
#5077 = DIRECTION ( 'NONE',  ( -1.000000000000000000, 2.775557561563227800E-015, 0.0000000000000000000 ) ) ;
#5078 = CARTESIAN_POINT ( 'NONE',  ( 191.0043108786986700, 34.76522125548367400, 16.49999967266197100 ) ) ;
#5079 = EDGE_CURVE ( 'NONE', #1354, #8767, #10634, .T. ) ;
#5080 = DIRECTION ( 'NONE',  ( -1.000000000000000000, 0.0000000000000000000, -5.782411586589351700E-016 ) ) ;
#5081 = AXIS2_PLACEMENT_3D ( 'NONE', #2696, #6297, #3642 ) ;
#5082 = EDGE_LOOP ( 'NONE', ( #1259, #7417 ) ) ;
#5083 = ORIENTED_EDGE ( 'NONE', *, *, #7573, .F. ) ;
#5084 = CARTESIAN_POINT ( 'NONE',  ( 173.7719257169743800, 45.86904386338088800, 6.699999833293105700 ) ) ;
#5085 = ORIENTED_EDGE ( 'NONE', *, *, #5852, .F. ) ;
#5086 = ORIENTED_EDGE ( 'NONE', *, *, #7832, .F. ) ;
#5087 = DIRECTION ( 'NONE',  ( 0.0000000000000000000, 0.0000000000000000000, 1.000000000000000000 ) ) ;
#5088 = EDGE_LOOP ( 'NONE', ( #3732, #853, #1741, #701 ) ) ;
#5089 = VECTOR ( 'NONE', #8929, 1000.000000000000000 ) ;
#5090 = DIRECTION ( 'NONE',  ( -8.157786440681345800E-032, -4.440892098500626200E-016, -1.000000000000000000 ) ) ;
#5091 = AXIS2_PLACEMENT_3D ( 'NONE', #1036, #2939, #1132 ) ;
#5092 = DIRECTION ( 'NONE',  ( 2.220446049250313100E-016, 0.0000000000000000000, -1.000000000000000000 ) ) ;
#5093 = VERTEX_POINT ( 'NONE', #3684 ) ;
#5094 = DIRECTION ( 'NONE',  ( 1.586033448167059100E-014, 1.000000000000000000, 0.0000000000000000000 ) ) ;
#5095 = LOCAL_TIME ( 15, 42, 18.00000000000000000, #7511 ) ;
#5096 = AXIS2_PLACEMENT_3D ( 'NONE', #5197, #11603, #625 ) ;
#5097 = CARTESIAN_POINT ( 'NONE',  ( 188.0613444153857200, 37.61904427367270600, 15.49999967266197100 ) ) ;
#5098 = ADVANCED_FACE ( 'NONE', ( #9326 ), #1757, .F. ) ;
#5099 = CARTESIAN_POINT ( 'NONE',  ( 156.1437797073495200, 50.59249149310148400, 20.49999878108513900 ) ) ;
#5100 = DIRECTION ( 'NONE',  ( -8.157786440681345800E-032, -4.440892098500626200E-016, -1.000000000000000000 ) ) ;
#5101 = CARTESIAN_POINT ( 'NONE',  ( 163.5219257939265800, 29.84757416903736900, 17.39999966811055300 ) ) ;
#5102 = EDGE_LOOP ( 'NONE', ( #9900, #1453 ) ) ;
#5103 = VERTEX_POINT ( 'NONE', #10907 ) ;
#5104 = CIRCLE ( 'NONE', #8840, 1.999999999999974000 ) ;
#5105 = DIRECTION ( 'NONE',  ( -0.0000000000000000000, -0.0000000000000000000, 1.000000000000000000 ) ) ;
#5106 = ORIENTED_EDGE ( 'NONE', *, *, #578, .F. ) ;
#5107 = VERTEX_POINT ( 'NONE', #9971 ) ;
#5108 = DIRECTION ( 'NONE',  ( 0.0000000000000000000, 0.0000000000000000000, -1.000000000000000000 ) ) ;
#5109 = DIRECTION ( 'NONE',  ( -1.000000000000000000, 0.0000000000000000000, -4.440892098500626200E-016 ) ) ;
#5110 = CARTESIAN_POINT ( 'NONE',  ( 178.8709722041670000, 50.67786127740831900, 23.49999947845893200 ) ) ;
#5111 = ORIENTED_EDGE ( 'NONE', *, *, #3375, .T. ) ;
#5112 = AXIS2_PLACEMENT_3D ( 'NONE', #7335, #4626, #5544 ) ;
#5113 = ORIENTED_EDGE ( 'NONE', *, *, #4212, .F. ) ;
#5114 = ORIENTED_EDGE ( 'NONE', *, *, #1434, .T. ) ;
#5115 = EDGE_LOOP ( 'NONE', ( #3943, #1534, #5674, #7405 ) ) ;
#5116 = CARTESIAN_POINT ( 'NONE',  ( 169.2719538645890500, 45.88496013626640000, 23.49999947845893900 ) ) ;
#5117 = CARTESIAN_POINT ( 'NONE',  ( 174.5719257169745300, 51.86904400577365200, 5.499999311752184800 ) ) ;
#5118 = DIRECTION ( 'NONE',  ( 0.0000000000000000000, 0.0000000000000000000, -1.000000000000000000 ) ) ;
#5119 = VECTOR ( 'NONE', #400, 1000.000000000000100 ) ;
#5120 = DIRECTION ( 'NONE',  ( -8.157786440681345800E-032, -4.440892098500626200E-016, -1.000000000000000000 ) ) ;
#5121 = VERTEX_POINT ( 'NONE', #9934 ) ;
#5122 = CC_DESIGN_PERSON_AND_ORGANIZATION_ASSIGNMENT ( #3208, #6634, ( #8012 ) ) ;
#5123 = ORIENTED_EDGE ( 'NONE', *, *, #5438, .F. ) ;
#5124 = CARTESIAN_POINT ( 'NONE',  ( 173.7719257169747200, 45.86904400576391100, 22.49999878108514300 ) ) ;
#5125 = VERTEX_POINT ( 'NONE', #934 ) ;
#5126 = ADVANCED_FACE ( 'NONE', ( #3300 ), #5424, .F. ) ;
#5127 = EDGE_LOOP ( 'NONE', ( #502, #7212 ) ) ;
#5128 = VECTOR ( 'NONE', #716, 1000.000000000000000 ) ;
#5129 = EDGE_CURVE ( 'NONE', #7856, #8825, #5756, .T. ) ;
#5130 = DIRECTION ( 'NONE',  ( 0.0000000000000000000, -1.000000000000000000, 0.0000000000000000000 ) ) ;
#5131 = ORIENTED_EDGE ( 'NONE', *, *, #7871, .T. ) ;
#5132 = DIRECTION ( 'NONE',  ( -1.000000000000000000, 0.0000000000000000000, -4.440892098500626200E-016 ) ) ;
#5133 = FACE_OUTER_BOUND ( 'NONE', #10561, .T. ) ;
#5134 = AXIS2_PLACEMENT_3D ( 'NONE', #6781, #6034, #8724 ) ;
#5135 = EDGE_CURVE ( 'NONE', #7124, #5679, #1691, .T. ) ;
#5136 = DIRECTION ( 'NONE',  ( 0.0000000000000000000, 1.000000000000000000, -5.204170673763591900E-016 ) ) ;
#5137 = DIRECTION ( 'NONE',  ( -4.440892098500625700E-016, 1.224646799147353500E-016, 1.000000000000000000 ) ) ;
#5138 = ORIENTED_EDGE ( 'NONE', *, *, #8287, .T. ) ;
#5139 = ORIENTED_EDGE ( 'NONE', *, *, #11051, .F. ) ;
#5140 = CARTESIAN_POINT ( 'NONE',  ( 172.2719257169743800, 45.86904386338088800, 21.99999947845950000 ) ) ;
#5141 = AXIS2_PLACEMENT_3D ( 'NONE', #5786, #3981, #11267 ) ;
#5142 = CIRCLE ( 'NONE', #3781, 2.000000000000029300 ) ;
#5143 = CARTESIAN_POINT ( 'NONE',  ( 171.3360288082363900, 55.30654386338098000, 18.99999947845893200 ) ) ;
#5144 = CARTESIAN_POINT ( 'NONE',  ( 173.7719257169743800, 45.86904386338088800, 17.64999947845947800 ) ) ;
#5145 = VECTOR ( 'NONE', #6954, 1000.000000000000100 ) ;
#5146 = EDGE_CURVE ( 'NONE', #7925, #6581, #7893, .T. ) ;
#5147 = ORIENTED_EDGE ( 'NONE', *, *, #8490, .F. ) ;
#5148 = EDGE_CURVE ( 'NONE', #6559, #1305, #5484, .T. ) ;
#5149 = CARTESIAN_POINT ( 'NONE',  ( 154.2719257382862600, 45.86904400576364800, 1.999999999999913000 ) ) ;
#5150 = EDGE_CURVE ( 'NONE', #1668, #3204, #567, .T. ) ;
#5151 = ORIENTED_EDGE ( 'NONE', *, *, #10740, .T. ) ;
#5152 = ORIENTED_EDGE ( 'NONE', *, *, #11443, .T. ) ;
#5153 = AXIS2_PLACEMENT_3D ( 'NONE', #4482, #2677, #10882 ) ;
#5154 = DIRECTION ( 'NONE',  ( -0.0000000000000000000, -0.0000000000000000000, -1.000000000000000000 ) ) ;
#5155 = CARTESIAN_POINT ( 'NONE',  ( 173.7719257169743800, 45.86904400576364800, 1.999999999999909800 ) ) ;
#5156 = FACE_OUTER_BOUND ( 'NONE', #11713, .T. ) ;
#5157 = ORIENTED_EDGE ( 'NONE', *, *, #10057, .T. ) ;
#5158 = DIRECTION ( 'NONE',  ( 0.7071067811866341700, -0.7071067811864609800, -0.0000000000000000000 ) ) ;
#5159 = CIRCLE ( 'NONE', #7162, 1.000000000000000900 ) ;
#5160 = DIRECTION ( 'NONE',  ( -1.000000000000000000, 1.734723475976805500E-015, -5.782411586589351700E-016 ) ) ;
#5161 = DIRECTION ( 'NONE',  ( -1.000000000000000000, 0.0000000000000000000, 0.0000000000000000000 ) ) ;
#5162 = ORIENTED_EDGE ( 'NONE', *, *, #8040, .T. ) ;
#5163 = EDGE_LOOP ( 'NONE', ( #8376, #4034, #9799, #11640, #4558 ) ) ;
#5164 = ADVANCED_FACE ( 'NONE', ( #844 ), #6326, .F. ) ;
#5165 = ORIENTED_EDGE ( 'NONE', *, *, #1953, .F. ) ;
#5166 = EDGE_CURVE ( 'NONE', #8518, #9502, #2421, .T. ) ;
#5167 = DIRECTION ( 'NONE',  ( -1.000000000000000000, 0.0000000000000000000, 0.0000000000000000000 ) ) ;
#5168 = CIRCLE ( 'NONE', #6349, 20.50000016414516000 ) ;
#5169 = AXIS2_PLACEMENT_3D ( 'NONE', #155, #8333, #10226 ) ;
#5170 = CIRCLE ( 'NONE', #3928, 1.000000000000451900 ) ;
#5171 = ORIENTED_EDGE ( 'NONE', *, *, #1258, .T. ) ;
#5172 = DIRECTION ( 'NONE',  ( 2.220446049250313100E-016, 0.0000000000000000000, -1.000000000000000000 ) ) ;
#5173 = FACE_OUTER_BOUND ( 'NONE', #1265, .T. ) ;
#5174 = CARTESIAN_POINT ( 'NONE',  ( 186.6766242392632500, 58.77374252805196900, 22.49999878108514300 ) ) ;
#5175 = AXIS2_PLACEMENT_3D ( 'NONE', #2034, #2193, #8475 ) ;
#5176 = CYLINDRICAL_SURFACE ( 'NONE', #3356, 0.8000000000000020400 ) ;
#5177 = DIRECTION ( 'NONE',  ( 4.078893220340672900E-032, 2.220446049250313100E-016, 1.000000000000000000 ) ) ;
#5178 = ORIENTED_EDGE ( 'NONE', *, *, #2342, .T. ) ;
#5179 = DIRECTION ( 'NONE',  ( 2.220446049250313100E-016, 0.0000000000000000000, -1.000000000000000000 ) ) ;
#5180 = CIRCLE ( 'NONE', #5676, 1.749999386690449100 ) ;
#5181 = CARTESIAN_POINT ( 'NONE',  ( 165.7563136126116800, 54.88465611012650000, 3.000013011975194700 ) ) ;
#5182 = CONICAL_SURFACE ( 'NONE', #10374, 1.999999999874907400, 0.7853981633974482800 ) ;
#5183 = CARTESIAN_POINT ( 'NONE',  ( 192.2719255630692900, 45.86904400576413100, 56.79194912331138300 ) ) ;
#5184 = ORIENTED_EDGE ( 'NONE', *, *, #4831, .T. ) ;
#5185 = CARTESIAN_POINT ( 'NONE',  ( 177.7719249076742200, 45.86904386338088800, 5.999999833293288500 ) ) ;
#5186 = CIRCLE ( 'NONE', #2126, 1.350000000000000500 ) ;
#5187 = DIRECTION ( 'NONE',  ( -1.000000000000000000, 0.0000000000000000000, 0.0000000000000000000 ) ) ;
#5188 = AXIS2_PLACEMENT_3D ( 'NONE', #6096, #7837, #9684 ) ;
#5189 = CIRCLE ( 'NONE', #1934, 2.999999411726545200 ) ;
#5190 = DIRECTION ( 'NONE',  ( 0.0000000000000000000, 1.000000000000000000, 0.0000000000000000000 ) ) ;
#5191 = CARTESIAN_POINT ( 'NONE',  ( 194.7904616904560000, 49.56497061832694600, 0.8409724619437564100 ) ) ;
#5192 = CIRCLE ( 'NONE', #2643, 2.000000000000001800 ) ;
#5193 = DIRECTION ( 'NONE',  ( -8.157786440681345800E-032, -4.440892098500626200E-016, -1.000000000000000000 ) ) ;
#5194 = ORIENTED_EDGE ( 'NONE', *, *, #809, .F. ) ;
#5195 = ADVANCED_FACE ( 'NONE', ( #10179 ), #2850, .F. ) ;
#5196 = CARTESIAN_POINT ( 'NONE',  ( 189.7719259988395500, 45.86904386338088800, 19.49999999999992200 ) ) ;
#5197 = CARTESIAN_POINT ( 'NONE',  ( 173.7719257169743800, 49.86904386338088800, 21.99999947845938700 ) ) ;
#5198 = FACE_BOUND ( 'NONE', #5432, .T. ) ;
#5199 = DIRECTION ( 'NONE',  ( 0.0000000000000000000, 1.224646799147353200E-016, 1.000000000000000000 ) ) ;
#5200 = DIRECTION ( 'NONE',  ( -1.000000000000000000, 2.081668171172224400E-014, 0.0000000000000000000 ) ) ;
#5201 = DIRECTION ( 'NONE',  ( 1.000000000000000000, 0.0000000000000000000, 0.0000000000000000000 ) ) ;
#5202 = EDGE_CURVE ( 'NONE', #9798, #3027, #7587, .T. ) ;
#5203 = DIRECTION ( 'NONE',  ( -1.000000000000000000, 0.0000000000000000000, -4.336808689942013800E-016 ) ) ;
#5204 = ORIENTED_EDGE ( 'NONE', *, *, #4008, .T. ) ;
#5205 = CYLINDRICAL_SURFACE ( 'NONE', #5818, 1.749999386690445700 ) ;
#5206 = DIRECTION ( 'NONE',  ( 4.440892098500626200E-016, 0.0000000000000000000, -1.000000000000000000 ) ) ;
#5207 = AXIS2_PLACEMENT_3D ( 'NONE', #9096, #4561, #9951 ) ;
#5208 = DIRECTION ( 'NONE',  ( 0.0000000000000000000, 0.0000000000000000000, -1.000000000000000000 ) ) ;
#5209 = CARTESIAN_POINT ( 'NONE',  ( 164.1722458577207500, 41.61509128485252500, 2.865763182747866200E-014 ) ) ;
#5210 = AXIS2_PLACEMENT_3D ( 'NONE', #9476, #3172, #3996 ) ;
#5211 = CARTESIAN_POINT ( 'NONE',  ( 177.5715967553672700, 36.61904386338100200, 21.99999947845893200 ) ) ;
#5212 = CARTESIAN_POINT ( 'NONE',  ( 178.8361552673457300, 57.29723458681260700, 2.905661822261151900E-014 ) ) ;
#5213 = ORIENTED_EDGE ( 'NONE', *, *, #3117, .F. ) ;
#5214 = AXIS2_PLACEMENT_3D ( 'NONE', #11486, #7665, #6795 ) ;
#5215 = DIRECTION ( 'NONE',  ( 0.0000000000000000000, 0.0000000000000000000, -1.000000000000000000 ) ) ;
#5216 = VERTEX_POINT ( 'NONE', #4699 ) ;
#5217 = CARTESIAN_POINT ( 'NONE',  ( 171.5081558941292300, 49.75817566741887500, 18.99999947845893500 ) ) ;
#5218 = ORIENTED_EDGE ( 'NONE', *, *, #1416, .T. ) ;
#5219 = LINE ( 'NONE', #3592, #1306 ) ;
#5220 = CARTESIAN_POINT ( 'NONE',  ( 169.5164091887855600, 39.94801863515309700, 23.49999947845893200 ) ) ;
#5221 = EDGE_CURVE ( 'NONE', #8846, #8993, #10483, .T. ) ;
#5222 = ADVANCED_FACE ( 'NONE', ( #8017 ), #3577, .F. ) ;
#5223 = EDGE_CURVE ( 'NONE', #9819, #6553, #7315, .T. ) ;
#5224 = EDGE_LOOP ( 'NONE', ( #6704, #7267, #6295, #996 ) ) ;
#5225 = ORIENTED_EDGE ( 'NONE', *, *, #2428, .F. ) ;
#5226 = CARTESIAN_POINT ( 'NONE',  ( 162.9956455047893700, 61.00928524862835200, 1.999999999999913800 ) ) ;
#5227 = DIRECTION ( 'NONE',  ( 4.440892098500625700E-016, -1.224646799147353500E-016, -1.000000000000000000 ) ) ;
#5228 = AXIS2_PLACEMENT_3D ( 'NONE', #10390, #6821, #2209 ) ;
#5229 = ORIENTED_EDGE ( 'NONE', *, *, #2183, .T. ) ;
#5230 = ORIENTED_EDGE ( 'NONE', *, *, #9820, .T. ) ;
#5231 = ORIENTED_EDGE ( 'NONE', *, *, #360, .F. ) ;
#5232 = VECTOR ( 'NONE', #2717, 1000.000000000000000 ) ;
#5233 = DIRECTION ( 'NONE',  ( 0.0000000000000000000, 1.000000000000000000, 0.0000000000000000000 ) ) ;
#5234 = DIRECTION ( 'NONE',  ( 0.0000000000000000000, -1.000000000000000000, 0.0000000000000000000 ) ) ;
#5235 = ORIENTED_EDGE ( 'NONE', *, *, #4675, .F. ) ;
#5236 = DIRECTION ( 'NONE',  ( -8.157786440681345800E-032, -4.440892098500626200E-016, -1.000000000000000000 ) ) ;
#5237 = EDGE_CURVE ( 'NONE', #6032, #1047, #5743, .T. ) ;
#5238 = CARTESIAN_POINT ( 'NONE',  ( 170.5418561187496200, 40.22841886338043300, 18.99999947845893200 ) ) ;
#5239 = AXIS2_PLACEMENT_3D ( 'NONE', #2358, #7792, #10570 ) ;
#5240 = EDGE_CURVE ( 'NONE', #512, #11118, #9896, .T. ) ;
#5241 = DIRECTION ( 'NONE',  ( -0.0000000000000000000, -0.0000000000000000000, 1.000000000000000000 ) ) ;
#5242 = EDGE_CURVE ( 'NONE', #8952, #656, #8316, .T. ) ;
#5243 = CIRCLE ( 'NONE', #8042, 1.749999386690438600 ) ;
#5244 = AXIS2_PLACEMENT_3D ( 'NONE', #9479, #4045, #1285 ) ;
#5245 = CARTESIAN_POINT ( 'NONE',  ( 178.0274422451635400, 39.94801863515321100, 23.49999947845893200 ) ) ;
#5246 = ORIENTED_EDGE ( 'NONE', *, *, #10905, .F. ) ;
#5247 = DIRECTION ( 'NONE',  ( 4.440892098500626200E-016, 0.0000000000000000000, -1.000000000000000000 ) ) ;
#5248 = EDGE_LOOP ( 'NONE', ( #11234, #5171, #8380, #8245, #8338 ) ) ;
#5249 = CARTESIAN_POINT ( 'NONE',  ( 193.0904413301937600, 51.04542466329447600, 22.49999878108514300 ) ) ;
#5251 = ADVANCED_FACE ( 'NONE', ( #6186 ), #6042, .F. ) ;
#5250 = CARTESIAN_POINT ( 'NONE',  ( 164.5219257939270700, 63.24051384249007400, 56.79194912331138300 ) ) ;
#5252 = DIRECTION ( 'NONE',  ( -1.000000000000000000, 4.057416247971343300E-016, 6.123233995736752500E-017 ) ) ;
#5253 = CARTESIAN_POINT ( 'NONE',  ( 172.7719257169744100, 37.86904386338095200, 21.99999947845893200 ) ) ;
#5254 = ORIENTED_EDGE ( 'NONE', *, *, #10106, .F. ) ;
#5255 = DIRECTION ( 'NONE',  ( 4.440892098500626200E-016, 0.0000000000000000000, -1.000000000000000000 ) ) ;
#5256 = VERTEX_POINT ( 'NONE', #7515 ) ;
#5257 = VERTEX_POINT ( 'NONE', #1991 ) ;
#5258 = DIRECTION ( 'NONE',  ( -8.157786440681345800E-032, -4.440892098500626200E-016, -1.000000000000000000 ) ) ;
#5259 = VERTEX_POINT ( 'NONE', #8432 ) ;
#5260 = AXIS2_PLACEMENT_3D ( 'NONE', #6525, #967, #8320 ) ;
#5261 = LINE ( 'NONE', #9279, #352 ) ;
#5262 = CIRCLE ( 'NONE', #9262, 1.350000000000000500 ) ;
#5263 = DIRECTION ( 'NONE',  ( 1.000000000000000000, 0.0000000000000000000, 0.0000000000000000000 ) ) ;
#5264 = EDGE_LOOP ( 'NONE', ( #5279, #9752, #6250, #1319 ) ) ;
#5265 = ORIENTED_EDGE ( 'NONE', *, *, #6142, .F. ) ;
#5266 = ORIENTED_EDGE ( 'NONE', *, *, #8251, .F. ) ;
#5267 = ORIENTED_EDGE ( 'NONE', *, *, #3209, .T. ) ;
#5268 = CARTESIAN_POINT ( 'NONE',  ( 192.2719255630692900, 47.21904400576411100, 21.54999878108492000 ) ) ;
#5269 = ORIENTED_EDGE ( 'NONE', *, *, #11218, .T. ) ;
#5270 = CIRCLE ( 'NONE', #687, 1.000000000000451900 ) ;
#5271 = DIRECTION ( 'NONE',  ( 0.0000000000000000000, 0.0000000000000000000, -1.000000000000000000 ) ) ;
#5272 = FACE_OUTER_BOUND ( 'NONE', #2222, .T. ) ;
#5273 = CARTESIAN_POINT ( 'NONE',  ( 185.4391878058619900, 57.53630609465099600, 20.49999878108513900 ) ) ;
#5274 = DIRECTION ( 'NONE',  ( -3.147609485530918300E-016, -1.110223024625155600E-016, -1.000000000000000000 ) ) ;
#5275 = DIRECTION ( 'NONE',  ( 0.0000000000000000000, 1.000000000000000000, 0.0000000000000000000 ) ) ;
#5276 = DIRECTION ( 'NONE',  ( -1.000000000000000000, 0.0000000000000000000, 0.0000000000000000000 ) ) ;
#5277 = ORIENTED_EDGE ( 'NONE', *, *, #6854, .F. ) ;
#5278 = ADVANCED_FACE ( 'NONE', ( #5173 ), #1262, .F. ) ;
#5279 = ORIENTED_EDGE ( 'NONE', *, *, #9426, .F. ) ;
#5280 = LINE ( 'NONE', #4609, #10440 ) ;
#5281 = DIRECTION ( 'NONE',  ( -1.000000000000000000, 0.0000000000000000000, 0.0000000000000000000 ) ) ;
#5282 = CYLINDRICAL_SURFACE ( 'NONE', #7468, 1.000000000000000900 ) ;
#5283 = EDGE_CURVE ( 'NONE', #3126, #8398, #556, .T. ) ;
#5284 = CARTESIAN_POINT ( 'NONE',  ( 187.9140606726643100, 31.72690905007528900, 22.49999878108514700 ) ) ;
#5285 = DIRECTION ( 'NONE',  ( 1.000000000000000000, -7.388085321846811900E-016, 0.0000000000000000000 ) ) ;
#5286 = CARTESIAN_POINT ( 'NONE',  ( 172.1052590503082100, 54.00565388213082200, 23.49999947845909200 ) ) ;
#5287 = EDGE_LOOP ( 'NONE', ( #1302, #8607 ) ) ;
#5288 = EDGE_LOOP ( 'NONE', ( #10118, #8734, #4817, #2331, #408, #11226, #835, #7123 ) ) ;
#5289 = CARTESIAN_POINT ( 'NONE',  ( 183.5512093831896200, 62.73959853561063200, 1.999999999999919000 ) ) ;
#5290 = EDGE_CURVE ( 'NONE', #1042, #349, #3142, .T. ) ;
#5291 = CARTESIAN_POINT ( 'NONE',  ( 166.8437224866989100, 49.86904386338100900, 19.99999947845892800 ) ) ;
#5292 = LINE ( 'NONE', #2458, #5584 ) ;
#5293 = DIRECTION ( 'NONE',  ( -1.000000000000000000, 0.0000000000000000000, -4.336808689942013800E-016 ) ) ;
#5294 = AXIS2_PLACEMENT_3D ( 'NONE', #9977, #3605, #5187 ) ;
#5295 = CIRCLE ( 'NONE', #870, 16.50000028186540700 ) ;
#5296 = EDGE_CURVE ( 'NONE', #2628, #2608, #3874, .T. ) ;
#5297 = CARTESIAN_POINT ( 'NONE',  ( 170.7719257169743800, 45.86904386338088800, 21.99999947845938700 ) ) ;
#5298 = DIRECTION ( 'NONE',  ( -1.000000000000000000, 0.0000000000000000000, 0.0000000000000000000 ) ) ;
#5299 = VERTEX_POINT ( 'NONE', #9441 ) ;
#5300 = ORIENTED_EDGE ( 'NONE', *, *, #7639, .F. ) ;
#5301 = DIRECTION ( 'NONE',  ( -1.000000000000000000, -3.546545773107982800E-013, 0.0000000000000000000 ) ) ;
#5302 = VECTOR ( 'NONE', #10496, 1000.000000000000000 ) ;
#5303 = FACE_OUTER_BOUND ( 'NONE', #3915, .T. ) ;
#5304 = EDGE_CURVE ( 'NONE', #5001, #2103, #1398, .T. ) ;
#5305 = EDGE_LOOP ( 'NONE', ( #259, #6403, #10153, #5131, #5794, #1832, #1349, #906, #1127, #3933, #5184, #6420, #2155, #9024 ) ) ;
#5306 = LINE ( 'NONE', #9307, #3127 ) ;
#5307 = EDGE_CURVE ( 'NONE', #4351, #8377, #3285, .T. ) ;
#5308 = DIRECTION ( 'NONE',  ( -1.000000000000000000, 0.0000000000000000000, -4.336808689942073900E-016 ) ) ;
#5309 = EDGE_CURVE ( 'NONE', #8682, #9798, #983, .T. ) ;
#5310 = ORIENTED_EDGE ( 'NONE', *, *, #10372, .F. ) ;
#5311 = ORIENTED_EDGE ( 'NONE', *, *, #6688, .T. ) ;
#5312 = CARTESIAN_POINT ( 'NONE',  ( 159.6297907612851400, 60.01117896145294800, 20.49999878108513900 ) ) ;
#5313 = CIRCLE ( 'NONE', #6835, 0.7999999999999951600 ) ;
#5314 = DIRECTION ( 'NONE',  ( 1.000000000000000000, 0.0000000000000000000, 0.0000000000000000000 ) ) ;
#5315 = AXIS2_PLACEMENT_3D ( 'NONE', #6425, #10989, #11874 ) ;
#5316 = CARTESIAN_POINT ( 'NONE',  ( 155.7190476914255700, 36.15554060487217900, 15.70014376325964300 ) ) ;
#5317 = LINE ( 'NONE', #11070, #7309 ) ;
#5318 = FACE_OUTER_BOUND ( 'NONE', #959, .T. ) ;
#5319 = FACE_OUTER_BOUND ( 'NONE', #9666, .T. ) ;
#5320 = ORIENTED_EDGE ( 'NONE', *, *, #11051, .T. ) ;
#5321 = DIRECTION ( 'NONE',  ( 4.440892098500626200E-016, 0.0000000000000000000, -1.000000000000000000 ) ) ;
#5322 = DIRECTION ( 'NONE',  ( 4.440892098500626200E-016, 0.0000000000000000000, -1.000000000000000000 ) ) ;
#5323 = DIRECTION ( 'NONE',  ( 4.440892098500625700E-016, -1.224646799147353500E-016, -1.000000000000000000 ) ) ;
#5324 = CIRCLE ( 'NONE', #8057, 0.7500000000000006700 ) ;
#5325 = ORIENTED_EDGE ( 'NONE', *, *, #8750, .F. ) ;
#5326 = EDGE_CURVE ( 'NONE', #1445, #5788, #1111, .T. ) ;
#5327 = CYLINDRICAL_SURFACE ( 'NONE', #3269, 20.49999946418659700 ) ;
#5328 = ADVANCED_FACE ( 'NONE', ( #832, #11769 ), #11335, .T. ) ;
#5329 = AXIS2_PLACEMENT_3D ( 'NONE', #5428, #1684, #2612 ) ;
#5331 = LINE ( 'NONE', #4756, #10184 ) ;
#5330 = CARTESIAN_POINT ( 'NONE',  ( 173.7719257169743800, 61.29562944605736200, 21.21376696821360500 ) ) ;
#5332 = DIRECTION ( 'NONE',  ( -8.157786440681345800E-032, -4.440892098500626200E-016, -1.000000000000000000 ) ) ;
#5333 = CARTESIAN_POINT ( 'NONE',  ( 190.0689853496277000, 43.36904400576364100, 0.7500135331658386300 ) ) ;
#5334 = LINE ( 'NONE', #1186, #6052 ) ;
#5335 = ORIENTED_EDGE ( 'NONE', *, *, #7352, .T. ) ;
#5336 = AXIS2_PLACEMENT_3D ( 'NONE', #4751, #1884, #7483 ) ;
#5337 = VECTOR ( 'NONE', #8123, 1000.000000000000000 ) ;
#5338 = CARTESIAN_POINT ( 'NONE',  ( 189.0689853496277200, 48.36904400576364100, 3.000012844918273900 ) ) ;
#5339 = DIRECTION ( 'NONE',  ( -1.000000000000000000, 0.0000000000000000000, -2.420544451569709900E-016 ) ) ;
#5340 = VECTOR ( 'NONE', #11148, 1000.000000000000000 ) ;
#5341 = CARTESIAN_POINT ( 'NONE',  ( 156.2764825573245000, 35.18379994988163900, 17.37267090522267000 ) ) ;
#5342 = CARTESIAN_POINT ( 'NONE',  ( 168.9425479578908100, 52.86383567243016300, 2.199999311752462500 ) ) ;
#5343 = FACE_OUTER_BOUND ( 'NONE', #6255, .T. ) ;
#5344 = ADVANCED_FACE ( 'NONE', ( #3436 ), #417, .F. ) ;
#5345 = AXIS2_PLACEMENT_3D ( 'NONE', #5212, #5958, #3410 ) ;
#5346 = ORIENTED_EDGE ( 'NONE', *, *, #2178, .F. ) ;
#5347 = CIRCLE ( 'NONE', #8867, 2.000000000000001800 ) ;
#5348 = AXIS2_PLACEMENT_3D ( 'NONE', #6266, #776, #2618 ) ;
#5349 = DIRECTION ( 'NONE',  ( -1.000000000000000000, 0.0000000000000000000, 0.0000000000000000000 ) ) ;
#5350 = CARTESIAN_POINT ( 'NONE',  ( 190.2719267945538200, 45.11904400576364100, 0.7500135331658556200 ) ) ;
#5351 = CARTESIAN_POINT ( 'NONE',  ( 173.7719257169750900, 45.86904400576362700, 20.49999878108513200 ) ) ;
#5352 = CC_DESIGN_APPROVAL ( #9869, ( #9639 ) ) ;
#5353 = ORIENTED_EDGE ( 'NONE', *, *, #2651, .T. ) ;
#5354 = CIRCLE ( 'NONE', #11345, 1.350000000000000500 ) ;
#5355 = CARTESIAN_POINT ( 'NONE',  ( 185.4391878058620200, 34.20178191687743000, 20.49999878108513900 ) ) ;
#5356 = DIRECTION ( 'NONE',  ( -1.224646799147353500E-016, -2.220446049250312800E-016, -1.000000000000000000 ) ) ;
#5357 = ORIENTED_EDGE ( 'NONE', *, *, #7912, .F. ) ;
#5358 = EDGE_CURVE ( 'NONE', #9736, #9401, #10618, .T. ) ;
#5359 = CARTESIAN_POINT ( 'NONE',  ( 178.8361552673457300, 57.29723458681260700, 1.999999999999914500 ) ) ;
#5360 = VERTEX_POINT ( 'NONE', #3141 ) ;
#5361 = ORIENTED_EDGE ( 'NONE', *, *, #10606, .F. ) ;
#5362 = CARTESIAN_POINT ( 'NONE',  ( 189.0689853496277200, 48.36904400576364800, 3.000012844918298300 ) ) ;
#5363 = AXIS2_PLACEMENT_3D ( 'NONE', #4094, #5056, #11464 ) ;
#5364 = DIRECTION ( 'NONE',  ( -6.938894231684788600E-015, 1.000000000000000000, -5.204170673763591900E-016 ) ) ;
#5365 = DIRECTION ( 'NONE',  ( -7.388085321846811900E-016, -1.000000000000000000, 9.860761315262647600E-032 ) ) ;
#5366 = ORIENTED_EDGE ( 'NONE', *, *, #2431, .T. ) ;
#5367 = CIRCLE ( 'NONE', #11727, 21.49999905524600100 ) ;
#5368 = AXIS2_PLACEMENT_3D ( 'NONE', #11856, #757, #10851 ) ;
#5369 = DIRECTION ( 'NONE',  ( 1.836970198721029700E-016, 1.000000000000000000, 0.0000000000000000000 ) ) ;
#5370 = DIRECTION ( 'NONE',  ( 0.0000000000000000000, 0.0000000000000000000, 1.000000000000000000 ) ) ;
#5371 = AXIS2_PLACEMENT_3D ( 'NONE', #9339, #1975, #11079 ) ;
#5373 = ORIENTED_EDGE ( 'NONE', *, *, #1932, .T. ) ;
#5372 = DIRECTION ( 'NONE',  ( -0.0000000000000000000, -0.0000000000000000000, 1.000000000000000000 ) ) ;
#5374 = ORIENTED_EDGE ( 'NONE', *, *, #3823, .T. ) ;
#5375 = CARTESIAN_POINT ( 'NONE',  ( 172.2719257169744100, 45.86904386338089500, 21.49999947845984800 ) ) ;
#5376 = EDGE_LOOP ( 'NONE', ( #10425, #4276, #10902, #3872, #7525, #535, #3774, #5561, #1338, #8915, #6121, #7345, #9094, #9685, #1154 ) ) ;
#5377 = EDGE_CURVE ( 'NONE', #10256, #10774, #6604, .T. ) ;
#5378 = CARTESIAN_POINT ( 'NONE',  ( 190.0689853496277000, 48.36904400576364100, 0.7500135331658663900 ) ) ;
#5379 = CARTESIAN_POINT ( 'NONE',  ( 163.7563136126116800, 54.88465611012650000, 2.731148640577885100E-014 ) ) ;
#5380 = EDGE_LOOP ( 'NONE', ( #1905, #6775 ) ) ;
#5381 = EDGE_CURVE ( 'NONE', #930, #4708, #5470, .T. ) ;
#5382 = VECTOR ( 'NONE', #10828, 1000.000000000000000 ) ;
#5383 = EDGE_CURVE ( 'NONE', #11347, #3339, #8160, .T. ) ;
#5384 = CARTESIAN_POINT ( 'NONE',  ( 163.8613552127720500, 47.20343221810883000, 21.99999947845893200 ) ) ;
#5386 = ADVANCED_FACE ( 'NONE', ( #10327 ), #1968, .T. ) ;
#5385 = DIRECTION ( 'NONE',  ( -1.000000000000000000, 0.0000000000000000000, 0.0000000000000000000 ) ) ;
#5387 = AXIS2_PLACEMENT_3D ( 'NONE', #8059, #4287, #5203 ) ;
#5388 = ORIENTED_EDGE ( 'NONE', *, *, #9760, .T. ) ;
#5389 = DIRECTION ( 'NONE',  ( 0.0000000000000000000, 0.0000000000000000000, -1.000000000000000000 ) ) ;
#5390 = LOCAL_TIME ( 15, 42, 18.00000000000000000, #10247 ) ;
#5391 = DIRECTION ( 'NONE',  ( 4.440892098500626200E-016, 0.0000000000000000000, -1.000000000000000000 ) ) ;
#5392 = CARTESIAN_POINT ( 'NONE',  ( 186.1462943877393700, 58.24341267652847200, 3.000013011975194200 ) ) ;
#5393 = CARTESIAN_POINT ( 'NONE',  ( 169.0484782296380500, 28.24089799613870300, 22.49999878108514300 ) ) ;
#5394 = DIRECTION ( 'NONE',  ( 1.000000000000000000, 0.0000000000000000000, 0.0000000000000000000 ) ) ;
#5395 = EDGE_CURVE ( 'NONE', #6221, #2001, #6897, .T. ) ;
#5396 = AXIS2_PLACEMENT_3D ( 'NONE', #11286, #1113, #10366 ) ;
#5397 = ORIENTED_EDGE ( 'NONE', *, *, #8420, .T. ) ;
#5398 = EDGE_CURVE ( 'NONE', #3713, #11521, #3735, .T. ) ;
#5399 = ORIENTED_EDGE ( 'NONE', *, *, #7127, .T. ) ;
#5400 = DIRECTION ( 'NONE',  ( 2.220446049250313100E-016, 0.0000000000000000000, -1.000000000000000000 ) ) ;
#5401 = DIRECTION ( 'NONE',  ( 0.0000000000000000000, -0.0000000000000000000, 1.000000000000000000 ) ) ;
#5402 = FACE_OUTER_BOUND ( 'NONE', #4131, .T. ) ;
#5403 = ADVANCED_FACE ( 'NONE', ( #1679, #10904, #266 ), #9776, .T. ) ;
#5404 = ORIENTED_EDGE ( 'NONE', *, *, #8269, .F. ) ;
#5405 = AXIS2_PLACEMENT_3D ( 'NONE', #9402, #375, #3052 ) ;
#5406 = VERTEX_POINT ( 'NONE', #2324 ) ;
#5407 = DIRECTION ( 'NONE',  ( -1.000000000000000000, 0.0000000000000000000, -4.336808689942013800E-016 ) ) ;
#5408 = EDGE_LOOP ( 'NONE', ( #7473, #4738 ) ) ;
#5409 = CARTESIAN_POINT ( 'NONE',  ( 182.7875378213373700, 54.88465611012649200, 2.775557561562891400E-014 ) ) ;
#5410 = ORIENTED_EDGE ( 'NONE', *, *, #2667, .F. ) ;
#5411 = ORIENTED_EDGE ( 'NONE', *, *, #6927, .F. ) ;
#5412 = VERTEX_POINT ( 'NONE', #3177 ) ;
#5413 = LINE ( 'NONE', #6103, #775 ) ;
#5414 = AXIS2_PLACEMENT_3D ( 'NONE', #10250, #2202, #4778 ) ;
#5415 = DIRECTION ( 'NONE',  ( -1.000000000000000000, 0.0000000000000000000, -4.440892098500626200E-016 ) ) ;
#5416 = DIRECTION ( 'NONE',  ( -1.000000000000000000, 0.0000000000000000000, 0.0000000000000000000 ) ) ;
#5417 = LINE ( 'NONE', #5642, #9113 ) ;
#5418 = ORIENTED_EDGE ( 'NONE', *, *, #6655, .T. ) ;
#5419 = ORIENTED_EDGE ( 'NONE', *, *, #7871, .F. ) ;
#5420 = DIRECTION ( 'NONE',  ( -1.000000000000000000, 0.0000000000000000000, -4.081702296416013000E-016 ) ) ;
#5421 = EDGE_LOOP ( 'NONE', ( #10540, #7280, #3968, #8289 ) ) ;
#5422 = EDGE_LOOP ( 'NONE', ( #4019, #7275, #1425, #460 ) ) ;
#5423 = ORIENTED_EDGE ( 'NONE', *, *, #3444, .F. ) ;
#5424 = PLANE ( 'NONE',  #5081 ) ;
#5425 = CIRCLE ( 'NONE', #11009, 2.000000000000001800 ) ;
#5426 = ORIENTED_EDGE ( 'NONE', *, *, #2648, .T. ) ;
#5427 = DIRECTION ( 'NONE',  ( -2.220446049250312800E-016, 1.224646799147353200E-016, 1.000000000000000000 ) ) ;
#5428 = CARTESIAN_POINT ( 'NONE',  ( 173.7719257169744900, 39.86904400576364800, 4.200000000082156700 ) ) ;
#5429 = DIRECTION ( 'NONE',  ( 0.0000000000000000000, 0.0000000000000000000, -1.000000000000000000 ) ) ;
#5430 = FACE_OUTER_BOUND ( 'NONE', #676, .T. ) ;
#5431 = DIRECTION ( 'NONE',  ( -1.000000000000000000, -1.061242597068149400E-014, -4.591915083467954400E-016 ) ) ;
#5432 = EDGE_LOOP ( 'NONE', ( #7843, #4801 ) ) ;
#5433 = DIRECTION ( 'NONE',  ( -1.000000000000000000, -1.541976423090427400E-015, 0.0000000000000000000 ) ) ;
#5434 = ORIENTED_EDGE ( 'NONE', *, *, #8669, .F. ) ;
#5435 = DIRECTION ( 'NONE',  ( 2.220446049250313100E-016, 0.0000000000000000000, -1.000000000000000000 ) ) ;
#5436 = DIRECTION ( 'NONE',  ( 0.0000000000000000000, 1.000000000000000000, 0.0000000000000000000 ) ) ;
#5437 = CIRCLE ( 'NONE', #1576, 1.000000000000000900 ) ;
#5438 = EDGE_CURVE ( 'NONE', #485, #4645, #10767, .T. ) ;
#5439 = VERTEX_POINT ( 'NONE', #6097 ) ;
#5440 = CYLINDRICAL_SURFACE ( 'NONE', #387, 2.500000000000363300 ) ;
#5441 = DIRECTION ( 'NONE',  ( -1.000000000000000000, 0.0000000000000000000, 0.0000000000000000000 ) ) ;
#5442 = CARTESIAN_POINT ( 'NONE',  ( 163.7579486982978900, 52.34748711850781400, 2.702971886485794700E-014 ) ) ;
#5443 = CARTESIAN_POINT ( 'NONE',  ( 173.1748935275752500, 51.33654746604676000, 5.499999311752644900 ) ) ;
#5444 = ORIENTED_EDGE ( 'NONE', *, *, #9272, .T. ) ;
#5445 = AXIS2_PLACEMENT_3D ( 'NONE', #4531, #4649, #6370 ) ;
#5446 = ORIENTED_EDGE ( 'NONE', *, *, #7055, .F. ) ;
#5447 = CARTESIAN_POINT ( 'NONE',  ( 183.0219256400220300, 31.19757416903783600, 22.49999878108507900 ) ) ;
#5448 = ADVANCED_FACE ( 'NONE', ( #11189 ), #1397, .F. ) ;
#5449 = CYLINDRICAL_SURFACE ( 'NONE', #1989, 1.349999999999997000 ) ;
#5450 = FACE_OUTER_BOUND ( 'NONE', #10029, .T. ) ;
#5451 = DIRECTION ( 'NONE',  ( 1.000000000000000000, 0.0000000000000000000, 0.0000000000000000000 ) ) ;
#5452 = ORIENTED_EDGE ( 'NONE', *, *, #9892, .F. ) ;
#5453 = CARTESIAN_POINT ( 'NONE',  ( 159.6297907612857300, 31.72690905007490200, 22.49999878108515000 ) ) ;
#5454 = CARTESIAN_POINT ( 'NONE',  ( 189.2719267945538500, 45.86904400576364100, 1.750013533165798700 ) ) ;
#5455 = VECTOR ( 'NONE', #7939, 1000.000000000000000 ) ;
#5456 = CARTESIAN_POINT ( 'NONE',  ( 199.9033806311083200, 47.86904400576364100, 0.7500135331658556200 ) ) ;
#5457 = VERTEX_POINT ( 'NONE', #7876 ) ;
#5458 = ORIENTED_EDGE ( 'NONE', *, *, #1654, .T. ) ;
#5459 = DIRECTION ( 'NONE',  ( -4.078893220340672900E-032, -2.220446049250313100E-016, -1.000000000000000000 ) ) ;
#5460 = EDGE_CURVE ( 'NONE', #6628, #1006, #2992, .T. ) ;
#5461 = PLANE ( 'NONE',  #8483 ) ;
#5462 = DIRECTION ( 'NONE',  ( 4.440892098500626200E-016, 0.0000000000000000000, -1.000000000000000000 ) ) ;
#5463 = CYLINDRICAL_SURFACE ( 'NONE', #5112, 0.7999999999999951600 ) ;
#5464 = DIRECTION ( 'NONE',  ( -1.000000000000000000, 0.0000000000000000000, -2.168404306771157900E-016 ) ) ;
#5465 = AXIS2_PLACEMENT_3D ( 'NONE', #5220, #1366, #2453 ) ;
#5466 = VECTOR ( 'NONE', #10533, 1000.000000000000000 ) ;
#5467 = AXIS2_PLACEMENT_3D ( 'NONE', #2223, #5108, #10489 ) ;
#5468 = CARTESIAN_POINT ( 'NONE',  ( 182.7875378213373700, 36.85343190140081800, 3.000013011975194200 ) ) ;
#5469 = ORIENTED_EDGE ( 'NONE', *, *, #5150, .T. ) ;
#5470 = CIRCLE ( 'NONE', #11771, 19.49999997868825800 ) ;
#5471 = ADVANCED_FACE ( 'NONE', ( #5897 ), #7748, .T. ) ;
#5472 = CARTESIAN_POINT ( 'NONE',  ( 158.6316844741093300, 37.09276379357758200, 1.999999999999914100 ) ) ;
#5473 = CIRCLE ( 'NONE', #6916, 0.7500000000000006700 ) ;
#5474 = VERTEX_POINT ( 'NONE', #5209 ) ;
#5475 = DIRECTION ( 'NONE',  ( 8.157786440681345800E-032, 4.440892098500626200E-016, 1.000000000000000000 ) ) ;
#5476 = CARTESIAN_POINT ( 'NONE',  ( 173.7719257169743800, 45.86904386338088800, 17.64999947845947800 ) ) ;
#5477 = EDGE_CURVE ( 'NONE', #7826, #9468, #10039, .T. ) ;
#5478 = DIRECTION ( 'NONE',  ( 1.000000000000000000, 0.0000000000000000000, 0.0000000000000000000 ) ) ;
#5479 = ORIENTED_EDGE ( 'NONE', *, *, #11374, .F. ) ;
#5480 = AXIS2_PLACEMENT_3D ( 'NONE', #5338, #5459, #2525 ) ;
#5481 = EDGE_CURVE ( 'NONE', #4614, #7925, #5610, .T. ) ;
#5482 = VERTEX_POINT ( 'NONE', #1356 ) ;
#5483 = EDGE_CURVE ( 'NONE', #3633, #734, #5324, .T. ) ;
#5484 = CIRCLE ( 'NONE', #10829, 1.349999999999997000 ) ;
#5485 = CARTESIAN_POINT ( 'NONE',  ( 167.0626103985967700, 35.91991887881155800, 23.49999947845892500 ) ) ;
#5486 = DIRECTION ( 'NONE',  ( -1.000000000000000000, 0.0000000000000000000, 0.0000000000000000000 ) ) ;
#5487 = DIRECTION ( 'NONE',  ( -0.0000000000000000000, 0.0000000000000000000, 1.000000000000000000 ) ) ;
#5488 = LINE ( 'NONE', #5779, #3004 ) ;
#5489 = CIRCLE ( 'NONE', #9762, 2.000000000000029300 ) ;
#5490 = ORIENTED_EDGE ( 'NONE', *, *, #41, .T. ) ;
#5491 = DIRECTION ( 'NONE',  ( -0.0000000000000000000, -0.0000000000000000000, 1.000000000000000000 ) ) ;
#5492 = AXIS2_PLACEMENT_3D ( 'NONE', #3628, #2887, #2060 ) ;
#5493 = VERTEX_POINT ( 'NONE', #9728 ) ;
#5494 = CIRCLE ( 'NONE', #10886, 4.500000000000198100 ) ;
#5495 = CARTESIAN_POINT ( 'NONE',  ( 164.7563136126116800, 54.88465611012650000, 3.000013011975194200 ) ) ;
#5496 = DIRECTION ( 'NONE',  ( -1.000000000000000000, 0.0000000000000000000, 0.0000000000000000000 ) ) ;
#5497 = CARTESIAN_POINT ( 'NONE',  ( 168.6728792297817600, 50.67786127740840400, 18.99999947845893200 ) ) ;
#5498 = AXIS2_PLACEMENT_3D ( 'NONE', #17, #3553, #8196 ) ;
#5499 = DIRECTION ( 'NONE',  ( -1.000000000000000000, 0.0000000000000000000, -4.081702296416025900E-016 ) ) ;
#5500 = CARTESIAN_POINT ( 'NONE',  ( 190.0689853496277200, 43.36904400576364800, 1.999999999999919000 ) ) ;
#5501 = ORIENTED_EDGE ( 'NONE', *, *, #339, .T. ) ;
#5502 = LINE ( 'NONE', #6237, #5058 ) ;
#5503 = DIRECTION ( 'NONE',  ( -2.719262146893782700E-032, 1.224646799147353700E-016, 1.000000000000000000 ) ) ;
#5504 = DIRECTION ( 'NONE',  ( -0.7071067811865431300, 3.407318703740960800E-017, -0.7071067811865520100 ) ) ;
#5505 = ADVANCED_FACE ( 'NONE', ( #9753 ), #8735, .F. ) ;
#5506 = DIRECTION ( 'NONE',  ( 0.0000000000000000000, 1.000000000000000000, -2.891205793294675900E-016 ) ) ;
#5507 = ORIENTED_EDGE ( 'NONE', *, *, #6449, .F. ) ;
#5508 = VERTEX_POINT ( 'NONE', #2286 ) ;
#5509 = DIRECTION ( 'NONE',  ( 4.440892098500626200E-016, 0.0000000000000000000, -1.000000000000000000 ) ) ;
#5510 = ORIENTED_EDGE ( 'NONE', *, *, #1430, .T. ) ;
#5511 = VECTOR ( 'NONE', #10505, 1000.000000000000000 ) ;
#5512 = DIRECTION ( 'NONE',  ( -8.157786440681345800E-032, -4.440892098500626200E-016, -1.000000000000000000 ) ) ;
#5513 = DIRECTION ( 'NONE',  ( 0.8660254037844383700, -0.5000000000000004400, -1.060575238724907300E-016 ) ) ;
#5514 = DIRECTION ( 'NONE',  ( -1.000000000000000000, 0.0000000000000000000, -2.960863674957793600E-016 ) ) ;
#5515 = ORIENTED_EDGE ( 'NONE', *, *, #971, .F. ) ;
#5516 = ORIENTED_EDGE ( 'NONE', *, *, #11363, .T. ) ;
#5517 = ORIENTED_EDGE ( 'NONE', *, *, #9190, .T. ) ;
#5518 = VERTEX_POINT ( 'NONE', #6932 ) ;
#5519 = EDGE_CURVE ( 'NONE', #2088, #11347, #2552, .T. ) ;
#5520 = DIRECTION ( 'NONE',  ( 2.220446049250313100E-016, 0.0000000000000000000, -1.000000000000000000 ) ) ;
#5521 = ORIENTED_EDGE ( 'NONE', *, *, #421, .F. ) ;
#5522 = CIRCLE ( 'NONE', #9673, 1.749999386690438600 ) ;
#5523 = ADVANCED_FACE ( 'NONE', ( #4460 ), #3259, .F. ) ;
#5524 = DIRECTION ( 'NONE',  ( -1.000000000000000000, -6.938893903907126600E-015, -4.336808689941954100E-016 ) ) ;
#5525 = ORIENTED_EDGE ( 'NONE', *, *, #522, .F. ) ;
#5526 = CARTESIAN_POINT ( 'NONE',  ( 173.7719257169744900, 45.86904400576359100, 1.999999999999914100 ) ) ;
#5527 = AXIS2_PLACEMENT_3D ( 'NONE', #4269, #7213, #7929 ) ;
#5528 = DIRECTION ( 'NONE',  ( 0.0000000000000000000, 1.000000000000000000, -2.891205793294675900E-016 ) ) ;
#5529 = EDGE_CURVE ( 'NONE', #10409, #8434, #126, .T. ) ;
#5530 = DIRECTION ( 'NONE',  ( -1.000000000000000000, 0.0000000000000000000, 0.0000000000000000000 ) ) ;
#5531 = FACE_OUTER_BOUND ( 'NONE', #1474, .T. ) ;
#5532 = CARTESIAN_POINT ( 'NONE',  ( 173.7719257169743800, 45.86904386338088800, 21.49999947845938700 ) ) ;
#5533 = CARTESIAN_POINT ( 'NONE',  ( 184.2719257169745500, 47.86904400576364100, 4.199999999999903400 ) ) ;
#5534 = ORIENTED_EDGE ( 'NONE', *, *, #10651, .F. ) ;
#5535 = EDGE_CURVE ( 'NONE', #10459, #10609, #7173, .T. ) ;
#5536 = ORIENTED_EDGE ( 'NONE', *, *, #9198, .F. ) ;
#5537 = DIRECTION ( 'NONE',  ( 0.0000000000000000000, 0.0000000000000000000, -1.000000000000000000 ) ) ;
#5538 = COORDINATED_UNIVERSAL_TIME_OFFSET ( 8, 0, .AHEAD. ) ;
#5539 = EDGE_CURVE ( 'NONE', #305, #8445, #9314, .T. ) ;
#5540 = ORIENTED_EDGE ( 'NONE', *, *, #8725, .T. ) ;
#5541 = EDGE_CURVE ( 'NONE', #2794, #2484, #8446, .T. ) ;
#5542 = CARTESIAN_POINT ( 'NONE',  ( 173.7719257169743800, 45.86904386338088800, 21.21376696821360500 ) ) ;
#5543 = DIRECTION ( 'NONE',  ( -1.000000000000000000, 0.0000000000000000000, 0.0000000000000000000 ) ) ;
#5544 = DIRECTION ( 'NONE',  ( -1.000000000000000000, 0.0000000000000000000, 0.0000000000000000000 ) ) ;
#5545 = AXIS2_PLACEMENT_3D ( 'NONE', #9425, #10360, #4723 ) ;
#5546 = DIRECTION ( 'NONE',  ( -1.000000000000000000, 0.0000000000000000000, -5.782411586589351700E-016 ) ) ;
#5547 = ORIENTED_EDGE ( 'NONE', *, *, #7127, .F. ) ;
#5548 = ORIENTED_EDGE ( 'NONE', *, *, #3907, .T. ) ;
#5549 = ORIENTED_EDGE ( 'NONE', *, *, #8439, .T. ) ;
#5550 = CARTESIAN_POINT ( 'NONE',  ( 176.7719257169743800, 45.86904386338088800, 21.99999947845938700 ) ) ;
#5551 = ORIENTED_EDGE ( 'NONE', *, *, #3510, .F. ) ;
#5552 = CIRCLE ( 'NONE', #2686, 1.000000000000000900 ) ;
#5553 = CARTESIAN_POINT ( 'NONE',  ( 171.3360288082364500, 55.30654386338098800, 23.49999947845893200 ) ) ;
#5554 = VECTOR ( 'NONE', #8815, 1000.000000000000000 ) ;
#5555 = EDGE_CURVE ( 'NONE', #11085, #5107, #8866, .T. ) ;
#5556 = AXIS2_PLACEMENT_3D ( 'NONE', #3703, #11398, #274 ) ;
#5557 = ORIENTED_EDGE ( 'NONE', *, *, #6519, .T. ) ;
#5558 = ORIENTED_EDGE ( 'NONE', *, *, #11742, .F. ) ;
#5559 = CARTESIAN_POINT ( 'NONE',  ( 179.8828251827841000, 53.78465550865318100, 18.99999947845893200 ) ) ;
#5560 = CARTESIAN_POINT ( 'NONE',  ( 173.7719257169742400, 45.86904386338100200, 23.49999947845893900 ) ) ;
#5561 = ORIENTED_EDGE ( 'NONE', *, *, #5990, .T. ) ;
#5562 = ORIENTED_EDGE ( 'NONE', *, *, #1023, .T. ) ;
#5563 = EDGE_LOOP ( 'NONE', ( #5871, #6134, #11196, #10695 ) ) ;
#5564 = AXIS2_PLACEMENT_3D ( 'NONE', #5155, #2433, #667 ) ;
#5565 = CIRCLE ( 'NONE', #2524, 1.999999999999946300 ) ;
#5566 = CARTESIAN_POINT ( 'NONE',  ( 178.0258784378899000, 36.26936414650085500, 1.999999999999915000 ) ) ;
#5567 = ADVANCED_FACE ( 'NONE', ( #6884 ), #9589, .F. ) ;
#5568 = FACE_OUTER_BOUND ( 'NONE', #10739, .T. ) ;
#5569 = DIRECTION ( 'NONE',  ( -1.000000000000000000, 0.0000000000000000000, 0.0000000000000000000 ) ) ;
#5570 = CARTESIAN_POINT ( 'NONE',  ( 181.7875378213373700, 54.88465611012649200, 2.731148640577885100E-014 ) ) ;
#5571 = ORIENTED_EDGE ( 'NONE', *, *, #1563, .F. ) ;
#5572 = ORIENTED_EDGE ( 'NONE', *, *, #9820, .F. ) ;
#5573 = AXIS2_PLACEMENT_3D ( 'NONE', #6493, #10248, #7513 ) ;
#5574 = DIRECTION ( 'NONE',  ( 0.0000000000000000000, 1.000000000000000000, 0.0000000000000000000 ) ) ;
#5575 = DIRECTION ( 'NONE',  ( -4.078893220340672900E-032, -2.220446049250313100E-016, -1.000000000000000000 ) ) ;
#5576 = LINE ( 'NONE', #1622, #8985 ) ;
#5577 = LINE ( 'NONE', #4057, #11726 ) ;
#5578 = CARTESIAN_POINT ( 'NONE',  ( 178.8361552673457300, 34.44085342471461800, 2.905661822261151900E-014 ) ) ;
#5579 = ADVANCED_FACE ( 'NONE', ( #6462 ), #3541, .T. ) ;
#5580 = DIRECTION ( 'NONE',  ( -4.440892098500626200E-016, -0.0000000000000000000, 1.000000000000000000 ) ) ;
#5581 = EDGE_LOOP ( 'NONE', ( #497, #8108, #7840, #11698, #7323, #593 ) ) ;
#5582 = CARTESIAN_POINT ( 'NONE',  ( 194.3874572644615700, 49.86904400576364100, 1.999999999999914500 ) ) ;
#5583 = EDGE_LOOP ( 'NONE', ( #5900, #9829, #1682, #9057 ) ) ;
#5584 = VECTOR ( 'NONE', #1594, 1000.000000000000000 ) ;
#5585 = CARTESIAN_POINT ( 'NONE',  ( 156.1437797073500300, 42.89559590511676400, 20.49999878108513900 ) ) ;
#5586 = CIRCLE ( 'NONE', #10473, 19.99999905524556400 ) ;
#5587 = VERTEX_POINT ( 'NONE', #9846 ) ;
#5588 = DIRECTION ( 'NONE',  ( -1.000000000000000000, 0.0000000000000000000, 0.0000000000000000000 ) ) ;
#5589 = ORIENTED_EDGE ( 'NONE', *, *, #11664, .T. ) ;
#5590 = DIRECTION ( 'NONE',  ( 0.0000000000000000000, 1.000000000000000000, -5.204170673763481400E-016 ) ) ;
#5591 = EDGE_CURVE ( 'NONE', #6323, #5799, #5019, .T. ) ;
#5592 = LINE ( 'NONE', #1888, #9018 ) ;
#5593 = FACE_OUTER_BOUND ( 'NONE', #5563, .T. ) ;
#5594 = ORIENTED_EDGE ( 'NONE', *, *, #5529, .F. ) ;
#5595 = CARTESIAN_POINT ( 'NONE',  ( 189.0689853496277200, 48.36904400576364100, 1.750013533165798700 ) ) ;
#5596 = DIRECTION ( 'NONE',  ( 2.220446049250313100E-016, 0.0000000000000000000, -1.000000000000000000 ) ) ;
#5597 = AXIS2_PLACEMENT_3D ( 'NONE', #498, #5937, #6817 ) ;
#5598 = LINE ( 'NONE', #4570, #3858 ) ;
#5599 = AXIS2_PLACEMENT_3D ( 'NONE', #2467, #3332, #10646 ) ;
#5600 = ORIENTED_EDGE ( 'NONE', *, *, #4766, .F. ) ;
#5601 = LINE ( 'NONE', #2949, #2409 ) ;
#5602 = AXIS2_PLACEMENT_3D ( 'NONE', #3777, #9220, #9298 ) ;
#5603 = APPROVAL_STATUS ( 'not_yet_approved' ) ;
#5604 = CYLINDRICAL_SURFACE ( 'NONE', #9967, 19.99999905524573100 ) ;
#5605 = DIRECTION ( 'NONE',  ( 0.0000000000000000000, 0.0000000000000000000, -1.000000000000000000 ) ) ;
#5606 = CIRCLE ( 'NONE', #9056, 1.750000000000001600 ) ;
#5607 = EDGE_CURVE ( 'NONE', #10577, #152, #9300, .T. ) ;
#5608 = CIRCLE ( 'NONE', #2432, 2.000000000000001800 ) ;
#5609 = ORIENTED_EDGE ( 'NONE', *, *, #1499, .F. ) ;
#5610 = CIRCLE ( 'NONE', #2513, 19.49999997868823000 ) ;
#5611 = EDGE_CURVE ( 'NONE', #5518, #1746, #4163, .T. ) ;
#5612 = DIRECTION ( 'NONE',  ( 8.157786440681345800E-032, 4.440892098500626200E-016, 1.000000000000000000 ) ) ;
#5613 = EDGE_CURVE ( 'NONE', #11015, #11307, #5884, .T. ) ;
#5614 = ORIENTED_EDGE ( 'NONE', *, *, #7975, .F. ) ;
#5615 = CARTESIAN_POINT ( 'NONE',  ( 173.7719257169747200, 45.86904400576391100, 19.49999999999988600 ) ) ;
#5616 = CIRCLE ( 'NONE', #120, 1.999999999999772800 ) ;
#5617 = CARTESIAN_POINT ( 'NONE',  ( 173.7719257169744900, 51.86904400576364800, 4.200000000041086400 ) ) ;
#5618 = AXIS2_PLACEMENT_3D ( 'NONE', #2811, #134, #9235 ) ;
#5619 = LINE ( 'NONE', #829, #9333 ) ;
#5620 = CARTESIAN_POINT ( 'NONE',  ( 172.7719257169749500, 51.63532516071669700, 23.49999947845893200 ) ) ;
#5621 = CIRCLE ( 'NONE', #8744, 1.000000000000451900 ) ;
#5622 = DIRECTION ( 'NONE',  ( -1.000000000000000000, 1.788692650784895600E-013, 0.0000000000000000000 ) ) ;
#5623 = ORIENTED_EDGE ( 'NONE', *, *, #4176, .F. ) ;
#5624 = VECTOR ( 'NONE', #2218, 1000.000000000000000 ) ;
#5626 = ADVANCED_FACE ( 'NONE', ( #7030, #968, #8430, #404, #4596, #7731, #8719, #1951 ), #7122, .T. ) ;
#5625 = CARTESIAN_POINT ( 'NONE',  ( 167.2719663746400700, 45.89203403532671600, 18.99999947845893200 ) ) ;
#5627 = PLANE ( 'NONE',  #5955 ) ;
#5628 = EDGE_CURVE ( 'NONE', #5457, #8681, #11042, .T. ) ;
#5629 = VECTOR ( 'NONE', #2566, 1000.000000000000000 ) ;
#5630 = EDGE_CURVE ( 'NONE', #2495, #7931, #11905, .T. ) ;
#5631 = EDGE_CURVE ( 'NONE', #2048, #4775, #3421, .T. ) ;
#5632 = CYLINDRICAL_SURFACE ( 'NONE', #5141, 1.749999386690449100 ) ;
#5633 = CARTESIAN_POINT ( 'NONE',  ( 173.7719257169744900, 45.86904400576364800, 1.999999999999919000 ) ) ;
#5634 = AXIS2_PLACEMENT_3D ( 'NONE', #4914, #2100, #283 ) ;
#5635 = EDGE_LOOP ( 'NONE', ( #2163, #7532, #9293, #11492 ) ) ;
#5636 = CYLINDRICAL_SURFACE ( 'NONE', #11575, 0.4999999999999726900 ) ;
#5637 = DIRECTION ( 'NONE',  ( -1.000000000000000000, 1.156482317317870300E-014, -5.782411586589351700E-016 ) ) ;
#5638 = ADVANCED_FACE ( 'NONE', ( #2836 ), #6029, .T. ) ;
#5639 = DIRECTION ( 'NONE',  ( 0.0000000000000000000, 1.000000000000000000, -1.613696327631730300E-016 ) ) ;
#5640 = AXIS2_PLACEMENT_3D ( 'NONE', #1022, #8540, #1066 ) ;
#5641 = APPLICATION_CONTEXT ( 'configuration controlled 3d designs of mechanical parts and assemblies' ) ;
#5642 = CARTESIAN_POINT ( 'NONE',  ( 168.2781796281152000, 43.85192861849832700, 23.49999947845893200 ) ) ;
#5643 = ORIENTED_EDGE ( 'NONE', *, *, #3447, .F. ) ;
#5644 = FACE_OUTER_BOUND ( 'NONE', #10475, .T. ) ;
#5645 = AXIS2_PLACEMENT_3D ( 'NONE', #8549, #1230, #10375 ) ;
#5646 = DIRECTION ( 'NONE',  ( -1.000000000000000000, 0.0000000000000000000, 0.0000000000000000000 ) ) ;
#5647 = ORIENTED_EDGE ( 'NONE', *, *, #9916, .T. ) ;
#5648 = ORIENTED_EDGE ( 'NONE', *, *, #6071, .F. ) ;
#5649 = ORIENTED_EDGE ( 'NONE', *, *, #8507, .F. ) ;
#5650 = DIRECTION ( 'NONE',  ( -3.147609485530916800E-016, 1.110223024625158000E-016, -1.000000000000000000 ) ) ;
#5651 = CARTESIAN_POINT ( 'NONE',  ( 155.2719258708797600, 45.86904400576379700, 56.79194912331138300 ) ) ;
#5652 = VERTEX_POINT ( 'NONE', #2801 ) ;
#5653 = LINE ( 'NONE', #6025, #3188 ) ;
#5654 = DIRECTION ( 'NONE',  ( -3.147609485530916800E-016, 1.110223024625158000E-016, -1.000000000000000000 ) ) ;
#5655 = DIRECTION ( 'NONE',  ( -2.750995598087368700E-017, -0.7071067811865451300, -0.7071067811865499000 ) ) ;
#5656 = DIRECTION ( 'NONE',  ( -1.000000000000000000, 1.460820036321682100E-015, -2.960863674957793600E-016 ) ) ;
#5657 = CARTESIAN_POINT ( 'NONE',  ( 164.7563136126116800, 54.88465611012650000, 3.000013011975194200 ) ) ;
#5658 = CARTESIAN_POINT ( 'NONE',  ( 172.7719257169739800, 52.51494189713155000, 23.49999947845893200 ) ) ;
#5659 = ORIENTED_EDGE ( 'NONE', *, *, #4361, .F. ) ;
#5660 = ORIENTED_EDGE ( 'NONE', *, *, #2036, .F. ) ;
#5661 = CARTESIAN_POINT ( 'NONE',  ( 173.7719257169743800, 45.86904386338088800, 6.699999833293105700 ) ) ;
#5662 = ORIENTED_EDGE ( 'NONE', *, *, #10988, .F. ) ;
#5663 = CYLINDRICAL_SURFACE ( 'NONE', #10746, 16.50000028186585200 ) ;
#5664 = AXIS2_PLACEMENT_3D ( 'NONE', #1626, #649, #4414 ) ;
#5665 = CARTESIAN_POINT ( 'NONE',  ( 173.2659544990412700, 66.36316426043326500, 17.37267090534568900 ) ) ;
#5666 = VERTEX_POINT ( 'NONE', #39 ) ;
#5667 = CARTESIAN_POINT ( 'NONE',  ( 198.9033806311083200, 43.36904400576364100, 0.7500135331658555100 ) ) ;
#5668 = DIRECTION ( 'NONE',  ( 8.157786440681345800E-032, 4.440892098500626200E-016, 1.000000000000000000 ) ) ;
#5669 = PERSON_AND_ORGANIZATION ( #6755, #6956 ) ;
#5670 = ADVANCED_FACE ( 'NONE', ( #7161 ), #3722, .F. ) ;
#5671 = EDGE_CURVE ( 'NONE', #9810, #821, #5598, .T. ) ;
#5672 = AXIS2_PLACEMENT_3D ( 'NONE', #1240, #5972, #8602 ) ;
#5673 = DIRECTION ( 'NONE',  ( -0.0000000000000000000, -0.0000000000000000000, 1.000000000000000000 ) ) ;
#5674 = ORIENTED_EDGE ( 'NONE', *, *, #3057, .T. ) ;
#5675 = ORIENTED_EDGE ( 'NONE', *, *, #3669, .F. ) ;
#5676 = AXIS2_PLACEMENT_3D ( 'NONE', #197, #5795, #159 ) ;
#5677 = ORIENTED_EDGE ( 'NONE', *, *, #4473, .T. ) ;
#5678 = FACE_OUTER_BOUND ( 'NONE', #2253, .T. ) ;
#5679 = VERTEX_POINT ( 'NONE', #10158 ) ;
#5680 = DIRECTION ( 'NONE',  ( 4.440892098500625700E-016, -1.224646799147353500E-016, -1.000000000000000000 ) ) ;
#5681 = CARTESIAN_POINT ( 'NONE',  ( 181.3762835001730900, 41.05447247131905900, 0.4999982631391943200 ) ) ;
#5682 = CARTESIAN_POINT ( 'NONE',  ( 183.9624194915338900, 59.59507168625546600, 1.999999999999914500 ) ) ;
#5683 = DIRECTION ( 'NONE',  ( 0.0000000000000000000, -1.000000000000000000, 0.0000000000000000000 ) ) ;
#5684 = ORIENTED_EDGE ( 'NONE', *, *, #6811, .T. ) ;
#5685 = EDGE_CURVE ( 'NONE', #4039, #7930, #9881, .T. ) ;
#5686 = DIRECTION ( 'NONE',  ( -1.000000000000000000, 0.0000000000000000000, 0.0000000000000000000 ) ) ;
#5687 = ORIENTED_EDGE ( 'NONE', *, *, #6017, .T. ) ;
#5688 = AXIS2_PLACEMENT_3D ( 'NONE', #11910, #9972, #3556 ) ;
#5689 = ORIENTED_EDGE ( 'NONE', *, *, #9919, .F. ) ;
#5690 = EDGE_LOOP ( 'NONE', ( #3371, #3801, #6815, #11327 ) ) ;
#5691 = EDGE_CURVE ( 'NONE', #1827, #722, #8584, .T. ) ;
#5692 = DIRECTION ( 'NONE',  ( -1.000000000000000000, 0.0000000000000000000, -4.336808689942013800E-016 ) ) ;
#5693 = ORIENTED_EDGE ( 'NONE', *, *, #44, .T. ) ;
#5694 = EDGE_CURVE ( 'NONE', #5482, #7868, #10170, .T. ) ;
#5695 = DIRECTION ( 'NONE',  ( -1.000000000000000000, 0.0000000000000000000, 0.0000000000000000000 ) ) ;
#5696 = CIRCLE ( 'NONE', #3319, 15.42658558267648200 ) ;
#5697 = DIRECTION ( 'NONE',  ( 4.440892098500625700E-016, -1.224646799147353500E-016, -1.000000000000000000 ) ) ;
#5698 = DIRECTION ( 'NONE',  ( 2.220446049250313100E-016, 0.0000000000000000000, -1.000000000000000000 ) ) ;
#5699 = AXIS2_PLACEMENT_3D ( 'NONE', #9361, #11067, #5695 ) ;
#5700 = CIRCLE ( 'NONE', #5031, 2.000000000000001800 ) ;
#5701 = CARTESIAN_POINT ( 'NONE',  ( 161.8792411119315500, 47.47030988905439100, 23.49999947845892500 ) ) ;
#5702 = ORIENTED_EDGE ( 'NONE', *, *, #2670, .F. ) ;
#5703 = ORIENTED_EDGE ( 'NONE', *, *, #724, .F. ) ;
#5704 = EDGE_LOOP ( 'NONE', ( #11904, #9407, #8785, #10792 ) ) ;
#5705 = DIRECTION ( 'NONE',  ( 4.440892098500626200E-016, 0.0000000000000000000, -1.000000000000000000 ) ) ;
#5706 = ORIENTED_EDGE ( 'NONE', *, *, #8939, .F. ) ;
#5707 = PLANE ( 'NONE',  #472 ) ;
#5708 = LINE ( 'NONE', #4257, #658 ) ;
#5709 = VERTEX_POINT ( 'NONE', #918 ) ;
#5710 = AXIS2_PLACEMENT_3D ( 'NONE', #1993, #1080, #976 ) ;
#5711 = CYLINDRICAL_SURFACE ( 'NONE', #547, 1.999999999999974000 ) ;
#5712 = DIRECTION ( 'NONE',  ( 1.387778846336928400E-015, 1.000000000000000000, -5.204170673763481400E-016 ) ) ;
#5713 = AXIS2_PLACEMENT_3D ( 'NONE', #11716, #9988, #9090 ) ;
#5714 = EDGE_LOOP ( 'NONE', ( #4293, #9645, #6275, #9848, #8862, #1464, #10712 ) ) ;
#5715 = ORIENTED_EDGE ( 'NONE', *, *, #8214, .T. ) ;
#5716 = VECTOR ( 'NONE', #56, 1000.000000000000000 ) ;
#5717 = ORIENTED_EDGE ( 'NONE', *, *, #9823, .T. ) ;
#5718 = DIRECTION ( 'NONE',  ( 8.758115402030102800E-047, 1.727233711018887800E-077, -1.000000000000000000 ) ) ;
#5719 = LINE ( 'NONE', #8213, #8276 ) ;
#5720 = VERTEX_POINT ( 'NONE', #1706 ) ;
#5721 = DIRECTION ( 'NONE',  ( 0.0000000000000000000, 0.0000000000000000000, -1.000000000000000000 ) ) ;
#5722 = CARTESIAN_POINT ( 'NONE',  ( 190.0689853496277000, 43.36904400576364100, 0.7500135331658555100 ) ) ;
#5723 = ORIENTED_EDGE ( 'NONE', *, *, #11685, .F. ) ;
#5724 = LINE ( 'NONE', #7597, #106 ) ;
#5725 = CARTESIAN_POINT ( 'NONE',  ( 180.7001289472499100, 49.86904386338111600, 18.99999947845893200 ) ) ;
#5726 = CIRCLE ( 'NONE', #3455, 3.000000000000002700 ) ;
#5727 = DIRECTION ( 'NONE',  ( -0.0000000000000000000, -0.0000000000000000000, 1.000000000000000000 ) ) ;
#5728 = ORIENTED_EDGE ( 'NONE', *, *, #10202, .F. ) ;
#5729 = CARTESIAN_POINT ( 'NONE',  ( 173.7719257169744900, 45.86904400576364800, 1.999999999999910300 ) ) ;
#5730 = LINE ( 'NONE', #3612, #4301 ) ;
#5731 = ORIENTED_EDGE ( 'NONE', *, *, #3602, .T. ) ;
#5732 = ORIENTED_EDGE ( 'NONE', *, *, #4853, .T. ) ;
#5733 = CARTESIAN_POINT ( 'NONE',  ( 187.1462943877393700, 58.24341267652847200, 2.819966482547897600E-014 ) ) ;
#5735 = ADVANCED_FACE ( 'NONE', ( #4445 ), #1665, .F. ) ;
#5734 = DIRECTION ( 'NONE',  ( -1.000000000000000000, 0.0000000000000000000, 0.0000000000000000000 ) ) ;
#5736 = DIRECTION ( 'NONE',  ( -1.224646799147352700E-016, 2.220446049250314100E-016, -1.000000000000000000 ) ) ;
#5737 = ORIENTED_EDGE ( 'NONE', *, *, #5221, .F. ) ;
#5738 = CIRCLE ( 'NONE', #10868, 5.500003774852074500 ) ;
#5739 = CC_DESIGN_PERSON_AND_ORGANIZATION_ASSIGNMENT ( #6526, #1101, ( #9016 ) ) ;
#5740 = FACE_OUTER_BOUND ( 'NONE', #1997, .T. ) ;
#5741 = CIRCLE ( 'NONE', #8589, 1.999999999999946300 ) ;
#5742 = VERTEX_POINT ( 'NONE', #2635 ) ;
#5743 = CIRCLE ( 'NONE', #1962, 1.999999999999772800 ) ;
#5744 = DIRECTION ( 'NONE',  ( 0.8660254037844384900, -0.5000000000000004400, -1.060575238724907400E-016 ) ) ;
#5745 = EDGE_CURVE ( 'NONE', #4589, #564, #8007, .T. ) ;
#5746 = CIRCLE ( 'NONE', #9417, 1.350000000000000500 ) ;
#5747 = ORIENTED_EDGE ( 'NONE', *, *, #1810, .T. ) ;
#5748 = CIRCLE ( 'NONE', #2975, 1.749999386690449100 ) ;
#5749 = DIRECTION ( 'NONE',  ( -1.000000000000000000, 0.0000000000000000000, -4.448008917622271900E-016 ) ) ;
#5750 = CARTESIAN_POINT ( 'NONE',  ( 174.3689582967140000, 40.40154058810435300, 4.999999311752643100 ) ) ;
#5751 = CYLINDRICAL_SURFACE ( 'NONE', #2393, 1.349999999999997000 ) ;
#5752 = AXIS2_PLACEMENT_3D ( 'NONE', #720, #5255, #7924 ) ;
#5753 = VECTOR ( 'NONE', #3018, 1000.000000000000000 ) ;
#5754 = EDGE_CURVE ( 'NONE', #583, #10091, #111, .T. ) ;
#5755 = VERTEX_POINT ( 'NONE', #4527 ) ;
#5756 = CIRCLE ( 'NONE', #8359, 2.000000000000029300 ) ;
#5757 = DIRECTION ( 'NONE',  ( -1.000000000000000000, 0.0000000000000000000, 0.0000000000000000000 ) ) ;
#5758 = CYLINDRICAL_SURFACE ( 'NONE', #4774, 1.000000000000000900 ) ;
#5759 = DIRECTION ( 'NONE',  ( -1.000000000000000000, 0.0000000000000000000, 0.0000000000000000000 ) ) ;
#5760 = CARTESIAN_POINT ( 'NONE',  ( 173.7719257169753700, 45.86904400576429500, 20.49999878108513900 ) ) ;
#5761 = EDGE_CURVE ( 'NONE', #6794, #4589, #9454, .T. ) ;
#5762 = VECTOR ( 'NONE', #5475, 1000.000000000000000 ) ;
#5763 = EDGE_CURVE ( 'NONE', #3145, #6259, #4734, .T. ) ;
#5764 = VERTEX_POINT ( 'NONE', #11084 ) ;
#5765 = EDGE_CURVE ( 'NONE', #1896, #4161, #2249, .T. ) ;
#5766 = CARTESIAN_POINT ( 'NONE',  ( 167.8437224866989100, 49.86904386338100900, 21.99999947845893200 ) ) ;
#5767 = PLANE ( 'NONE',  #7805 ) ;
#5768 = AXIS2_PLACEMENT_3D ( 'NONE', #1930, #6512, #1098 ) ;
#5769 = DIRECTION ( 'NONE',  ( 0.0000000000000000000, 0.0000000000000000000, -1.000000000000000000 ) ) ;
#5770 = EDGE_LOOP ( 'NONE', ( #2485, #5419, #11807, #2591, #4536, #6636 ) ) ;
#5771 = FACE_OUTER_BOUND ( 'NONE', #246, .T. ) ;
#5772 = CARTESIAN_POINT ( 'NONE',  ( 173.7719257169743800, 45.86904400576364800, 10.25000000000008500 ) ) ;
#5773 = CARTESIAN_POINT ( 'NONE',  ( 164.5219257939270700, 61.89051384249005100, 14.29999914657000200 ) ) ;
#5774 = CARTESIAN_POINT ( 'NONE',  ( 180.7001289472500500, 49.86904386338100900, 19.99999947845892800 ) ) ;
#5775 = CARTESIAN_POINT ( 'NONE',  ( 173.7719257169743800, 45.86904386338089500, 23.49999947847436500 ) ) ;
#5776 = CARTESIAN_POINT ( 'NONE',  ( 174.7719257169744900, 66.34463869875487800, 16.49999967266197100 ) ) ;
#5777 = CARTESIAN_POINT ( 'NONE',  ( 170.7719257169750100, 51.63532516071670400, 18.99999947845893500 ) ) ;
#5778 = EDGE_CURVE ( 'NONE', #4359, #5259, #4021, .T. ) ;
#5779 = CARTESIAN_POINT ( 'NONE',  ( 190.0689853496277000, 42.61904400576364100, 0.7500135331658556200 ) ) ;
#5780 = AXIS2_PLACEMENT_3D ( 'NONE', #6409, #11897, #10969 ) ;
#5781 = ORIENTED_EDGE ( 'NONE', *, *, #10762, .T. ) ;
#5782 = FACE_OUTER_BOUND ( 'NONE', #6670, .T. ) ;
#5783 = AXIS2_PLACEMENT_3D ( 'NONE', #5775, #7723, #4964 ) ;
#5784 = ORIENTED_EDGE ( 'NONE', *, *, #140, .F. ) ;
#5785 = ORIENTED_EDGE ( 'NONE', *, *, #132, .T. ) ;
#5786 = CARTESIAN_POINT ( 'NONE',  ( 169.0484782296380500, 28.24089799613870300, 22.49999878108514300 ) ) ;
#5787 = DIRECTION ( 'NONE',  ( -1.000000000000000000, 6.938893903907222100E-015, -5.782411586589351700E-016 ) ) ;
#5788 = VERTEX_POINT ( 'NONE', #11241 ) ;
#5789 = CYLINDRICAL_SURFACE ( 'NONE', #5664, 0.9999999999999978900 ) ;
#5790 = ADVANCED_FACE ( 'NONE', ( #7435 ), #2105, .F. ) ;
#5791 = AXIS2_PLACEMENT_3D ( 'NONE', #2619, #488, #1152 ) ;
#5792 = ORIENTED_EDGE ( 'NONE', *, *, #4535, .T. ) ;
#5793 = VERTEX_POINT ( 'NONE', #8414 ) ;
#5794 = ORIENTED_EDGE ( 'NONE', *, *, #6514, .T. ) ;
#5795 = DIRECTION ( 'NONE',  ( 8.157786440681345800E-032, 4.440892098500626200E-016, 1.000000000000000000 ) ) ;
#5796 = CARTESIAN_POINT ( 'NONE',  ( 173.7719257169747200, 45.86904400576418100, 22.49999878108515000 ) ) ;
#5797 = ORIENTED_EDGE ( 'NONE', *, *, #11446, .T. ) ;
#5798 = CARTESIAN_POINT ( 'NONE',  ( 174.7719257169744100, 37.86904386338095200, 19.99999947845892800 ) ) ;
#5799 = VERTEX_POINT ( 'NONE', #7465 ) ;
#5800 = CYLINDRICAL_SURFACE ( 'NONE', #2659, 1.749999386690449100 ) ;
#5801 = CARTESIAN_POINT ( 'NONE',  ( 182.4321797548188000, 40.06904386338089800, 19.99999947846017900 ) ) ;
#5802 = CARTESIAN_POINT ( 'NONE',  ( 164.7719257169769900, 45.86904400576364800, 0.4999982631415064200 ) ) ;
#5803 = CARTESIAN_POINT ( 'NONE',  ( 172.7719257169744100, 45.86904386338088800, 21.99999947845984100 ) ) ;
#5804 = VERTEX_POINT ( 'NONE', #10322 ) ;
#5805 = CARTESIAN_POINT ( 'NONE',  ( 165.1116716791299600, 40.06904386338089100, -19.26262734681628800 ) ) ;
#5806 = DIRECTION ( 'NONE',  ( 4.440892098500626200E-016, 0.0000000000000000000, -1.000000000000000000 ) ) ;
#5807 = CARTESIAN_POINT ( 'NONE',  ( 183.0219256400218600, 29.84757416903736500, 19.49999999999992200 ) ) ;
#5808 = LINE ( 'NONE', #623, #2468 ) ;
#5809 = CARTESIAN_POINT ( 'NONE',  ( 200.1063220760345000, 45.86904400576364100, 0.7500135331658555100 ) ) ;
#5810 = CARTESIAN_POINT ( 'NONE',  ( 175.6717612361709100, 37.24404386338096600, 18.99999947845893200 ) ) ;
#5811 = EDGE_CURVE ( 'NONE', #9502, #7124, #5306, .T. ) ;
#5812 = DIRECTION ( 'NONE',  ( -1.000000000000000000, 0.0000000000000000000, 0.0000000000000000000 ) ) ;
#5813 = ORIENTED_EDGE ( 'NONE', *, *, #10304, .T. ) ;
#5814 = ORIENTED_EDGE ( 'NONE', *, *, #3771, .T. ) ;
#5815 = CARTESIAN_POINT ( 'NONE',  ( 166.8437224866989100, 49.86904386338100900, 19.99999947845892800 ) ) ;
#5816 = AXIS2_PLACEMENT_3D ( 'NONE', #2527, #11735, #5293 ) ;
#5817 = CIRCLE ( 'NONE', #7388, 1.000000000000000900 ) ;
#5818 = AXIS2_PLACEMENT_3D ( 'NONE', #4358, #6090, #8780 ) ;
#5819 = ORIENTED_EDGE ( 'NONE', *, *, #10737, .F. ) ;
#5820 = DIRECTION ( 'NONE',  ( 2.220446049250313100E-016, 0.0000000000000000000, -1.000000000000000000 ) ) ;
#5821 = AXIS2_PLACEMENT_3D ( 'NONE', #5595, #6508, #1927 ) ;
#5822 = ORIENTED_EDGE ( 'NONE', *, *, #9655, .F. ) ;
#5823 = DIRECTION ( 'NONE',  ( -4.440892098500625700E-016, 1.224646799147353500E-016, 1.000000000000000000 ) ) ;
#5824 = EDGE_LOOP ( 'NONE', ( #8367, #9302 ) ) ;
#5825 = ORIENTED_EDGE ( 'NONE', *, *, #2912, .F. ) ;
#5826 = EDGE_LOOP ( 'NONE', ( #4642, #2862, #9371, #1233 ) ) ;
#5827 = VECTOR ( 'NONE', #425, 1000.000000000000000 ) ;
#5828 = EDGE_CURVE ( 'NONE', #5755, #10301, #10750, .T. ) ;
#5829 = PLANE ( 'NONE',  #3448 ) ;
#5830 = EDGE_CURVE ( 'NONE', #10698, #10657, #4887, .T. ) ;
#5831 = CIRCLE ( 'NONE', #5214, 1.999999999999974000 ) ;
#5832 = PRODUCT ( 'GIM3505-8°²×°³ß´çÍ¼_25071501', 'GIM3505-8°²×°³ß´çÍ¼_25071501', '', ( #837 ) ) ;
#5833 = AXIS2_PLACEMENT_3D ( 'NONE', #8835, #7961, #5136 ) ;
#5834 = ORIENTED_EDGE ( 'NONE', *, *, #3602, .F. ) ;
#5835 = CARTESIAN_POINT ( 'NONE',  ( 177.5715967553672700, 36.61904386338100200, 23.49999947845893200 ) ) ;
#5836 = CARTESIAN_POINT ( 'NONE',  ( 189.2719267945538500, 45.86904400576364100, 1.750013533165798700 ) ) ;
#5837 = EDGE_CURVE ( 'NONE', #10596, #8318, #683, .T. ) ;
#5838 = VERTEX_POINT ( 'NONE', #160 ) ;
#5839 = CARTESIAN_POINT ( 'NONE',  ( 194.1097966395740300, 42.36904400576409600, 0.1368220620892121000 ) ) ;
#5840 = EDGE_LOOP ( 'NONE', ( #5677, #10980, #11801, #4694, #2207 ) ) ;
#5841 = VERTEX_POINT ( 'NONE', #2962 ) ;
#5842 = ORIENTED_EDGE ( 'NONE', *, *, #1731, .T. ) ;
#5843 = CARTESIAN_POINT ( 'NONE',  ( 199.1063220760345000, 46.36904400576364800, 0.7500135331658555100 ) ) ;
#5844 = CARTESIAN_POINT ( 'NONE',  ( 178.2656718058326500, 42.11987781092922500, 18.99999947845893200 ) ) ;
#5845 = DIRECTION ( 'NONE',  ( 4.440892098500626200E-016, 0.0000000000000000000, -1.000000000000000000 ) ) ;
#5846 = CIRCLE ( 'NONE', #9928, 1.349999999999997000 ) ;
#5847 = ORIENTED_EDGE ( 'NONE', *, *, #4133, .F. ) ;
#5848 = CIRCLE ( 'NONE', #7327, 1.000000000000000900 ) ;
#5849 = DIRECTION ( 'NONE',  ( 4.440892098500626200E-016, 0.0000000000000000000, -1.000000000000000000 ) ) ;
#5850 = EDGE_CURVE ( 'NONE', #9244, #11179, #8303, .T. ) ;
#5851 = AXIS2_PLACEMENT_3D ( 'NONE', #674, #3331, #7113 ) ;
#5852 = EDGE_CURVE ( 'NONE', #10609, #10459, #9007, .T. ) ;
#5853 = EDGE_CURVE ( 'NONE', #3334, #810, #10888, .T. ) ;
#5854 = DIRECTION ( 'NONE',  ( 0.0000000000000000000, 1.000000000000000000, 0.0000000000000000000 ) ) ;
#5855 = ORIENTED_EDGE ( 'NONE', *, *, #3417, .T. ) ;
#5856 = CARTESIAN_POINT ( 'NONE',  ( 174.0321975649995100, 66.36775686513355800, 15.52540724633881600 ) ) ;
#5858 = ADVANCED_FACE ( 'NONE', ( #11622 ), #2407, .F. ) ;
#5857 = DIRECTION ( 'NONE',  ( 4.078893220340672900E-032, 2.220446049250313100E-016, 1.000000000000000000 ) ) ;
#5859 = EDGE_LOOP ( 'NONE', ( #1903, #6115, #9631, #8563 ) ) ;
#5860 = DIRECTION ( 'NONE',  ( -0.0000000000000000000, -0.0000000000000000000, 1.000000000000000000 ) ) ;
#5861 = AXIS2_PLACEMENT_3D ( 'NONE', #9030, #7046, #2558 ) ;
#5862 = FACE_OUTER_BOUND ( 'NONE', #4030, .T. ) ;
#5863 = CARTESIAN_POINT ( 'NONE',  ( 157.7719254351096100, 45.86904400576391100, 19.49999999999988600 ) ) ;
#5864 = ORIENTED_EDGE ( 'NONE', *, *, #9655, .T. ) ;
#5865 = DIRECTION ( 'NONE',  ( 4.440892098500626200E-016, 0.0000000000000000000, -1.000000000000000000 ) ) ;
#5866 = VERTEX_POINT ( 'NONE', #3005 ) ;
#5867 = ORIENTED_EDGE ( 'NONE', *, *, #7728, .F. ) ;
#5868 = DIRECTION ( 'NONE',  ( -1.000000000000000000, 0.0000000000000000000, 0.0000000000000000000 ) ) ;
#5869 = AXIS2_PLACEMENT_3D ( 'NONE', #7316, #4597, #8222 ) ;
#5870 = CIRCLE ( 'NONE', #11303, 19.49999997868831500 ) ;
#5871 = ORIENTED_EDGE ( 'NONE', *, *, #603, .F. ) ;
#5872 = CARTESIAN_POINT ( 'NONE',  ( 182.7875378213373700, 54.88465611012649200, 3.000013011975194200 ) ) ;
#5873 = CIRCLE ( 'NONE', #1980, 0.7500000000000006700 ) ;
#5874 = AXIS2_PLACEMENT_3D ( 'NONE', #8387, #9197, #9355 ) ;
#5875 = ORIENTED_EDGE ( 'NONE', *, *, #2025, .T. ) ;
#5876 = DIRECTION ( 'NONE',  ( -0.0000000000000000000, -0.0000000000000000000, -1.000000000000000000 ) ) ;
#5877 = VERTEX_POINT ( 'NONE', #4882 ) ;
#5878 = LINE ( 'NONE', #6282, #8714 ) ;
#5879 = CARTESIAN_POINT ( 'NONE',  ( 181.7001289472500500, 49.86904386338100900, 21.99999947845893200 ) ) ;
#5880 = DIRECTION ( 'NONE',  ( 4.078893220340672900E-032, 2.220446049250313100E-016, 1.000000000000000000 ) ) ;
#5881 = VECTOR ( 'NONE', #7380, 1000.000000000000000 ) ;
#5882 = EDGE_LOOP ( 'NONE', ( #424, #366 ) ) ;
#5883 = DIRECTION ( 'NONE',  ( 4.440892098500626200E-016, 0.0000000000000000000, -1.000000000000000000 ) ) ;
#5884 = CIRCLE ( 'NONE', #11382, 1.999999999999974000 ) ;
#5885 = CARTESIAN_POINT ( 'NONE',  ( 191.5917844645780700, 35.73394619975152200, 15.49999745121855600 ) ) ;
#5886 = VERTEX_POINT ( 'NONE', #3784 ) ;
#5887 = VECTOR ( 'NONE', #9373, 1000.000000000000000 ) ;
#5888 = ADVANCED_FACE ( 'NONE', ( #11178 ), #6307, .F. ) ;
#5889 = VERTEX_POINT ( 'NONE', #2882 ) ;
#5890 = CARTESIAN_POINT ( 'NONE',  ( 173.7719257169743800, 49.86904400576364100, 2.199999311752463900 ) ) ;
#5891 = CARTESIAN_POINT ( 'NONE',  ( 173.7719257169744400, 37.86904386338093100, 21.99999947845893200 ) ) ;
#5892 = LINE ( 'NONE', #7464, #10479 ) ;
#5893 = VECTOR ( 'NONE', #4165, 1000.000000000000000 ) ;
#5894 = VECTOR ( 'NONE', #10672, 1000.000000000000000 ) ;
#5895 = CARTESIAN_POINT ( 'NONE',  ( 189.0689853496277200, 48.36904400576364100, 3.000012844918273900 ) ) ;
#5896 = ORIENTED_EDGE ( 'NONE', *, *, #9360, .F. ) ;
#5897 = FACE_OUTER_BOUND ( 'NONE', #11232, .T. ) ;
#5898 = CARTESIAN_POINT ( 'NONE',  ( 173.7719257169744900, 45.86904400576364800, 4.199999999999903400 ) ) ;
#5899 = DIRECTION ( 'NONE',  ( 0.0000000000000000000, -1.000000000000000000, 0.0000000000000000000 ) ) ;
#5900 = ORIENTED_EDGE ( 'NONE', *, *, #8882, .T. ) ;
#5901 = LINE ( 'NONE', #768, #1115 ) ;
#5902 = DIRECTION ( 'NONE',  ( 0.0000000000000000000, 0.0000000000000000000, -1.000000000000000000 ) ) ;
#5903 = CARTESIAN_POINT ( 'NONE',  ( 172.8796988133645100, 45.34705720461762700, 21.99999947845984500 ) ) ;
#5904 = CARTESIAN_POINT ( 'NONE',  ( 192.0043108786986700, 36.49727206305256300, 16.49999967266197100 ) ) ;
#5905 = EDGE_CURVE ( 'NONE', #11250, #6801, #6740, .T. ) ;
#5906 = FACE_OUTER_BOUND ( 'NONE', #562, .T. ) ;
#5907 = EDGE_LOOP ( 'NONE', ( #10687, #5269, #3776, #5410, #949, #10272, #11284, #5138 ) ) ;
#5908 = CARTESIAN_POINT ( 'NONE',  ( 185.1462943877393500, 33.49467533499879600, 81.17012103714563400 ) ) ;
#5909 = EDGE_CURVE ( 'NONE', #9432, #6553, #11322, .T. ) ;
#5910 = CIRCLE ( 'NONE', #9485, 1.999999999999974000 ) ;
#5911 = EDGE_CURVE ( 'NONE', #2357, #6118, #4312, .T. ) ;
#5912 = DIRECTION ( 'NONE',  ( -1.000000000000000000, 0.0000000000000000000, -4.336808689942013800E-016 ) ) ;
#5913 = ADVANCED_FACE ( 'NONE', ( #11468 ), #2539, .T. ) ;
#5914 = B_SPLINE_CURVE_WITH_KNOTS ( 'NONE', 3,
 ( #4999, #11408, #4957, #8749, #482, #11530, #2226, #4040, #5885, #8659, #10494, #367, #6055, #9592, #6958, #2182, #7716, #5078 ),
 .UNSPECIFIED., .F., .F.,
 ( 4, 2, 2, 2, 2, 2, 2, 2, 4 ),
 ( 0.0000000000000000000, 0.1250000000000004200, 0.2500000000000008300, 0.3750000000000012200, 0.5000000000000010000, 0.6250000000000008900, 0.7500000000000005600, 0.8750000000000003300, 1.000000000000000000 ),
 .UNSPECIFIED. ) ;
#5915 = ADVANCED_FACE ( 'NONE', ( #7301 ), #10603, .F. ) ;
#5916 = DIRECTION ( 'NONE',  ( -0.0000000000000000000, 4.956352788616351200E-016, -1.000000000000000000 ) ) ;
#5917 = CARTESIAN_POINT ( 'NONE',  ( 198.1063220760345000, 46.36904400576364800, 0.7500135331658555100 ) ) ;
#5918 = CARTESIAN_POINT ( 'NONE',  ( 164.7563136126116500, 36.85343190140081800, 81.17012103714566300 ) ) ;
#5919 = EDGE_CURVE ( 'NONE', #7800, #1520, #1525, .T. ) ;
#5920 = EDGE_LOOP ( 'NONE', ( #8106, #9742, #6687, #3855 ) ) ;
#5921 = CIRCLE ( 'NONE', #2007, 2.000000000000001800 ) ;
#5922 = DIRECTION ( 'NONE',  ( 0.0000000000000000000, 1.000000000000000000, 0.0000000000000000000 ) ) ;
#5923 = AXIS2_PLACEMENT_3D ( 'NONE', #1837, #2775, #10019 ) ;
#5924 = EDGE_CURVE ( 'NONE', #9821, #3081, #2825, .T. ) ;
#5925 = EDGE_CURVE ( 'NONE', #3061, #11817, #3270, .T. ) ;
#5926 = AXIS2_PLACEMENT_3D ( 'NONE', #9942, #1590, #6580 ) ;
#5927 = DIRECTION ( 'NONE',  ( 0.5000000000000015500, 0.8660254037844377100, 0.0000000000000000000 ) ) ;
#5928 = VERTEX_POINT ( 'NONE', #7619 ) ;
#5929 = FACE_OUTER_BOUND ( 'NONE', #11725, .T. ) ;
#5930 = DIRECTION ( 'NONE',  ( -1.000000000000000000, 0.0000000000000000000, 0.0000000000000000000 ) ) ;
#5931 = EDGE_LOOP ( 'NONE', ( #9536, #9648 ) ) ;
#5932 = EDGE_CURVE ( 'NONE', #4940, #1346, #3711, .T. ) ;
#5933 = AXIS2_PLACEMENT_3D ( 'NONE', #7292, #4659, #8202 ) ;
#5934 = DIRECTION ( 'NONE',  ( 4.440892098500626200E-016, 0.0000000000000000000, -1.000000000000000000 ) ) ;
#5935 = VERTEX_POINT ( 'NONE', #5036 ) ;
#5936 = EDGE_LOOP ( 'NONE', ( #8389, #3538, #8940, #6683 ) ) ;
#5937 = DIRECTION ( 'NONE',  ( -8.157786440681345800E-032, -4.440892098500626200E-016, -1.000000000000000000 ) ) ;
#5938 = VERTEX_POINT ( 'NONE', #7752 ) ;
#5939 = FACE_OUTER_BOUND ( 'NONE', #6710, .T. ) ;
#5940 = CARTESIAN_POINT ( 'NONE',  ( 178.2718892293819400, 45.88731807937345100, 21.99999947845893200 ) ) ;
#5941 = AXIS2_PLACEMENT_3D ( 'NONE', #10598, #6047, #1423 ) ;
#5942 = DIRECTION ( 'NONE',  ( 4.440892098500626200E-016, 0.0000000000000000000, -1.000000000000000000 ) ) ;
#5943 = ADVANCED_FACE ( 'NONE', ( #4875 ), #8146, .F. ) ;
#5944 = ORIENTED_EDGE ( 'NONE', *, *, #11672, .T. ) ;
#5945 = ORIENTED_EDGE ( 'NONE', *, *, #1648, .T. ) ;
#5946 = CARTESIAN_POINT ( 'NONE',  ( 164.5219257939270700, 62.89051384249050600, 14.29999914657000200 ) ) ;
#5947 = ORIENTED_EDGE ( 'NONE', *, *, #6685, .F. ) ;
#5948 = CYLINDRICAL_SURFACE ( 'NONE', #7430, 0.5000000000000004400 ) ;
#5949 = CARTESIAN_POINT ( 'NONE',  ( 173.7719257169743800, 37.86904386338088800, 18.99999947845893200 ) ) ;
#5950 = AXIS2_PLACEMENT_3D ( 'NONE', #2072, #4930, #9558 ) ;
#5951 = DIRECTION ( 'NONE',  ( 0.0000000000000000000, -1.000000000000000000, -9.912705577232704500E-016 ) ) ;
#5952 = DIRECTION ( 'NONE',  ( 0.0000000000000000000, -5.782411586717914400E-016, 1.000000000000000000 ) ) ;
#5953 = EDGE_LOOP ( 'NONE', ( #7081, #7482, #5218, #3843, #8962, #11730, #9176, #338, #6412, #256, #6122, #391, #7946 ) ) ;
#5954 = DIRECTION ( 'NONE',  ( 4.440892098500626200E-016, 0.0000000000000000000, -1.000000000000000000 ) ) ;
#5955 = AXIS2_PLACEMENT_3D ( 'NONE', #6533, #3056, #10417 ) ;
#5956 = DATE_AND_TIME ( #9959, #480 ) ;
#5957 = DIRECTION ( 'NONE',  ( -1.000000000000000000, 0.0000000000000000000, -4.440892098500626200E-016 ) ) ;
#5958 = DIRECTION ( 'NONE',  ( -4.440892098500626200E-016, -0.0000000000000000000, 1.000000000000000000 ) ) ;
#5959 = DIRECTION ( 'NONE',  ( 0.0000000000000000000, 1.000000000000000000, 0.0000000000000000000 ) ) ;
#5960 = DIRECTION ( 'NONE',  ( 0.0000000000000000000, 1.000000000000000000, 0.0000000000000000000 ) ) ;
#5961 = ORIENTED_EDGE ( 'NONE', *, *, #5398, .F. ) ;
#5962 = ORIENTED_EDGE ( 'NONE', *, *, #5383, .F. ) ;
#5963 = CARTESIAN_POINT ( 'NONE',  ( 165.8437224866989100, 49.86904386338100900, 21.99999947845893200 ) ) ;
#5964 = EDGE_LOOP ( 'NONE', ( #2735, #6046 ) ) ;
#5965 = DIRECTION ( 'NONE',  ( -0.7071067811865474600, 8.659560562354931600E-017, 0.7071067811865475700 ) ) ;
#5966 = LINE ( 'NONE', #1195, #2042 ) ;
#5967 = ORIENTED_EDGE ( 'NONE', *, *, #7144, .F. ) ;
#5969 = ADVANCED_FACE ( 'NONE', ( #11892 ), #394, .F. ) ;
#5968 = CARTESIAN_POINT ( 'NONE',  ( 182.1066554382230400, 50.66823982107931100, 1.999999999999914500 ) ) ;
#5970 = ADVANCED_FACE ( 'NONE', ( #2093 ), #9870, .F. ) ;
#5971 = EDGE_CURVE ( 'NONE', #1899, #11424, #672, .T. ) ;
#5972 = DIRECTION ( 'NONE',  ( 4.440892098500626200E-016, 0.0000000000000000000, -1.000000000000000000 ) ) ;
#5973 = CARTESIAN_POINT ( 'NONE',  ( 167.0578444306695800, 47.88053894935388400, 21.99999947845893200 ) ) ;
#5974 = ORIENTED_EDGE ( 'NONE', *, *, #4591, .F. ) ;
#5975 = DIRECTION ( 'NONE',  ( -0.0000000000000000000, -0.0000000000000000000, -1.000000000000000000 ) ) ;
#5976 = VERTEX_POINT ( 'NONE', #2273 ) ;
#5977 = DIRECTION ( 'NONE',  ( 8.157786440681345800E-032, 4.440892098500626200E-016, 1.000000000000000000 ) ) ;
#5978 = AXIS2_PLACEMENT_3D ( 'NONE', #8425, #11130, #4809 ) ;
#5979 = ORIENTED_EDGE ( 'NONE', *, *, #6308, .F. ) ;
#5980 = VERTEX_POINT ( 'NONE', #9547 ) ;
#5981 = AXIS2_PLACEMENT_3D ( 'NONE', #2376, #6973, #8715 ) ;
#5982 = VERTEX_POINT ( 'NONE', #8696 ) ;
#5983 = DIRECTION ( 'NONE',  ( 1.000000000000000000, -1.836970198721029700E-016, 0.0000000000000000000 ) ) ;
#5984 = VECTOR ( 'NONE', #9613, 1000.000000000000000 ) ;
#5985 = DIRECTION ( 'NONE',  ( 4.440892098500626200E-016, 0.0000000000000000000, -1.000000000000000000 ) ) ;
#5986 = AXIS2_PLACEMENT_3D ( 'NONE', #5559, #2752, #908 ) ;
#5987 = LINE ( 'NONE', #5620, #4281 ) ;
#5988 = CARTESIAN_POINT ( 'NONE',  ( 194.6917668525878200, 49.46621790569971500, 0.7268177283033119300 ) ) ;
#5989 = ORIENTED_EDGE ( 'NONE', *, *, #1948, .T. ) ;
#5990 = EDGE_CURVE ( 'NONE', #4880, #4502, #10159, .T. ) ;
#5991 = ORIENTED_EDGE ( 'NONE', *, *, #4990, .T. ) ;
#5992 = VERTEX_POINT ( 'NONE', #5917 ) ;
#5993 = EDGE_CURVE ( 'NONE', #2640, #3042, #10314, .T. ) ;
#5994 = CARTESIAN_POINT ( 'NONE',  ( 183.0219256400218600, 61.89051384249030000, 56.79194912331138300 ) ) ;
#5995 = VERTEX_POINT ( 'NONE', #7824 ) ;
#5996 = EDGE_CURVE ( 'NONE', #11877, #4463, #818, .T. ) ;
#5997 = LINE ( 'NONE', #8147, #7135 ) ;
#5998 = ORIENTED_EDGE ( 'NONE', *, *, #2431, .F. ) ;
#5999 = AXIS2_PLACEMENT_3D ( 'NONE', #4892, #9478, #2113 ) ;
#6000 = DIRECTION ( 'NONE',  ( -4.440892098500625700E-016, 1.224646799147353500E-016, 1.000000000000000000 ) ) ;
#6001 = CARTESIAN_POINT ( 'NONE',  ( 173.7719257169744900, 45.86904400576364800, 1.999999999999919000 ) ) ;
#6002 = FACE_OUTER_BOUND ( 'NONE', #4442, .T. ) ;
#6003 = DIRECTION ( 'NONE',  ( 0.0000000000000000000, 0.0000000000000000000, -1.000000000000000000 ) ) ;
#6004 = CARTESIAN_POINT ( 'NONE',  ( 177.7719244002087500, 45.86904386338088800, 4.500000036235207700 ) ) ;
#6005 = DIRECTION ( 'NONE',  ( -1.000000000000000000, 0.0000000000000000000, 0.0000000000000000000 ) ) ;
#6006 = CARTESIAN_POINT ( 'NONE',  ( 189.2719267945538500, 45.86904400576364100, 1.750013533165798700 ) ) ;
#6007 = DIRECTION ( 'NONE',  ( -1.000000000000000000, 0.0000000000000000000, -4.081702296416013000E-016 ) ) ;
#6008 = VERTEX_POINT ( 'NONE', #10713 ) ;
#6009 = ADVANCED_FACE ( 'NONE', ( #2394 ), #2682, .T. ) ;
#6010 = EDGE_LOOP ( 'NONE', ( #9242, #10090, #9849, #2895, #139, #6560, #5013 ) ) ;
#6011 = FACE_OUTER_BOUND ( 'NONE', #9116, .T. ) ;
#6012 = EDGE_CURVE ( 'NONE', #1736, #3380, #11608, .T. ) ;
#6013 = CARTESIAN_POINT ( 'NONE',  ( 194.8331287362945800, 42.11014545669436900, 0.8938883292783601500 ) ) ;
#6014 = VERTEX_POINT ( 'NONE', #5196 ) ;
#6015 = AXIS2_PLACEMENT_3D ( 'NONE', #3484, #10927, #2589 ) ;
#6016 = FACE_OUTER_BOUND ( 'NONE', #2933, .T. ) ;
#6017 = EDGE_CURVE ( 'NONE', #1116, #7132, #7572, .T. ) ;
#6018 = DIRECTION ( 'NONE',  ( -1.000000000000000000, 0.0000000000000000000, 0.0000000000000000000 ) ) ;
#6019 = ORIENTED_EDGE ( 'NONE', *, *, #1708, .F. ) ;
#6020 = DIRECTION ( 'NONE',  ( -1.000000000000000000, 0.0000000000000000000, -4.440892098500626200E-016 ) ) ;
#6021 = AXIS2_PLACEMENT_3D ( 'NONE', #8865, #753, #2520 ) ;
#6022 = EDGE_LOOP ( 'NONE', ( #7993, #2473, #8492, #2346 ) ) ;
#6023 = FACE_OUTER_BOUND ( 'NONE', #11410, .T. ) ;
#6024 = CARTESIAN_POINT ( 'NONE',  ( 173.7719257169745200, 51.86904400577365200, 2.199999311752465200 ) ) ;
#6025 = CARTESIAN_POINT ( 'NONE',  ( 175.5715967553672400, 36.61904386338100200, 23.49999947845893200 ) ) ;
#6026 = FACE_BOUND ( 'NONE', #8043, .T. ) ;
#6027 = VERTEX_POINT ( 'NONE', #3291 ) ;
#6028 = CARTESIAN_POINT ( 'NONE',  ( 173.7719257169743800, 57.36904386338088800, 3.000012844918302300 ) ) ;
#6029 = CYLINDRICAL_SURFACE ( 'NONE', #3144, 1.999999999999946300 ) ;
#6030 = DIRECTION ( 'NONE',  ( -1.000000000000000000, 0.0000000000000000000, 0.0000000000000000000 ) ) ;
#6031 = DIRECTION ( 'NONE',  ( 4.440892098500626200E-016, 0.0000000000000000000, -1.000000000000000000 ) ) ;
#6032 = VERTEX_POINT ( 'NONE', #559 ) ;
#6033 = EDGE_LOOP ( 'NONE', ( #7175, #3238 ) ) ;
#6034 = DIRECTION ( 'NONE',  ( -0.0000000000000000000, -0.0000000000000000000, 1.000000000000000000 ) ) ;
#6035 = AXIS2_PLACEMENT_3D ( 'NONE', #6024, #7995, #3346 ) ;
#6036 = ORIENTED_EDGE ( 'NONE', *, *, #948, .T. ) ;
#6037 = DIRECTION ( 'NONE',  ( 4.440892098500625700E-016, -1.224646799147353500E-016, -1.000000000000000000 ) ) ;
#6038 = CIRCLE ( 'NONE', #4617, 1.999999999974327900 ) ;
#6039 = VECTOR ( 'NONE', #89, 1000.000000000000000 ) ;
#6040 = VECTOR ( 'NONE', #11275, 1000.000000000000000 ) ;
#6041 = ORIENTED_EDGE ( 'NONE', *, *, #5628, .T. ) ;
#6042 = CYLINDRICAL_SURFACE ( 'NONE', #8903, 1.999999999999974000 ) ;
#6043 = CARTESIAN_POINT ( 'NONE',  ( 172.0485007127524600, 51.56522456131890000, 2.199999311752463400 ) ) ;
#6044 = ADVANCED_FACE ( 'NONE', ( #9578 ), #6919, .F. ) ;
#6045 = VECTOR ( 'NONE', #7698, 1000.000000000000000 ) ;
#6046 = ORIENTED_EDGE ( 'NONE', *, *, #3669, .T. ) ;
#6047 = DIRECTION ( 'NONE',  ( 8.157786440681345800E-032, 4.440892098500626200E-016, 1.000000000000000000 ) ) ;
#6048 = DIRECTION ( 'NONE',  ( 4.440892098500626200E-016, 0.0000000000000000000, -1.000000000000000000 ) ) ;
#6049 = VECTOR ( 'NONE', #2997, 1000.000000000000000 ) ;
#6050 = DIRECTION ( 'NONE',  ( -0.0000000000000000000, -0.0000000000000000000, 1.000000000000000000 ) ) ;
#6051 = CIRCLE ( 'NONE', #1870, 1.999999999999974000 ) ;
#6052 = VECTOR ( 'NONE', #11285, 1000.000000000000000 ) ;
#6053 = EDGE_LOOP ( 'NONE', ( #2047, #2957 ) ) ;
#6054 = CARTESIAN_POINT ( 'NONE',  ( 164.5219257939270700, 59.89051384249029300, 22.49999878108508300 ) ) ;
#6055 = CARTESIAN_POINT ( 'NONE',  ( 191.2105054346933700, 35.09154472470395800, 15.70014376313193900 ) ) ;
#6056 = FACE_BOUND ( 'NONE', #1957, .T. ) ;
#6057 = EDGE_CURVE ( 'NONE', #6509, #7641, #9439, .T. ) ;
#6058 = CIRCLE ( 'NONE', #7130, 20.99999905524602900 ) ;
#6059 = ADVANCED_FACE ( 'NONE', ( #2977 ), #10026, .F. ) ;
#6060 = DIRECTION ( 'NONE',  ( -1.000000000000000000, 0.0000000000000000000, -4.336808689942013800E-016 ) ) ;
#6061 = DIRECTION ( 'NONE',  ( 0.0000000000000000000, 0.0000000000000000000, -1.000000000000000000 ) ) ;
#6062 = CYLINDRICAL_SURFACE ( 'NONE', #5073, 1.999999999999974000 ) ;
#6063 = AXIS2_PLACEMENT_3D ( 'NONE', #8504, #995, #3914 ) ;
#6064 = DIRECTION ( 'NONE',  ( -1.000000000000000000, -0.0000000000000000000, 0.0000000000000000000 ) ) ;
#6065 = DIRECTION ( 'NONE',  ( -8.157786440681345800E-032, -4.440892098500626200E-016, -1.000000000000000000 ) ) ;
#6066 = DIRECTION ( 'NONE',  ( 4.592896112677545600E-028, -1.000000000000000000, 2.039655610514504300E-043 ) ) ;
#6067 = EDGE_LOOP ( 'NONE', ( #211, #6996 ) ) ;
#6068 = CIRCLE ( 'NONE', #10509, 13.49332192224564300 ) ;
#6069 = CARTESIAN_POINT ( 'NONE',  ( 173.7719257169747200, 67.36904306100990400, 20.74999939054248100 ) ) ;
#6070 = ADVANCED_FACE ( 'NONE', ( #11313 ), #8847, .F. ) ;
#6071 = EDGE_CURVE ( 'NONE', #3469, #519, #5159, .T. ) ;
#6072 = CARTESIAN_POINT ( 'NONE',  ( 164.5219257939272900, 31.84757416896919600, 22.19999878099088200 ) ) ;
#6073 = AXIS2_PLACEMENT_3D ( 'NONE', #3312, #4891, #7888 ) ;
#6074 = ORIENTED_EDGE ( 'NONE', *, *, #6475, .T. ) ;
#6075 = CIRCLE ( 'NONE', #868, 0.4999999999999726900 ) ;
#6076 = EDGE_CURVE ( 'NONE', #8061, #10018, #1231, .T. ) ;
#6077 = CARTESIAN_POINT ( 'NONE',  ( 164.1722458577210700, 41.61509128485182200, 1.999999999999919000 ) ) ;
#6078 = ORIENTED_EDGE ( 'NONE', *, *, #2829, .T. ) ;
#6079 = ORIENTED_EDGE ( 'NONE', *, *, #4631, .F. ) ;
#6080 = DIRECTION ( 'NONE',  ( 0.0000000000000000000, 0.0000000000000000000, -1.000000000000000000 ) ) ;
#6081 = VERTEX_POINT ( 'NONE', #4350 ) ;
#6082 = CARTESIAN_POINT ( 'NONE',  ( 181.2719257169744900, 41.86904400576364800, 4.199999999999905100 ) ) ;
#6083 = EDGE_CURVE ( 'NONE', #9833, #8212, #4585, .T. ) ;
#6084 = CARTESIAN_POINT ( 'NONE',  ( 194.8782992909199800, 49.96428138148960600, 10.25000000000009100 ) ) ;
#6085 = AXIS2_PLACEMENT_3D ( 'NONE', #6369, #5370, #4371 ) ;
#6086 = ORIENTED_EDGE ( 'NONE', *, *, #6990, .F. ) ;
#6087 = EDGE_CURVE ( 'NONE', #11817, #512, #252, .T. ) ;
#6088 = CIRCLE ( 'NONE', #1851, 0.7500000000000006700 ) ;
#6089 = EDGE_CURVE ( 'NONE', #4242, #11214, #9153, .T. ) ;
#6090 = DIRECTION ( 'NONE',  ( -8.157786440681345800E-032, -4.440892098500626200E-016, -1.000000000000000000 ) ) ;
#6091 = AXIS2_PLACEMENT_3D ( 'NONE', #8112, #7334, #9168 ) ;
#6092 = ORIENTED_EDGE ( 'NONE', *, *, #6827, .T. ) ;
#6093 = ORIENTED_EDGE ( 'NONE', *, *, #292, .T. ) ;
#6094 = ORIENTED_EDGE ( 'NONE', *, *, #3432, .F. ) ;
#6095 = ORIENTED_EDGE ( 'NONE', *, *, #11834, .F. ) ;
#6096 = CARTESIAN_POINT ( 'NONE',  ( 186.1462943877393700, 58.24341267652847200, 2.775557561562891400E-014 ) ) ;
#6097 = CARTESIAN_POINT ( 'NONE',  ( 175.5715967553672400, 36.61904386338100200, 18.99999947845893200 ) ) ;
#6098 = ORIENTED_EDGE ( 'NONE', *, *, #10521, .F. ) ;
#6099 = CIRCLE ( 'NONE', #4158, 2.000000000000001800 ) ;
#6101 = ADVANCED_FACE ( 'NONE', ( #10736 ), #8291, .T. ) ;
#6100 = CARTESIAN_POINT ( 'NONE',  ( 188.0689853496277200, 43.36904400576364800, 3.000012844918297900 ) ) ;
#6102 = AXIS2_PLACEMENT_3D ( 'NONE', #2153, #1316, #6808 ) ;
#6103 = CARTESIAN_POINT ( 'NONE',  ( 192.8779456889532500, 41.96904400586721100, 1.999999999999923200 ) ) ;
#6105 = EDGE_LOOP ( 'NONE', ( #1238, #2955, #11541, #10847 ) ) ;
#6104 = PLANE ( 'NONE',  #10245 ) ;
#6106 = AXIS2_PLACEMENT_3D ( 'NONE', #4142, #11701, #7098 ) ;
#6107 = CARTESIAN_POINT ( 'NONE',  ( 174.7719257169736400, 55.86904386338088800, 23.49999947845933700 ) ) ;
#6108 = CIRCLE ( 'NONE', #9749, 1.000000000000000900 ) ;
#6109 = DIRECTION ( 'NONE',  ( 4.440892098500625700E-016, -1.224646799147353500E-016, -1.000000000000000000 ) ) ;
#6110 = CARTESIAN_POINT ( 'NONE',  ( 194.8958135993038900, 49.87403544882592900, 1.000003199727894200 ) ) ;
#6111 = ORIENTED_EDGE ( 'NONE', *, *, #3211, .T. ) ;
#6112 = EDGE_LOOP ( 'NONE', ( #8150, #11659, #9489, #8351 ) ) ;
#6113 = VECTOR ( 'NONE', #607, 1000.000000000000000 ) ;
#6114 = DIRECTION ( 'NONE',  ( -1.000000000000000000, 0.0000000000000000000, -4.448008917622303500E-016 ) ) ;
#6115 = ORIENTED_EDGE ( 'NONE', *, *, #3769, .F. ) ;
#6116 = DIRECTION ( 'NONE',  ( 4.440892098500625700E-016, -1.224646799147353500E-016, -1.000000000000000000 ) ) ;
#6117 = CARTESIAN_POINT ( 'NONE',  ( 173.7719257169743800, 45.86904386338089500, 23.49999947847436500 ) ) ;
#6118 = VERTEX_POINT ( 'NONE', #6351 ) ;
#6119 = DIRECTION ( 'NONE',  ( 0.0000000000000000000, 0.0000000000000000000, -1.000000000000000000 ) ) ;
#6120 = ORIENTED_EDGE ( 'NONE', *, *, #578, .T. ) ;
#6121 = ORIENTED_EDGE ( 'NONE', *, *, #3681, .T. ) ;
#6122 = ORIENTED_EDGE ( 'NONE', *, *, #8199, .T. ) ;
#6123 = DIRECTION ( 'NONE',  ( 4.078893220340672900E-032, 2.220446049250313100E-016, 1.000000000000000000 ) ) ;
#6124 = CARTESIAN_POINT ( 'NONE',  ( 155.2719258708795800, 46.86904400576416700, 19.49999999999992200 ) ) ;
#6125 = CIRCLE ( 'NONE', #6035, 0.7999999999999951600 ) ;
#6126 = ADVANCED_FACE ( 'NONE', ( #7150 ), #7998, .T. ) ;
#6127 = FACE_OUTER_BOUND ( 'NONE', #10535, .T. ) ;
#6128 = CARTESIAN_POINT ( 'NONE',  ( 190.0689853496276700, 49.11904400576364100, 0.7500135331658555100 ) ) ;
#6129 = ORIENTED_EDGE ( 'NONE', *, *, #10766, .T. ) ;
#6130 = EDGE_CURVE ( 'NONE', #4960, #8788, #545, .T. ) ;
#6131 = ORIENTED_EDGE ( 'NONE', *, *, #3839, .F. ) ;
#6132 = CARTESIAN_POINT ( 'NONE',  ( 189.7097021230050900, 50.13955832290821500, 22.49999878108514300 ) ) ;
#6133 = ORIENTED_EDGE ( 'NONE', *, *, #3024, .T. ) ;
#6134 = ORIENTED_EDGE ( 'NONE', *, *, #5932, .T. ) ;
#6135 = CARTESIAN_POINT ( 'NONE',  ( 175.2719257169743800, 45.86904386338088800, 21.99999947845950000 ) ) ;
#6136 = ORIENTED_EDGE ( 'NONE', *, *, #3816, .F. ) ;
#6137 = VECTOR ( 'NONE', #7467, 1000.000000000000000 ) ;
#6138 = EDGE_LOOP ( 'NONE', ( #3720, #27 ) ) ;
#6139 = CARTESIAN_POINT ( 'NONE',  ( 173.7719257169743800, 45.86904386338088800, 21.49999947845984800 ) ) ;
#6140 = CYLINDRICAL_SURFACE ( 'NONE', #1067, 3.000000000000002700 ) ;
#6141 = DIRECTION ( 'NONE',  ( -1.000000000000000000, 0.0000000000000000000, 0.0000000000000000000 ) ) ;
#6142 = EDGE_CURVE ( 'NONE', #4775, #6395, #5006, .T. ) ;
#6143 = DIRECTION ( 'NONE',  ( 0.0000000000000000000, 1.000000000000000000, 0.0000000000000000000 ) ) ;
#6144 = CARTESIAN_POINT ( 'NONE',  ( 173.7719257169744900, 51.86904400577365200, 81.17012103714566300 ) ) ;
#6145 = ORIENTED_EDGE ( 'NONE', *, *, #11422, .T. ) ;
#6146 = ORIENTED_EDGE ( 'NONE', *, *, #4470, .T. ) ;
#6147 = LINE ( 'NONE', #8068, #8273 ) ;
#6148 = CIRCLE ( 'NONE', #11081, 1.999999999999974000 ) ;
#6149 = EDGE_CURVE ( 'NONE', #722, #8539, #4722, .T. ) ;
#6150 = EDGE_CURVE ( 'NONE', #7734, #9215, #5730, .T. ) ;
#6151 = DIRECTION ( 'NONE',  ( 4.440892098500626200E-016, 0.0000000000000000000, -1.000000000000000000 ) ) ;
#6152 = ADVANCED_FACE ( 'NONE', ( #101 ), #4006, .T. ) ;
#6153 = EDGE_CURVE ( 'NONE', #7383, #3778, #1805, .T. ) ;
#6154 = ORIENTED_EDGE ( 'NONE', *, *, #1462, .T. ) ;
#6155 = DIRECTION ( 'NONE',  ( -1.000000000000000000, -3.700743415417185100E-014, 0.0000000000000000000 ) ) ;
#6156 = ORIENTED_EDGE ( 'NONE', *, *, #6382, .F. ) ;
#6157 = AXIS2_PLACEMENT_3D ( 'NONE', #2438, #3379, #1542 ) ;
#6158 = CARTESIAN_POINT ( 'NONE',  ( 168.5164091887846500, 41.68006944272038100, 23.49999947845893200 ) ) ;
#6159 = LINE ( 'NONE', #9784, #3108 ) ;
#6160 = ORIENTED_EDGE ( 'NONE', *, *, #1543, .T. ) ;
#6161 = CIRCLE ( 'NONE', #2601, 2.000000000000029300 ) ;
#6162 = DIRECTION ( 'NONE',  ( -1.000000000000000000, 0.0000000000000000000, 0.0000000000000000000 ) ) ;
#6163 = CARTESIAN_POINT ( 'NONE',  ( 164.3808625143896600, 43.25984246734800100, 18.99999947845892800 ) ) ;
#6164 = ORIENTED_EDGE ( 'NONE', *, *, #9521, .T. ) ;
#6165 = ORIENTED_EDGE ( 'NONE', *, *, #8790, .F. ) ;
#6166 = ORIENTED_EDGE ( 'NONE', *, *, #9751, .F. ) ;
#6167 = EDGE_CURVE ( 'NONE', #22, #2623, #5586, .T. ) ;
#6168 = DIRECTION ( 'NONE',  ( 2.220446049250856900E-016, 2.220446049250313100E-016, -1.000000000000000000 ) ) ;
#6169 = CIRCLE ( 'NONE', #4436, 1.500000000000001300 ) ;
#6170 = AXIS2_PLACEMENT_3D ( 'NONE', #8239, #8164, #3644 ) ;
#6171 = FACE_BOUND ( 'NONE', #7010, .T. ) ;
#6172 = CARTESIAN_POINT ( 'NONE',  ( 187.2652476392200400, 45.86904386338088800, 21.35688322333649900 ) ) ;
#6173 = ORIENTED_EDGE ( 'NONE', *, *, #7131, .F. ) ;
#6174 = VECTOR ( 'NONE', #9104, 1000.000000000000000 ) ;
#6175 = AXIS2_PLACEMENT_3D ( 'NONE', #7264, #10874, #5394 ) ;
#6176 = FACE_BOUND ( 'NONE', #9369, .T. ) ;
#6177 = ORIENTED_EDGE ( 'NONE', *, *, #1350, .F. ) ;
#6178 = CARTESIAN_POINT ( 'NONE',  ( 164.5219257939272900, 28.49757416903766200, 19.49999999999988600 ) ) ;
#6179 = DIRECTION ( 'NONE',  ( -1.000000000000000000, 0.0000000000000000000, -4.591915083468014500E-016 ) ) ;
#6180 = VERTEX_POINT ( 'NONE', #7105 ) ;
#6181 = CARTESIAN_POINT ( 'NONE',  ( 177.4649792974503600, 51.21800233909667800, 4.199999999999903400 ) ) ;
#6182 = CIRCLE ( 'NONE', #11761, 1.750000000000001600 ) ;
#6183 = LINE ( 'NONE', #10437, #6040 ) ;
#6184 = DIRECTION ( 'NONE',  ( 1.000000000000000000, 0.0000000000000000000, 2.168405058739822700E-016 ) ) ;
#6185 = EDGE_LOOP ( 'NONE', ( #8921, #9605, #3262, #3080 ) ) ;
#6186 = FACE_OUTER_BOUND ( 'NONE', #4152, .T. ) ;
#6187 = ADVANCED_FACE ( 'NONE', ( #8852 ), #7218, .T. ) ;
#6188 = AXIS2_PLACEMENT_3D ( 'NONE', #10395, #3143, #4839 ) ;
#6189 = VERTEX_POINT ( 'NONE', #9013 ) ;
#6190 = FACE_OUTER_BOUND ( 'NONE', #9473, .T. ) ;
#6191 = CARTESIAN_POINT ( 'NONE',  ( 165.1116716791299600, 40.86904386338089500, 23.49999947845933700 ) ) ;
#6192 = DIRECTION ( 'NONE',  ( -0.0000000000000000000, -0.0000000000000000000, 1.000000000000000000 ) ) ;
#6193 = FACE_OUTER_BOUND ( 'NONE', #5690, .T. ) ;
#6194 = CARTESIAN_POINT ( 'NONE',  ( 173.7719257169743800, 45.86904400576364800, 0.4999982631415083600 ) ) ;
#6195 = EDGE_LOOP ( 'NONE', ( #8403, #6505, #9957, #10669 ) ) ;
#6196 = DIRECTION ( 'NONE',  ( -0.0000000000000000000, -0.0000000000000000000, 1.000000000000000000 ) ) ;
#6197 = CARTESIAN_POINT ( 'NONE',  ( 163.5814319424159500, 59.59507168625552300, 2.615896526624118900E-014 ) ) ;
#6198 = FACE_OUTER_BOUND ( 'NONE', #8970, .T. ) ;
#6199 = DIRECTION ( 'NONE',  ( -1.000000000000000000, 0.0000000000000000000, 0.0000000000000000000 ) ) ;
#6200 = CC_DESIGN_DATE_AND_TIME_ASSIGNMENT ( #5956, #2016, ( #9639 ) ) ;
#6201 = DIRECTION ( 'NONE',  ( 4.440892098500625700E-016, -1.224646799147353500E-016, -1.000000000000000000 ) ) ;
#6202 = CARTESIAN_POINT ( 'NONE',  ( 173.7719257169751200, 45.86904400576381800, 1.999999999999907600 ) ) ;
#6203 = DIRECTION ( 'NONE',  ( -8.157786440681345800E-032, -4.440892098500626200E-016, -1.000000000000000000 ) ) ;
#6204 = EDGE_CURVE ( 'NONE', #4472, #2238, #957, .T. ) ;
#6205 = EDGE_LOOP ( 'NONE', ( #7585, #3759, #11282, #7652 ) ) ;
#6206 = FACE_OUTER_BOUND ( 'NONE', #10266, .T. ) ;
#6207 = AXIS2_PLACEMENT_3D ( 'NONE', #7643, #10470, #7691 ) ;
#6208 = AXIS2_PLACEMENT_3D ( 'NONE', #2964, #199, #8416 ) ;
#6209 = AXIS2_PLACEMENT_3D ( 'NONE', #5667, #8368, #6586 ) ;
#6210 = DIRECTION ( 'NONE',  ( 4.440892098500625700E-016, -1.224646799147353500E-016, -1.000000000000000000 ) ) ;
#6211 = EDGE_CURVE ( 'NONE', #3456, #9078, #10456, .T. ) ;
#6212 = ORIENTED_EDGE ( 'NONE', *, *, #1879, .F. ) ;
#6213 = CIRCLE ( 'NONE', #8259, 2.000000000000029300 ) ;
#6214 = DIRECTION ( 'NONE',  ( 0.0000000000000000000, 0.0000000000000000000, 1.000000000000000000 ) ) ;
#6215 = EDGE_CURVE ( 'NONE', #3076, #2767, #8570, .T. ) ;
#6216 = EDGE_CURVE ( 'NONE', #6553, #7826, #5873, .T. ) ;
#6217 = ORIENTED_EDGE ( 'NONE', *, *, #7302, .F. ) ;
#6219 = ADVANCED_FACE ( 'NONE', ( #1515 ), #3111, .F. ) ;
#6218 = DIRECTION ( 'NONE',  ( 1.000000000000000000, 0.0000000000000000000, 2.924823996405847000E-016 ) ) ;
#6220 = AXIS2_PLACEMENT_3D ( 'NONE', #3850, #1969, #10258 ) ;
#6221 = VERTEX_POINT ( 'NONE', #7374 ) ;
#6222 = ORIENTED_EDGE ( 'NONE', *, *, #1496, .T. ) ;
#6223 = ORIENTED_EDGE ( 'NONE', *, *, #10144, .F. ) ;
#6224 = FACE_OUTER_BOUND ( 'NONE', #1657, .T. ) ;
#6225 = DIRECTION ( 'NONE',  ( -2.220446049250312800E-016, 1.224646799147353200E-016, 1.000000000000000000 ) ) ;
#6226 = DIRECTION ( 'NONE',  ( 0.0000000000000000000, -5.782411586717914400E-016, 1.000000000000000000 ) ) ;
#6227 = DIRECTION ( 'NONE',  ( 4.440892098500625700E-016, -1.224646799147353500E-016, -1.000000000000000000 ) ) ;
#6228 = ORIENTED_EDGE ( 'NONE', *, *, #10140, .T. ) ;
#6229 = VERTEX_POINT ( 'NONE', #9138 ) ;
#6230 = DIRECTION ( 'NONE',  ( -0.0000000000000000000, -0.0000000000000000000, 1.000000000000000000 ) ) ;
#6231 = EDGE_CURVE ( 'NONE', #2147, #7857, #3408, .T. ) ;
#6232 = AXIS2_PLACEMENT_3D ( 'NONE', #9767, #2509, #5200 ) ;
#6233 = EDGE_CURVE ( 'NONE', #11280, #7856, #6161, .T. ) ;
#6234 = DIRECTION ( 'NONE',  ( -0.0000000000000000000, -0.0000000000000000000, 1.000000000000000000 ) ) ;
#6235 = DIRECTION ( 'NONE',  ( -1.000000000000000000, 4.057416247971343300E-016, 6.123233995736752500E-017 ) ) ;
#6236 = EDGE_CURVE ( 'NONE', #8672, #8128, #6446, .T. ) ;
#6237 = CARTESIAN_POINT ( 'NONE',  ( 172.1568909178620300, 39.04873136338059000, 23.49999947845893200 ) ) ;
#6238 = CIRCLE ( 'NONE', #10128, 1.750000000000001600 ) ;
#6239 = ADVANCED_FACE ( 'NONE', ( #3399, #6726 ), #9213, .T. ) ;
#6240 = AXIS2_PLACEMENT_3D ( 'NONE', #3868, #2845, #9423 ) ;
#6241 = CARTESIAN_POINT ( 'NONE',  ( 173.7719257169747200, 45.86904400576391100, 19.49999999999988600 ) ) ;
#6242 = ORIENTED_EDGE ( 'NONE', *, *, #1629, .T. ) ;
#6243 = DIRECTION ( 'NONE',  ( -1.000000000000000000, 0.0000000000000000000, 0.0000000000000000000 ) ) ;
#6244 = DIRECTION ( 'NONE',  ( 2.220446049250312800E-016, -1.224646799147353200E-016, -1.000000000000000000 ) ) ;
#6245 = DIRECTION ( 'NONE',  ( 4.440892098500626200E-016, 0.0000000000000000000, -1.000000000000000000 ) ) ;
#6246 = AXIS2_PLACEMENT_3D ( 'NONE', #8314, #11012, #2761 ) ;
#6247 = DIRECTION ( 'NONE',  ( -4.440892098500626200E-016, -0.0000000000000000000, 1.000000000000000000 ) ) ;
#6248 = CARTESIAN_POINT ( 'NONE',  ( 155.5511455541903800, 36.47459192513477400, 16.76042953145323700 ) ) ;
#6249 = EDGE_LOOP ( 'NONE', ( #6940, #8964, #5335, #9447, #4869, #7969, #7433, #8801, #8986, #3251, #4973, #5875 ) ) ;
#6250 = ORIENTED_EDGE ( 'NONE', *, *, #450, .T. ) ;
#6251 = CARTESIAN_POINT ( 'NONE',  ( 197.9033806311083500, 44.11904400576364100, 0.7500135331658555100 ) ) ;
#6252 = VERTEX_POINT ( 'NONE', #862 ) ;
#6253 = AXIS2_PLACEMENT_3D ( 'NONE', #2569, #7331, #1793 ) ;
#6254 = CIRCLE ( 'NONE', #9072, 1.999999999999946300 ) ;
#6255 = EDGE_LOOP ( 'NONE', ( #275, #10527, #9134, #1458, #2318 ) ) ;
#6256 = FACE_OUTER_BOUND ( 'NONE', #8310, .T. ) ;
#6257 = DIRECTION ( 'NONE',  ( -8.157786440681345800E-032, -4.440892098500626200E-016, -1.000000000000000000 ) ) ;
#6258 = DIRECTION ( 'NONE',  ( -1.000000000000000000, 0.0000000000000000000, 0.0000000000000000000 ) ) ;
#6259 = VERTEX_POINT ( 'NONE', #3651 ) ;
#6260 = VERTEX_POINT ( 'NONE', #8248 ) ;
#6261 = EDGE_LOOP ( 'NONE', ( #8551, #10243, #6941, #7959, #1764 ) ) ;
#6262 = ORIENTED_EDGE ( 'NONE', *, *, #9482, .T. ) ;
#6263 = CARTESIAN_POINT ( 'NONE',  ( 174.3689582967140000, 40.40154058810435300, 5.499999311752530300 ) ) ;
#6264 = ORIENTED_EDGE ( 'NONE', *, *, #9802, .T. ) ;
#6265 = CIRCLE ( 'NONE', #10156, 1.000000000000445000 ) ;
#6266 = CARTESIAN_POINT ( 'NONE',  ( 173.7719257169747800, 31.50491769554961900, 1.999999999999914500 ) ) ;
#6267 = DIRECTION ( 'NONE',  ( -1.613696327631727400E-016, -1.613696327631728100E-016, -1.000000000000000000 ) ) ;
#6268 = LINE ( 'NONE', #331, #6848 ) ;
#6269 = ORIENTED_EDGE ( 'NONE', *, *, #7064, .F. ) ;
#6270 = ORIENTED_EDGE ( 'NONE', *, *, #1558, .F. ) ;
#6271 = DIRECTION ( 'NONE',  ( 0.0000000000000000000, 0.0000000000000000000, -1.000000000000000000 ) ) ;
#6272 = CARTESIAN_POINT ( 'NONE',  ( 179.2656718058354100, 43.85192861849645100, 23.49999947845893200 ) ) ;
#6273 = VERTEX_POINT ( 'NONE', #10995 ) ;
#6274 = AXIS2_PLACEMENT_3D ( 'NONE', #9889, #8793, #5339 ) ;
#6275 = ORIENTED_EDGE ( 'NONE', *, *, #8292, .T. ) ;
#6276 = VECTOR ( 'NONE', #6064, 1000.000000000000000 ) ;
#6277 = DIRECTION ( 'NONE',  ( 0.0000000000000000000, 1.224646799147353200E-016, 1.000000000000000000 ) ) ;
#6278 = ORIENTED_EDGE ( 'NONE', *, *, #3766, .T. ) ;
#6279 = ADVANCED_FACE ( 'NONE', ( #11456 ), #6292, .F. ) ;
#6280 = CIRCLE ( 'NONE', #6488, 10.49999843580512500 ) ;
#6281 = DIRECTION ( 'NONE',  ( 8.157786440681345800E-032, 4.440892098500626200E-016, 1.000000000000000000 ) ) ;
#6282 = CARTESIAN_POINT ( 'NONE',  ( 190.7264079248468200, 37.23506967745714000, 16.49999967266197100 ) ) ;
#6283 = CARTESIAN_POINT ( 'NONE',  ( 180.0274422451646500, 43.41212025029009400, 18.99999947845893200 ) ) ;
#6284 = CARTESIAN_POINT ( 'NONE',  ( 193.3678436374728200, 49.36904400576364100, 1.999999999999914500 ) ) ;
#6285 = ORIENTED_EDGE ( 'NONE', *, *, #5535, .F. ) ;
#6286 = ORIENTED_EDGE ( 'NONE', *, *, #3833, .T. ) ;
#6287 = DIRECTION ( 'NONE',  ( -8.157786440681345800E-032, -4.440892098500626200E-016, -1.000000000000000000 ) ) ;
#6288 = EDGE_CURVE ( 'NONE', #3380, #11459, #4431, .T. ) ;
#6289 = DIRECTION ( 'NONE',  ( -1.000000000000000000, -3.558407134097817500E-015, -4.440892098500626200E-016 ) ) ;
#6290 = CIRCLE ( 'NONE', #10623, 1.350000000000000500 ) ;
#6291 = DIRECTION ( 'NONE',  ( -1.000000000000000000, -3.700743415417185100E-014, 0.0000000000000000000 ) ) ;
#6292 = CYLINDRICAL_SURFACE ( 'NONE', #9620, 19.99999905524597200 ) ;
#6293 = AXIS2_PLACEMENT_3D ( 'NONE', #359, #520, #7662 ) ;
#6294 = CARTESIAN_POINT ( 'NONE',  ( 168.9425479578910400, 38.87425233909662800, 4.199999999999902500 ) ) ;
#6295 = ORIENTED_EDGE ( 'NONE', *, *, #3681, .F. ) ;
#6296 = ADVANCED_FACE ( 'NONE', ( #3551 ), #11304, .F. ) ;
#6297 = DIRECTION ( 'NONE',  ( -8.157786440681345800E-032, -4.440892098500626200E-016, -1.000000000000000000 ) ) ;
#6298 = ORIENTED_EDGE ( 'NONE', *, *, #9768, .F. ) ;
#6299 = CARTESIAN_POINT ( 'NONE',  ( 168.5955450594450200, 65.18755961898307300, 22.49999878108513900 ) ) ;
#6300 = DIRECTION ( 'NONE',  ( -3.147609485530916800E-016, 1.110223024625158000E-016, -1.000000000000000000 ) ) ;
#6301 = CYLINDRICAL_SURFACE ( 'NONE', #770, 2.000000000000001800 ) ;
#6302 = DIRECTION ( 'NONE',  ( -8.157786440681345800E-032, -4.440892098500626200E-016, -1.000000000000000000 ) ) ;
#6303 = LINE ( 'NONE', #9747, #10022 ) ;
#6304 = EDGE_CURVE ( 'NONE', #8747, #5256, #805, .T. ) ;
#6305 = CARTESIAN_POINT ( 'NONE',  ( 160.0458980364823300, 35.67855023120405600, 3.002115801783956000E-014 ) ) ;
#6306 = ORIENTED_EDGE ( 'NONE', *, *, #5763, .T. ) ;
#6307 = CYLINDRICAL_SURFACE ( 'NONE', #8674, 1.749999386690445700 ) ;
#6308 = EDGE_CURVE ( 'NONE', #2471, #9945, #1937, .T. ) ;
#6309 = DIRECTION ( 'NONE',  ( 0.0000000000000000000, -1.000000000000000000, 0.0000000000000000000 ) ) ;
#6310 = EDGE_CURVE ( 'NONE', #8519, #6509, #8842, .T. ) ;
#6311 = ORIENTED_EDGE ( 'NONE', *, *, #8629, .F. ) ;
#6312 = VERTEX_POINT ( 'NONE', #3326 ) ;
#6313 = DIRECTION ( 'NONE',  ( -0.0000000000000000000, -0.0000000000000000000, 1.000000000000000000 ) ) ;
#6314 = CYLINDRICAL_SURFACE ( 'NONE', #590, 1.749999386690438600 ) ;
#6315 = DIRECTION ( 'NONE',  ( 4.440892098500625700E-016, -1.224646799147353500E-016, -1.000000000000000000 ) ) ;
#6316 = AXIS2_PLACEMENT_3D ( 'NONE', #6531, #5580, #1129 ) ;
#6317 = EDGE_LOOP ( 'NONE', ( #3478, #3715, #8591, #1156, #11805, #3747, #11032, #5418 ) ) ;
#6318 = DIRECTION ( 'NONE',  ( -1.000000000000000000, 0.0000000000000000000, 0.0000000000000000000 ) ) ;
#6319 = DIRECTION ( 'NONE',  ( -1.000000000000000000, 0.0000000000000000000, -4.336808689941893500E-016 ) ) ;
#6320 = CIRCLE ( 'NONE', #9954, 0.7500000000000006700 ) ;
#6321 = CIRCLE ( 'NONE', #5239, 0.5000000000000004400 ) ;
#6322 = LINE ( 'NONE', #8459, #2847 ) ;
#6323 = VERTEX_POINT ( 'NONE', #3292 ) ;
#6324 = CARTESIAN_POINT ( 'NONE',  ( 172.7719257169744100, 37.86904386338095200, 19.99999947845892800 ) ) ;
#6325 = CARTESIAN_POINT ( 'NONE',  ( 198.9033806311083200, 48.36904400576364100, 0.7500135331658555100 ) ) ;
#6326 = CYLINDRICAL_SURFACE ( 'NONE', #5699, 2.000000000000029300 ) ;
#6327 = FACE_BOUND ( 'NONE', #5082, .T. ) ;
#6328 = ORIENTED_EDGE ( 'NONE', *, *, #3927, .F. ) ;
#6329 = AXIS2_PLACEMENT_3D ( 'NONE', #8516, #11417, #5899 ) ;
#6331 = CYLINDRICAL_SURFACE ( 'NONE', #3749, 1.000000000000000900 ) ;
#6330 = DIRECTION ( 'NONE',  ( -1.000000000000000000, 0.0000000000000000000, -4.336808689942013800E-016 ) ) ;
#6332 = CIRCLE ( 'NONE', #10975, 1.999999999999974000 ) ;
#6333 = DIRECTION ( 'NONE',  ( -8.157786440681345800E-032, -4.440892098500626200E-016, -1.000000000000000000 ) ) ;
#6334 = DIRECTION ( 'NONE',  ( 2.220446049250313100E-016, 0.0000000000000000000, -1.000000000000000000 ) ) ;
#6335 = ORIENTED_EDGE ( 'NONE', *, *, #1846, .F. ) ;
#6336 = DIRECTION ( 'NONE',  ( 4.440892098499983700E-016, 2.328125746533173900E-028, -1.000000000000000000 ) ) ;
#6337 = AXIS2_PLACEMENT_3D ( 'NONE', #11642, #9758, #8739 ) ;
#6338 = LINE ( 'NONE', #759, #2706 ) ;
#6339 = CARTESIAN_POINT ( 'NONE',  ( 181.7875378213373700, 54.88465611012649200, 3.000013011975194200 ) ) ;
#6340 = VECTOR ( 'NONE', #7561, 1000.000000000000000 ) ;
#6341 = DIRECTION ( 'NONE',  ( -1.000000000000000000, 0.0000000000000000000, 0.0000000000000000000 ) ) ;
#6342 = CARTESIAN_POINT ( 'NONE',  ( 166.7719219421221100, 45.86904400576364800, 5.999999833293287600 ) ) ;
#6343 = DIRECTION ( 'NONE',  ( -1.000000000000000000, 1.387778780781482900E-014, 0.0000000000000000000 ) ) ;
#6344 = CIRCLE ( 'NONE', #9131, 2.999999411726545200 ) ;
#6345 = CARTESIAN_POINT ( 'NONE',  ( 164.5219257939272900, 28.49757416903766200, 21.54999878108492000 ) ) ;
#6346 = ADVANCED_FACE ( 'NONE', ( #1085 ), #2235, .F. ) ;
#6347 = ORIENTED_EDGE ( 'NONE', *, *, #10061, .F. ) ;
#6348 = CIRCLE ( 'NONE', #638, 1.749999386690449100 ) ;
#6349 = AXIS2_PLACEMENT_3D ( 'NONE', #9394, #7720, #7627 ) ;
#6350 = CARTESIAN_POINT ( 'NONE',  ( 164.5219257939270700, 60.89051384248959700, 14.29999914657000200 ) ) ;
#6351 = CARTESIAN_POINT ( 'NONE',  ( 173.7719257169743800, 42.86904386339074300, 22.99999947854302800 ) ) ;
#6352 = CARTESIAN_POINT ( 'NONE',  ( 194.3874579384626300, 42.36904400576409600, 1.999999999999914500 ) ) ;
#6353 = AXIS2_PLACEMENT_3D ( 'NONE', #7085, #5206, #9925 ) ;
#6354 = ORIENTED_EDGE ( 'NONE', *, *, #7746, .F. ) ;
#6355 = CIRCLE ( 'NONE', #4978, 14.00000000000001200 ) ;
#6356 = DIRECTION ( 'NONE',  ( 6.983158872362112300E-017, -1.110223024625157000E-016, -1.000000000000000000 ) ) ;
#6357 = DIRECTION ( 'NONE',  ( -2.220446049250125700E-016, 2.220446049250312600E-016, 1.000000000000000000 ) ) ;
#6358 = ADVANCED_FACE ( 'NONE', ( #8998 ), #4288, .F. ) ;
#6359 = ORIENTED_EDGE ( 'NONE', *, *, #7042, .F. ) ;
#6360 = EDGE_LOOP ( 'NONE', ( #10856, #2076, #4263, #28, #3359, #7024, #10881, #538, #4083, #5300, #1078, #6591, #4636, #6867 ) ) ;
#6361 = VERTEX_POINT ( 'NONE', #1424 ) ;
#6362 = CARTESIAN_POINT ( 'NONE',  ( 167.2934826042305200, 35.85506698708726200, 2.724846474221135300E-014 ) ) ;
#6363 = AXIS2_PLACEMENT_3D ( 'NONE', #11912, #6469, #1877 ) ;
#6364 = CARTESIAN_POINT ( 'NONE',  ( 172.7719257169739800, 52.51494189713154300, 23.49999947845893200 ) ) ;
#6365 = VERTEX_POINT ( 'NONE', #10677 ) ;
#6366 = FACE_BOUND ( 'NONE', #2325, .T. ) ;
#6367 = EDGE_CURVE ( 'NONE', #9711, #6428, #3848, .T. ) ;
#6368 = CARTESIAN_POINT ( 'NONE',  ( 159.6297907612851400, 60.01117896145294800, 22.49999878108514300 ) ) ;
#6369 = CARTESIAN_POINT ( 'NONE',  ( 180.7001289472496800, 49.86904386338093100, 21.99999947845893200 ) ) ;
#6370 = DIRECTION ( 'NONE',  ( -1.000000000000000000, 0.0000000000000000000, -4.336808689942013800E-016 ) ) ;
#6372 = VERTEX_POINT ( 'NONE', #8740 ) ;
#6371 = DIRECTION ( 'NONE',  ( -0.0000000000000000000, -0.0000000000000000000, 1.000000000000000000 ) ) ;
#6373 = VERTEX_POINT ( 'NONE', #9716 ) ;
#6374 = EDGE_LOOP ( 'NONE', ( #10718, #3565, #9894, #2541 ) ) ;
#6375 = ORIENTED_EDGE ( 'NONE', *, *, #3676, .T. ) ;
#6376 = EDGE_CURVE ( 'NONE', #3520, #722, #4150, .T. ) ;
#6377 = DIRECTION ( 'NONE',  ( -1.000000000000000000, 0.0000000000000000000, 0.0000000000000000000 ) ) ;
#6378 = DIRECTION ( 'NONE',  ( -1.000000000000000000, 0.0000000000000000000, 0.0000000000000000000 ) ) ;
#6379 = ORIENTED_EDGE ( 'NONE', *, *, #2908, .T. ) ;
#6380 = EDGE_CURVE ( 'NONE', #1778, #8948, #6433, .T. ) ;
#6381 = LINE ( 'NONE', #4959, #611 ) ;
#6382 = EDGE_CURVE ( 'NONE', #5841, #5755, #3991, .T. ) ;
#6383 = DIRECTION ( 'NONE',  ( 4.440892098500625700E-016, -1.224646799147353500E-016, -1.000000000000000000 ) ) ;
#6384 = CARTESIAN_POINT ( 'NONE',  ( 167.2719663746400700, 45.89203403532671600, 23.49999947845893200 ) ) ;
#6385 = DIRECTION ( 'NONE',  ( -1.000000000000000000, -7.149163294019302100E-015, 0.0000000000000000000 ) ) ;
#6386 = CARTESIAN_POINT ( 'NONE',  ( 173.7719257169743800, 45.86904400576364800, 5.999999833293287600 ) ) ;
#6387 = AXIS2_PLACEMENT_3D ( 'NONE', #8783, #9725, #10647 ) ;
#6388 = ORIENTED_EDGE ( 'NONE', *, *, #7360, .T. ) ;
#6389 = CARTESIAN_POINT ( 'NONE',  ( 170.5020359728647700, 51.48667869143564200, 18.99999947845893200 ) ) ;
#6390 = CARTESIAN_POINT ( 'NONE',  ( 199.1063220760345000, 45.86904400576364100, 0.7500135331658555100 ) ) ;
#6391 = DIRECTION ( 'NONE',  ( -1.000000000000000000, 0.0000000000000000000, -4.440892098500626200E-016 ) ) ;
#6392 = CARTESIAN_POINT ( 'NONE',  ( 168.7076961666033100, 34.44085342471462500, 1.999999999999914500 ) ) ;
#6393 = EDGE_CURVE ( 'NONE', #8455, #4119, #8415, .T. ) ;
#6394 = AXIS2_PLACEMENT_3D ( 'NONE', #11366, #9678, #4209 ) ;
#6395 = VERTEX_POINT ( 'NONE', #3246 ) ;
#6396 = VERTEX_POINT ( 'NONE', #10640 ) ;
#6397 = VECTOR ( 'NONE', #9440, 1000.000000000000000 ) ;
#6398 = CARTESIAN_POINT ( 'NONE',  ( 174.7719257169743800, 45.86904386338089500, 21.99999947845984100 ) ) ;
#6399 = ORIENTED_EDGE ( 'NONE', *, *, #11741, .F. ) ;
#6400 = AXIS2_PLACEMENT_3D ( 'NONE', #6896, #4291, #8824 ) ;
#6401 = ADVANCED_FACE ( 'NONE', ( #8558 ), #9726, .F. ) ;
#6402 = CARTESIAN_POINT ( 'NONE',  ( 167.8437224866989100, 49.86904386338100900, 19.99999947845892800 ) ) ;
#6403 = ORIENTED_EDGE ( 'NONE', *, *, #3507, .T. ) ;
#6404 = VERTEX_POINT ( 'NONE', #9790 ) ;
#6405 = EDGE_LOOP ( 'NONE', ( #7107, #7458, #10730, #4298, #3078 ) ) ;
#6406 = VERTEX_POINT ( 'NONE', #4243 ) ;
#6407 = LINE ( 'NONE', #7001, #4829 ) ;
#6408 = AXIS2_PLACEMENT_3D ( 'NONE', #1774, #2713, #9144 ) ;
#6409 = CARTESIAN_POINT ( 'NONE',  ( 173.7719257169743800, 49.86904356143507000, 5.999999833293287600 ) ) ;
#6410 = LINE ( 'NONE', #7982, #5554 ) ;
#6411 = CARTESIAN_POINT ( 'NONE',  ( 189.0689853496277200, 43.36904400576364800, 3.000012844918298300 ) ) ;
#6412 = ORIENTED_EDGE ( 'NONE', *, *, #901, .T. ) ;
#6413 = EDGE_LOOP ( 'NONE', ( #6944, #7229, #467, #8481 ) ) ;
#6414 = VERTEX_POINT ( 'NONE', #10715 ) ;
#6415 = VERTEX_POINT ( 'NONE', #6082 ) ;
#6416 = ADVANCED_FACE ( 'NONE', ( #4576, #2384 ), #7000, .T. ) ;
#6417 = ORIENTED_EDGE ( 'NONE', *, *, #735, .F. ) ;
#6418 = DIRECTION ( 'NONE',  ( 0.0000000000000000000, 1.224646799147353200E-016, 1.000000000000000000 ) ) ;
#6419 = FACE_OUTER_BOUND ( 'NONE', #6602, .T. ) ;
#6420 = ORIENTED_EDGE ( 'NONE', *, *, #971, .T. ) ;
#6421 = CARTESIAN_POINT ( 'NONE',  ( 194.8787129814835200, 41.77593931895066200, 1.999999999999914500 ) ) ;
#6422 = DIRECTION ( 'NONE',  ( -1.000000000000000000, 0.0000000000000000000, -4.336808689942073900E-016 ) ) ;
#6423 = LINE ( 'NONE', #9237, #3980 ) ;
#6424 = DIRECTION ( 'NONE',  ( 4.440892098500625700E-016, -1.224646799147353500E-016, -1.000000000000000000 ) ) ;
#6425 = CARTESIAN_POINT ( 'NONE',  ( 173.7719257169743800, 61.86904414524603600, 21.49999947845938700 ) ) ;
#6426 = VERTEX_POINT ( 'NONE', #3404 ) ;
#6427 = DIRECTION ( 'NONE',  ( 1.000000000000000000, -1.836970198721029700E-016, 0.0000000000000000000 ) ) ;
#6428 = VERTEX_POINT ( 'NONE', #5273 ) ;
#6429 = CARTESIAN_POINT ( 'NONE',  ( 167.6610262511647700, 53.78465550865308800, 18.99999947845893200 ) ) ;
#6430 = CARTESIAN_POINT ( 'NONE',  ( 172.7719257169741800, 52.51494189713154300, 18.99999947845893200 ) ) ;
#6431 = CIRCLE ( 'NONE', #6869, 0.7500000000000006700 ) ;
#6432 = EDGE_CURVE ( 'NONE', #6027, #6868, #3257, .T. ) ;
#6433 = LINE ( 'NONE', #6197, #10591 ) ;
#6434 = CARTESIAN_POINT ( 'NONE',  ( 192.2719255630692900, 47.21904400576411100, 19.49999999999988600 ) ) ;
#6435 = AXIS2_PLACEMENT_3D ( 'NONE', #7228, #1698, #11882 ) ;
#6436 = CARTESIAN_POINT ( 'NONE',  ( 185.1462943877393700, 58.24341267652847200, 2.731148640577885100E-014 ) ) ;
#6437 = AXIS2_PLACEMENT_3D ( 'NONE', #3672, #11855, #10089 ) ;
#6438 = ORIENTED_EDGE ( 'NONE', *, *, #2580, .T. ) ;
#6439 = CARTESIAN_POINT ( 'NONE',  ( 178.2718975693599100, 45.88496013626655000, 21.99999947845893200 ) ) ;
#6440 = EDGE_LOOP ( 'NONE', ( #1208, #8803 ) ) ;
#6441 = AXIS2_PLACEMENT_3D ( 'NONE', #5872, #8526, #9460 ) ;
#6442 = CYLINDRICAL_SURFACE ( 'NONE', #7526, 0.7999999999999951600 ) ;
#6443 = CARTESIAN_POINT ( 'NONE',  ( 173.7719257169746600, 45.86904386338123600, 18.99999947845893200 ) ) ;
#6444 = EDGE_LOOP ( 'NONE', ( #1229, #8457, #4101, #7211 ) ) ;
#6445 = CARTESIAN_POINT ( 'NONE',  ( 180.7001289472499600, 49.86904386338100200, 21.99999947845893200 ) ) ;
#6446 = LINE ( 'NONE', #5553, #1790 ) ;
#6447 = DIRECTION ( 'NONE',  ( 0.0000000000000000000, -0.0000000000000000000, 1.000000000000000000 ) ) ;
#6448 = VERTEX_POINT ( 'NONE', #3365 ) ;
#6449 = EDGE_CURVE ( 'NONE', #3713, #9992, #6578, .T. ) ;
#6450 = ORIENTED_EDGE ( 'NONE', *, *, #10826, .F. ) ;
#6451 = DIRECTION ( 'NONE',  ( -1.000000000000000000, 0.0000000000000000000, 0.0000000000000000000 ) ) ;
#6452 = EDGE_CURVE ( 'NONE', #11179, #9789, #9290, .T. ) ;
#6453 = ORIENTED_EDGE ( 'NONE', *, *, #10196, .T. ) ;
#6454 = DIRECTION ( 'NONE',  ( 0.0000000000000000000, -1.000000000000000000, -9.183829272383557500E-015 ) ) ;
#6455 = CIRCLE ( 'NONE', #8168, 1.749999386690449100 ) ;
#6456 = AXIS2_PLACEMENT_3D ( 'NONE', #3433, #1553, #4376 ) ;
#6457 = LINE ( 'NONE', #830, #7583 ) ;
#6458 = EDGE_CURVE ( 'NONE', #549, #10565, #9583, .T. ) ;
#6459 = CARTESIAN_POINT ( 'NONE',  ( 191.4000717265999200, 41.14559651842677100, 20.49999878108513900 ) ) ;
#6460 = ORIENTED_EDGE ( 'NONE', *, *, #11279, .F. ) ;
#6461 = CARTESIAN_POINT ( 'NONE',  ( 200.1063220760345000, 45.86904400576364100, 0.7500135331658555100 ) ) ;
#6462 = FACE_OUTER_BOUND ( 'NONE', #3229, .T. ) ;
#6463 = CIRCLE ( 'NONE', #8337, 16.50000028186543600 ) ;
#6464 = EDGE_LOOP ( 'NONE', ( #4188, #11662, #4667, #11180, #5507 ) ) ;
#6465 = DIRECTION ( 'NONE',  ( -1.000000000000000000, 0.0000000000000000000, 0.0000000000000000000 ) ) ;
#6467 = ADVANCED_FACE ( 'NONE', ( #3701 ), #7287, .F. ) ;
#6466 = DIRECTION ( 'NONE',  ( -1.000000000000000000, 0.0000000000000000000, 0.0000000000000000000 ) ) ;
#6468 = EDGE_CURVE ( 'NONE', #10837, #4143, #7009, .T. ) ;
#6469 = DIRECTION ( 'NONE',  ( 4.440892098500626200E-016, 0.0000000000000000000, -1.000000000000000000 ) ) ;
#6470 = EDGE_LOOP ( 'NONE', ( #456, #10811, #5157, #3479 ) ) ;
#6471 = AXIS2_PLACEMENT_3D ( 'NONE', #9299, #5668, #5712 ) ;
#6472 = LINE ( 'NONE', #8055, #1533 ) ;
#6473 = EDGE_CURVE ( 'NONE', #6373, #3081, #1507, .T. ) ;
#6474 = VERTEX_POINT ( 'NONE', #780 ) ;
#6475 = EDGE_CURVE ( 'NONE', #11521, #7527, #4864, .T. ) ;
#6476 = CIRCLE ( 'NONE', #6693, 15.42658558267648200 ) ;
#6477 = ORIENTED_EDGE ( 'NONE', *, *, #4633, .T. ) ;
#6478 = CARTESIAN_POINT ( 'NONE',  ( 190.0689853496277000, 43.36904400576364800, 81.17012103714566300 ) ) ;
#6479 = VECTOR ( 'NONE', #5985, 1000.000000000000000 ) ;
#6480 = CARTESIAN_POINT ( 'NONE',  ( 173.7719257169743800, 45.86904386338088800, 6.699999833293105700 ) ) ;
#6481 = FACE_OUTER_BOUND ( 'NONE', #10015, .T. ) ;
#6482 = ADVANCED_FACE ( 'NONE', ( #6016 ), #11736, .F. ) ;
#6483 = ORIENTED_EDGE ( 'NONE', *, *, #4988, .F. ) ;
#6484 = DIRECTION ( 'NONE',  ( 0.0000000000000000000, 0.0000000000000000000, -1.000000000000000000 ) ) ;
#6485 = AXIS2_PLACEMENT_3D ( 'NONE', #7920, #11543, #10619 ) ;
#6486 = FACE_OUTER_BOUND ( 'NONE', #7704, .T. ) ;
#6487 = DIRECTION ( 'NONE',  ( -1.000000000000000000, 2.428612866367561500E-014, 0.0000000000000000000 ) ) ;
#6488 = AXIS2_PLACEMENT_3D ( 'NONE', #6866, #1324, #7777 ) ;
#6489 = DIRECTION ( 'NONE',  ( 4.440892098500626200E-016, 0.0000000000000000000, -1.000000000000000000 ) ) ;
#6490 = EDGE_LOOP ( 'NONE', ( #11163, #10050, #198, #7033 ) ) ;
#6491 = FACE_OUTER_BOUND ( 'NONE', #9464, .T. ) ;
#6492 = DIRECTION ( 'NONE',  ( -1.000000000000000000, 2.081668171172137900E-014, -4.440892098500626200E-016 ) ) ;
#6493 = CARTESIAN_POINT ( 'NONE',  ( 191.4000717265999200, 41.14559651842677100, 22.49999878108514300 ) ) ;
#6494 = DIRECTION ( 'NONE',  ( -1.000000000000000000, -6.938893903907318300E-015, -4.440892098500626200E-016 ) ) ;
#6495 = DIRECTION ( 'NONE',  ( -1.000000000000000000, 0.0000000000000000000, 0.0000000000000000000 ) ) ;
#6496 = CARTESIAN_POINT ( 'NONE',  ( 173.7719257169743800, 45.86904400576364800, 4.165023740256363500 ) ) ;
#6497 = DIRECTION ( 'NONE',  ( 0.0000000000000000000, 1.000000000000000000, -2.220446049250313100E-016 ) ) ;
#6498 = EDGE_LOOP ( 'NONE', ( #1227, #10369, #4311, #4754 ) ) ;
#6499 = CARTESIAN_POINT ( 'NONE',  ( 199.1063220760345000, 45.36904400576364100, 0.7500135331658556200 ) ) ;
#6500 = ORIENTED_EDGE ( 'NONE', *, *, #1729, .F. ) ;
#6501 = LINE ( 'NONE', #328, #3909 ) ;
#6502 = CARTESIAN_POINT ( 'NONE',  ( 174.2792404461709700, 66.36314175912932000, 17.37123220209830500 ) ) ;
#6503 = ORIENTED_EDGE ( 'NONE', *, *, #1783, .F. ) ;
#6504 = DIRECTION ( 'NONE',  ( 4.440892098500626200E-016, 0.0000000000000000000, -1.000000000000000000 ) ) ;
#6505 = ORIENTED_EDGE ( 'NONE', *, *, #5307, .T. ) ;
#6506 = ORIENTED_EDGE ( 'NONE', *, *, #3286, .T. ) ;
#6507 = EDGE_CURVE ( 'NONE', #1006, #10506, #2669, .T. ) ;
#6508 = DIRECTION ( 'NONE',  ( 4.078893220340672900E-032, 2.220446049250313100E-016, 1.000000000000000000 ) ) ;
#6509 = VERTEX_POINT ( 'NONE', #9054 ) ;
#6510 = CYLINDRICAL_SURFACE ( 'NONE', #2030, 1.000000000000451900 ) ;
#6511 = EDGE_CURVE ( 'NONE', #2399, #4520, #8133, .T. ) ;
#6512 = DIRECTION ( 'NONE',  ( -0.0000000000000000000, -0.0000000000000000000, 1.000000000000000000 ) ) ;
#6513 = ADVANCED_FACE ( 'NONE', ( #2082 ), #5440, .T. ) ;
#6514 = EDGE_CURVE ( 'NONE', #8677, #4039, #10723, .T. ) ;
#6515 = EDGE_LOOP ( 'NONE', ( #1754, #2684, #4419, #8058, #9722 ) ) ;
#6516 = ORIENTED_EDGE ( 'NONE', *, *, #10503, .F. ) ;
#6517 = AXIS2_PLACEMENT_3D ( 'NONE', #4504, #9743, #2615 ) ;
#6518 = DIRECTION ( 'NONE',  ( -4.440892098500626200E-016, -0.0000000000000000000, 1.000000000000000000 ) ) ;
#6519 = EDGE_CURVE ( 'NONE', #11170, #2793, #6148, .T. ) ;
#6520 = CIRCLE ( 'NONE', #282, 0.7500000000000006700 ) ;
#6521 = DIRECTION ( 'NONE',  ( -0.8660254037849556300, 0.4999999999991045500, -0.0000000000000000000 ) ) ;
#6522 = ORIENTED_EDGE ( 'NONE', *, *, #5477, .T. ) ;
#6523 = EDGE_CURVE ( 'NONE', #5493, #1004, #1223, .T. ) ;
#6524 = AXIS2_PLACEMENT_3D ( 'NONE', #1254, #1216, #7653 ) ;
#6525 = CARTESIAN_POINT ( 'NONE',  ( 173.7719257169747200, 45.86904400576452200, 22.49999878108514300 ) ) ;
#6526 = PERSON_AND_ORGANIZATION ( #6755, #6956 ) ;
#6527 = EDGE_CURVE ( 'NONE', #305, #8788, #2963, .T. ) ;
#6528 = DIRECTION ( 'NONE',  ( -1.000000000000000000, 0.0000000000000000000, 0.0000000000000000000 ) ) ;
#6529 = ADVANCED_FACE ( 'NONE', ( #11020 ), #532, .F. ) ;
#6530 = EDGE_CURVE ( 'NONE', #2792, #8149, #10012, .T. ) ;
#6531 = CARTESIAN_POINT ( 'NONE',  ( 189.2719267945538500, 45.86904400576364800, 1.999999999999918500 ) ) ;
#6532 = CARTESIAN_POINT ( 'NONE',  ( 192.2719255630692900, 47.86904400573843800, 22.19999878104772500 ) ) ;
#6533 = CARTESIAN_POINT ( 'NONE',  ( 168.2781796281150000, 43.85192861849763800, 23.49999947845893200 ) ) ;
#6534 = AXIS2_PLACEMENT_3D ( 'NONE', #9124, #8200, #8078 ) ;
#6535 = DIRECTION ( 'NONE',  ( 0.0000000000000000000, 1.000000000000000000, 0.0000000000000000000 ) ) ;
#6536 = ORIENTED_EDGE ( 'NONE', *, *, #10809, .F. ) ;
#6537 = ORIENTED_EDGE ( 'NONE', *, *, #9058, .F. ) ;
#6538 = VERTEX_POINT ( 'NONE', #2870 ) ;
#6539 = ORIENTED_EDGE ( 'NONE', *, *, #10124, .F. ) ;
#6540 = LINE ( 'NONE', #2119, #4104 ) ;
#6541 = CARTESIAN_POINT ( 'NONE',  ( 165.1116716791299600, 40.06904386338089800, 19.99999947846017900 ) ) ;
#6542 = ORIENTED_EDGE ( 'NONE', *, *, #296, .T. ) ;
#6543 = CYLINDRICAL_SURFACE ( 'NONE', #2089, 1.999999999999974000 ) ;
#6544 = CARTESIAN_POINT ( 'NONE',  ( 164.5219257939270700, 62.89051384249050600, 17.39999966811055300 ) ) ;
#6545 = EDGE_CURVE ( 'NONE', #8343, #1896, #6715, .T. ) ;
#6546 = AXIS2_PLACEMENT_3D ( 'NONE', #2753, #1094, #8369 ) ;
#6547 = ORIENTED_EDGE ( 'NONE', *, *, #3192, .T. ) ;
#6548 = EDGE_LOOP ( 'NONE', ( #2460, #3734, #10388, #6646 ) ) ;
#6549 = CARTESIAN_POINT ( 'NONE',  ( 189.7097021230057100, 41.59852968862041700, 22.49999878108514300 ) ) ;
#6550 = DIRECTION ( 'NONE',  ( 0.0000000000000000000, -5.782411586717914400E-016, 1.000000000000000000 ) ) ;
#6551 = ORIENTED_EDGE ( 'NONE', *, *, #965, .F. ) ;
#6552 = ORIENTED_EDGE ( 'NONE', *, *, #5381, .F. ) ;
#6553 = VERTEX_POINT ( 'NONE', #10182 ) ;
#6554 = FACE_OUTER_BOUND ( 'NONE', #8575, .T. ) ;
#6555 = CARTESIAN_POINT ( 'NONE',  ( 173.7719257169744900, 45.86904400576364800, 3.599551212651874700E-014 ) ) ;
#6556 = CYLINDRICAL_SURFACE ( 'NONE', #9782, 1.000000000000000900 ) ;
#6557 = DIRECTION ( 'NONE',  ( -8.157786440681345800E-032, -4.440892098500626200E-016, -1.000000000000000000 ) ) ;
#6558 = DIRECTION ( 'NONE',  ( -1.000000000000000000, 1.040834085586083300E-014, 0.0000000000000000000 ) ) ;
#6559 = VERTEX_POINT ( 'NONE', #11919 ) ;
#6560 = ORIENTED_EDGE ( 'NONE', *, *, #9428, .T. ) ;
#6561 = ORIENTED_EDGE ( 'NONE', *, *, #7753, .T. ) ;
#6562 = CARTESIAN_POINT ( 'NONE',  ( 181.8034635053393800, 41.21695620256149100, 0.2184454804347116000 ) ) ;
#6563 = VECTOR ( 'NONE', #1399, 1000.000000000000000 ) ;
#6564 = LINE ( 'NONE', #6663, #10443 ) ;
#6565 = DIRECTION ( 'NONE',  ( 0.0000000000000000000, 1.000000000000000000, 0.0000000000000000000 ) ) ;
#6566 = AXIS2_PLACEMENT_3D ( 'NONE', #10454, #1155, #4958 ) ;
#6567 = CARTESIAN_POINT ( 'NONE',  ( 192.2719255630692900, 45.86904400576411000, 22.19999878104772500 ) ) ;
#6568 = DIRECTION ( 'NONE',  ( 4.440892098500626200E-016, 0.0000000000000000000, -1.000000000000000000 ) ) ;
#6569 = CARTESIAN_POINT ( 'NONE',  ( 182.7875378213373700, 36.85343190140081800, 3.000013011975194200 ) ) ;
#6570 = CARTESIAN_POINT ( 'NONE',  ( 164.5219257939270100, 29.84757416903736900, 19.49999999999992200 ) ) ;
#6571 = ORIENTED_EDGE ( 'NONE', *, *, #4302, .T. ) ;
#6572 = CARTESIAN_POINT ( 'NONE',  ( 173.2659195434986800, 66.36316792029030900, 15.62765180217581800 ) ) ;
#6574 = ADVANCED_FACE ( 'NONE', ( #11598 ), #10221, .T. ) ;
#6573 = DIRECTION ( 'NONE',  ( 4.440892098500625700E-016, -1.224646799147353500E-016, -1.000000000000000000 ) ) ;
#6575 = EDGE_LOOP ( 'NONE', ( #5311, #7626, #10664, #10548, #1441, #3030, #10872, #2726, #2970, #3418, #8258 ) ) ;
#6576 = CYLINDRICAL_SURFACE ( 'NONE', #9841, 4.250000413971985600 ) ;
#6577 = APPROVAL ( #3818, 'Î´Ö¸¶¨' ) ;
#6578 = CIRCLE ( 'NONE', #3230, 1.349999999999997000 ) ;
#6579 = ORIENTED_EDGE ( 'NONE', *, *, #7302, .T. ) ;
#6580 = DIRECTION ( 'NONE',  ( -1.000000000000000000, 0.0000000000000000000, 0.0000000000000000000 ) ) ;
#6581 = VERTEX_POINT ( 'NONE', #2749 ) ;
#6582 = EDGE_CURVE ( 'NONE', #4515, #7339, #5719, .T. ) ;
#6583 = VECTOR ( 'NONE', #3999, 1000.000000000000000 ) ;
#6584 = CIRCLE ( 'NONE', #9915, 4.250000413971985600 ) ;
#6585 = ORIENTED_EDGE ( 'NONE', *, *, #5763, .F. ) ;
#6586 = DIRECTION ( 'NONE',  ( 0.0000000000000000000, 1.000000000000000000, 0.0000000000000000000 ) ) ;
#6587 = DIRECTION ( 'NONE',  ( 0.7071067811864609800, -0.7071067811866341700, 0.0000000000000000000 ) ) ;
#6588 = AXIS2_PLACEMENT_3D ( 'NONE', #10038, #11768, #2551 ) ;
#6589 = AXIS2_PLACEMENT_3D ( 'NONE', #3184, #3265, #4137 ) ;
#6590 = ADVANCED_FACE ( 'NONE', ( #7563 ), #1374, .F. ) ;
#6591 = ORIENTED_EDGE ( 'NONE', *, *, #3112, .T. ) ;
#6592 = ORIENTED_EDGE ( 'NONE', *, *, #3529, .T. ) ;
#6593 = CIRCLE ( 'NONE', #7286, 1.999999999999974000 ) ;
#6594 = AXIS2_PLACEMENT_3D ( 'NONE', #405, #9513, #10447 ) ;
#6595 = APPROVAL_ROLE ( '' ) ;
#6596 = CIRCLE ( 'NONE', #8733, 0.5000000000000004400 ) ;
#6597 = CARTESIAN_POINT ( 'NONE',  ( 180.7001289472499100, 49.86904386338111600, 21.99999947845893200 ) ) ;
#6598 = CARTESIAN_POINT ( 'NONE',  ( 188.9121669598396500, 54.64532421794879700, 1.999999999999915000 ) ) ;
#6599 = CYLINDRICAL_SURFACE ( 'NONE', #221, 1.000000000000451900 ) ;
#6600 = EDGE_CURVE ( 'NONE', #9356, #2705, #239, .T. ) ;
#6601 = VECTOR ( 'NONE', #3985, 1000.000000000000000 ) ;
#6602 = EDGE_LOOP ( 'NONE', ( #4195, #7907, #10492, #3113, #2038, #5547 ) ) ;
#6603 = DIRECTION ( 'NONE',  ( 0.0000000000000000000, -0.0000000000000000000, 1.000000000000000000 ) ) ;
#6604 = CIRCLE ( 'NONE', #5175, 16.00000028186515500 ) ;
#6605 = EDGE_CURVE ( 'NONE', #5652, #9234, #9140, .T. ) ;
#6606 = EDGE_CURVE ( 'NONE', #6189, #6878, #10288, .T. ) ;
#6607 = PLANE ( 'NONE',  #7271 ) ;
#6608 = FACE_OUTER_BOUND ( 'NONE', #509, .T. ) ;
#6609 = ORIENTED_EDGE ( 'NONE', *, *, #8646, .F. ) ;
#6610 = AXIS2_PLACEMENT_3D ( 'NONE', #7154, #9840, #9773 ) ;
#6611 = CIRCLE ( 'NONE', #7199, 1.999999999974327900 ) ;
#6612 = CIRCLE ( 'NONE', #2728, 1.000000000000445000 ) ;
#6613 = DIRECTION ( 'NONE',  ( -8.157786440681345800E-032, -4.440892098500626200E-016, -1.000000000000000000 ) ) ;
#6614 = CYLINDRICAL_SURFACE ( 'NONE', #9588, 0.5000000000000282000 ) ;
#6615 = DIRECTION ( 'NONE',  ( 4.440892098500626200E-016, 0.0000000000000000000, -1.000000000000000000 ) ) ;
#6616 = ORIENTED_EDGE ( 'NONE', *, *, #3211, .F. ) ;
#6617 = DIRECTION ( 'NONE',  ( 4.440892098500626200E-016, 0.0000000000000000000, -1.000000000000000000 ) ) ;
#6618 = CIRCLE ( 'NONE', #10994, 1.500000000000001300 ) ;
#6619 = CARTESIAN_POINT ( 'NONE',  ( 173.7719257169744400, 45.86904386338111600, 23.49999947845892800 ) ) ;
#6620 = DIRECTION ( 'NONE',  ( -1.000000000000000000, 0.0000000000000000000, -2.220446049250313100E-016 ) ) ;
#6621 = EDGE_CURVE ( 'NONE', #7415, #2188, #2224, .T. ) ;
#6622 = FACE_OUTER_BOUND ( 'NONE', #4584, .T. ) ;
#6623 = CARTESIAN_POINT ( 'NONE',  ( 160.8672271946861900, 60.52374191474241600, 22.49999878108514300 ) ) ;
#6624 = AXIS2_PLACEMENT_3D ( 'NONE', #10186, #1976, #11080 ) ;
#6625 = EDGE_CURVE ( 'NONE', #11425, #167, #384, .T. ) ;
#6626 = VECTOR ( 'NONE', #11786, 999.9999999999998900 ) ;
#6627 = AXIS2_PLACEMENT_3D ( 'NONE', #9926, #8942, #4444 ) ;
#6628 = VERTEX_POINT ( 'NONE', #6430 ) ;
#6629 = CYLINDRICAL_SURFACE ( 'NONE', #10264, 1.999999999999772800 ) ;
#6630 = CARTESIAN_POINT ( 'NONE',  ( 169.2762553477638500, 45.67169156062537600, 23.49999947845893200 ) ) ;
#6631 = DIRECTION ( 'NONE',  ( 1.000000000000000000, -1.836970198721029700E-016, 0.0000000000000000000 ) ) ;
#6632 = ADVANCED_FACE ( 'NONE', ( #947 ), #8988, .F. ) ;
#6633 = AXIS2_PLACEMENT_3D ( 'NONE', #2899, #4777, #932 ) ;
#6634 = PERSON_AND_ORGANIZATION_ROLE ( 'design_supplier' ) ;
#6635 = DIRECTION ( 'NONE',  ( -0.0000000000000000000, -0.0000000000000000000, 1.000000000000000000 ) ) ;
#6636 = ORIENTED_EDGE ( 'NONE', *, *, #4711, .T. ) ;
#6637 = VECTOR ( 'NONE', #6521, 1000.000000000000000 ) ;
#6638 = DIRECTION ( 'NONE',  ( -1.000000000000000000, 0.0000000000000000000, 0.0000000000000000000 ) ) ;
#6639 = ORIENTED_EDGE ( 'NONE', *, *, #6089, .F. ) ;
#6640 = CARTESIAN_POINT ( 'NONE',  ( 192.2719255630692900, 45.86904400576411700, 22.34999878108499200 ) ) ;
#6641 = VERTEX_POINT ( 'NONE', #4791 ) ;
#6642 = DIRECTION ( 'NONE',  ( -1.000000000000000000, 0.0000000000000000000, 0.0000000000000000000 ) ) ;
#6643 = ORIENTED_EDGE ( 'NONE', *, *, #11370, .F. ) ;
#6644 = CARTESIAN_POINT ( 'NONE',  ( 156.1437797073500300, 41.14559651842632300, 20.49999878108513900 ) ) ;
#6645 = DIRECTION ( 'NONE',  ( 0.0000000000000000000, 0.0000000000000000000, 1.000000000000000000 ) ) ;
#6646 = ORIENTED_EDGE ( 'NONE', *, *, #3913, .F. ) ;
#6647 = FACE_BOUND ( 'NONE', #742, .T. ) ;
#6648 = CARTESIAN_POINT ( 'NONE',  ( 178.2675960861852800, 45.67169156062446700, 23.49999947845913400 ) ) ;
#6649 = DIRECTION ( 'NONE',  ( -4.078893220340672900E-032, -2.220446049250313100E-016, -1.000000000000000000 ) ) ;
#6650 = CARTESIAN_POINT ( 'NONE',  ( 172.9712350090065900, 66.35361354573893800, 15.88654079046074600 ) ) ;
#6651 = PLANE ( 'NONE',  #2201 ) ;
#6652 = DIRECTION ( 'NONE',  ( 4.440892098500626200E-016, 0.0000000000000000000, -1.000000000000000000 ) ) ;
#6653 = VERTEX_POINT ( 'NONE', #308 ) ;
#6654 = VERTEX_POINT ( 'NONE', #6702 ) ;
#6655 = EDGE_CURVE ( 'NONE', #7132, #7758, #10583, .T. ) ;
#6656 = DIRECTION ( 'NONE',  ( 4.440892098500625700E-016, -1.224646799147353500E-016, -1.000000000000000000 ) ) ;
#6657 = EDGE_LOOP ( 'NONE', ( #1643, #5814, #4548, #6298 ) ) ;
#6658 = ORIENTED_EDGE ( 'NONE', *, *, #6987, .T. ) ;
#6659 = CARTESIAN_POINT ( 'NONE',  ( 174.5719257169745000, 51.86904400577365200, 81.17012103714566300 ) ) ;
#6660 = VERTEX_POINT ( 'NONE', #9336 ) ;
#6661 = CIRCLE ( 'NONE', #4545, 2.000000000000029300 ) ;
#6662 = AXIS2_PLACEMENT_3D ( 'NONE', #7471, #6677, #5646 ) ;
#6663 = CARTESIAN_POINT ( 'NONE',  ( 173.7719257169743800, 41.61904359179166600, 4.165023740256324400 ) ) ;
#6664 = VERTEX_POINT ( 'NONE', #7614 ) ;
#6665 = CARTESIAN_POINT ( 'NONE',  ( 164.5219257939270700, 61.89051384249006600, 19.49999999999988600 ) ) ;
#6666 = CARTESIAN_POINT ( 'NONE',  ( 174.7719257169748600, 53.17480510411329700, 18.99999947845893200 ) ) ;
#6667 = EDGE_CURVE ( 'NONE', #2024, #5259, #7990, .T. ) ;
#6668 = AXIS2_PLACEMENT_3D ( 'NONE', #4664, #10030, #7306 ) ;
#6669 = CARTESIAN_POINT ( 'NONE',  ( 173.7719257169747200, 45.86904400576391100, 19.49999999999988600 ) ) ;
#6670 = EDGE_LOOP ( 'NONE', ( #1529, #8664, #927, #4367 ) ) ;
#6671 = DIRECTION ( 'NONE',  ( -1.000000000000000000, 8.410780345905018200E-016, 0.0000000000000000000 ) ) ;
#6672 = CARTESIAN_POINT ( 'NONE',  ( 173.7719257169747200, 67.36904306100993300, 21.99999878108507900 ) ) ;
#6673 = ORIENTED_EDGE ( 'NONE', *, *, #5924, .T. ) ;
#6674 = CIRCLE ( 'NONE', #9467, 1.750000000000001600 ) ;
#6675 = ORIENTED_EDGE ( 'NONE', *, *, #3676, .F. ) ;
#6676 = DIRECTION ( 'NONE',  ( -1.000000000000000000, 0.0000000000000000000, 0.0000000000000000000 ) ) ;
#6677 = DIRECTION ( 'NONE',  ( 4.440892098500625700E-016, -1.224646799147353500E-016, -1.000000000000000000 ) ) ;
#6678 = DIRECTION ( 'NONE',  ( -1.000000000000000000, 0.0000000000000000000, -4.440892098500626200E-016 ) ) ;
#6679 = EDGE_LOOP ( 'NONE', ( #798, #10424, #9318, #7875, #7488, #124, #4976, #785, #3321, #4594 ) ) ;
#6680 = EDGE_CURVE ( 'NONE', #60, #5838, #6564, .T. ) ;
#6681 = ORIENTED_EDGE ( 'NONE', *, *, #223, .F. ) ;
#6682 = CARTESIAN_POINT ( 'NONE',  ( 180.7001289472500500, 49.86904386338100900, 19.99999947845892800 ) ) ;
#6683 = ORIENTED_EDGE ( 'NONE', *, *, #6606, .F. ) ;
#6684 = VERTEX_POINT ( 'NONE', #6741 ) ;
#6685 = EDGE_CURVE ( 'NONE', #4421, #2020, #1364, .T. ) ;
#6686 = CARTESIAN_POINT ( 'NONE',  ( 173.7719257169743800, 55.06904386338089800, 19.99999947846017900 ) ) ;
#6687 = ORIENTED_EDGE ( 'NONE', *, *, #5919, .F. ) ;
#6688 = EDGE_CURVE ( 'NONE', #5938, #8825, #8119, .T. ) ;
#6689 = LINE ( 'NONE', #6774, #9836 ) ;
#6690 = DIRECTION ( 'NONE',  ( 4.440892098500626200E-016, 0.0000000000000000000, -1.000000000000000000 ) ) ;
#6692 = ADVANCED_FACE ( 'NONE', ( #7139 ), #2068, .T. ) ;
#6691 = CARTESIAN_POINT ( 'NONE',  ( 182.5482059291605600, 61.00928524862831600, 2.905661822261151900E-014 ) ) ;
#6693 = AXIS2_PLACEMENT_3D ( 'NONE', #5542, #2610, #10017 ) ;
#6694 = CIRCLE ( 'NONE', #196, 2.499999999999697100 ) ;
#6695 = ORIENTED_EDGE ( 'NONE', *, *, #7499, .T. ) ;
#6696 = ORIENTED_EDGE ( 'NONE', *, *, #5905, .F. ) ;
#6697 = DIRECTION ( 'NONE',  ( -1.613696327631727400E-016, -1.613696327631728100E-016, -1.000000000000000000 ) ) ;
#6698 = ORIENTED_EDGE ( 'NONE', *, *, #5754, .T. ) ;
#6699 = ORIENTED_EDGE ( 'NONE', *, *, #4230, .T. ) ;
#6700 = DIRECTION ( 'NONE',  ( 0.0000000000000000000, 1.000000000000000000, 0.0000000000000000000 ) ) ;
#6701 = VERTEX_POINT ( 'NONE', #4821 ) ;
#6702 = CARTESIAN_POINT ( 'NONE',  ( 180.2503688297190100, 55.88302102443967800, 2.978837578616820200E-014 ) ) ;
#6703 = CIRCLE ( 'NONE', #1745, 19.49999997868823000 ) ;
#6704 = ORIENTED_EDGE ( 'NONE', *, *, #2284, .F. ) ;
#6705 = AXIS2_PLACEMENT_3D ( 'NONE', #9927, #7198, #5369 ) ;
#6706 = CIRCLE ( 'NONE', #6253, 2.999999411726545200 ) ;
#6707 = DIRECTION ( 'NONE',  ( 1.000000000000000000, 0.0000000000000000000, 2.478176394252579200E-016 ) ) ;
#6708 = DIRECTION ( 'NONE',  ( 4.440892098500626200E-016, 0.0000000000000000000, -1.000000000000000000 ) ) ;
#6709 = AXIS2_PLACEMENT_3D ( 'NONE', #343, #3065, #9488 ) ;
#6710 = EDGE_LOOP ( 'NONE', ( #7384, #2066, #6875, #10555 ) ) ;
#6711 = CARTESIAN_POINT ( 'NONE',  ( 182.2719257169745500, 49.86904400576364100, 1.999999999999914100 ) ) ;
#6712 = ORIENTED_EDGE ( 'NONE', *, *, #5383, .T. ) ;
#6713 = LINE ( 'NONE', #5250, #8132 ) ;
#6714 = CARTESIAN_POINT ( 'NONE',  ( 173.7719257169747200, 45.86904400576362700, 22.49999878108514300 ) ) ;
#6715 = LINE ( 'NONE', #6478, #8705 ) ;
#6716 = CARTESIAN_POINT ( 'NONE',  ( 175.4385923836410900, 54.00565388213102100, 23.49999947845893200 ) ) ;
#6717 = CARTESIAN_POINT ( 'NONE',  ( 176.0356955398196100, 49.75817566741906700, 18.99999947845893200 ) ) ;
#6718 = CARTESIAN_POINT ( 'NONE',  ( 187.1462943877393500, 58.24341267652847200, 81.17012103714566300 ) ) ;
#6719 = ORIENTED_EDGE ( 'NONE', *, *, #8020, .T. ) ;
#6720 = CLOSED_SHELL ( 'NONE', ( #1001, #4268, #6780, #2820 ) ) ;
#6721 = CARTESIAN_POINT ( 'NONE',  ( 174.0337251047735700, 46.86904386338092400, 21.99999947845984500 ) ) ;
#6722 = CARTESIAN_POINT ( 'NONE',  ( 162.3975570462096700, 58.24341267652847900, 3.000013011975194700 ) ) ;
#6723 = FACE_BOUND ( 'NONE', #3908, .T. ) ;
#6724 = VERTEX_POINT ( 'NONE', #269 ) ;
#6725 = CARTESIAN_POINT ( 'NONE',  ( 181.1050050759460500, 55.36777783770764900, 23.49999947845893500 ) ) ;
#6726 = FACE_BOUND ( 'NONE', #7103, .T. ) ;
#6727 = DIRECTION ( 'NONE',  ( 8.157786440681345800E-032, 4.440892098500626200E-016, 1.000000000000000000 ) ) ;
#6728 = MANIFOLD_SOLID_BREP ( 'ÊäÈë2', #1069 ) ;
#6729 = DIRECTION ( 'NONE',  ( -1.000000000000000000, 0.0000000000000000000, 0.0000000000000000000 ) ) ;
#6730 = ORIENTED_EDGE ( 'NONE', *, *, #7153, .F. ) ;
#6731 = ORIENTED_EDGE ( 'NONE', *, *, #1173, .T. ) ;
#6732 = DIRECTION ( 'NONE',  ( 0.0000000000000000000, 1.000000000000000000, 0.0000000000000000000 ) ) ;
#6733 = DIRECTION ( 'NONE',  ( 1.000000000000000000, -1.836970198721029700E-016, 0.0000000000000000000 ) ) ;
#6734 = DIRECTION ( 'NONE',  ( 0.0000000000000000000, 1.224646799147353200E-016, 1.000000000000000000 ) ) ;
#6735 = CIRCLE ( 'NONE', #9634, 1.749999386690445700 ) ;
#6736 = FACE_BOUND ( 'NONE', #7933, .T. ) ;
#6737 = EDGE_CURVE ( 'NONE', #3180, #4421, #7552, .T. ) ;
#6738 = VERTEX_POINT ( 'NONE', #8562 ) ;
#6739 = CARTESIAN_POINT ( 'NONE',  ( 167.2934826042308300, 55.88302102443973500, 1.999999999999913800 ) ) ;
#6740 = CIRCLE ( 'NONE', #5634, 2.000000000000140300 ) ;
#6741 = CARTESIAN_POINT ( 'NONE',  ( 181.1050050759460500, 55.36777783770763500, 18.99999947845892800 ) ) ;
#6742 = LINE ( 'NONE', #3610, #686 ) ;
#6743 = ORIENTED_EDGE ( 'NONE', *, *, #8277, .T. ) ;
#6744 = DIRECTION ( 'NONE',  ( -1.586033448167061900E-014, 1.000000000000000000, 0.0000000000000000000 ) ) ;
#6745 = CARTESIAN_POINT ( 'NONE',  ( 170.7719263052478600, 45.86904386338088800, 6.699999833293105700 ) ) ;
#6746 = CIRCLE ( 'NONE', #6293, 1.350000000000000500 ) ;
#6747 = AXIS2_PLACEMENT_3D ( 'NONE', #7022, #10916, #4547 ) ;
#6748 = FACE_OUTER_BOUND ( 'NONE', #395, .T. ) ;
#6749 = EDGE_CURVE ( 'NONE', #9778, #4826, #3832, .T. ) ;
#6750 = EDGE_LOOP ( 'NONE', ( #2061, #5731, #10438, #8217, #11572, #11229, #5139, #1261, #881, #8095, #3519, #1359 ) ) ;
#6751 = FACE_OUTER_BOUND ( 'NONE', #6444, .T. ) ;
#6752 = CARTESIAN_POINT ( 'NONE',  ( 194.3874579384626300, 42.36904400576409600, 1.999999999999914500 ) ) ;
#6753 = ADVANCED_FACE ( 'NONE', ( #5133 ), #5707, .T. ) ;
#6754 = ORIENTED_EDGE ( 'NONE', *, *, #8122, .T. ) ;
#6755 = PERSON ( 'Î´Ö¸¶¨', 'Î´Ö¸¶¨', 'Î´Ö¸¶¨', ('Î´Ö¸¶¨'), ('Î´Ö¸¶¨'), ('Î´Ö¸¶¨') ) ;
#6756 = CIRCLE ( 'NONE', #1551, 1.349999999999997000 ) ;
#6757 = DIRECTION ( 'NONE',  ( -1.000000000000000000, 0.0000000000000000000, 0.0000000000000000000 ) ) ;
#6758 = DIRECTION ( 'NONE',  ( -2.220446049250313100E-016, -0.0000000000000000000, 1.000000000000000000 ) ) ;
#6759 = EDGE_CURVE ( 'NONE', #10091, #6406, #11159, .T. ) ;
#6760 = CARTESIAN_POINT ( 'NONE',  ( 193.9709357602897600, 42.36904400576409600, 2.521778611896647800E-014 ) ) ;
#6761 = LINE ( 'NONE', #1992, #3296 ) ;
#6762 = EDGE_CURVE ( 'NONE', #8401, #8114, #5577, .T. ) ;
#6763 = EDGE_LOOP ( 'NONE', ( #6328, #2649 ) ) ;
#6764 = CARTESIAN_POINT ( 'NONE',  ( 178.9483063745045100, 65.18755961898325800, 20.49999878108513900 ) ) ;
#6765 = DIRECTION ( 'NONE',  ( -4.440892098500625700E-016, 1.224646799147353500E-016, 1.000000000000000000 ) ) ;
#6766 = EDGE_CURVE ( 'NONE', #2781, #807, #3100, .T. ) ;
#6767 = DIRECTION ( 'NONE',  ( 2.220446049250312800E-016, -1.224646799147353200E-016, -1.000000000000000000 ) ) ;
#6768 = DIRECTION ( 'NONE',  ( 8.157786440681345800E-032, 4.440892098500626200E-016, 1.000000000000000000 ) ) ;
#6769 = CIRCLE ( 'NONE', #2710, 8.500000000000007100 ) ;
#6770 = DIRECTION ( 'NONE',  ( 0.0000000000000000000, 1.000000000000000000, 0.0000000000000000000 ) ) ;
#6771 = DIRECTION ( 'NONE',  ( 4.440892098500626200E-016, 0.0000000000000000000, -1.000000000000000000 ) ) ;
#6772 = EDGE_CURVE ( 'NONE', #9119, #558, #1075, .T. ) ;
#6773 = AXIS2_PLACEMENT_3D ( 'NONE', #8116, #10911, #7367 ) ;
#6774 = CARTESIAN_POINT ( 'NONE',  ( 173.7719257169747200, 24.36904495051787800, 21.99999878108509300 ) ) ;
#6775 = ORIENTED_EDGE ( 'NONE', *, *, #9744, .T. ) ;
#6776 = VECTOR ( 'NONE', #9769, 1000.000000000000000 ) ;
#6777 = CARTESIAN_POINT ( 'NONE',  ( 188.5613444153857500, 38.48506967745713300, 16.49999967266197100 ) ) ;
#6778 = AXIS2_PLACEMENT_3D ( 'NONE', #7408, #8250, #8365 ) ;
#6779 = CARTESIAN_POINT ( 'NONE',  ( 190.6424802468220300, 55.64832767197775400, 1.999999999999922100 ) ) ;
#6780 = ADVANCED_FACE ( 'NONE', ( #5430 ), #10633, .F. ) ;
#6781 = CARTESIAN_POINT ( 'NONE',  ( 173.7719257169746900, 45.86904400576435100, 20.49999878108513900 ) ) ;
#6782 = ORIENTED_EDGE ( 'NONE', *, *, #6076, .T. ) ;
#6783 = VERTEX_POINT ( 'NONE', #7695 ) ;
#6784 = DIRECTION ( 'NONE',  ( 0.0000000000000000000, 1.000000000000000000, 0.0000000000000000000 ) ) ;
#6785 = ORIENTED_EDGE ( 'NONE', *, *, #522, .T. ) ;
#6786 = LINE ( 'NONE', #9316, #2152 ) ;
#6787 = PLANE ( 'NONE',  #3048 ) ;
#6788 = AXIS2_PLACEMENT_3D ( 'NONE', #4813, #6568, #5692 ) ;
#6789 = EDGE_LOOP ( 'NONE', ( #10944, #8588, #1718, #9968, #6223, #1620, #6561, #5684, #7029, #9386, #7940, #3562 ) ) ;
#6790 = EDGE_LOOP ( 'NONE', ( #4934, #9562, #5728, #4877 ) ) ;
#6791 = EDGE_LOOP ( 'NONE', ( #1688, #8485 ) ) ;
#6792 = CARTESIAN_POINT ( 'NONE',  ( 163.9926420507480300, 62.73959853563192000, 1.999999999999914100 ) ) ;
#6793 = DIRECTION ( 'NONE',  ( -1.000000000000000000, 0.0000000000000000000, 0.0000000000000000000 ) ) ;
#6794 = VERTEX_POINT ( 'NONE', #10512 ) ;
#6795 = DIRECTION ( 'NONE',  ( -1.000000000000000000, 0.0000000000000000000, 0.0000000000000000000 ) ) ;
#6796 = DIRECTION ( 'NONE',  ( -1.000000000000000000, 0.0000000000000000000, 0.0000000000000000000 ) ) ;
#6797 = ORIENTED_EDGE ( 'NONE', *, *, #10824, .T. ) ;
#6798 = FACE_OUTER_BOUND ( 'NONE', #2950, .T. ) ;
#6799 = DIRECTION ( 'NONE',  ( 0.0000000000000000000, 0.0000000000000000000, -1.000000000000000000 ) ) ;
#6800 = DIRECTION ( 'NONE',  ( -0.0000000000000000000, -0.0000000000000000000, 1.000000000000000000 ) ) ;
#6801 = VERTEX_POINT ( 'NONE', #10474 ) ;
#6802 = CARTESIAN_POINT ( 'NONE',  ( 182.4321797548188600, 40.86904386338066100, 23.49999947845893200 ) ) ;
#6803 = DIRECTION ( 'NONE',  ( -1.000000000000000000, -3.083952846180854800E-015, 0.0000000000000000000 ) ) ;
#6804 = AXIS2_PLACEMENT_3D ( 'NONE', #8142, #10002, #5451 ) ;
#6805 = CARTESIAN_POINT ( 'NONE',  ( 187.4979533974658400, 35.67855023120472400, 2.830891886188042100E-014 ) ) ;
#6806 = DIRECTION ( 'NONE',  ( -8.157786440681345800E-032, -4.440892098500626200E-016, -1.000000000000000000 ) ) ;
#6807 = CIRCLE ( 'NONE', #511, 0.5000000000000004400 ) ;
#6809 = ADVANCED_FACE ( 'NONE', ( #8697, #9278 ), #503, .T. ) ;
#6808 = DIRECTION ( 'NONE',  ( -1.000000000000000000, 0.0000000000000000000, 0.0000000000000000000 ) ) ;
#6810 = ADVANCED_FACE ( 'NONE', ( #6002 ), #5711, .F. ) ;
#6811 = EDGE_CURVE ( 'NONE', #3167, #2147, #10152, .T. ) ;
#6812 = CARTESIAN_POINT ( 'NONE',  ( 192.2719255630692900, 45.86904400576411700, 21.54999878108492000 ) ) ;
#6813 = CARTESIAN_POINT ( 'NONE',  ( 192.2719255630692900, 45.86904400576413100, 56.79194912331138300 ) ) ;
#6815 = ORIENTED_EDGE ( 'NONE', *, *, #3032, .F. ) ;
#6814 = CARTESIAN_POINT ( 'NONE',  ( 190.2719267945538200, 45.86904400576364100, 0.7500135331658663900 ) ) ;
#6816 = ORIENTED_EDGE ( 'NONE', *, *, #6852, .F. ) ;
#6817 = DIRECTION ( 'NONE',  ( 0.0000000000000000000, 1.000000000000000000, 0.0000000000000000000 ) ) ;
#6818 = AXIS2_PLACEMENT_3D ( 'NONE', #10628, #6975, #1444 ) ;
#6819 = CIRCLE ( 'NONE', #2234, 0.7500000000000006700 ) ;
#6820 = AXIS2_PLACEMENT_3D ( 'NONE', #11898, #3757, #6454 ) ;
#6821 = DIRECTION ( 'NONE',  ( -4.440892098500626200E-016, -0.0000000000000000000, 1.000000000000000000 ) ) ;
#6822 = AXIS2_PLACEMENT_3D ( 'NONE', #8332, #3856, #2919 ) ;
#6823 = VERTEX_POINT ( 'NONE', #9621 ) ;
#6824 = CARTESIAN_POINT ( 'NONE',  ( 173.7719257169744400, 45.86904386338111600, 18.99999947845892800 ) ) ;
#6825 = ORIENTED_EDGE ( 'NONE', *, *, #1038, .T. ) ;
#6826 = ORIENTED_EDGE ( 'NONE', *, *, #7728, .T. ) ;
#6827 = EDGE_CURVE ( 'NONE', #10315, #1605, #10439, .T. ) ;
#6828 = ORIENTED_EDGE ( 'NONE', *, *, #2426, .T. ) ;
#6829 = LINE ( 'NONE', #9359, #10559 ) ;
#6830 = EDGE_CURVE ( 'NONE', #3800, #2471, #6864, .T. ) ;
#6831 = CARTESIAN_POINT ( 'NONE',  ( 170.7719263052478600, 45.86904386338088800, 6.699999833293105700 ) ) ;
#6832 = EDGE_CURVE ( 'NONE', #6404, #5799, #2953, .T. ) ;
#6833 = CIRCLE ( 'NONE', #7052, 16.50000028186585200 ) ;
#6834 = B_SPLINE_CURVE_WITH_KNOTS ( 'NONE', 3,
 ( #6760, #5839, #7667, #5039 ),
 .UNSPECIFIED., .F., .F.,
 ( 4, 4 ),
 ( 3.321113697820706700E-017, 0.0005848278244317337100 ),
 .UNSPECIFIED. ) ;
#6835 = AXIS2_PLACEMENT_3D ( 'NONE', #10550, #1249, #11426 ) ;
#6836 = ORIENTED_EDGE ( 'NONE', *, *, #1876, .F. ) ;
#6837 = CARTESIAN_POINT ( 'NONE',  ( 166.8167594231277900, 39.04074525941391000, 23.49999947845909200 ) ) ;
#6838 = CARTESIAN_POINT ( 'NONE',  ( 182.5482059291605600, 30.72880276289894000, 1.999999999999914100 ) ) ;
#6839 = EDGE_LOOP ( 'NONE', ( #461, #907, #11896, #5022 ) ) ;
#6840 = DIRECTION ( 'NONE',  ( 0.0000000000000000000, 0.0000000000000000000, -1.000000000000000000 ) ) ;
#6841 = ORIENTED_EDGE ( 'NONE', *, *, #8331, .F. ) ;
#6842 = ORIENTED_EDGE ( 'NONE', *, *, #662, .F. ) ;
#6843 = ORIENTED_EDGE ( 'NONE', *, *, #8272, .F. ) ;
#6844 = CARTESIAN_POINT ( 'NONE',  ( 189.2719267945538500, 46.61904400576364800, 3.000012844918273900 ) ) ;
#6845 = DIRECTION ( 'NONE',  ( 0.0000000000000000000, 1.000000000000000000, 0.0000000000000000000 ) ) ;
#6846 = LINE ( 'NONE', #6084, #8830 ) ;
#6847 = ADVANCED_FACE ( 'NONE', ( #4424 ), #7713, .F. ) ;
#6848 = VECTOR ( 'NONE', #9397, 1000.000000000000000 ) ;
#6849 = CARTESIAN_POINT ( 'NONE',  ( 155.2719258708797600, 47.21904400576379100, 56.79194912331138300 ) ) ;
#6850 = EDGE_CURVE ( 'NONE', #529, #5788, #6280, .T. ) ;
#6851 = AXIS2_PLACEMENT_3D ( 'NONE', #10717, #1537, #7983 ) ;
#6852 = EDGE_CURVE ( 'NONE', #10743, #8318, #9862, .T. ) ;
#6853 = DIRECTION ( 'NONE',  ( 4.078893220340672900E-032, 2.220446049250313100E-016, 1.000000000000000000 ) ) ;
#6854 = EDGE_CURVE ( 'NONE', #5216, #8236, #521, .T. ) ;
#6855 = CARTESIAN_POINT ( 'NONE',  ( 190.2719267945538200, 45.86904400576364800, 81.17012103714566300 ) ) ;
#6856 = ORIENTED_EDGE ( 'NONE', *, *, #3282, .F. ) ;
#6857 = DIRECTION ( 'NONE',  ( -2.168405058739822500E-016, 0.0000000000000000000, 1.000000000000000000 ) ) ;
#6858 = ORIENTED_EDGE ( 'NONE', *, *, #4919, .T. ) ;
#6859 = AXIS2_PLACEMENT_3D ( 'NONE', #5807, #10458, #6729 ) ;
#6860 = FACE_OUTER_BOUND ( 'NONE', #5859, .T. ) ;
#6861 = EDGE_LOOP ( 'NONE', ( #5469, #8088, #10585, #7631 ) ) ;
#6862 = CARTESIAN_POINT ( 'NONE',  ( 174.2939123757376200, 44.97681695977109200, 21.99999947845983800 ) ) ;
#6863 = CARTESIAN_POINT ( 'NONE',  ( 191.0043478961514200, 34.76527870407751700, 16.63285220804803900 ) ) ;
#6864 = CIRCLE ( 'NONE', #3787, 13.50000000000181500 ) ;
#6865 = CARTESIAN_POINT ( 'NONE',  ( 178.2718790360934800, 45.88967601592523900, 21.99999947845893200 ) ) ;
#6866 = CARTESIAN_POINT ( 'NONE',  ( 173.7719257169744900, 45.86904400576359100, 2.862293735361731700E-014 ) ) ;
#6867 = ORIENTED_EDGE ( 'NONE', *, *, #204, .T. ) ;
#6868 = VERTEX_POINT ( 'NONE', #2165 ) ;
#6869 = AXIS2_PLACEMENT_3D ( 'NONE', #4089, #5857, #5010 ) ;
#6870 = LINE ( 'NONE', #9689, #1933 ) ;
#6871 = DIRECTION ( 'NONE',  ( 0.0000000000000000000, 0.0000000000000000000, -1.000000000000000000 ) ) ;
#6872 = DIRECTION ( 'NONE',  ( -0.0000000000000000000, -0.0000000000000000000, 1.000000000000000000 ) ) ;
#6873 = VECTOR ( 'NONE', #7308, 1000.000000000000000 ) ;
#6874 = AXIS2_PLACEMENT_3D ( 'NONE', #52, #3884, #6492 ) ;
#6875 = ORIENTED_EDGE ( 'NONE', *, *, #8901, .F. ) ;
#6876 = CARTESIAN_POINT ( 'NONE',  ( 182.2719257169745500, 43.86904400576364800, 1.999999999999914500 ) ) ;
#6877 = ADVANCED_FACE ( 'NONE', ( #3245 ), #4996, .F. ) ;
#6878 = VERTEX_POINT ( 'NONE', #6107 ) ;
#6879 = ADVANCED_FACE ( 'NONE', ( #2809 ), #5282, .F. ) ;
#6880 = LINE ( 'NONE', #5249, #1945 ) ;
#6881 = CARTESIAN_POINT ( 'NONE',  ( 172.9719257169745100, 39.86904448602505400, 81.17012103714566300 ) ) ;
#6882 = CIRCLE ( 'NONE', #5556, 0.7500000000000006700 ) ;
#6883 = ORIENTED_EDGE ( 'NONE', *, *, #7591, .T. ) ;
#6884 = FACE_OUTER_BOUND ( 'NONE', #5, .T. ) ;
#6885 = DIRECTION ( 'NONE',  ( 0.0000000000000000000, 1.000000000000000000, -5.204170673763587900E-016 ) ) ;
#6886 = CARTESIAN_POINT ( 'NONE',  ( 182.2719257169745500, 41.86904400576364800, 1.999999999999914500 ) ) ;
#6887 = CARTESIAN_POINT ( 'NONE',  ( 198.1063220760345000, 45.86904400576364100, 0.7500135331658555100 ) ) ;
#6888 = VERTEX_POINT ( 'NONE', #8037 ) ;
#6889 = ORIENTED_EDGE ( 'NONE', *, *, #675, .F. ) ;
#6890 = VECTOR ( 'NONE', #8484, 1000.000000000000000 ) ;
#6891 = VECTOR ( 'NONE', #9127, 1000.000000000000000 ) ;
#6892 = CYLINDRICAL_SURFACE ( 'NONE', #9681, 0.5000000000000004400 ) ;
#6893 = CYLINDRICAL_SURFACE ( 'NONE', #2363, 1.349999999999997000 ) ;
#6894 = DIRECTION ( 'NONE',  ( -1.000000000000000000, 0.0000000000000000000, -2.218832413938900800E-016 ) ) ;
#6895 = ORIENTED_EDGE ( 'NONE', *, *, #11520, .T. ) ;
#6896 = CARTESIAN_POINT ( 'NONE',  ( 190.0689853496277000, 48.36904400576365500, 1.750013533165799800 ) ) ;
#6897 = CIRCLE ( 'NONE', #7231, 14.19999999999982300 ) ;
#6898 = AXIS2_PLACEMENT_3D ( 'NONE', #11658, #1548, #7996 ) ;
#6899 = CARTESIAN_POINT ( 'NONE',  ( 175.2719257169743800, 45.86904386338088800, 21.99999947845950000 ) ) ;
#6900 = LINE ( 'NONE', #11419, #4329 ) ;
#6901 = DIRECTION ( 'NONE',  ( -2.220446049250856900E-016, 2.220446049250313100E-016, 1.000000000000000000 ) ) ;
#6902 = VERTEX_POINT ( 'NONE', #2420 ) ;
#6903 = DIRECTION ( 'NONE',  ( -1.000000000000000000, 0.0000000000000000000, -4.336808689942073900E-016 ) ) ;
#6904 = DIRECTION ( 'NONE',  ( 1.000000000000000000, 0.0000000000000000000, 0.0000000000000000000 ) ) ;
#6905 = CIRCLE ( 'NONE', #4372, 14.19999999999982300 ) ;
#6906 = CARTESIAN_POINT ( 'NONE',  ( 173.7719257169746600, 45.86904386338123600, 21.99999947845893200 ) ) ;
#6907 = FACE_OUTER_BOUND ( 'NONE', #2456, .T. ) ;
#6908 = ORIENTED_EDGE ( 'NONE', *, *, #2172, .F. ) ;
#6909 = CARTESIAN_POINT ( 'NONE',  ( 179.3630218156229400, 37.57810637624007900, 18.99999947845893200 ) ) ;
#6910 = FACE_BOUND ( 'NONE', #10990, .T. ) ;
#6911 = ADVANCED_FACE ( 'NONE', ( #7845 ), #2377, .F. ) ;
#6912 = PLANE ( 'NONE',  #577 ) ;
#6913 = EDGE_CURVE ( 'NONE', #10841, #8948, #6999, .T. ) ;
#6914 = LINE ( 'NONE', #10694, #10055 ) ;
#6915 = CARTESIAN_POINT ( 'NONE',  ( 173.7719257169743800, 45.86904400576364800, 2.199999311752462100 ) ) ;
#6916 = AXIS2_PLACEMENT_3D ( 'NONE', #386, #1171, #8521 ) ;
#6917 = EDGE_CURVE ( 'NONE', #2238, #152, #92, .T. ) ;
#6918 = TOROIDAL_SURFACE ( 'NONE', #4985, 0.9999999999999453800, 0.7500000000000006700 ) ;
#6919 = PLANE ( 'NONE',  #10632 ) ;
#6920 = CARTESIAN_POINT ( 'NONE',  ( 189.0689853496277200, 43.36904400576364100, 1.750013533165798700 ) ) ;
#6921 = EDGE_CURVE ( 'NONE', #2062, #5886, #11441, .T. ) ;
#6922 = ORIENTED_EDGE ( 'NONE', *, *, #5309, .F. ) ;
#6923 = VECTOR ( 'NONE', #3101, 1000.000000000000000 ) ;
#6924 = CARTESIAN_POINT ( 'NONE',  ( 164.5219257939270700, 61.89051384249005100, 14.29999914657000200 ) ) ;
#6925 = AXIS2_PLACEMENT_3D ( 'NONE', #8995, #11731, #7126 ) ;
#6926 = EDGE_CURVE ( 'NONE', #10506, #11765, #1925, .T. ) ;
#6927 = EDGE_CURVE ( 'NONE', #695, #3469, #8404, .T. ) ;
#6928 = AXIS2_PLACEMENT_3D ( 'NONE', #1599, #8890, #3400 ) ;
#6929 = VERTEX_POINT ( 'NONE', #5342 ) ;
#6930 = FACE_BOUND ( 'NONE', #3955, .T. ) ;
#6931 = CARTESIAN_POINT ( 'NONE',  ( 162.1046636280874800, 57.53630609465074000, 22.49999878108514300 ) ) ;
#6932 = CARTESIAN_POINT ( 'NONE',  ( 190.0689853496277200, 42.61904400576364100, 0.7500135331658556200 ) ) ;
#6934 = ADVANCED_FACE ( 'NONE', ( #2660 ), #7276, .T. ) ;
#6933 = CARTESIAN_POINT ( 'NONE',  ( 158.3453401342979100, 45.86904386338088800, 21.21376696821360500 ) ) ;
#6935 = ORIENTED_EDGE ( 'NONE', *, *, #10040, .T. ) ;
#6936 = AXIS2_PLACEMENT_3D ( 'NONE', #1286, #4932, #5930 ) ;
#6937 = CARTESIAN_POINT ( 'NONE',  ( 173.7719257169749500, 45.86904400576418100, 20.49999878108514700 ) ) ;
#6938 = ORIENTED_EDGE ( 'NONE', *, *, #1421, .T. ) ;
#6939 = CARTESIAN_POINT ( 'NONE',  ( 191.5921564611280700, 35.73459953406170800, 17.49989706985603600 ) ) ;
#6940 = ORIENTED_EDGE ( 'NONE', *, *, #3140, .T. ) ;
#6941 = ORIENTED_EDGE ( 'NONE', *, *, #7447, .T. ) ;
#6942 = CYLINDRICAL_SURFACE ( 'NONE', #5368, 1.000000000000445000 ) ;
#6943 = DIRECTION ( 'NONE',  ( 0.0000000000000000000, -1.000000000000000000, 4.930380657631323800E-032 ) ) ;
#6944 = ORIENTED_EDGE ( 'NONE', *, *, #2359, .F. ) ;
#6945 = VERTEX_POINT ( 'NONE', #7999 ) ;
#6946 = DIRECTION ( 'NONE',  ( -1.000000000000000000, 0.0000000000000000000, 0.0000000000000000000 ) ) ;
#6947 = EDGE_LOOP ( 'NONE', ( #9393, #5548, #6120, #5819 ) ) ;
#6948 = EDGE_LOOP ( 'NONE', ( #11895, #6972 ) ) ;
#6949 = EDGE_LOOP ( 'NONE', ( #3105, #351, #11524, #11094 ) ) ;
#6950 = CIRCLE ( 'NONE', #11131, 0.9999999999999978900 ) ;
#6951 = DIRECTION ( 'NONE',  ( 0.0000000000000000000, 1.000000000000000000, 0.0000000000000000000 ) ) ;
#6952 = CARTESIAN_POINT ( 'NONE',  ( 189.2659801151916100, 36.92354752811554900, 20.49999878108513900 ) ) ;
#6953 = EDGE_LOOP ( 'NONE', ( #5558, #1573, #2293, #7951 ) ) ;
#6954 = DIRECTION ( 'NONE',  ( 0.7071067811859023100, 8.659560562347031900E-017, -0.7071067811871926100 ) ) ;
#6955 = DIRECTION ( 'NONE',  ( 0.0000000000000000000, 1.000000000000000000, 0.0000000000000000000 ) ) ;
#6956 = ORGANIZATION ( 'Î´Ö¸¶¨', 'Î´Ö¸¶¨', '' ) ;
#6957 = CARTESIAN_POINT ( 'NONE',  ( 157.8341493109437300, 50.13955832290783100, 20.49999878108513900 ) ) ;
#6958 = CARTESIAN_POINT ( 'NONE',  ( 191.0739439312280300, 34.87391756075162900, 15.99243093764127900 ) ) ;
#6959 = DIRECTION ( 'NONE',  ( 4.440892098500626200E-016, 0.0000000000000000000, -1.000000000000000000 ) ) ;
#6960 = ADVANCED_FACE ( 'NONE', ( #10001 ), #7057, .F. ) ;
#6961 = CARTESIAN_POINT ( 'NONE',  ( 182.2425158396138400, 45.92901384441908200, 18.99999947845893200 ) ) ;
#6962 = CC_DESIGN_DATE_AND_TIME_ASSIGNMENT ( #2333, #158, ( #9016 ) ) ;
#6963 = ORIENTED_EDGE ( 'NONE', *, *, #5395, .T. ) ;
#6964 = CARTESIAN_POINT ( 'NONE',  ( 180.7001289472500500, 49.86904386338100900, 21.99999947845893200 ) ) ;
#6965 = ORIENTED_EDGE ( 'NONE', *, *, #44, .F. ) ;
#6966 = DIRECTION ( 'NONE',  ( 0.0000000000000000000, 0.0000000000000000000, -1.000000000000000000 ) ) ;
#6967 = FACE_OUTER_BOUND ( 'NONE', #4760, .T. ) ;
#6968 = EDGE_LOOP ( 'NONE', ( #5998, #11138, #2368, #8268 ) ) ;
#6969 = DIRECTION ( 'NONE',  ( 4.440892098500626200E-016, 0.0000000000000000000, -1.000000000000000000 ) ) ;
#6970 = CARTESIAN_POINT ( 'NONE',  ( 164.5219257939272900, 29.84757416903766700, 22.34999878108499200 ) ) ;
#6971 = DIRECTION ( 'NONE',  ( 4.440892098500626200E-016, 0.0000000000000000000, -1.000000000000000000 ) ) ;
#6972 = ORIENTED_EDGE ( 'NONE', *, *, #6204, .F. ) ;
#6973 = DIRECTION ( 'NONE',  ( 4.440892098500625700E-016, -1.224646799147353500E-016, -1.000000000000000000 ) ) ;
#6974 = ORIENTED_EDGE ( 'NONE', *, *, #1926, .F. ) ;
#6975 = DIRECTION ( 'NONE',  ( -8.157786440681345800E-032, -4.440892098500626200E-016, -1.000000000000000000 ) ) ;
#6976 = AXIS2_PLACEMENT_3D ( 'NONE', #11545, #4258, #575 ) ;
#6977 = VERTEX_POINT ( 'NONE', #1554 ) ;
#6978 = VERTEX_POINT ( 'NONE', #11739 ) ;
#6979 = EDGE_CURVE ( 'NONE', #2471, #3800, #3539, .T. ) ;
#6980 = CARTESIAN_POINT ( 'NONE',  ( 178.8709722041669500, 50.67786127740839000, 18.99999947845893200 ) ) ;
#6981 = ORIENTED_EDGE ( 'NONE', *, *, #9976, .F. ) ;
#6982 = VECTOR ( 'NONE', #6066, 1000.000000000000000 ) ;
#6983 = DIRECTION ( 'NONE',  ( -0.0000000000000000000, 0.0000000000000000000, -1.000000000000000000 ) ) ;
#6984 = FACE_OUTER_BOUND ( 'NONE', #626, .T. ) ;
#6985 = DIRECTION ( 'NONE',  ( 0.0000000000000000000, 1.000000000000000000, 0.0000000000000000000 ) ) ;
#6986 = ORIENTED_EDGE ( 'NONE', *, *, #11515, .F. ) ;
#6987 = EDGE_CURVE ( 'NONE', #3069, #3007, #4847, .T. ) ;
#6988 = EDGE_LOOP ( 'NONE', ( #551, #6974, #7485, #11913 ) ) ;
#6989 = ORIENTED_EDGE ( 'NONE', *, *, #8888, .F. ) ;
#6990 = EDGE_CURVE ( 'NONE', #3180, #2008, #11871, .T. ) ;
#6991 = CARTESIAN_POINT ( 'NONE',  ( 174.7719257169741200, 52.51494189713109500, 18.99999947845893200 ) ) ;
#6992 = ADVANCED_FACE ( 'NONE', ( #232 ), #6140, .F. ) ;
#6993 = EDGE_LOOP ( 'NONE', ( #2653, #5974, #7159, #5703 ) ) ;
#6994 = EDGE_CURVE ( 'NONE', #6081, #9121, #9715, .T. ) ;
#6995 = CIRCLE ( 'NONE', #11395, 1.000000000000000900 ) ;
#6996 = ORIENTED_EDGE ( 'NONE', *, *, #11128, .T. ) ;
#6997 = AXIS2_PLACEMENT_3D ( 'NONE', #11162, #8409, #4797 ) ;
#6998 = CARTESIAN_POINT ( 'NONE',  ( 193.3678436374728200, 49.86904400576364100, 2.862293735361731700E-014 ) ) ;
#6999 = LINE ( 'NONE', #7018, #7412 ) ;
#7000 = PLANE ( 'NONE',  #5096 ) ;
#7001 = CARTESIAN_POINT ( 'NONE',  ( 166.7719219421221100, 45.86904400576364800, 5.999999833293287600 ) ) ;
#7002 = CARTESIAN_POINT ( 'NONE',  ( 178.9483063745044500, 26.55052839254473800, 20.49999878108513900 ) ) ;
#7003 = CARTESIAN_POINT ( 'NONE',  ( 178.4953732043113900, 63.49719001538910100, 20.49999878108513900 ) ) ;
#7004 = ORIENTED_EDGE ( 'NONE', *, *, #5694, .F. ) ;
#7005 = VERTEX_POINT ( 'NONE', #5185 ) ;
#7006 = CIRCLE ( 'NONE', #11687, 1.000000000000445000 ) ;
#7007 = EDGE_CURVE ( 'NONE', #1582, #5666, #8394, .T. ) ;
#7008 = CARTESIAN_POINT ( 'NONE',  ( 188.0689853496277200, 43.36904400576364800, 1.999999999999918100 ) ) ;
#7009 = CIRCLE ( 'NONE', #1367, 3.999999190699821100 ) ;
#7010 = EDGE_LOOP ( 'NONE', ( #6699, #2631, #11023, #1149, #495 ) ) ;
#7011 = ORIENTED_EDGE ( 'NONE', *, *, #1185, .T. ) ;
#7012 = DIRECTION ( 'NONE',  ( -4.440892098500626200E-016, -0.0000000000000000000, 1.000000000000000000 ) ) ;
#7013 = DIRECTION ( 'NONE',  ( -1.000000000000000000, -4.625929269271481400E-015, 0.0000000000000000000 ) ) ;
#7014 = CIRCLE ( 'NONE', #10840, 2.000000000000001800 ) ;
#7015 = ORIENTED_EDGE ( 'NONE', *, *, #9269, .T. ) ;
#7016 = VECTOR ( 'NONE', #7067, 1000.000000000000000 ) ;
#7017 = CARTESIAN_POINT ( 'NONE',  ( 173.7719257169744400, 45.86904386338111600, 18.99999947845893500 ) ) ;
#7018 = CARTESIAN_POINT ( 'NONE',  ( 167.2934826042303200, 55.88302102443933000, 1.999999999999914100 ) ) ;
#7019 = ORIENTED_EDGE ( 'NONE', *, *, #10742, .F. ) ;
#7020 = ORIENTED_EDGE ( 'NONE', *, *, #2815, .F. ) ;
#7021 = ADVANCED_FACE ( 'NONE', ( #11010 ), #371, .T. ) ;
#7022 = CARTESIAN_POINT ( 'NONE',  ( 173.7719257169747200, 45.86904400576391100, 20.74999939054248400 ) ) ;
#7023 = AXIS2_PLACEMENT_3D ( 'NONE', #3313, #5252, #7885 ) ;
#7024 = ORIENTED_EDGE ( 'NONE', *, *, #603, .T. ) ;
#7025 = DIRECTION ( 'NONE',  ( -3.147609485530918300E-016, -1.110223024625155600E-016, -1.000000000000000000 ) ) ;
#7026 = DIRECTION ( 'NONE',  ( 0.0000000000000000000, 0.0000000000000000000, -1.000000000000000000 ) ) ;
#7027 = LINE ( 'NONE', #1758, #9015 ) ;
#7028 = LINE ( 'NONE', #3857, #1523 ) ;
#7029 = ORIENTED_EDGE ( 'NONE', *, *, #7656, .F. ) ;
#7030 = FACE_BOUND ( 'NONE', #10954, .T. ) ;
#7031 = CIRCLE ( 'NONE', #7369, 19.49999997868823000 ) ;
#7032 = DIRECTION ( 'NONE',  ( 0.0000000000000000000, 1.000000000000000000, 0.0000000000000000000 ) ) ;
#7033 = ORIENTED_EDGE ( 'NONE', *, *, #2039, .F. ) ;
#7034 = DIRECTION ( 'NONE',  ( 0.0000000000000000000, 1.000000000000000000, -4.440892098500626200E-016 ) ) ;
#7035 = DIRECTION ( 'NONE',  ( -2.220446049250312800E-016, 1.224646799147353200E-016, 1.000000000000000000 ) ) ;
#7036 = DIRECTION ( 'NONE',  ( 0.5000000000000015500, -0.8660254037844377100, 0.0000000000000000000 ) ) ;
#7037 = LINE ( 'NONE', #11318, #10759 ) ;
#7038 = VECTOR ( 'NONE', #8502, 1000.000000000000000 ) ;
#7039 = ORIENTED_EDGE ( 'NONE', *, *, #10435, .F. ) ;
#7040 = CARTESIAN_POINT ( 'NONE',  ( 164.7563136126116500, 54.88465611012650000, 81.17012103714566300 ) ) ;
#7041 = FACE_BOUND ( 'NONE', #5964, .T. ) ;
#7042 = EDGE_CURVE ( 'NONE', #4645, #4448, #3817, .T. ) ;
#7043 = CIRCLE ( 'NONE', #10195, 0.7999999999999951600 ) ;
#7044 = DIRECTION ( 'NONE',  ( -1.000000000000000000, 0.0000000000000000000, -4.440892098500626200E-016 ) ) ;
#7045 = AXIS2_PLACEMENT_3D ( 'NONE', #1789, #1751, #8191 ) ;
#7046 = DIRECTION ( 'NONE',  ( 8.157786440681345800E-032, 4.440892098500626200E-016, 1.000000000000000000 ) ) ;
#7047 = VECTOR ( 'NONE', #8238, 1000.000000000000000 ) ;
#7048 = VERTEX_POINT ( 'NONE', #9000 ) ;
#7050 = ADVANCED_FACE ( 'NONE', ( #650 ), #8103, .F. ) ;
#7049 = DIRECTION ( 'NONE',  ( -0.0000000000000000000, -0.0000000000000000000, 1.000000000000000000 ) ) ;
#7051 = DIRECTION ( 'NONE',  ( -1.000000000000000000, 1.734723475976805500E-015, -4.440892098500626200E-016 ) ) ;
#7052 = AXIS2_PLACEMENT_3D ( 'NONE', #5760, #240, #6671 ) ;
#7053 = FACE_OUTER_BOUND ( 'NONE', #11861, .T. ) ;
#7054 = CARTESIAN_POINT ( 'NONE',  ( 159.5719257169749000, 45.86904400576391100, 21.49999895691860300 ) ) ;
#7055 = EDGE_CURVE ( 'NONE', #8772, #11405, #3692, .T. ) ;
#7056 = DIRECTION ( 'NONE',  ( 0.0000000000000000000, 0.0000000000000000000, -1.000000000000000000 ) ) ;
#7057 = PLANE ( 'NONE',  #10161 ) ;
#7058 = EDGE_CURVE ( 'NONE', #8788, #6027, #1917, .T. ) ;
#7059 = EDGE_CURVE ( 'NONE', #6641, #10096, #1780, .T. ) ;
#7060 = DIRECTION ( 'NONE',  ( -4.440892098500626200E-016, -0.0000000000000000000, 1.000000000000000000 ) ) ;
#7061 = AXIS2_PLACEMENT_3D ( 'NONE', #4317, #703, #8083 ) ;
#7062 = ORIENTED_EDGE ( 'NONE', *, *, #9357, .T. ) ;
#7063 = CIRCLE ( 'NONE', #5363, 2.000000000000057300 ) ;
#7064 = EDGE_CURVE ( 'NONE', #7827, #3367, #1215, .T. ) ;
#7065 = DIRECTION ( 'NONE',  ( 0.0000000000000000000, 1.000000000000000000, 0.0000000000000000000 ) ) ;
#7066 = VERTEX_POINT ( 'NONE', #2607 ) ;
#7067 = DIRECTION ( 'NONE',  ( -1.640510643992218100E-016, 2.841447785745277500E-016, 1.000000000000000000 ) ) ;
#7068 = VERTEX_POINT ( 'NONE', #5379 ) ;
#7069 = DIRECTION ( 'NONE',  ( 0.7071067811863797100, -0.7071067811867154400, 1.570092458683402400E-016 ) ) ;
#7070 = EDGE_CURVE ( 'NONE', #7903, #1305, #10852, .T. ) ;
#7071 = DIRECTION ( 'NONE',  ( -1.000000000000000000, 0.0000000000000000000, -2.220446049250313100E-016 ) ) ;
#7072 = VERTEX_POINT ( 'NONE', #10857 ) ;
#7073 = EDGE_CURVE ( 'NONE', #4677, #95, #6706, .T. ) ;
#7074 = FACE_OUTER_BOUND ( 'NONE', #9437, .T. ) ;
#7075 = DIRECTION ( 'NONE',  ( -1.000000000000000000, 0.0000000000000000000, 0.0000000000000000000 ) ) ;
#7076 = DIRECTION ( 'NONE',  ( 1.224646799147352700E-016, -2.220446049250314100E-016, 1.000000000000000000 ) ) ;
#7077 = EDGE_CURVE ( 'NONE', #11842, #9069, #5848, .T. ) ;
#7078 = DIRECTION ( 'NONE',  ( -4.440892098500626200E-016, -0.0000000000000000000, 1.000000000000000000 ) ) ;
#7079 = ADVANCED_FACE ( 'NONE', ( #8546 ), #6556, .F. ) ;
#7080 = ORIENTED_EDGE ( 'NONE', *, *, #339, .F. ) ;
#7081 = ORIENTED_EDGE ( 'NONE', *, *, #4302, .F. ) ;
#7082 = CARTESIAN_POINT ( 'NONE',  ( 191.4000717265999200, 41.14559651842677100, 22.49999878108514300 ) ) ;
#7083 = ORIENTED_EDGE ( 'NONE', *, *, #7947, .F. ) ;
#7084 = VERTEX_POINT ( 'NONE', #1716 ) ;
#7085 = CARTESIAN_POINT ( 'NONE',  ( 173.7719257169743200, 45.86904400576370500, 1.999999999999914500 ) ) ;
#7086 = CARTESIAN_POINT ( 'NONE',  ( 189.7719259988398600, 45.86904400576391100, 19.49999999999988600 ) ) ;
#7087 = DIRECTION ( 'NONE',  ( -1.000000000000000000, 0.0000000000000000000, 0.0000000000000000000 ) ) ;
#7088 = EDGE_LOOP ( 'NONE', ( #10832, #1614 ) ) ;
#7089 = CIRCLE ( 'NONE', #10287, 21.49999905524600100 ) ;
#7090 = DIRECTION ( 'NONE',  ( -2.220446049250312800E-016, 1.224646799147353200E-016, 1.000000000000000000 ) ) ;
#7091 = AXIS2_PLACEMENT_3D ( 'NONE', #10728, #1437, #3309 ) ;
#7092 = CARTESIAN_POINT ( 'NONE',  ( 170.0788721364986300, 40.52008567243016300, 4.199999999999903400 ) ) ;
#7094 = ORIENTED_EDGE ( 'NONE', *, *, #4554, .F. ) ;
#7093 = DIRECTION ( 'NONE',  ( -8.157786440681345800E-032, -4.440892098500626200E-016, -1.000000000000000000 ) ) ;
#7095 = CARTESIAN_POINT ( 'NONE',  ( 155.7189266621322800, 36.15576551884148400, 17.29964999312182500 ) ) ;
#7096 = CARTESIAN_POINT ( 'NONE',  ( 173.7719257169743800, 45.86904386338088800, 4.500000036330219700 ) ) ;
#7097 = AXIS2_PLACEMENT_3D ( 'NONE', #6682, #4852, #11254 ) ;
#7098 = DIRECTION ( 'NONE',  ( 0.0000000000000000000, 1.000000000000000000, 0.0000000000000000000 ) ) ;
#7099 = LINE ( 'NONE', #7147, #5089 ) ;
#7100 = DIRECTION ( 'NONE',  ( 0.0000000000000000000, 1.000000000000000000, 0.0000000000000000000 ) ) ;
#7101 = CARTESIAN_POINT ( 'NONE',  ( 164.7563136126116800, 36.85343190140081800, 2.775557561562891400E-014 ) ) ;
#7102 = EDGE_LOOP ( 'NONE', ( #113, #1769, #4130, #5834 ) ) ;
#7103 = EDGE_LOOP ( 'NONE', ( #4866, #14, #10784, #9256, #3237, #5589, #8383, #6438, #5781 ) ) ;
#7104 = PERSON_AND_ORGANIZATION ( #6755, #6956 ) ;
#7105 = CARTESIAN_POINT ( 'NONE',  ( 188.2719267945538500, 45.86904400576364800, 3.000012844918297900 ) ) ;
#7106 = CARTESIAN_POINT ( 'NONE',  ( 163.7563136126116500, 36.85343190140081800, 81.17012103714566300 ) ) ;
#7107 = ORIENTED_EDGE ( 'NONE', *, *, #507, .T. ) ;
#7108 = CARTESIAN_POINT ( 'NONE',  ( 187.1462943877393700, 33.49467533499879600, 3.000013011975194700 ) ) ;
#7109 = ORIENTED_EDGE ( 'NONE', *, *, #11201, .T. ) ;
#7110 = ORIENTED_EDGE ( 'NONE', *, *, #5830, .T. ) ;
#7111 = ORIENTED_EDGE ( 'NONE', *, *, #11355, .F. ) ;
#7112 = DIRECTION ( 'NONE',  ( 6.983158872362112300E-017, -1.110223024625157000E-016, -1.000000000000000000 ) ) ;
#7113 = DIRECTION ( 'NONE',  ( 0.0000000000000000000, 1.000000000000000000, 0.0000000000000000000 ) ) ;
#7114 = DIRECTION ( 'NONE',  ( 0.0000000000000000000, 1.000000000000000000, 0.0000000000000000000 ) ) ;
#7115 = CYLINDRICAL_SURFACE ( 'NONE', #1449, 1.999999999999974000 ) ;
#7116 = LINE ( 'NONE', #5116, #10702 ) ;
#7117 = ADVANCED_FACE ( 'NONE', ( #7128 ), #11293, .F. ) ;
#7118 = ORIENTED_EDGE ( 'NONE', *, *, #8807, .F. ) ;
#7119 = CARTESIAN_POINT ( 'NONE',  ( 187.9140606726641900, 60.01117896145287700, 22.49999878108513900 ) ) ;
#7120 = EDGE_CURVE ( 'NONE', #9282, #11721, #10714, .T. ) ;
#7121 = EDGE_LOOP ( 'NONE', ( #3035, #1377, #2925, #3423 ) ) ;
#7122 = PLANE ( 'NONE',  #7841 ) ;
#7123 = ORIENTED_EDGE ( 'NONE', *, *, #6017, .F. ) ;
#7124 = VERTEX_POINT ( 'NONE', #8429 ) ;
#7125 = VERTEX_POINT ( 'NONE', #10290 ) ;
#7126 = DIRECTION ( 'NONE',  ( 0.0000000000000000000, 1.000000000000000000, 0.0000000000000000000 ) ) ;
#7127 = EDGE_CURVE ( 'NONE', #10984, #8634, #1627, .T. ) ;
#7128 = FACE_OUTER_BOUND ( 'NONE', #692, .T. ) ;
#7129 = CARTESIAN_POINT ( 'NONE',  ( 156.0851239791810200, 35.50349371584227500, 17.49989706987067400 ) ) ;
#7130 = AXIS2_PLACEMENT_3D ( 'NONE', #3847, #1203, #304 ) ;
#7131 = EDGE_CURVE ( 'NONE', #2024, #3842, #8264, .T. ) ;
#7132 = VERTEX_POINT ( 'NONE', #1990 ) ;
#7133 = ADVANCED_FACE ( 'NONE', ( #3390 ), #7980, .T. ) ;
#7134 = ORIENTED_EDGE ( 'NONE', *, *, #58, .F. ) ;
#7135 = VECTOR ( 'NONE', #4370, 1000.000000000000000 ) ;
#7136 = ORIENTED_EDGE ( 'NONE', *, *, #7975, .T. ) ;
#7137 = DIRECTION ( 'NONE',  ( -1.000000000000000000, 0.0000000000000000000, -1.084202172485817800E-016 ) ) ;
#7138 = CARTESIAN_POINT ( 'NONE',  ( 187.7719257169743800, 45.86904386338088100, 22.99999947845984500 ) ) ;
#7139 = FACE_OUTER_BOUND ( 'NONE', #130, .T. ) ;
#7140 = EDGE_CURVE ( 'NONE', #8159, #9661, #5987, .T. ) ;
#7141 = AXIS2_PLACEMENT_3D ( 'NONE', #892, #811, #8201 ) ;
#7142 = EDGE_CURVE ( 'NONE', #440, #5976, #10431, .T. ) ;
#7143 = DIRECTION ( 'NONE',  ( -1.000000000000000000, 0.0000000000000000000, 0.0000000000000000000 ) ) ;
#7144 = EDGE_CURVE ( 'NONE', #3403, #9778, #6423, .T. ) ;
#7145 = ORIENTED_EDGE ( 'NONE', *, *, #11075, .T. ) ;
#7146 = CARTESIAN_POINT ( 'NONE',  ( 173.7719257169744100, 37.86904386338095200, 21.99999947845893200 ) ) ;
#7147 = CARTESIAN_POINT ( 'NONE',  ( 189.7097021230058300, 41.59852968862084300, 22.49999878108514300 ) ) ;
#7148 = ORIENTED_EDGE ( 'NONE', *, *, #6685, .T. ) ;
#7149 = LINE ( 'NONE', #144, #3253 ) ;
#7150 = FACE_OUTER_BOUND ( 'NONE', #4868, .T. ) ;
#7151 = CARTESIAN_POINT ( 'NONE',  ( 168.2781796281155400, 43.85192861849823500, 23.49999947845893200 ) ) ;
#7152 = ORIENTED_EDGE ( 'NONE', *, *, #10592, .T. ) ;
#7153 = EDGE_CURVE ( 'NONE', #9121, #1303, #5700, .T. ) ;
#7154 = CARTESIAN_POINT ( 'NONE',  ( 177.9552852512506700, 38.50331264161074100, 18.99999947845893200 ) ) ;
#7155 = CYLINDRICAL_SURFACE ( 'NONE', #4217, 5.500003774852074500 ) ;
#7156 = AXIS2_PLACEMENT_3D ( 'NONE', #7616, #4910, #9461 ) ;
#7157 = CYLINDRICAL_SURFACE ( 'NONE', #6546, 1.749999386690449100 ) ;
#7158 = CARTESIAN_POINT ( 'NONE',  ( 161.3975570462096400, 33.49467533499925800, 81.17012103714563400 ) ) ;
#7159 = ORIENTED_EDGE ( 'NONE', *, *, #11063, .F. ) ;
#7160 = DIRECTION ( 'NONE',  ( 0.0000000000000000000, 1.000000000000000000, -2.220446049250313100E-016 ) ) ;
#7161 = FACE_OUTER_BOUND ( 'NONE', #5840, .T. ) ;
#7162 = AXIS2_PLACEMENT_3D ( 'NONE', #624, #9827, #5109 ) ;
#7163 = EDGE_LOOP ( 'NONE', ( #9516, #637, #3564, #9123 ) ) ;
#7164 = ORIENTED_EDGE ( 'NONE', *, *, #4529, .T. ) ;
#7165 = LINE ( 'NONE', #3736, #5024 ) ;
#7166 = DIRECTION ( 'NONE',  ( -8.157786440681345800E-032, -4.440892098500626200E-016, -1.000000000000000000 ) ) ;
#7167 = CIRCLE ( 'NONE', #10025, 12.00000000000001100 ) ;
#7168 = CARTESIAN_POINT ( 'NONE',  ( 155.8900455507478000, 35.84388701548775900, 17.47436782265931800 ) ) ;
#7169 = FACE_OUTER_BOUND ( 'NONE', #2398, .T. ) ;
#7170 = LINE ( 'NONE', #7902, #981 ) ;
#7171 = PLANE ( 'NONE',  #2823 ) ;
#7172 = ORIENTED_EDGE ( 'NONE', *, *, #5685, .F. ) ;
#7173 = CIRCLE ( 'NONE', #2289, 0.5000000000000004400 ) ;
#7174 = CIRCLE ( 'NONE', #5672, 2.000000000000001800 ) ;
#7175 = ORIENTED_EDGE ( 'NONE', *, *, #3654, .T. ) ;
#7176 = CARTESIAN_POINT ( 'NONE',  ( 173.7719257169743800, 45.86904400576364800, 0.4999982631415083600 ) ) ;
#7178 = ADVANCED_FACE ( 'NONE', ( #2214 ), #3524, .T. ) ;
#7177 = DIRECTION ( 'NONE',  ( -0.0000000000000000000, -0.0000000000000000000, 1.000000000000000000 ) ) ;
#7179 = CIRCLE ( 'NONE', #8412, 19.49999997868845400 ) ;
#7180 = AXIS2_PLACEMENT_3D ( 'NONE', #1163, #11339, #2154 ) ;
#7181 = LINE ( 'NONE', #8945, #7756 ) ;
#7182 = VERTEX_POINT ( 'NONE', #8350 ) ;
#7183 = CIRCLE ( 'NONE', #2745, 8.500000000000007100 ) ;
#7184 = CARTESIAN_POINT ( 'NONE',  ( 193.0904413301937600, 40.69266334823373700, 22.49999878108514300 ) ) ;
#7185 = CARTESIAN_POINT ( 'NONE',  ( 156.5395405552501700, 34.76522125548363100, 16.49999967266197100 ) ) ;
#7186 = FACE_OUTER_BOUND ( 'NONE', #8777, .T. ) ;
#7187 = AXIS2_PLACEMENT_3D ( 'NONE', #5526, #9102, #3709 ) ;
#7188 = CARTESIAN_POINT ( 'NONE',  ( 183.1629889195592400, 43.25984246734812200, 23.49999947845893200 ) ) ;
#7189 = PLANE ( 'NONE',  #1040 ) ;
#7190 = VECTOR ( 'NONE', #6037, 1000.000000000000000 ) ;
#7191 = ADVANCED_FACE ( 'NONE', ( #4124 ), #9263, .F. ) ;
#7192 = EDGE_CURVE ( 'NONE', #1218, #9210, #7700, .T. ) ;
#7193 = EDGE_LOOP ( 'NONE', ( #8304, #2927, #4028, #11789, #3335, #3274 ) ) ;
#7194 = CIRCLE ( 'NONE', #7413, 1.999999999999807500 ) ;
#7195 = AXIS2_PLACEMENT_3D ( 'NONE', #2766, #11019, #8104 ) ;
#7196 = DIRECTION ( 'NONE',  ( 4.440892098500625700E-016, -1.224646799147353500E-016, -1.000000000000000000 ) ) ;
#7197 = AXIS2_PLACEMENT_3D ( 'NONE', #7803, #542, #383 ) ;
#7198 = DIRECTION ( 'NONE',  ( 1.000000000000000000, -1.836970198721029700E-016, 0.0000000000000000000 ) ) ;
#7199 = AXIS2_PLACEMENT_3D ( 'NONE', #4824, #9537, #8611 ) ;
#7200 = DIRECTION ( 'NONE',  ( 2.220446049250313100E-016, 0.0000000000000000000, -1.000000000000000000 ) ) ;
#7201 = EDGE_CURVE ( 'NONE', #6902, #6654, #938, .T. ) ;
#7202 = ORIENTED_EDGE ( 'NONE', *, *, #434, .T. ) ;
#7203 = LINE ( 'NONE', #2854, #8482 ) ;
#7204 = DIRECTION ( 'NONE',  ( 4.440892098500625700E-016, -1.224646799147353500E-016, -1.000000000000000000 ) ) ;
#7205 = EDGE_CURVE ( 'NONE', #4878, #3886, #11431, .T. ) ;
#7206 = EDGE_CURVE ( 'NONE', #4860, #6701, #6268, .T. ) ;
#7207 = DIRECTION ( 'NONE',  ( 4.440892098500625700E-016, -1.224646799147353500E-016, -1.000000000000000000 ) ) ;
#7208 = ORIENTED_EDGE ( 'NONE', *, *, #6917, .F. ) ;
#7209 = DIRECTION ( 'NONE',  ( 4.440892098500626200E-016, 0.0000000000000000000, -1.000000000000000000 ) ) ;
#7210 = AXIS2_PLACEMENT_3D ( 'NONE', #1744, #914, #3619 ) ;
#7211 = ORIENTED_EDGE ( 'NONE', *, *, #3057, .F. ) ;
#7212 = ORIENTED_EDGE ( 'NONE', *, *, #8039, .T. ) ;
#7213 = DIRECTION ( 'NONE',  ( 4.440892098500625700E-016, -1.224646799147353500E-016, -1.000000000000000000 ) ) ;
#7214 = ORIENTED_EDGE ( 'NONE', *, *, #6432, .F. ) ;
#7215 = FACE_BOUND ( 'NONE', #8810, .T. ) ;
#7216 = CARTESIAN_POINT ( 'NONE',  ( 164.9956455047893400, 61.00928524862835200, 1.999999999999915000 ) ) ;
#7217 = DIRECTION ( 'NONE',  ( -1.000000000000000000, 0.0000000000000000000, 0.0000000000000000000 ) ) ;
#7218 = PLANE ( 'NONE',  #1210 ) ;
#7219 = ORIENTED_EDGE ( 'NONE', *, *, #8479, .F. ) ;
#7220 = ORIENTED_EDGE ( 'NONE', *, *, #6153, .F. ) ;
#7221 = EDGE_CURVE ( 'NONE', #1180, #6945, #11146, .T. ) ;
#7222 = AXIS2_PLACEMENT_3D ( 'NONE', #11111, #32, #4757 ) ;
#7223 = EDGE_LOOP ( 'NONE', ( #8486, #5510 ) ) ;
#7224 = ORIENTED_EDGE ( 'NONE', *, *, #1480, .F. ) ;
#7225 = EDGE_CURVE ( 'NONE', #7758, #6684, #1493, .T. ) ;
#7226 = DIRECTION ( 'NONE',  ( -1.000000000000000000, 0.0000000000000000000, -1.613696301046473200E-016 ) ) ;
#7227 = CARTESIAN_POINT ( 'NONE',  ( 173.7719257169743800, 45.86904400576364800, 1.116117670508738700E-014 ) ) ;
#7228 = CARTESIAN_POINT ( 'NONE',  ( 190.0689853496277000, 48.36904400576365500, 1.750013533165799800 ) ) ;
#7229 = ORIENTED_EDGE ( 'NONE', *, *, #6545, .T. ) ;
#7230 = CIRCLE ( 'NONE', #7210, 5.500003774852074500 ) ;
#7231 = AXIS2_PLACEMENT_3D ( 'NONE', #5124, #6966, #2369 ) ;
#7232 = ADVANCED_FACE ( 'NONE', ( #5568 ), #8686, .F. ) ;
#7233 = ORIENTED_EDGE ( 'NONE', *, *, #3206, .F. ) ;
#7234 = APPLICATION_CONTEXT ( 'configuration controlled 3d designs of mechanical parts and assemblies' ) ;
#7235 = CARTESIAN_POINT ( 'NONE',  ( 194.8782992909199800, 49.96428138148960600, 1.999999999999915000 ) ) ;
#7236 = DIRECTION ( 'NONE',  ( 0.0000000000000000000, 1.000000000000000000, 0.0000000000000000000 ) ) ;
#7237 = CALENDAR_DATE ( 2025, 15, 7 ) ;
#7238 = CARTESIAN_POINT ( 'NONE',  ( 173.7719257169747200, 65.86904306100990400, 22.49999878108513600 ) ) ;
#7239 = AXIS2_PLACEMENT_3D ( 'NONE', #4735, #9239, #175 ) ;
#7240 = CARTESIAN_POINT ( 'NONE',  ( 163.5219257939265800, 29.84757416903736900, 19.49999999999992200 ) ) ;
#7241 = DIRECTION ( 'NONE',  ( 0.0000000000000000000, -1.000000000000000000, 0.0000000000000000000 ) ) ;
#7242 = DIRECTION ( 'NONE',  ( 1.000000000000000000, 0.0000000000000000000, -0.0000000000000000000 ) ) ;
#7243 = DIRECTION ( 'NONE',  ( 3.700743415417185100E-014, -1.000000000000000000, 0.0000000000000000000 ) ) ;
#7244 = ORIENTED_EDGE ( 'NONE', *, *, #4633, .F. ) ;
#7245 = DIRECTION ( 'NONE',  ( 0.0000000000000000000, 0.0000000000000000000, -1.000000000000000000 ) ) ;
#7246 = ORIENTED_EDGE ( 'NONE', *, *, #8971, .F. ) ;
#7247 = DIRECTION ( 'NONE',  ( -1.000000000000000000, 1.836970198721029700E-016, -0.0000000000000000000 ) ) ;
#7248 = CIRCLE ( 'NONE', #4573, 0.4999999999999935100 ) ;
#7249 = ADVANCED_FACE ( 'NONE', ( #5272 ), #2799, .F. ) ;
#7250 = DIRECTION ( 'NONE',  ( -1.000000000000000000, 0.0000000000000000000, 0.0000000000000000000 ) ) ;
#7251 = CARTESIAN_POINT ( 'NONE',  ( 167.5164091887867500, 43.41212025029028600, 18.99999947845893200 ) ) ;
#7252 = DIRECTION ( 'NONE',  ( -0.0000000000000000000, -0.0000000000000000000, 1.000000000000000000 ) ) ;
#7253 = DIRECTION ( 'NONE',  ( -4.440892098500625700E-016, 1.224646799147353500E-016, 1.000000000000000000 ) ) ;
#7254 = ORIENTED_EDGE ( 'NONE', *, *, #4915, .F. ) ;
#7255 = ORIENTED_EDGE ( 'NONE', *, *, #11920, .T. ) ;
#7256 = ORIENTED_EDGE ( 'NONE', *, *, #9046, .T. ) ;
#7257 = ORIENTED_EDGE ( 'NONE', *, *, #8269, .T. ) ;
#7258 = DIRECTION ( 'NONE',  ( 4.440892098500626200E-016, 0.0000000000000000000, -1.000000000000000000 ) ) ;
#7259 = ORIENTED_EDGE ( 'NONE', *, *, #3355, .T. ) ;
#7260 = FACE_OUTER_BOUND ( 'NONE', #6205, .T. ) ;
#7261 = DIRECTION ( 'NONE',  ( 2.223409181659805100E-029, -1.353763752833661700E-014, -1.000000000000000000 ) ) ;
#7262 = DIRECTION ( 'NONE',  ( 0.0000000000000000000, 1.000000000000000000, 0.0000000000000000000 ) ) ;
#7263 = FACE_OUTER_BOUND ( 'NONE', #4384, .T. ) ;
#7264 = CARTESIAN_POINT ( 'NONE',  ( 164.5219257939270700, 61.89051384249005800, 22.19999878099088200 ) ) ;
#7265 = EDGE_CURVE ( 'NONE', #9215, #4103, #10139, .T. ) ;
#7266 = EDGE_LOOP ( 'NONE', ( #2821, #5074, #7358, #3071 ) ) ;
#7267 = ORIENTED_EDGE ( 'NONE', *, *, #1731, .F. ) ;
#7268 = DIRECTION ( 'NONE',  ( -1.000000000000000000, 0.0000000000000000000, 0.0000000000000000000 ) ) ;
#7269 = CARTESIAN_POINT ( 'NONE',  ( 169.7719265262745700, 45.86904386338088800, 5.999999833293286700 ) ) ;
#7270 = EDGE_LOOP ( 'NONE', ( #11466, #11383, #1773, #4345 ) ) ;
#7271 = AXIS2_PLACEMENT_3D ( 'NONE', #9273, #8467, #7504 ) ;
#7272 = ORIENTED_EDGE ( 'NONE', *, *, #8898, .F. ) ;
#7273 = VECTOR ( 'NONE', #9427, 1000.000000000000000 ) ;
#7274 = CARTESIAN_POINT ( 'NONE',  ( 175.5715967553672400, 36.61904386338100200, 21.99999947845893200 ) ) ;
#7275 = ORIENTED_EDGE ( 'NONE', *, *, #1327, .F. ) ;
#7276 = CYLINDRICAL_SURFACE ( 'NONE', #1897, 2.499999999999669200 ) ;
#7277 = DIRECTION ( 'NONE',  ( -0.0000000000000000000, -0.0000000000000000000, 1.000000000000000000 ) ) ;
#7278 = DIRECTION ( 'NONE',  ( 4.440892098500625700E-016, -1.224646799147353500E-016, -1.000000000000000000 ) ) ;
#7279 = DIRECTION ( 'NONE',  ( -1.000000000000000000, 0.0000000000000000000, -4.336808689942013800E-016 ) ) ;
#7280 = ORIENTED_EDGE ( 'NONE', *, *, #9266, .T. ) ;
#7281 = EDGE_LOOP ( 'NONE', ( #1219, #5366, #1290, #6816 ) ) ;
#7282 = EDGE_CURVE ( 'NONE', #4878, #3412, #9853, .T. ) ;
#7283 = CARTESIAN_POINT ( 'NONE',  ( 182.4321797548188000, 40.86904386338089500, -19.26262734681628800 ) ) ;
#7284 = CIRCLE ( 'NONE', #10466, 1.999999999999974000 ) ;
#7285 = DIRECTION ( 'NONE',  ( -1.000000000000000000, 0.0000000000000000000, 0.0000000000000000000 ) ) ;
#7286 = AXIS2_PLACEMENT_3D ( 'NONE', #3935, #5705, #103 ) ;
#7287 = CYLINDRICAL_SURFACE ( 'NONE', #9850, 2.000000000000057300 ) ;
#7288 = AXIS2_PLACEMENT_3D ( 'NONE', #5658, #1002, #9285 ) ;
#7289 = EDGE_LOOP ( 'NONE', ( #4393, #6963 ) ) ;
#7290 = VERTEX_POINT ( 'NONE', #8473 ) ;
#7291 = CARTESIAN_POINT ( 'NONE',  ( 173.7719257169743800, 42.36904386345941000, 23.49999947847436500 ) ) ;
#7293 = ADVANCED_FACE ( 'NONE', ( #779 ), #10336, .F. ) ;
#7292 = CARTESIAN_POINT ( 'NONE',  ( 164.9956455047893400, 30.72880276289894400, 1.999999999999914500 ) ) ;
#7294 = ORIENTED_EDGE ( 'NONE', *, *, #4153, .F. ) ;
#7295 = DIRECTION ( 'NONE',  ( 4.440892098500626200E-016, 0.0000000000000000000, -1.000000000000000000 ) ) ;
#7296 = FACE_BOUND ( 'NONE', #4128, .T. ) ;
#7297 = EDGE_CURVE ( 'NONE', #2088, #11909, #8976, .T. ) ;
#7298 = PLANE ( 'NONE',  #2567 ) ;
#7299 = ORIENTED_EDGE ( 'NONE', *, *, #7140, .F. ) ;
#7300 = AXIS2_PLACEMENT_3D ( 'NONE', #619, #4422, #10818 ) ;
#7301 = FACE_OUTER_BOUND ( 'NONE', #1410, .T. ) ;
#7302 = EDGE_CURVE ( 'NONE', #7664, #6373, #2504, .T. ) ;
#7303 = EDGE_CURVE ( 'NONE', #4960, #5720, #11586, .T. ) ;
#7304 = EDGE_LOOP ( 'NONE', ( #11414, #10693, #7790, #10420 ) ) ;
#7305 = ORIENTED_EDGE ( 'NONE', *, *, #8192, .F. ) ;
#7306 = DIRECTION ( 'NONE',  ( -1.000000000000000000, 0.0000000000000000000, -2.571232623030909800E-016 ) ) ;
#7307 = ORIENTED_EDGE ( 'NONE', *, *, #11593, .F. ) ;
#7308 = DIRECTION ( 'NONE',  ( 0.0000000000000000000, 1.000000000000000000, 0.0000000000000000000 ) ) ;
#7309 = VECTOR ( 'NONE', #8517, 1000.000000000000000 ) ;
#7310 = CIRCLE ( 'NONE', #7222, 0.7500000000000006700 ) ;
#7311 = EDGE_LOOP ( 'NONE', ( #8006, #2931, #7355, #10842 ) ) ;
#7312 = DIRECTION ( 'NONE',  ( 0.0000000000000000000, -0.0000000000000000000, 1.000000000000000000 ) ) ;
#7313 = DIRECTION ( 'NONE',  ( -2.960863674957791600E-016, -4.818676322157950500E-017, 1.000000000000000000 ) ) ;
#7314 = DIRECTION ( 'NONE',  ( -2.220446049250312800E-016, 1.224646799147353200E-016, 1.000000000000000000 ) ) ;
#7315 = CIRCLE ( 'NONE', #11453, 0.7500000000000006700 ) ;
#7316 = CARTESIAN_POINT ( 'NONE',  ( 173.7719257169743800, 54.86904386338162700, 19.99999947846018200 ) ) ;
#7317 = ADVANCED_FACE ( 'NONE', ( #4986 ), #4832, .F. ) ;
#7318 = LINE ( 'NONE', #4341, #4889 ) ;
#7319 = DIRECTION ( 'NONE',  ( -1.000000000000000000, 0.0000000000000000000, 0.0000000000000000000 ) ) ;
#7320 = VERTEX_POINT ( 'NONE', #8378 ) ;
#7321 = AXIS2_PLACEMENT_3D ( 'NONE', #2023, #1940, #8379 ) ;
#7322 = DIRECTION ( 'NONE',  ( 0.0000000000000000000, 1.000000000000000000, 0.0000000000000000000 ) ) ;
#7323 = ORIENTED_EDGE ( 'NONE', *, *, #9249, .F. ) ;
#7324 = FACE_OUTER_BOUND ( 'NONE', #170, .T. ) ;
#7325 = ORIENTED_EDGE ( 'NONE', *, *, #3931, .F. ) ;
#7326 = DIRECTION ( 'NONE',  ( 4.078893220340672900E-032, 2.220446049250313100E-016, 1.000000000000000000 ) ) ;
#7327 = AXIS2_PLACEMENT_3D ( 'NONE', #4537, #4619, #10246 ) ;
#7328 = VECTOR ( 'NONE', #1630, 1000.000000000000000 ) ;
#7329 = FACE_OUTER_BOUND ( 'NONE', #4980, .T. ) ;
#7330 = DIRECTION ( 'NONE',  ( 0.0000000000000000000, 0.0000000000000000000, -1.000000000000000000 ) ) ;
#7331 = DIRECTION ( 'NONE',  ( -0.0000000000000000000, -0.0000000000000000000, 1.000000000000000000 ) ) ;
#7332 = VECTOR ( 'NONE', #4306, 1000.000000000000000 ) ;
#7333 = VERTEX_POINT ( 'NONE', #4765 ) ;
#7334 = DIRECTION ( 'NONE',  ( 4.440892098500626200E-016, 0.0000000000000000000, -1.000000000000000000 ) ) ;
#7335 = CARTESIAN_POINT ( 'NONE',  ( 173.7719257169744900, 39.86904448602505400, 81.17012103714566300 ) ) ;
#7336 = FACE_OUTER_BOUND ( 'NONE', #8966, .T. ) ;
#7337 = CARTESIAN_POINT ( 'NONE',  ( 180.4812410353526100, 35.91991887881204800, 18.99999947845893200 ) ) ;
#7338 = DIRECTION ( 'NONE',  ( -4.440892098500626200E-016, -0.0000000000000000000, 1.000000000000000000 ) ) ;
#7339 = VERTEX_POINT ( 'NONE', #9308 ) ;
#7340 = VECTOR ( 'NONE', #1817, 1000.000000000000100 ) ;
#7341 = EDGE_CURVE ( 'NONE', #10950, #7967, #9556, .T. ) ;
#7342 = DIRECTION ( 'NONE',  ( 0.0000000000000000000, -1.000000000000000000, -9.183829272383557500E-015 ) ) ;
#7343 = DIRECTION ( 'NONE',  ( 4.440892098500625700E-016, -1.224646799147353500E-016, -1.000000000000000000 ) ) ;
#7344 = ADVANCED_FACE ( 'NONE', ( #10572 ), #161, .T. ) ;
#7345 = ORIENTED_EDGE ( 'NONE', *, *, #9194, .T. ) ;
#7346 = ORIENTED_EDGE ( 'NONE', *, *, #4378, .T. ) ;
#7347 =( NAMED_UNIT ( * ) PLANE_ANGLE_UNIT ( ) SI_UNIT ( $, .RADIAN. ) );
#7348 = AXIS2_PLACEMENT_3D ( 'NONE', #11876, #2784, #9052 ) ;
#7349 = CARTESIAN_POINT ( 'NONE',  ( 170.2781796281143700, 40.38782700336029300, 23.49999947845893200 ) ) ;
#7350 = VERTEX_POINT ( 'NONE', #2021 ) ;
#7351 = CYLINDRICAL_SURFACE ( 'NONE', #6589, 20.49999946418659700 ) ;
#7352 = EDGE_CURVE ( 'NONE', #7455, #10486, #4415, .T. ) ;
#7353 = DIRECTION ( 'NONE',  ( -1.224646799147353500E-016, -2.220446049250312800E-016, -1.000000000000000000 ) ) ;
#7354 = CARTESIAN_POINT ( 'NONE',  ( 173.7719257169743800, 45.86904386338088800, 21.49999947845939400 ) ) ;
#7355 = ORIENTED_EDGE ( 'NONE', *, *, #9347, .F. ) ;
#7356 = ORIENTED_EDGE ( 'NONE', *, *, #4237, .F. ) ;
#7357 = DIRECTION ( 'NONE',  ( 0.0000000000000000000, 0.0000000000000000000, -1.000000000000000000 ) ) ;
#7358 = ORIENTED_EDGE ( 'NONE', *, *, #2564, .F. ) ;
#7359 = ORIENTED_EDGE ( 'NONE', *, *, #1651, .F. ) ;
#7360 = EDGE_CURVE ( 'NONE', #2640, #635, #9989, .T. ) ;
#7361 = ORIENTED_EDGE ( 'NONE', *, *, #1863, .F. ) ;
#7362 = EDGE_CURVE ( 'NONE', #3386, #4335, #5262, .T. ) ;
#7363 = VECTOR ( 'NONE', #8704, 1000.000000000000000 ) ;
#7364 = CARTESIAN_POINT ( 'NONE',  ( 166.1116716791292200, 40.86904386338089500, 19.99999947846018200 ) ) ;
#7365 = ADVANCED_FACE ( 'NONE', ( #2056 ), #11276, .F. ) ;
#7366 = EDGE_CURVE ( 'NONE', #9351, #11250, #5417, .T. ) ;
#7367 = DIRECTION ( 'NONE',  ( -1.000000000000000000, 0.0000000000000000000, 0.0000000000000000000 ) ) ;
#7368 = DIRECTION ( 'NONE',  ( 2.220446049250313100E-016, 0.0000000000000000000, -1.000000000000000000 ) ) ;
#7369 = AXIS2_PLACEMENT_3D ( 'NONE', #6555, #9226, #4674 ) ;
#7370 = EDGE_LOOP ( 'NONE', ( #1396, #4106, #7814, #7395 ) ) ;
#7371 = CARTESIAN_POINT ( 'NONE',  ( 173.7719257169745200, 39.86904448602505400, 5.499999311752643100 ) ) ;
#7372 = DIRECTION ( 'NONE',  ( 0.0000000000000000000, 1.000000000000000000, 0.0000000000000000000 ) ) ;
#7373 = FACE_OUTER_BOUND ( 'NONE', #11387, .T. ) ;
#7374 = CARTESIAN_POINT ( 'NONE',  ( 187.9719257169745400, 45.86904400576391100, 22.49999878108514300 ) ) ;
#7375 = DIRECTION ( 'NONE',  ( -1.000000000000000000, 0.0000000000000000000, 0.0000000000000000000 ) ) ;
#7376 = EDGE_CURVE ( 'NONE', #1097, #10617, #7965, .T. ) ;
#7377 = AXIS2_PLACEMENT_3D ( 'NONE', #3110, #3939, #4947 ) ;
#7378 = ORIENTED_EDGE ( 'NONE', *, *, #8882, .F. ) ;
#7379 = EDGE_LOOP ( 'NONE', ( #2313, #11773, #10648, #3384 ) ) ;
#7380 = DIRECTION ( 'NONE',  ( -0.0000000000000000000, -0.0000000000000000000, 1.000000000000000000 ) ) ;
#7381 = AXIS2_PLACEMENT_3D ( 'NONE', #8773, #5154, #6318 ) ;
#7382 = CARTESIAN_POINT ( 'NONE',  ( 182.4321797548188600, 40.86904386338066100, 23.49999947845893200 ) ) ;
#7383 = VERTEX_POINT ( 'NONE', #7582 ) ;
#7384 = ORIENTED_EDGE ( 'NONE', *, *, #11434, .F. ) ;
#7385 = ORIENTED_EDGE ( 'NONE', *, *, #8120, .T. ) ;
#7386 = ORIENTED_EDGE ( 'NONE', *, *, #714, .F. ) ;
#7387 = CIRCLE ( 'NONE', #6788, 1.000000000000000900 ) ;
#7388 = AXIS2_PLACEMENT_3D ( 'NONE', #5774, #3017, #4044 ) ;
#7389 = CARTESIAN_POINT ( 'NONE',  ( 164.5219257939270700, 61.89051384249005800, 22.19999878099088200 ) ) ;
#7390 = DIRECTION ( 'NONE',  ( -4.078893220340672900E-032, -2.220446049250313100E-016, -1.000000000000000000 ) ) ;
#7391 = CIRCLE ( 'NONE', #10963, 1.749999999999946000 ) ;
#7392 = ORIENTED_EDGE ( 'NONE', *, *, #588, .T. ) ;
#7393 = CARTESIAN_POINT ( 'NONE',  ( 170.7719257169743800, 45.86904386338088800, 21.99999947845938700 ) ) ;
#7394 = EDGE_LOOP ( 'NONE', ( #3768, #3221 ) ) ;
#7395 = ORIENTED_EDGE ( 'NONE', *, *, #10991, .T. ) ;
#7396 = ORIENTED_EDGE ( 'NONE', *, *, #2871, .T. ) ;
#7397 = ORIENTED_EDGE ( 'NONE', *, *, #9092, .F. ) ;
#7398 = CIRCLE ( 'NONE', #8524, 8.999998263138881100 ) ;
#7399 = ORIENTED_EDGE ( 'NONE', *, *, #5971, .F. ) ;
#7400 = ADVANCED_FACE ( 'NONE', ( #11418 ), #2364, .F. ) ;
#7401 = DIRECTION ( 'NONE',  ( -1.000000000000000000, 0.0000000000000000000, -4.440892098500626200E-016 ) ) ;
#7402 = VECTOR ( 'NONE', #6645, 1000.000000000000000 ) ;
#7403 = DIRECTION ( 'NONE',  ( -1.000000000000000000, 0.0000000000000000000, 0.0000000000000000000 ) ) ;
#7404 = AXIS2_PLACEMENT_3D ( 'NONE', #6443, #7277, #916 ) ;
#7405 = ORIENTED_EDGE ( 'NONE', *, *, #985, .F. ) ;
#7406 = CARTESIAN_POINT ( 'NONE',  ( 174.0308251695670400, 66.36778499228314800, 17.47436782268360400 ) ) ;
#7407 = ORIENTED_EDGE ( 'NONE', *, *, #7120, .T. ) ;
#7408 = CARTESIAN_POINT ( 'NONE',  ( 173.7719257169743800, 45.86904400576364800, 2.199999311752464800 ) ) ;
#7409 = FACE_OUTER_BOUND ( 'NONE', #5635, .T. ) ;
#7410 = EDGE_CURVE ( 'NONE', #1836, #6660, #6833, .T. ) ;
#7411 = ORIENTED_EDGE ( 'NONE', *, *, #11279, .T. ) ;
#7412 = VECTOR ( 'NONE', #8955, 1000.000000000000000 ) ;
#7413 = AXIS2_PLACEMENT_3D ( 'NONE', #4399, #1572, #11683 ) ;
#7414 = ADVANCED_FACE ( 'NONE', ( #7263 ), #10270, .T. ) ;
#7415 = VERTEX_POINT ( 'NONE', #5037 ) ;
#7416 = DIRECTION ( 'NONE',  ( 0.0000000000000000000, 1.000000000000000000, 0.0000000000000000000 ) ) ;
#7417 = ORIENTED_EDGE ( 'NONE', *, *, #5765, .T. ) ;
#7418 = AXIS2_PLACEMENT_3D ( 'NONE', #478, #10564, #1341 ) ;
#7419 = LINE ( 'NONE', #2328, #10720 ) ;
#7420 = DIRECTION ( 'NONE',  ( 4.440892098500626200E-016, 0.0000000000000000000, -1.000000000000000000 ) ) ;
#7421 = VECTOR ( 'NONE', #2348, 1000.000000000000000 ) ;
#7422 = EDGE_CURVE ( 'NONE', #9709, #9778, #7536, .T. ) ;
#7423 = DIRECTION ( 'NONE',  ( 0.0000000000000000000, 0.0000000000000000000, -1.000000000000000000 ) ) ;
#7424 = VERTEX_POINT ( 'NONE', #9508 ) ;
#7425 = EDGE_CURVE ( 'NONE', #9210, #6794, #9705, .T. ) ;
#7426 = EDGE_CURVE ( 'NONE', #6406, #11888, #4402, .T. ) ;
#7427 = EDGE_LOOP ( 'NONE', ( #10567, #5723, #7492, #8428 ) ) ;
#7428 = CARTESIAN_POINT ( 'NONE',  ( 173.7719257169743800, 45.86904386338088800, 6.699999833293105700 ) ) ;
#7429 = VECTOR ( 'NONE', #8547, 1000.000000000000000 ) ;
#7430 = AXIS2_PLACEMENT_3D ( 'NONE', #3522, #3477, #7065 ) ;
#7431 = CYLINDRICAL_SURFACE ( 'NONE', #8215, 1.999999999999974000 ) ;
#7432 = DIRECTION ( 'NONE',  ( -0.0000000000000000000, -0.0000000000000000000, 1.000000000000000000 ) ) ;
#7433 = ORIENTED_EDGE ( 'NONE', *, *, #9724, .T. ) ;
#7434 = CARTESIAN_POINT ( 'NONE',  ( 189.2719267945538500, 45.86904400576364100, 3.000012844918273900 ) ) ;
#7435 = FACE_OUTER_BOUND ( 'NONE', #62, .T. ) ;
#7436 = PLANE ( 'NONE',  #8612 ) ;
#7437 = CARTESIAN_POINT ( 'NONE',  ( 183.6824962211768200, 47.20343221810882300, 23.49999947845893200 ) ) ;
#7438 = ORIENTED_EDGE ( 'NONE', *, *, #4627, .F. ) ;
#7439 = VERTEX_POINT ( 'NONE', #4114 ) ;
#7440 = FACE_OUTER_BOUND ( 'NONE', #2827, .T. ) ;
#7441 = DIRECTION ( 'NONE',  ( -1.000000000000000000, 0.0000000000000000000, 0.0000000000000000000 ) ) ;
#7442 = CARTESIAN_POINT ( 'NONE',  ( 181.2719257169745800, 49.86904400576364100, 4.199999999999903400 ) ) ;
#7443 = EDGE_CURVE ( 'NONE', #4589, #9297, #7391, .T. ) ;
#7444 = CIRCLE ( 'NONE', #4732, 7.000003774852298300 ) ;
#7445 = AXIS2_PLACEMENT_3D ( 'NONE', #707, #2435, #7268 ) ;
#7446 = FACE_OUTER_BOUND ( 'NONE', #820, .T. ) ;
#7447 = EDGE_CURVE ( 'NONE', #564, #7558, #4968, .T. ) ;
#7448 = LINE ( 'NONE', #9466, #6601 ) ;
#7449 = ORIENTED_EDGE ( 'NONE', *, *, #11520, .F. ) ;
#7450 = EDGE_CURVE ( 'NONE', #7439, #1500, #3378, .T. ) ;
#7451 = TOROIDAL_SURFACE ( 'NONE', #431, 0.9999999999999453800, 0.7500000000000006700 ) ;
#7452 = CARTESIAN_POINT ( 'NONE',  ( 174.6449658969205800, 66.35050783235446700, 17.00532998067006600 ) ) ;
#7453 = AXIS2_PLACEMENT_3D ( 'NONE', #7540, #3906, #1020 ) ;
#7454 = CYLINDRICAL_SURFACE ( 'NONE', #3029, 1.999999999999974000 ) ;
#7455 = VERTEX_POINT ( 'NONE', #3123 ) ;
#7456 = VECTOR ( 'NONE', #11766, 1000.000000000000000 ) ;
#7457 = FACE_OUTER_BOUND ( 'NONE', #1044, .T. ) ;
#7458 = ORIENTED_EDGE ( 'NONE', *, *, #6367, .T. ) ;
#7459 = FACE_OUTER_BOUND ( 'NONE', #7379, .T. ) ;
#7460 = DIRECTION ( 'NONE',  ( -8.157786440681345800E-032, -4.440892098500626200E-016, -1.000000000000000000 ) ) ;
#7461 = ADVANCED_FACE ( 'NONE', ( #10126 ), #9405, .F. ) ;
#7462 = AXIS2_PLACEMENT_3D ( 'NONE', #6691, #11501, #4183 ) ;
#7463 = CIRCLE ( 'NONE', #11661, 1.000000000000451900 ) ;
#7464 = CARTESIAN_POINT ( 'NONE',  ( 169.2123204709029700, 34.76904386338122800, 23.49999947845893200 ) ) ;
#7465 = CARTESIAN_POINT ( 'NONE',  ( 185.1462943877393700, 33.49467533499879600, 2.731148640577885100E-014 ) ) ;
#7466 = DIRECTION ( 'NONE',  ( -8.157786440681345800E-032, -4.440892098500626200E-016, -1.000000000000000000 ) ) ;
#7467 = DIRECTION ( 'NONE',  ( -0.0000000000000000000, -0.0000000000000000000, 1.000000000000000000 ) ) ;
#7468 = AXIS2_PLACEMENT_3D ( 'NONE', #4196, #653, #1477 ) ;
#7469 = CYLINDRICAL_SURFACE ( 'NONE', #8349, 14.00000000000001200 ) ;
#7470 = DIRECTION ( 'NONE',  ( 0.0000000000000000000, 0.0000000000000000000, -1.000000000000000000 ) ) ;
#7471 = CARTESIAN_POINT ( 'NONE',  ( 168.1808296183259300, 37.57810637624008600, 23.49999947845893200 ) ) ;
#7472 = DIRECTION ( 'NONE',  ( -0.0000000000000000000, -0.0000000000000000000, 1.000000000000000000 ) ) ;
#7473 = ORIENTED_EDGE ( 'NONE', *, *, #7007, .T. ) ;
#7474 = FACE_OUTER_BOUND ( 'NONE', #5102, .T. ) ;
#7475 = CARTESIAN_POINT ( 'NONE',  ( 187.4979533974660600, 35.67855023120485200, 1.999999999999913000 ) ) ;
#7476 = PLANE ( 'NONE',  #7288 ) ;
#7477 = CARTESIAN_POINT ( 'NONE',  ( 183.6824962211768200, 47.20343221810882300, 21.99999947845893200 ) ) ;
#7478 = ORIENTED_EDGE ( 'NONE', *, *, #6850, .T. ) ;
#7479 = CIRCLE ( 'NONE', #11577, 0.9999999999992514900 ) ;
#7480 = AXIS2_PLACEMENT_3D ( 'NONE', #7922, #7093, #2481 ) ;
#7481 = DIRECTION ( 'NONE',  ( 0.0000000000000000000, 1.000000000000000000, 0.0000000000000000000 ) ) ;
#7482 = ORIENTED_EDGE ( 'NONE', *, *, #6432, .T. ) ;
#7483 = DIRECTION ( 'NONE',  ( 1.000000000000000000, 0.0000000000000000000, 2.478176394252579200E-016 ) ) ;
#7484 = ORIENTED_EDGE ( 'NONE', *, *, #7514, .F. ) ;
#7485 = ORIENTED_EDGE ( 'NONE', *, *, #280, .T. ) ;
#7486 = DIRECTION ( 'NONE',  ( 0.0000000000000000000, 0.0000000000000000000, -1.000000000000000000 ) ) ;
#7487 = CARTESIAN_POINT ( 'NONE',  ( 167.6610262511647700, 53.78465550865308800, 23.49999947845893200 ) ) ;
#7488 = ORIENTED_EDGE ( 'NONE', *, *, #7757, .T. ) ;
#7489 = CYLINDRICAL_SURFACE ( 'NONE', #9730, 1.000000000000000900 ) ;
#7490 = EDGE_CURVE ( 'NONE', #11484, #6664, #2493, .T. ) ;
#7491 = ORIENTED_EDGE ( 'NONE', *, *, #11920, .F. ) ;
#7492 = ORIENTED_EDGE ( 'NONE', *, *, #10143, .F. ) ;
#7493 = AXIS2_PLACEMENT_3D ( 'NONE', #5183, #2418, #6143 ) ;
#7494 = ORIENTED_EDGE ( 'NONE', *, *, #2871, .F. ) ;
#7495 = DIRECTION ( 'NONE',  ( 4.440892098500625700E-016, -1.224646799147353500E-016, -1.000000000000000000 ) ) ;
#7496 = DIRECTION ( 'NONE',  ( 1.000000000000000000, -1.836970198721029700E-016, 0.0000000000000000000 ) ) ;
#7497 = ORIENTED_EDGE ( 'NONE', *, *, #7740, .T. ) ;
#7498 = CARTESIAN_POINT ( 'NONE',  ( 158.6316844741093300, 37.09276379357758200, 1.999999999999914500 ) ) ;
#7499 = EDGE_CURVE ( 'NONE', #4692, #4421, #5831, .T. ) ;
#7500 = ORIENTED_EDGE ( 'NONE', *, *, #6089, .T. ) ;
#7501 = CYLINDRICAL_SURFACE ( 'NONE', #6456, 2.000000000000001800 ) ;
#7502 = CARTESIAN_POINT ( 'NONE',  ( 200.1063220760345000, 45.36904400576364100, 0.7500135331658556200 ) ) ;
#7503 = DIRECTION ( 'NONE',  ( 6.983158872362118400E-017, 1.110223024625156000E-016, -1.000000000000000000 ) ) ;
#7504 = DIRECTION ( 'NONE',  ( 0.0000000000000000000, -1.000000000000000000, 4.930380657631323800E-032 ) ) ;
#7505 = DIRECTION ( 'NONE',  ( -1.000000000000000000, 0.0000000000000000000, 0.0000000000000000000 ) ) ;
#7506 = ORIENTED_EDGE ( 'NONE', *, *, #5745, .T. ) ;
#7507 = EDGE_CURVE ( 'NONE', #3800, #6738, #355, .T. ) ;
#7508 = CARTESIAN_POINT ( 'NONE',  ( 174.3689582967139100, 40.40154058810439600, 81.17012103714566300 ) ) ;
#7509 = AXIS2_PLACEMENT_3D ( 'NONE', #8357, #8476, #6495 ) ;
#7510 = DIRECTION ( 'NONE',  ( 4.440892098500626200E-016, 0.0000000000000000000, -1.000000000000000000 ) ) ;
#7511 = COORDINATED_UNIVERSAL_TIME_OFFSET ( 8, 0, .AHEAD. ) ;
#7512 = EDGE_CURVE ( 'NONE', #3664, #9282, #70, .T. ) ;
#7513 = DIRECTION ( 'NONE',  ( 0.0000000000000000000, 1.000000000000000000, 0.0000000000000000000 ) ) ;
#7514 = EDGE_CURVE ( 'NONE', #2740, #5866, #9544, .T. ) ;
#7515 = CARTESIAN_POINT ( 'NONE',  ( 164.5219257939272900, 31.19757416903766500, 21.54999878108492000 ) ) ;
#7516 = DIRECTION ( 'NONE',  ( 6.983158872362112300E-017, -1.110223024625157000E-016, -1.000000000000000000 ) ) ;
#7518 = ADVANCED_FACE ( 'NONE', ( #925 ), #1902, .F. ) ;
#7517 = DIRECTION ( 'NONE',  ( 3.147609485530918300E-016, 1.110223024625155600E-016, 1.000000000000000000 ) ) ;
#7519 = AXIS2_PLACEMENT_3D ( 'NONE', #2579, #10786, #9008 ) ;
#7520 = CARTESIAN_POINT ( 'NONE',  ( 170.0788721364986300, 51.21800233909667800, 4.199999999999903400 ) ) ;
#7521 = ORIENTED_EDGE ( 'NONE', *, *, #10380, .F. ) ;
#7522 = VERTEX_POINT ( 'NONE', #8010 ) ;
#7523 = FACE_OUTER_BOUND ( 'NONE', #11560, .T. ) ;
#7524 = CARTESIAN_POINT ( 'NONE',  ( 189.0689853496277200, 43.36904400576364100, 3.000012844918273900 ) ) ;
#7525 = ORIENTED_EDGE ( 'NONE', *, *, #8807, .T. ) ;
#7526 = AXIS2_PLACEMENT_3D ( 'NONE', #1799, #7209, #6466 ) ;
#7527 = VERTEX_POINT ( 'NONE', #1845 ) ;
#7528 = ORIENTED_EDGE ( 'NONE', *, *, #662, .T. ) ;
#7529 = CARTESIAN_POINT ( 'NONE',  ( 176.2078226257125100, 55.30654386338106600, 23.49999947845893200 ) ) ;
#7530 = EDGE_LOOP ( 'NONE', ( #10523, #2050 ) ) ;
#7531 = ORIENTED_EDGE ( 'NONE', *, *, #5993, .T. ) ;
#7532 = ORIENTED_EDGE ( 'NONE', *, *, #132, .F. ) ;
#7533 = AXIS2_PLACEMENT_3D ( 'NONE', #11794, #6227, #11757 ) ;
#7534 = CIRCLE ( 'NONE', #1592, 1.000000000000000900 ) ;
#7535 = CARTESIAN_POINT ( 'NONE',  ( 182.2719257169745500, 43.86904400576364800, 4.199999999999903400 ) ) ;
#7536 = CIRCLE ( 'NONE', #8871, 5.500003774852074500 ) ;
#7537 = ORIENTED_EDGE ( 'NONE', *, *, #7678, .T. ) ;
#7538 = ORIENTED_EDGE ( 'NONE', *, *, #9249, .T. ) ;
#7539 = CARTESIAN_POINT ( 'NONE',  ( 170.7719263052478600, 45.86904386338088800, 4.199999833293105700 ) ) ;
#7540 = CARTESIAN_POINT ( 'NONE',  ( 189.0689853496277200, 43.36904400576364800, 1.999999999999918500 ) ) ;
#7541 = DIRECTION ( 'NONE',  ( -4.440892098500625700E-016, 1.224646799147353500E-016, 1.000000000000000000 ) ) ;
#7542 = EDGE_LOOP ( 'NONE', ( #6828, #10297 ) ) ;
#7543 = DIRECTION ( 'NONE',  ( -4.440892098500626200E-016, -0.0000000000000000000, 1.000000000000000000 ) ) ;
#7544 = ORIENTED_EDGE ( 'NONE', *, *, #1400, .F. ) ;
#7545 = ORIENTED_EDGE ( 'NONE', *, *, #9046, .F. ) ;
#7546 = DIRECTION ( 'NONE',  ( -8.157786440681345800E-032, -4.440892098500626200E-016, -1.000000000000000000 ) ) ;
#7547 = DIRECTION ( 'NONE',  ( 4.440892098500625700E-016, -1.224646799147353500E-016, -1.000000000000000000 ) ) ;
#7548 = CARTESIAN_POINT ( 'NONE',  ( 187.7719257169744100, 45.86904386338088800, 22.24999947845961800 ) ) ;
#7549 = VECTOR ( 'NONE', #7586, 1000.000000000000000 ) ;
#7550 = VERTEX_POINT ( 'NONE', #9470 ) ;
#7551 = CARTESIAN_POINT ( 'NONE',  ( 189.0689853496277000, 48.36904400576364800, 81.17012103714566300 ) ) ;
#7552 = LINE ( 'NONE', #10260, #4138 ) ;
#7553 = AXIS2_PLACEMENT_3D ( 'NONE', #1082, #4703, #6497 ) ;
#7554 = CARTESIAN_POINT ( 'NONE',  ( 162.1046636280877600, 34.20178191687695300, 22.49999878108514300 ) ) ;
#7555 = ORIENTED_EDGE ( 'NONE', *, *, #8646, .T. ) ;
#7556 = CARTESIAN_POINT ( 'NONE',  ( 155.2719258708795800, 45.86904400576371200, 14.29999914656994900 ) ) ;
#7557 = DIRECTION ( 'NONE',  ( 4.440892098500626200E-016, 0.0000000000000000000, -1.000000000000000000 ) ) ;
#7558 = VERTEX_POINT ( 'NONE', #863 ) ;
#7559 = CARTESIAN_POINT ( 'NONE',  ( 155.2719258708795800, 45.86904400576371200, 17.39999966811049600 ) ) ;
#7560 = CYLINDRICAL_SURFACE ( 'NONE', #6102, 1.999999999999946300 ) ;
#7561 = DIRECTION ( 'NONE',  ( -8.157786440681345800E-032, -4.440892098500626200E-016, -1.000000000000000000 ) ) ;
#7562 = APPROVAL ( #5603, 'Î´Ö¸¶¨' ) ;
#7563 = FACE_OUTER_BOUND ( 'NONE', #6988, .T. ) ;
#7564 = ORIENTED_EDGE ( 'NONE', *, *, #5853, .T. ) ;
#7565 = CARTESIAN_POINT ( 'NONE',  ( 174.7464816420452100, 66.34592854381431000, 16.76042953123788900 ) ) ;
#7566 = CARTESIAN_POINT ( 'NONE',  ( 188.0613444153857500, 37.61904427367269900, 16.49999967266197100 ) ) ;
#7567 = ORIENTED_EDGE ( 'NONE', *, *, #1948, .F. ) ;
#7568 = ORIENTED_EDGE ( 'NONE', *, *, #2890, .T. ) ;
#7569 = CYLINDRICAL_SURFACE ( 'NONE', #11076, 19.49999997868823000 ) ;
#7570 = ORIENTED_EDGE ( 'NONE', *, *, #1282, .T. ) ;
#7571 = AXIS2_PLACEMENT_3D ( 'NONE', #5099, #3066, #10551 ) ;
#7572 = LINE ( 'NONE', #592, #3563 ) ;
#7573 = EDGE_CURVE ( 'NONE', #11347, #2088, #1201, .T. ) ;
#7574 = ORIENTED_EDGE ( 'NONE', *, *, #11302, .T. ) ;
#7575 = ORIENTED_EDGE ( 'NONE', *, *, #8586, .F. ) ;
#7576 = DIRECTION ( 'NONE',  ( -4.440892098500625700E-016, 1.224646799147353500E-016, 1.000000000000000000 ) ) ;
#7577 = ADVANCED_FACE ( 'NONE', ( #3964 ), #11570, .F. ) ;
#7578 = ORIENTED_EDGE ( 'NONE', *, *, #11818, .F. ) ;
#7579 = FACE_BOUND ( 'NONE', #5824, .T. ) ;
#7580 = DIRECTION ( 'NONE',  ( 0.0000000000000000000, -1.000000000000000000, 0.0000000000000000000 ) ) ;
#7581 = DIRECTION ( 'NONE',  ( -4.078893220340672900E-032, -2.220446049250313100E-016, -1.000000000000000000 ) ) ;
#7582 = CARTESIAN_POINT ( 'NONE',  ( 163.5814319424161500, 32.14301632527190800, 2.660872366755099800E-014 ) ) ;
#7583 = VECTOR ( 'NONE', #5596, 1000.000000000000000 ) ;
#7584 = EDGE_CURVE ( 'NONE', #8681, #3069, #7831, .T. ) ;
#7585 = ORIENTED_EDGE ( 'NONE', *, *, #5326, .T. ) ;
#7586 = DIRECTION ( 'NONE',  ( -4.078893220340672900E-032, -2.220446049250313100E-016, -1.000000000000000000 ) ) ;
#7587 = CIRCLE ( 'NONE', #6316, 1.000000000000000900 ) ;
#7588 = EDGE_CURVE ( 'NONE', #2793, #6312, #7116, .T. ) ;
#7589 = DIRECTION ( 'NONE',  ( -8.157786440681345800E-032, -4.440892098500626200E-016, -1.000000000000000000 ) ) ;
#7590 = CARTESIAN_POINT ( 'NONE',  ( 161.8010730757221200, 45.03316884794978800, 23.49999947845893200 ) ) ;
#7591 = EDGE_CURVE ( 'NONE', #11110, #8632, #2645, .T. ) ;
#7592 = DIRECTION ( 'NONE',  ( -1.224646799147353500E-016, -2.220446049250312800E-016, -1.000000000000000000 ) ) ;
#7593 = VECTOR ( 'NONE', #6391, 1000.000000000000000 ) ;
#7594 = ORIENTED_EDGE ( 'NONE', *, *, #2426, .F. ) ;
#7595 = CARTESIAN_POINT ( 'NONE',  ( 174.2939123757377000, 46.76127076699071900, 21.99999947845984100 ) ) ;
#7596 = AXIS2_PLACEMENT_3D ( 'NONE', #115, #6631, #1853 ) ;
#7597 = CARTESIAN_POINT ( 'NONE',  ( 163.7579486982978700, 39.39060089301905500, 1.999999999999915000 ) ) ;
#7598 = CARTESIAN_POINT ( 'NONE',  ( 190.0689853496277000, 48.36904400576363400, 1.353316585975695300E-005 ) ) ;
#7599 = CIRCLE ( 'NONE', #1714, 16.50000028186576600 ) ;
#7600 = DIRECTION ( 'NONE',  ( 0.0000000000000000000, 0.0000000000000000000, 1.000000000000000000 ) ) ;
#7601 = CIRCLE ( 'NONE', #10822, 1.000000000000000900 ) ;
#7602 = PLANE ( 'NONE',  #5950 ) ;
#7603 = ORIENTED_EDGE ( 'NONE', *, *, #2003, .F. ) ;
#7604 = VECTOR ( 'NONE', #8356, 1000.000000000000000 ) ;
#7605 = CARTESIAN_POINT ( 'NONE',  ( 173.5122846908404600, 66.36776942489925100, 15.52552744553447200 ) ) ;
#7606 = CARTESIAN_POINT ( 'NONE',  ( 157.7719254351092400, 45.86904386338088800, 21.49999947845938300 ) ) ;
#7607 = EDGE_CURVE ( 'NONE', #2623, #1361, #218, .T. ) ;
#7608 = LINE ( 'NONE', #4416, #3159 ) ;
#7609 = DIRECTION ( 'NONE',  ( 4.440892098500626200E-016, 0.0000000000000000000, -1.000000000000000000 ) ) ;
#7610 = LINE ( 'NONE', #936, #7047 ) ;
#7611 = DIRECTION ( 'NONE',  ( -0.7071067811866341700, 0.7071067811864609800, -3.140184917367934900E-016 ) ) ;
#7612 = ORIENTED_EDGE ( 'NONE', *, *, #9593, .T. ) ;
#7613 = AXIS2_PLACEMENT_3D ( 'NONE', #9228, #11848, #4644 ) ;
#7614 = CARTESIAN_POINT ( 'NONE',  ( 194.8783015874995500, 41.77380636770252000, 1.999999999999915000 ) ) ;
#7615 = CIRCLE ( 'NONE', #4139, 2.999999999990149200 ) ;
#7616 = CARTESIAN_POINT ( 'NONE',  ( 173.7719257169743800, 45.86904400576364800, 4.200000000030890100 ) ) ;
#7617 = AXIS2_PLACEMENT_3D ( 'NONE', #2861, #4696, #10135 ) ;
#7618 = DIRECTION ( 'NONE',  ( 0.0000000000000000000, 0.0000000000000000000, -1.000000000000000000 ) ) ;
#7619 = CARTESIAN_POINT ( 'NONE',  ( 189.0689853496277200, 44.11904400576364100, 3.000012844918273900 ) ) ;
#7620 = VERTEX_POINT ( 'NONE', #4998 ) ;
#7621 = VECTOR ( 'NONE', #3657, 1000.000000000000000 ) ;
#7622 = PLANE ( 'NONE',  #5640 ) ;
#7623 = CARTESIAN_POINT ( 'NONE',  ( 173.7719257169747200, 45.86904400576391100, 22.49999878108514300 ) ) ;
#7624 = DIRECTION ( 'NONE',  ( 0.0000000000000000000, 1.000000000000000000, 0.0000000000000000000 ) ) ;
#7625 = CARTESIAN_POINT ( 'NONE',  ( 172.7719257169743800, 46.13084325118004600, 21.99999947845983800 ) ) ;
#7626 = ORIENTED_EDGE ( 'NONE', *, *, #5129, .F. ) ;
#7627 = DIRECTION ( 'NONE',  ( 1.000000000000000000, 0.0000000000000000000, 2.924823996405849500E-016 ) ) ;
#7628 = EDGE_LOOP ( 'NONE', ( #8541, #226, #11472, #3475 ) ) ;
#7629 = DIRECTION ( 'NONE',  ( 0.0000000000000000000, 1.000000000000000000, 0.0000000000000000000 ) ) ;
#7630 = CARTESIAN_POINT ( 'NONE',  ( 173.7719257169743800, 45.86904386338088800, 21.99999947845938700 ) ) ;
#7631 = ORIENTED_EDGE ( 'NONE', *, *, #11540, .T. ) ;
#7632 = CIRCLE ( 'NONE', #4140, 16.50000028186543600 ) ;
#7633 = CARTESIAN_POINT ( 'NONE',  ( 182.7875378213373400, 54.88465611012649200, 81.17012103714566300 ) ) ;
#7634 = DIRECTION ( 'NONE',  ( -1.000000000000000000, 0.0000000000000000000, 0.0000000000000000000 ) ) ;
#7636 = ADVANCED_FACE ( 'NONE', ( #4687 ), #8249, .F. ) ;
#7635 = CARTESIAN_POINT ( 'NONE',  ( 173.7719257169750900, 45.86904400576362700, 22.49999878108514300 ) ) ;
#7637 = ORIENTED_EDGE ( 'NONE', *, *, #1880, .T. ) ;
#7638 = ORIENTED_EDGE ( 'NONE', *, *, #1264, .F. ) ;
#7639 = EDGE_CURVE ( 'NONE', #3204, #2464, #6694, .T. ) ;
#7640 = CARTESIAN_POINT ( 'NONE',  ( 170.7719257169750100, 51.63532516071670400, 23.49999947845893200 ) ) ;
#7641 = VERTEX_POINT ( 'NONE', #2315 ) ;
#7642 = ORIENTED_EDGE ( 'NONE', *, *, #8186, .T. ) ;
#7643 = CARTESIAN_POINT ( 'NONE',  ( 177.2656718058337600, 40.38782700335961100, 18.99999947845893200 ) ) ;
#7644 = AXIS2_PLACEMENT_3D ( 'NONE', #2711, #7343, #10078 ) ;
#7645 = ORIENTED_EDGE ( 'NONE', *, *, #1109, .T. ) ;
#7646 = LINE ( 'NONE', #2070, #1170 ) ;
#7647 = AXIS2_PLACEMENT_3D ( 'NONE', #3009, #3876, #3828 ) ;
#7648 = DIRECTION ( 'NONE',  ( -4.440892098500625700E-016, 1.224646799147353500E-016, 1.000000000000000000 ) ) ;
#7649 = DIRECTION ( 'NONE',  ( 1.000000000000000000, 0.0000000000000000000, 0.0000000000000000000 ) ) ;
#7650 = CARTESIAN_POINT ( 'NONE',  ( 173.7719257169747200, 66.86904306100993300, 22.49999878108508600 ) ) ;
#7651 = AXIS2_PLACEMENT_3D ( 'NONE', #4955, #3166, #11403 ) ;
#7652 = ORIENTED_EDGE ( 'NONE', *, *, #11828, .T. ) ;
#7653 = DIRECTION ( 'NONE',  ( 0.0000000000000000000, 1.000000000000000000, 0.0000000000000000000 ) ) ;
#7654 = CARTESIAN_POINT ( 'NONE',  ( 186.1462943877393500, 33.49467533499879600, 81.17012103714563400 ) ) ;
#7655 = EDGE_CURVE ( 'NONE', #4335, #9833, #11857, .T. ) ;
#7656 = EDGE_CURVE ( 'NONE', #9215, #2147, #10996, .T. ) ;
#7657 = CIRCLE ( 'NONE', #3121, 1.999999999931528800 ) ;
#7658 = CARTESIAN_POINT ( 'NONE',  ( 180.0274422451638800, 43.41212025029054900, 23.49999947845893200 ) ) ;
#7659 = EDGE_CURVE ( 'NONE', #10486, #60, #8534, .T. ) ;
#7660 = B_SPLINE_CURVE_WITH_KNOTS ( 'NONE', 3,
 ( #1289, #6863, #4051, #1318, #3149, #11388, #7772, #9649, #2244, #6939, #9362, #1442, #7886, #4189, #8633, #10467, #9695, #5904 ),
 .UNSPECIFIED., .F., .F.,
 ( 4, 2, 2, 2, 2, 2, 2, 2, 4 ),
 ( 0.0000000000000000000, 0.1250000000000000000, 0.2500000000000000000, 0.3750000000000000000, 0.5000000000000000000, 0.6250000000000000000, 0.7500000000000000000, 0.8750000000000000000, 1.000000000000000000 ),
 .UNSPECIFIED. ) ;
#7661 = AXIS2_PLACEMENT_3D ( 'NONE', #665, #1564, #7032 ) ;
#7662 = DIRECTION ( 'NONE',  ( 0.0000000000000000000, 1.000000000000000000, 0.0000000000000000000 ) ) ;
#7663 = DIRECTION ( 'NONE',  ( -0.0000000000000000000, -0.0000000000000000000, 1.000000000000000000 ) ) ;
#7664 = VERTEX_POINT ( 'NONE', #6957 ) ;
#7665 = DIRECTION ( 'NONE',  ( 4.440892098500625700E-016, -1.224646799147353500E-016, -1.000000000000000000 ) ) ;
#7666 = EDGE_CURVE ( 'NONE', #2605, #2792, #7687, .T. ) ;
#7667 = CARTESIAN_POINT ( 'NONE',  ( 194.2486369672161300, 42.36904400576409600, 0.2736649848392132000 ) ) ;
#7668 = ORIENTED_EDGE ( 'NONE', *, *, #3816, .T. ) ;
#7669 = CARTESIAN_POINT ( 'NONE',  ( 166.4388463580031000, 55.36777783770767100, 18.99999947845893200 ) ) ;
#7670 = DIRECTION ( 'NONE',  ( -1.000000000000000000, 0.0000000000000000000, 0.0000000000000000000 ) ) ;
#7671 = ADVANCED_FACE ( 'NONE', ( #4553 ), #11705, .F. ) ;
#7672 = DIRECTION ( 'NONE',  ( -8.157786440681345800E-032, -4.440892098500626200E-016, -1.000000000000000000 ) ) ;
#7673 = EDGE_CURVE ( 'NONE', #6189, #2495, #3075, .T. ) ;
#7674 = ORIENTED_EDGE ( 'NONE', *, *, #7588, .T. ) ;
#7675 = AXIS2_PLACEMENT_3D ( 'NONE', #3171, #1307, #10448 ) ;
#7676 = EDGE_LOOP ( 'NONE', ( #1081, #1869, #4954, #6375 ) ) ;
#7677 = ORIENTED_EDGE ( 'NONE', *, *, #4389, .T. ) ;
#7678 = EDGE_CURVE ( 'NONE', #10573, #169, #9247, .T. ) ;
#7679 = CARTESIAN_POINT ( 'NONE',  ( 176.0081277465148200, 41.96399578645748100, 18.99999947845893200 ) ) ;
#7680 = ORIENTED_EDGE ( 'NONE', *, *, #2408, .T. ) ;
#7681 = EDGE_CURVE ( 'NONE', #11123, #6701, #1767, .T. ) ;
#7682 = FACE_OUTER_BOUND ( 'NONE', #1375, .T. ) ;
#7683 = DIRECTION ( 'NONE',  ( -1.000000000000000000, 0.0000000000000000000, -4.336808689942013800E-016 ) ) ;
#7684 = DIRECTION ( 'NONE',  ( 0.0000000000000000000, 1.000000000000000000, -5.204170673763587900E-016 ) ) ;
#7685 = CARTESIAN_POINT ( 'NONE',  ( 180.2656718058340500, 45.58397942606603000, 23.49999947845893200 ) ) ;
#7686 = AXIS2_PLACEMENT_3D ( 'NONE', #9686, #5365, #5285 ) ;
#7687 = CIRCLE ( 'NONE', #10351, 1.000000000000451900 ) ;
#7688 = DIRECTION ( 'NONE',  ( 0.0000000000000000000, 1.000000000000000000, 0.0000000000000000000 ) ) ;
#7689 = ORIENTED_EDGE ( 'NONE', *, *, #8645, .F. ) ;
#7690 = ORIENTED_EDGE ( 'NONE', *, *, #3372, .F. ) ;
#7691 = DIRECTION ( 'NONE',  ( -1.000000000000000000, -3.469446951953370800E-015, 0.0000000000000000000 ) ) ;
#7692 = ORIENTED_EDGE ( 'NONE', *, *, #5996, .F. ) ;
#7693 = EDGE_LOOP ( 'NONE', ( #235, #10393, #319, #11104, #11700 ) ) ;
#7694 = ORIENTED_EDGE ( 'NONE', *, *, #11152, .F. ) ;
#7695 = CARTESIAN_POINT ( 'NONE',  ( 173.7719257169743800, 50.11904441973563000, 4.999999311735415100 ) ) ;
#7696 = FACE_OUTER_BOUND ( 'NONE', #941, .T. ) ;
#7697 = VERTEX_POINT ( 'NONE', #7002 ) ;
#7698 = DIRECTION ( 'NONE',  ( 4.440892098500626200E-016, 0.0000000000000000000, -1.000000000000000000 ) ) ;
#7699 = AXIS2_PLACEMENT_3D ( 'NONE', #7879, #7952, #2288 ) ;
#7700 = CIRCLE ( 'NONE', #4031, 0.7500000000000006700 ) ;
#7701 = CARTESIAN_POINT ( 'NONE',  ( 198.1063220760345300, 45.86904400576364100, 0.7500135331658555100 ) ) ;
#7702 = CARTESIAN_POINT ( 'NONE',  ( 186.6766242392632500, 60.52374191474241600, 20.49999878108513900 ) ) ;
#7703 = AXIS2_PLACEMENT_3D ( 'NONE', #905, #9248, #4635 ) ;
#7704 = EDGE_LOOP ( 'NONE', ( #4662, #4214, #886, #3362 ) ) ;
#7705 = CARTESIAN_POINT ( 'NONE',  ( 187.2652476392200400, 45.86904386338088800, 21.49999947845939000 ) ) ;
#7706 = ADVANCED_FACE ( 'NONE', ( #2197 ), #2395, .T. ) ;
#7707 = VERTEX_POINT ( 'NONE', #6054 ) ;
#7708 = CYLINDRICAL_SURFACE ( 'NONE', #1060, 10.49999843580518000 ) ;
#7709 = ADVANCED_FACE ( 'NONE', ( #6127 ), #4270, .F. ) ;
#7710 = EDGE_LOOP ( 'NONE', ( #9701, #5521 ) ) ;
#7711 = DIRECTION ( 'NONE',  ( 0.0000000000000000000, 0.0000000000000000000, -1.000000000000000000 ) ) ;
#7712 = DIRECTION ( 'NONE',  ( -1.000000000000000000, 0.0000000000000000000, 0.0000000000000000000 ) ) ;
#7713 = CYLINDRICAL_SURFACE ( 'NONE', #11399, 1.000000000000000900 ) ;
#7714 = DIRECTION ( 'NONE',  ( 4.440892098500626200E-016, 0.0000000000000000000, -1.000000000000000000 ) ) ;
#7715 = CARTESIAN_POINT ( 'NONE',  ( 189.0689853496277000, 48.36904400576364800, 81.17012103714566300 ) ) ;
#7716 = CARTESIAN_POINT ( 'NONE',  ( 191.0043492831895300, 34.76528085666721100, 16.36819781739260200 ) ) ;
#7717 = CARTESIAN_POINT ( 'NONE',  ( 187.9140606726641900, 60.01117896145286300, 20.49999878108513900 ) ) ;
#7718 = ORIENTED_EDGE ( 'NONE', *, *, #6236, .F. ) ;
#7719 = ORIENTED_EDGE ( 'NONE', *, *, #1708, .T. ) ;
#7720 = DIRECTION ( 'NONE',  ( -2.924823996405848500E-016, -2.521399996901610900E-017, 1.000000000000000000 ) ) ;
#7721 = FACE_BOUND ( 'NONE', #2319, .T. ) ;
#7722 = VECTOR ( 'NONE', #10104, 1000.000000000000000 ) ;
#7723 = DIRECTION ( 'NONE',  ( 0.0000000000000000000, -4.956352788616351200E-016, 1.000000000000000000 ) ) ;
#7724 = ORIENTED_EDGE ( 'NONE', *, *, #10299, .T. ) ;
#7725 = CARTESIAN_POINT ( 'NONE',  ( 181.3330394058964100, 50.75059541401088800, 0.4999991315742422500 ) ) ;
#7726 = LINE ( 'NONE', #9435, #539 ) ;
#7727 = VECTOR ( 'NONE', #8302, 1000.000000000000000 ) ;
#7728 = EDGE_CURVE ( 'NONE', #5412, #5299, #6410, .T. ) ;
#7729 = ORIENTED_EDGE ( 'NONE', *, *, #9574, .T. ) ;
#7730 = CARTESIAN_POINT ( 'NONE',  ( 182.1066554382230200, 50.66823982107911200, 1.999999999999914100 ) ) ;
#7731 = FACE_BOUND ( 'NONE', #1702, .T. ) ;
#7732 = CARTESIAN_POINT ( 'NONE',  ( 172.7973228010760900, 66.34592591262911300, 16.76009671492488100 ) ) ;
#7733 = DIRECTION ( 'NONE',  ( -4.078893220340672900E-032, -2.220446049250313100E-016, -1.000000000000000000 ) ) ;
#7734 = VERTEX_POINT ( 'NONE', #11681 ) ;
#7735 = EDGE_CURVE ( 'NONE', #6945, #10573, #10419, .T. ) ;
#7736 = VERTEX_POINT ( 'NONE', #4284 ) ;
#7737 = CYLINDRICAL_SURFACE ( 'NONE', #10973, 14.00000000000001200 ) ;
#7738 = ADVANCED_FACE ( 'NONE', ( #6984 ), #6543, .F. ) ;
#7739 = CARTESIAN_POINT ( 'NONE',  ( 181.3330394058990600, 40.98749259751409100, 0.4999991315707681400 ) ) ;
#7740 = EDGE_CURVE ( 'NONE', #11679, #7439, #1612, .T. ) ;
#7741 = CARTESIAN_POINT ( 'NONE',  ( 178.1565401527030600, 54.85654386338118400, 23.49999947845893200 ) ) ;
#7742 = CARTESIAN_POINT ( 'NONE',  ( 159.4825070185630700, 37.61904427367264200, 16.49999967266197100 ) ) ;
#7743 = CYLINDRICAL_SURFACE ( 'NONE', #4505, 16.00000028186515500 ) ;
#7744 = CYLINDRICAL_SURFACE ( 'NONE', #5396, 0.4999999999999726900 ) ;
#7745 = VECTOR ( 'NONE', #773, 1000.000000000000000 ) ;
#7746 = EDGE_CURVE ( 'NONE', #1808, #7798, #8958, .T. ) ;
#7747 = VERTEX_POINT ( 'NONE', #9871 ) ;
#7748 = CYLINDRICAL_SURFACE ( 'NONE', #11544, 0.5000000000000004400 ) ;
#7749 = ORIENTED_EDGE ( 'NONE', *, *, #66, .F. ) ;
#7750 = LINE ( 'NONE', #4091, #1681 ) ;
#7751 = CARTESIAN_POINT ( 'NONE',  ( 173.7719257169746900, 45.86904400576435100, 22.49999878108515000 ) ) ;
#7752 = CARTESIAN_POINT ( 'NONE',  ( 168.5103883940997200, 56.65404386338083500, 18.99999947845893200 ) ) ;
#7753 = EDGE_CURVE ( 'NONE', #4100, #3167, #4109, .T. ) ;
#7754 = TOROIDAL_SURFACE ( 'NONE', #7810, 0.9999999999999453800, 0.7500000000000006700 ) ;
#7755 = AXIS2_PLACEMENT_3D ( 'NONE', #5809, #299, #6732 ) ;
#7756 = VECTOR ( 'NONE', #9109, 1000.000000000000100 ) ;
#7757 = EDGE_CURVE ( 'NONE', #9033, #961, #4456, .T. ) ;
#7758 = VERTEX_POINT ( 'NONE', #3451 ) ;
#7759 = EDGE_CURVE ( 'NONE', #8071, #10667, #8675, .T. ) ;
#7760 = CARTESIAN_POINT ( 'NONE',  ( 173.7719257169743800, 57.36904386338043300, 17.49999947845938700 ) ) ;
#7761 = CIRCLE ( 'NONE', #4014, 1.000000000000458700 ) ;
#7762 = AXIS2_PLACEMENT_3D ( 'NONE', #6390, #2743, #7372 ) ;
#7763 = CYLINDRICAL_SURFACE ( 'NONE', #4911, 2.000000000000001800 ) ;
#7764 = DIRECTION ( 'NONE',  ( -1.000000000000000000, 0.0000000000000000000, 0.0000000000000000000 ) ) ;
#7765 = FACE_OUTER_BOUND ( 'NONE', #5770, .T. ) ;
#7767 = ADVANCED_FACE ( 'NONE', ( #5319 ), #1818, .F. ) ;
#7766 = CARTESIAN_POINT ( 'NONE',  ( 173.7719257169607900, 50.11904421274963500, 4.200000000035985600 ) ) ;
#7768 = EDGE_CURVE ( 'NONE', #7798, #9245, #9607, .T. ) ;
#7769 = ADVANCED_FACE ( 'NONE', ( #6256 ), #9424, .F. ) ;
#7770 = DIRECTION ( 'NONE',  ( -4.440892098500625700E-016, 1.224646799147353500E-016, 1.000000000000000000 ) ) ;
#7771 = AXIS2_PLACEMENT_3D ( 'NONE', #6824, #5823, #5787 ) ;
#7772 = CARTESIAN_POINT ( 'NONE',  ( 191.2666776344275900, 35.18264768587466300, 17.37123220210802900 ) ) ;
#7773 = EDGE_LOOP ( 'NONE', ( #1226, #1018, #4579, #10402, #6935 ) ) ;
#7774 = VECTOR ( 'NONE', #11568, 1000.000000000000000 ) ;
#7775 = DIRECTION ( 'NONE',  ( 1.000000000000000000, -1.836970198721029700E-016, 0.0000000000000000000 ) ) ;
#7776 = AXIS2_PLACEMENT_3D ( 'NONE', #4665, #3738, #5486 ) ;
#7777 = DIRECTION ( 'NONE',  ( -1.000000000000000000, 0.0000000000000000000, 0.0000000000000000000 ) ) ;
#7778 = CARTESIAN_POINT ( 'NONE',  ( 181.7875378213373400, 36.85343190140081800, 81.17012103714566300 ) ) ;
#7779 = DIRECTION ( 'NONE',  ( -1.000000000000000000, 2.220446049250215400E-013, 0.0000000000000000000 ) ) ;
#7780 = ORIENTED_EDGE ( 'NONE', *, *, #6621, .F. ) ;
#7781 = LINE ( 'NONE', #11612, #712 ) ;
#7782 = DIRECTION ( 'NONE',  ( -4.078893220340672900E-032, -2.220446049250313100E-016, -1.000000000000000000 ) ) ;
#7783 = ORIENTED_EDGE ( 'NONE', *, *, #2508, .T. ) ;
#7784 = ORIENTED_EDGE ( 'NONE', *, *, #4171, .F. ) ;
#7785 = DIRECTION ( 'NONE',  ( 4.440892098500626200E-016, 0.0000000000000000000, -1.000000000000000000 ) ) ;
#7786 = CARTESIAN_POINT ( 'NONE',  ( 192.2719255630693500, 45.86904400576370500, 19.49999999999992200 ) ) ;
#7787 = ORIENTED_EDGE ( 'NONE', *, *, #11109, .T. ) ;
#7788 = DIRECTION ( 'NONE',  ( -1.000000000000000000, 0.0000000000000000000, -4.336808689942013800E-016 ) ) ;
#7789 = AXIS2_PLACEMENT_3D ( 'NONE', #2613, #7295, #6422 ) ;
#7790 = ORIENTED_EDGE ( 'NONE', *, *, #2912, .T. ) ;
#7791 = CIRCLE ( 'NONE', #6820, 4.250000413971985600 ) ;
#7792 = DIRECTION ( 'NONE',  ( 0.0000000000000000000, 0.0000000000000000000, -1.000000000000000000 ) ) ;
#7793 = DIRECTION ( 'NONE',  ( 0.0000000000000000000, 0.0000000000000000000, -1.000000000000000000 ) ) ;
#7794 = ADVANCED_FACE ( 'NONE', ( #10340 ), #7451, .T. ) ;
#7795 = VERTEX_POINT ( 'NONE', #1 ) ;
#7796 = ORIENTED_EDGE ( 'NONE', *, *, #8335, .T. ) ;
#7797 = CARTESIAN_POINT ( 'NONE',  ( 194.8958128916965200, 41.86405272699676800, 1.000004425852465000 ) ) ;
#7798 = VERTEX_POINT ( 'NONE', #11000 ) ;
#7799 = CARTESIAN_POINT ( 'NONE',  ( 189.0689853496277200, 42.61904400576364100, 3.000012844918273900 ) ) ;
#7800 = VERTEX_POINT ( 'NONE', #2624 ) ;
#7801 = FACE_OUTER_BOUND ( 'NONE', #7370, .T. ) ;
#7802 = CARTESIAN_POINT ( 'NONE',  ( 192.2719255630692900, 45.86904400576411700, 22.49999878108508300 ) ) ;
#7804 = ORIENTED_EDGE ( 'NONE', *, *, #8559, .T. ) ;
#7803 = CARTESIAN_POINT ( 'NONE',  ( 183.0219256400220300, 29.84757416903784800, 56.79194912331138300 ) ) ;
#7805 = AXIS2_PLACEMENT_3D ( 'NONE', #3952, #247, #6678 ) ;
#7806 = APPROVAL_DATE_TIME ( #1032, #6577 ) ;
#7807 = AXIS2_PLACEMENT_3D ( 'NONE', #1787, #5575, #8230 ) ;
#7808 = CARTESIAN_POINT ( 'NONE',  ( 181.3762733424143500, 50.68363127372489900, 0.4999982631389901000 ) ) ;
#7809 = CARTESIAN_POINT ( 'NONE',  ( 183.1365455314317200, 45.86904402129383100, 1.999999999999914500 ) ) ;
#7810 = AXIS2_PLACEMENT_3D ( 'NONE', #1010, #4638, #154 ) ;
#7811 = DIRECTION ( 'NONE',  ( -1.000000000000000000, 0.0000000000000000000, -4.440892098500626200E-016 ) ) ;
#7812 = EDGE_LOOP ( 'NONE', ( #6754, #6858, #730, #11391 ) ) ;
#7813 = EDGE_CURVE ( 'NONE', #9611, #6888, #3673, .T. ) ;
#7814 = ORIENTED_EDGE ( 'NONE', *, *, #11287, .F. ) ;
#7815 = FACE_OUTER_BOUND ( 'NONE', #3680, .T. ) ;
#7816 = EDGE_CURVE ( 'NONE', #485, #1042, #5295, .T. ) ;
#7817 = DIRECTION ( 'NONE',  ( 0.0000000000000000000, 1.000000000000000000, -1.613696327631730300E-016 ) ) ;
#7818 = ORIENTED_EDGE ( 'NONE', *, *, #10196, .F. ) ;
#7819 = ADVANCED_FACE ( 'NONE', ( #1481 ), #9320, .F. ) ;
#7820 = EDGE_CURVE ( 'NONE', #4880, #5995, #4467, .T. ) ;
#7821 = AXIS2_PLACEMENT_3D ( 'NONE', #10112, #5491, #4640 ) ;
#7822 = EDGE_LOOP ( 'NONE', ( #955, #3972, #10133, #1093 ) ) ;
#7823 = CARTESIAN_POINT ( 'NONE',  ( 171.8720901977781400, 37.24404386338085300, 21.99999947845893200 ) ) ;
#7824 = CARTESIAN_POINT ( 'NONE',  ( 193.3678436374728400, 49.36904400576365500, 1.999999999999914500 ) ) ;
#7825 = EDGE_LOOP ( 'NONE', ( #459, #11271 ) ) ;
#7826 = VERTEX_POINT ( 'NONE', #11798 ) ;
#7827 = VERTEX_POINT ( 'NONE', #6434 ) ;
#7828 = ORIENTED_EDGE ( 'NONE', *, *, #4904, .T. ) ;
#7829 = CARTESIAN_POINT ( 'NONE',  ( 177.4649792974503600, 51.21800233909667800, 2.199999311752463000 ) ) ;
#7830 = CIRCLE ( 'NONE', #4951, 19.99999905524628500 ) ;
#7831 = LINE ( 'NONE', #1273, #508 ) ;
#7832 = EDGE_CURVE ( 'NONE', #5256, #9860, #5619, .T. ) ;
#7833 = ORIENTED_EDGE ( 'NONE', *, *, #4058, .F. ) ;
#7834 = ORIENTED_CLOSED_SHELL ( 'NONE', *, #4928, .F. );
#7835 = ORIENTED_EDGE ( 'NONE', *, *, #901, .F. ) ;
#7836 = EDGE_CURVE ( 'NONE', #6628, #8159, #2274, .T. ) ;
#7837 = DIRECTION ( 'NONE',  ( -4.440892098500626200E-016, -0.0000000000000000000, 1.000000000000000000 ) ) ;
#7838 = ORIENTED_EDGE ( 'NONE', *, *, #11535, .F. ) ;
#7839 = VERTEX_POINT ( 'NONE', #6324 ) ;
#7840 = ORIENTED_EDGE ( 'NONE', *, *, #3140, .F. ) ;
#7841 = AXIS2_PLACEMENT_3D ( 'NONE', #8024, #9880, #7160 ) ;
#7842 = CIRCLE ( 'NONE', #10776, 2.000000000000001800 ) ;
#7843 = ORIENTED_EDGE ( 'NONE', *, *, #582, .T. ) ;
#7844 = DIRECTION ( 'NONE',  ( 1.000000000000000000, 0.0000000000000000000, 0.0000000000000000000 ) ) ;
#7845 = FACE_OUTER_BOUND ( 'NONE', #2906, .T. ) ;
#7846 = DIRECTION ( 'NONE',  ( 2.220446049250313100E-016, 0.0000000000000000000, -1.000000000000000000 ) ) ;
#7847 = DIRECTION ( 'NONE',  ( -0.0000000000000000000, -0.0000000000000000000, 1.000000000000000000 ) ) ;
#7848 = CARTESIAN_POINT ( 'NONE',  ( 181.4341723823079100, 50.63011058749401600, 0.4792585455323603600 ) ) ;
#7849 = ORIENTED_EDGE ( 'NONE', *, *, #8443, .F. ) ;
#7850 = ADVANCED_FACE ( 'NONE', ( #426 ), #6331, .F. ) ;
#7851 = ORIENTED_EDGE ( 'NONE', *, *, #4064, .F. ) ;
#7852 = AXIS2_PLACEMENT_3D ( 'NONE', #3838, #10291, #6528 ) ;
#7853 = FACE_OUTER_BOUND ( 'NONE', #1633, .T. ) ;
#7854 = DIRECTION ( 'NONE',  ( 0.0000000000000000000, 0.0000000000000000000, -1.000000000000000000 ) ) ;
#7855 = VECTOR ( 'NONE', #6048, 1000.000000000000000 ) ;
#7856 = VERTEX_POINT ( 'NONE', #1738 ) ;
#7857 = VERTEX_POINT ( 'NONE', #9095 ) ;
#7858 = FACE_OUTER_BOUND ( 'NONE', #6022, .T. ) ;
#7859 = DIRECTION ( 'NONE',  ( -8.157786440681345800E-032, -4.440892098500626200E-016, -1.000000000000000000 ) ) ;
#7860 = CARTESIAN_POINT ( 'NONE',  ( 187.7719257169743800, 45.86904386338088100, 22.99999947845983400 ) ) ;
#7861 = VECTOR ( 'NONE', #3513, 1000.000000000000000 ) ;
#7862 = ORIENTED_EDGE ( 'NONE', *, *, #9982, .T. ) ;
#7863 = CARTESIAN_POINT ( 'NONE',  ( 183.5512093831896200, 28.99848947591661000, 1.999999999999919000 ) ) ;
#7864 = VECTOR ( 'NONE', #2309, 1000.000000000000000 ) ;
#7865 = DIRECTION ( 'NONE',  ( 4.440892098500626200E-016, 0.0000000000000000000, -1.000000000000000000 ) ) ;
#7866 = CARTESIAN_POINT ( 'NONE',  ( 175.4953507211967000, 51.56522456131897800, 4.200000000041086400 ) ) ;
#7867 = CARTESIAN_POINT ( 'NONE',  ( 164.5219257939272900, 29.84757416903766700, 22.19999878099088200 ) ) ;
#7868 = VERTEX_POINT ( 'NONE', #5355 ) ;
#7869 = ORIENTED_EDGE ( 'NONE', *, *, #194, .F. ) ;
#7870 = ORIENTED_EDGE ( 'NONE', *, *, #9194, .F. ) ;
#7871 = EDGE_CURVE ( 'NONE', #3997, #8677, #2570, .T. ) ;
#7872 = CARTESIAN_POINT ( 'NONE',  ( 195.2719251264276700, 45.86904400576364800, 1.999999999999914500 ) ) ;
#7873 = CYLINDRICAL_SURFACE ( 'NONE', #3578, 16.00000028186513000 ) ;
#7874 = LINE ( 'NONE', #6886, #5466 ) ;
#7875 = ORIENTED_EDGE ( 'NONE', *, *, #4378, .F. ) ;
#7876 = CARTESIAN_POINT ( 'NONE',  ( 169.2781796281130400, 42.11987781092835100, 23.49999947845893200 ) ) ;
#7877 = VECTOR ( 'NONE', #8513, 1000.000000000000000 ) ;
#7878 = AXIS2_PLACEMENT_3D ( 'NONE', #5291, #11695, #7242 ) ;
#7880 = ADVANCED_FACE ( 'NONE', ( #3150 ), #6918, .T. ) ;
#7879 = CARTESIAN_POINT ( 'NONE',  ( 181.7531020476288600, 40.71629479985465100, 1.999999999999914500 ) ) ;
#7881 = DIRECTION ( 'NONE',  ( 0.0000000000000000000, -1.000000000000000000, 0.0000000000000000000 ) ) ;
#7882 = FACE_OUTER_BOUND ( 'NONE', #9966, .T. ) ;
#7883 = CARTESIAN_POINT ( 'NONE',  ( 183.0219256400218600, 61.89051384249028600, 19.49999999999988600 ) ) ;
#7884 = ORIENTED_EDGE ( 'NONE', *, *, #3286, .F. ) ;
#7885 = DIRECTION ( 'NONE',  ( -4.057416247971343300E-016, -1.000000000000000000, 0.0000000000000000000 ) ) ;
#7886 = CARTESIAN_POINT ( 'NONE',  ( 191.8246561404300200, 36.15525584320898400, 17.30037837517677000 ) ) ;
#7887 = VERTEX_POINT ( 'NONE', #7188 ) ;
#7888 = DIRECTION ( 'NONE',  ( -1.000000000000000000, 0.0000000000000000000, -2.220446049250313100E-016 ) ) ;
#7889 = LINE ( 'NONE', #8596, #5753 ) ;
#7890 = DIRECTION ( 'NONE',  ( 1.000000000000000000, -1.836970198721029700E-016, 0.0000000000000000000 ) ) ;
#7891 = VERTEX_POINT ( 'NONE', #2588 ) ;
#7892 = DIRECTION ( 'NONE',  ( 4.440892098500626200E-016, 0.0000000000000000000, -1.000000000000000000 ) ) ;
#7893 = CIRCLE ( 'NONE', #8975, 1.999999999999974000 ) ;
#7894 = CARTESIAN_POINT ( 'NONE',  ( 163.5814319424161700, 32.14301632527200100, 1.999999999999914500 ) ) ;
#7895 = EDGE_CURVE ( 'NONE', #6180, #3027, #2857, .T. ) ;
#7896 = FACE_OUTER_BOUND ( 'NONE', #8500, .T. ) ;
#7897 = CARTESIAN_POINT ( 'NONE',  ( 174.7719257169743800, 51.63532516071595100, 23.49999947845893200 ) ) ;
#7898 = CARTESIAN_POINT ( 'NONE',  ( 194.4523195939032100, 49.36904400576360500, 0.4744741567571866800 ) ) ;
#7899 = AXIS2_PLACEMENT_3D ( 'NONE', #740, #1491, #5314 ) ;
#7900 = AXIS2_PLACEMENT_3D ( 'NONE', #3844, #8437, #7401 ) ;
#7901 = VECTOR ( 'NONE', #8002, 1000.000000000000000 ) ;
#7902 = CARTESIAN_POINT ( 'NONE',  ( 159.6297907612852500, 60.01117896145287000, 22.49999878108513900 ) ) ;
#7903 = VERTEX_POINT ( 'NONE', #1652 ) ;
#7904 = CARTESIAN_POINT ( 'NONE',  ( 182.1066554382221100, 41.06984819044801300, 1.999999999999914500 ) ) ;
#7905 = DIRECTION ( 'NONE',  ( -4.440892098500625700E-016, 1.224646799147353500E-016, 1.000000000000000000 ) ) ;
#7906 = EDGE_CURVE ( 'NONE', #2386, #7424, #6905, .T. ) ;
#7907 = ORIENTED_EDGE ( 'NONE', *, *, #5631, .T. ) ;
#7908 = FACE_OUTER_BOUND ( 'NONE', #1972, .T. ) ;
#7909 = DIRECTION ( 'NONE',  ( 2.220446049250313100E-016, 0.0000000000000000000, -1.000000000000000000 ) ) ;
#7910 = AXIS2_PLACEMENT_3D ( 'NONE', #5384, #1639, #1482 ) ;
#7911 = EDGE_CURVE ( 'NONE', #6684, #9662, #3880, .T. ) ;
#7912 = EDGE_CURVE ( 'NONE', #9552, #5976, #11194, .T. ) ;
#7913 = CARTESIAN_POINT ( 'NONE',  ( 173.7719257169743800, 45.86904400576364800, 1.999999999999909800 ) ) ;
#7914 = ADVANCED_FACE ( 'NONE', ( #2287 ), #838, .F. ) ;
#7915 = AXIS2_PLACEMENT_3D ( 'NONE', #11482, #9628, #9787 ) ;
#7916 = CARTESIAN_POINT ( 'NONE',  ( 194.6346544916793300, 42.30840719984194500, 0.6643896429024142000 ) ) ;
#7917 = ORIENTED_EDGE ( 'NONE', *, *, #4001, .T. ) ;
#7918 = LINE ( 'NONE', #11531, #6776 ) ;
#7919 = DIRECTION ( 'NONE',  ( 0.0000000000000000000, 0.0000000000000000000, -1.000000000000000000 ) ) ;
#7920 = CARTESIAN_POINT ( 'NONE',  ( 164.5219257939270700, 61.89051384249005800, 22.19999878099088200 ) ) ;
#7921 = ORIENTED_EDGE ( 'NONE', *, *, #8946, .F. ) ;
#7922 = CARTESIAN_POINT ( 'NONE',  ( 186.6766242392632500, 32.96434548347627900, 22.49999878108514300 ) ) ;
#7923 = ORIENTED_EDGE ( 'NONE', *, *, #1026, .T. ) ;
#7924 = DIRECTION ( 'NONE',  ( -1.000000000000000000, 0.0000000000000000000, -4.336808689942013800E-016 ) ) ;
#7925 = VERTEX_POINT ( 'NONE', #4432 ) ;
#7926 = CIRCLE ( 'NONE', #5052, 1.000000000000451900 ) ;
#7927 = AXIS2_PLACEMENT_3D ( 'NONE', #4944, #2002, #7649 ) ;
#7928 = DIRECTION ( 'NONE',  ( 4.440892098500625700E-016, -1.224646799147353500E-016, -1.000000000000000000 ) ) ;
#7929 = DIRECTION ( 'NONE',  ( -1.000000000000000000, 0.0000000000000000000, -5.782411586589351700E-016 ) ) ;
#7930 = VERTEX_POINT ( 'NONE', #4670 ) ;
#7931 = VERTEX_POINT ( 'NONE', #10109 ) ;
#7932 = DIRECTION ( 'NONE',  ( 1.000000000000000000, 0.0000000000000000000, 0.0000000000000000000 ) ) ;
#7933 = EDGE_LOOP ( 'NONE', ( #6285, #5085 ) ) ;
#7934 = ORIENTED_EDGE ( 'NONE', *, *, #207, .F. ) ;
#7935 = ORIENTED_EDGE ( 'NONE', *, *, #10721, .F. ) ;
#7936 = CYLINDRICAL_SURFACE ( 'NONE', #11292, 19.49999997868825800 ) ;
#7937 = CARTESIAN_POINT ( 'NONE',  ( 173.7719257169743800, 50.11904441973563700, 4.165023740256402500 ) ) ;
#7938 = ADVANCED_FACE ( 'NONE', ( #10626 ), #7754, .T. ) ;
#7939 = DIRECTION ( 'NONE',  ( 2.220446049250125700E-016, 2.220446049250312600E-016, -1.000000000000000000 ) ) ;
#7940 = ORIENTED_EDGE ( 'NONE', *, *, #1939, .F. ) ;
#7941 = DIRECTION ( 'NONE',  ( 1.000000000000000000, 0.0000000000000000000, 0.0000000000000000000 ) ) ;
#7942 = DIRECTION ( 'NONE',  ( 4.440892098500626200E-016, 0.0000000000000000000, -1.000000000000000000 ) ) ;
#7943 = DIRECTION ( 'NONE',  ( -1.000000000000000000, 1.387778780781629300E-014, 0.0000000000000000000 ) ) ;
#7944 = CARTESIAN_POINT ( 'NONE',  ( 189.0689853496277200, 49.11904400576364100, 1.750013533165798400 ) ) ;
#7945 = CIRCLE ( 'NONE', #4383, 2.000000000000057300 ) ;
#7946 = ORIENTED_EDGE ( 'NONE', *, *, #2262, .T. ) ;
#7947 = EDGE_CURVE ( 'NONE', #7455, #10667, #5331, .T. ) ;
#7948 = ORIENTED_EDGE ( 'NONE', *, *, #7735, .T. ) ;
#7949 = DIRECTION ( 'NONE',  ( 1.613696327631727400E-016, 1.613696327631728100E-016, 1.000000000000000000 ) ) ;
#7950 = CARTESIAN_POINT ( 'NONE',  ( 186.1462943877393700, 33.49467533499879600, 2.775557561562891400E-014 ) ) ;
#7951 = ORIENTED_EDGE ( 'NONE', *, *, #5607, .F. ) ;
#7952 = DIRECTION ( 'NONE',  ( 0.0000000000000000000, 0.0000000000000000000, -1.000000000000000000 ) ) ;
#7953 = CARTESIAN_POINT ( 'NONE',  ( 181.2719257169745500, 49.86904400576364100, 2.199999311752463900 ) ) ;
#7954 = CARTESIAN_POINT ( 'NONE',  ( 164.1722458577018500, 50.12299672668248700, 1.999999999999914500 ) ) ;
#7955 = ORIENTED_EDGE ( 'NONE', *, *, #5778, .T. ) ;
#7956 = CARTESIAN_POINT ( 'NONE',  ( 156.3331731894151900, 35.09181493278202200, 17.30037837534121100 ) ) ;
#7957 = AXIS2_PLACEMENT_3D ( 'NONE', #1726, #8799, #9939 ) ;
#7958 = ORIENTED_EDGE ( 'NONE', *, *, #8052, .F. ) ;
#7959 = ORIENTED_EDGE ( 'NONE', *, *, #9200, .T. ) ;
#7960 = EDGE_CURVE ( 'NONE', #8257, #11004, #4768, .T. ) ;
#7961 = DIRECTION ( 'NONE',  ( -8.157786440681345800E-032, -4.440892098500626200E-016, -1.000000000000000000 ) ) ;
#7962 = VERTEX_POINT ( 'NONE', #6549 ) ;
#7963 = CIRCLE ( 'NONE', #5791, 2.000000000000001800 ) ;
#7964 = ADVANCED_FACE ( 'NONE', ( #1404 ), #8452, .F. ) ;
#7965 = LINE ( 'NONE', #1106, #2942 ) ;
#7966 = DIRECTION ( 'NONE',  ( 0.0000000000000000000, 1.000000000000000000, 0.0000000000000000000 ) ) ;
#7967 = VERTEX_POINT ( 'NONE', #4794 ) ;
#7968 = EDGE_CURVE ( 'NONE', #8062, #2160, #11775, .T. ) ;
#7969 = ORIENTED_EDGE ( 'NONE', *, *, #3753, .T. ) ;
#7970 = EDGE_LOOP ( 'NONE', ( #8522, #2604, #896, #6460 ) ) ;
#7971 = EDGE_LOOP ( 'NONE', ( #7884, #9529, #6552, #10134 ) ) ;
#7972 = EDGE_CURVE ( 'NONE', #4143, #10837, #1974, .T. ) ;
#7973 = PLANE ( 'NONE',  #6928 ) ;
#7974 = ORIENTED_EDGE ( 'NONE', *, *, #2417, .T. ) ;
#7975 = EDGE_CURVE ( 'NONE', #1655, #9819, #9905, .T. ) ;
#7976 = FACE_OUTER_BOUND ( 'NONE', #2986, .T. ) ;
#7977 = CARTESIAN_POINT ( 'NONE',  ( 182.4321797548188000, 40.86904386338090200, 17.49999947846030000 ) ) ;
#7978 = AXIS2_PLACEMENT_3D ( 'NONE', #10192, #1058, #5757 ) ;
#7979 = CARTESIAN_POINT ( 'NONE',  ( 190.2719267945538200, 45.86904400576364100, 0.7500135331658555100 ) ) ;
#7980 = CYLINDRICAL_SURFACE ( 'NONE', #5260, 16.50000028186576600 ) ;
#7981 = CARTESIAN_POINT ( 'NONE',  ( 180.7001289472500500, 49.86904386338100900, 19.99999947845892800 ) ) ;
#7982 = CARTESIAN_POINT ( 'NONE',  ( 183.7875378213373400, 54.88465611012649200, 81.17012103714566300 ) ) ;
#7983 = DIRECTION ( 'NONE',  ( -1.000000000000000000, 0.0000000000000000000, 3.147609485530918300E-016 ) ) ;
#7984 = ORIENTED_EDGE ( 'NONE', *, *, #1613, .F. ) ;
#7985 = ORIENTED_EDGE ( 'NONE', *, *, #5611, .F. ) ;
#7986 = FACE_OUTER_BOUND ( 'NONE', #5264, .T. ) ;
#7987 = EDGE_CURVE ( 'NONE', #5992, #817, #5038, .T. ) ;
#7988 = PLANE ( 'NONE',  #6610 ) ;
#7989 = AXIS2_PLACEMENT_3D ( 'NONE', #1838, #11069, #2658 ) ;
#7990 = LINE ( 'NONE', #6779, #4568 ) ;
#7991 = CARTESIAN_POINT ( 'NONE',  ( 180.7001289472500500, 49.86904386338100900, 19.99999947845892800 ) ) ;
#7992 = AXIS2_PLACEMENT_3D ( 'NONE', #10526, #11360, #10490 ) ;
#7993 = ORIENTED_EDGE ( 'NONE', *, *, #2268, .F. ) ;
#7994 = ORIENTED_EDGE ( 'NONE', *, *, #8287, .F. ) ;
#7995 = DIRECTION ( 'NONE',  ( -4.440892098500626200E-016, -0.0000000000000000000, 1.000000000000000000 ) ) ;
#7996 = DIRECTION ( 'NONE',  ( -1.000000000000000000, 0.0000000000000000000, 0.0000000000000000000 ) ) ;
#7997 = CIRCLE ( 'NONE', #151, 0.9999999999999978900 ) ;
#7998 = CYLINDRICAL_SURFACE ( 'NONE', #6, 0.7500000000000006700 ) ;
#7999 = CARTESIAN_POINT ( 'NONE',  ( 179.7001289472500500, 49.86904386338100900, 19.99999947845892800 ) ) ;
#8000 = ORIENTED_EDGE ( 'NONE', *, *, #1177, .F. ) ;
#8001 = AXIS2_PLACEMENT_3D ( 'NONE', #11219, #18, #5622 ) ;
#8002 = DIRECTION ( 'NONE',  ( 1.972152263052529100E-031, -1.000000000000000000, -0.0000000000000000000 ) ) ;
#8004 = ADVANCED_FACE ( 'NONE', ( #11487 ), #9026, .F. ) ;
#8003 = DIRECTION ( 'NONE',  ( -4.440892098500626200E-016, -0.0000000000000000000, 1.000000000000000000 ) ) ;
#8005 = CIRCLE ( 'NONE', #6624, 0.7999999999999951600 ) ;
#8006 = ORIENTED_EDGE ( 'NONE', *, *, #9269, .F. ) ;
#8007 = CIRCLE ( 'NONE', #455, 0.7500000000000006700 ) ;
#8008 = VERTEX_POINT ( 'NONE', #10225 ) ;
#8009 = LINE ( 'NONE', #3566, #974 ) ;
#8010 = CARTESIAN_POINT ( 'NONE',  ( 174.7719257169739300, 52.51494189713089600, 23.49999947845901400 ) ) ;
#8011 = FACE_OUTER_BOUND ( 'NONE', #3022, .T. ) ;
#8012 = PRODUCT_DEFINITION_FORMATION_WITH_SPECIFIED_SOURCE ( 'ÈÎºÎ', '', #5832, .NOT_KNOWN. ) ;
#8013 = CIRCLE ( 'NONE', #3369, 1.749999386690445700 ) ;
#8014 = CYLINDRICAL_SURFACE ( 'NONE', #7519, 4.500000000000198100 ) ;
#8015 = ORIENTED_EDGE ( 'NONE', *, *, #9897, .F. ) ;
#8016 = PLANE ( 'NONE',  #6851 ) ;
#8017 = FACE_OUTER_BOUND ( 'NONE', #4295, .T. ) ;
#8018 = ADVANCED_FACE ( 'NONE', ( #10915 ), #1120, .T. ) ;
#8019 = ORIENTED_EDGE ( 'NONE', *, *, #3112, .F. ) ;
#8020 = EDGE_CURVE ( 'NONE', #573, #7620, #2556, .T. ) ;
#8021 = CIRCLE ( 'NONE', #11889, 8.500000000000119000 ) ;
#8022 = CARTESIAN_POINT ( 'NONE',  ( 193.3678436374728200, 41.86904400576364100, 2.862293735361731700E-014 ) ) ;
#8023 = AXIS2_PLACEMENT_3D ( 'NONE', #11900, #804, #10242 ) ;
#8024 = CARTESIAN_POINT ( 'NONE',  ( 189.7719259988398600, 45.86904400576391100, 19.49999999999988600 ) ) ;
#8025 = CIRCLE ( 'NONE', #1413, 0.5000000000000004400 ) ;
#8026 = AXIS2_PLACEMENT_3D ( 'NONE', #10607, #5118, #5161 ) ;
#8027 = ORIENTED_EDGE ( 'NONE', *, *, #5004, .T. ) ;
#8028 = DIRECTION ( 'NONE',  ( 2.220446049250856900E-016, 2.220446049250313100E-016, -1.000000000000000000 ) ) ;
#8029 = FACE_OUTER_BOUND ( 'NONE', #8870, .T. ) ;
#8030 = CARTESIAN_POINT ( 'NONE',  ( 167.2934826042300900, 55.88302102443958600, 2.765839755838919700E-014 ) ) ;
#8031 = AXIS2_PLACEMENT_3D ( 'NONE', #8615, #3039, #11442 ) ;
#8032 = CARTESIAN_POINT ( 'NONE',  ( 164.5219257939270700, 59.89051384255830600, 22.19999878099088200 ) ) ;
#8033 = LINE ( 'NONE', #6499, #4479 ) ;
#8034 = CARTESIAN_POINT ( 'NONE',  ( 155.7698590703270200, 36.06134257226615600, 17.37123220212259900 ) ) ;
#8035 = EDGE_CURVE ( 'NONE', #3633, #4534, #133, .T. ) ;
#8036 = CARTESIAN_POINT ( 'NONE',  ( 191.4000717265999200, 50.59249149310147700, 22.49999878108514300 ) ) ;
#8037 = CARTESIAN_POINT ( 'NONE',  ( 152.2719263075210800, 45.86904400576364800, 19.50000000000002100 ) ) ;
#8038 = CIRCLE ( 'NONE', #6441, 1.000000000000000900 ) ;
#8039 = EDGE_CURVE ( 'NONE', #5412, #1097, #8038, .T. ) ;
#8040 = EDGE_CURVE ( 'NONE', #6008, #10984, #6611, .T. ) ;
#8041 = CARTESIAN_POINT ( 'NONE',  ( 189.0689853496277200, 49.11904400576364100, 3.000012844918273900 ) ) ;
#8042 = AXIS2_PLACEMENT_3D ( 'NONE', #11021, #9321, #6565 ) ;
#8043 = EDGE_LOOP ( 'NONE', ( #6262, #6306, #6036, #10006, #2440 ) ) ;
#8044 = CIRCLE ( 'NONE', #7978, 10.49999843580509700 ) ;
#8045 = DIRECTION ( 'NONE',  ( 0.0000000000000000000, 1.224646799147353200E-016, 1.000000000000000000 ) ) ;
#8046 = CARTESIAN_POINT ( 'NONE',  ( 189.2719267945538500, 45.86904400576364100, 3.000012844918273900 ) ) ;
#8047 = CARTESIAN_POINT ( 'NONE',  ( 174.5719257169745300, 39.86904448602505400, 2.199999311752465700 ) ) ;
#8048 = CARTESIAN_POINT ( 'NONE',  ( 156.4711140000588300, 34.87202310048795100, 15.99509409889493800 ) ) ;
#8049 = EDGE_CURVE ( 'NONE', #6801, #3323, #9615, .T. ) ;
#8050 = ORIENTED_CLOSED_SHELL ( 'NONE', *, #6720, .F. );
#8051 = ORIENTED_EDGE ( 'NONE', *, *, #10606, .T. ) ;
#8052 = EDGE_CURVE ( 'NONE', #9105, #8951, #7179, .T. ) ;
#8053 = CYLINDRICAL_SURFACE ( 'NONE', #1621, 2.999999411726545200 ) ;
#8054 = DIRECTION ( 'NONE',  ( 0.0000000000000000000, -1.000000000000000000, 0.0000000000000000000 ) ) ;
#8055 = CARTESIAN_POINT ( 'NONE',  ( 192.2719255630692900, 47.86904400576389000, 22.34999878108499200 ) ) ;
#8056 = EDGE_CURVE ( 'NONE', #5976, #9552, #3583, .T. ) ;
#8057 = AXIS2_PLACEMENT_3D ( 'NONE', #4181, #10576, #5087 ) ;
#8058 = ORIENTED_EDGE ( 'NONE', *, *, #8272, .T. ) ;
#8059 = CARTESIAN_POINT ( 'NONE',  ( 161.3975570462096700, 33.49467533499925800, 3.000013011975194200 ) ) ;
#8060 = ADVANCED_FACE ( 'NONE', ( #1686 ), #5632, .F. ) ;
#8061 = VERTEX_POINT ( 'NONE', #2135 ) ;
#8062 = VERTEX_POINT ( 'NONE', #11397 ) ;
#8063 = CARTESIAN_POINT ( 'NONE',  ( 159.4825070185631000, 37.61904427367265700, 15.49999967266197100 ) ) ;
#8064 = DIRECTION ( 'NONE',  ( 0.0000000000000000000, 1.000000000000000000, 0.0000000000000000000 ) ) ;
#8065 = DIRECTION ( 'NONE',  ( -1.000000000000000000, 0.0000000000000000000, 0.0000000000000000000 ) ) ;
#8066 = ORIENTED_EDGE ( 'NONE', *, *, #10377, .T. ) ;
#8067 = FACE_OUTER_BOUND ( 'NONE', #1762, .T. ) ;
#8068 = CARTESIAN_POINT ( 'NONE',  ( 174.7719257169739300, 52.51494189713068300, 23.49999947845893200 ) ) ;
#8069 = AXIS2_PLACEMENT_3D ( 'NONE', #8710, #11578, #3385 ) ;
#8070 = CARTESIAN_POINT ( 'NONE',  ( 183.0219256400218600, 62.89051384249050600, 19.49999999999992200 ) ) ;
#8071 = VERTEX_POINT ( 'NONE', #11311 ) ;
#8072 = ORIENTED_EDGE ( 'NONE', *, *, #3271, .F. ) ;
#8073 = EDGE_LOOP ( 'NONE', ( #11729, #2826 ) ) ;
#8074 = DIRECTION ( 'NONE',  ( -1.000000000000000000, 0.0000000000000000000, -4.336808689942013800E-016 ) ) ;
#8075 = AXIS2_PLACEMENT_3D ( 'NONE', #9438, #2116, #3051 ) ;
#8076 = CIRCLE ( 'NONE', #9277, 0.7500000000000006700 ) ;
#8077 = ADVANCED_FACE ( 'NONE', ( #3293 ), #7469, .T. ) ;
#8078 = DIRECTION ( 'NONE',  ( -0.7071067811866341700, 0.7071067811864609800, 0.0000000000000000000 ) ) ;
#8079 = CARTESIAN_POINT ( 'NONE',  ( 190.0689853496277200, 43.36904400576364800, 3.000012844918298800 ) ) ;
#8080 = ORIENTED_EDGE ( 'NONE', *, *, #585, .F. ) ;
#8081 = APPROVAL_PERSON_ORGANIZATION ( #9676, #9869, #8336 ) ;
#8082 = CARTESIAN_POINT ( 'NONE',  ( 164.5219257939272900, 28.49757416903768000, 56.79194912331138300 ) ) ;
#8083 = DIRECTION ( 'NONE',  ( -1.000000000000000000, 0.0000000000000000000, 0.0000000000000000000 ) ) ;
#8084 = DIRECTION ( 'NONE',  ( 1.387778846336956800E-015, 1.000000000000000000, -5.204170673763587900E-016 ) ) ;
#8085 = CARTESIAN_POINT ( 'NONE',  ( 155.5988577906434200, 36.38261991798819400, 15.99243093763968700 ) ) ;
#8086 = ORIENTED_EDGE ( 'NONE', *, *, #7584, .F. ) ;
#8087 = VERTEX_POINT ( 'NONE', #4909 ) ;
#8088 = ORIENTED_EDGE ( 'NONE', *, *, #7639, .T. ) ;
#8089 = DIRECTION ( 'NONE',  ( -1.000000000000000000, 0.0000000000000000000, -2.960863674957793600E-016 ) ) ;
#8090 = DIRECTION ( 'NONE',  ( 1.000000000000000000, 0.0000000000000000000, -0.0000000000000000000 ) ) ;
#8091 = CYLINDRICAL_SURFACE ( 'NONE', #1996, 1.000000000000000900 ) ;
#8092 = AXIS2_PLACEMENT_3D ( 'NONE', #2077, #3094, #4013 ) ;
#8093 = ORIENTED_EDGE ( 'NONE', *, *, #1128, .F. ) ;
#8094 = ORIENTED_EDGE ( 'NONE', *, *, #11147, .F. ) ;
#8095 = ORIENTED_EDGE ( 'NONE', *, *, #9518, .F. ) ;
#8096 = CARTESIAN_POINT ( 'NONE',  ( 176.7719257169737500, 52.51494189713120200, 23.49999947845893200 ) ) ;
#8097 = CARTESIAN_POINT ( 'NONE',  ( 197.9033806311083200, 48.36904400576364100, 0.7500135331658555100 ) ) ;
#8098 = ORIENTED_EDGE ( 'NONE', *, *, #4230, .F. ) ;
#8099 = ORIENTED_EDGE ( 'NONE', *, *, #11834, .T. ) ;
#8100 = ORIENTED_EDGE ( 'NONE', *, *, #5591, .T. ) ;
#8101 = CYLINDRICAL_SURFACE ( 'NONE', #4798, 1.349999999999997000 ) ;
#8102 = EDGE_CURVE ( 'NONE', #10705, #11280, #4190, .T. ) ;
#8103 = CYLINDRICAL_SURFACE ( 'NONE', #3629, 1.000000000000000900 ) ;
#8104 = DIRECTION ( 'NONE',  ( -1.586033448167061900E-014, 1.000000000000000000, 0.0000000000000000000 ) ) ;
#8105 = AXIS2_PLACEMENT_3D ( 'NONE', #11228, #1882, #2869 ) ;
#8106 = ORIENTED_EDGE ( 'NONE', *, *, #9744, .F. ) ;
#8107 = AXIS2_PLACEMENT_3D ( 'NONE', #9306, #11204, #7580 ) ;
#8108 = ORIENTED_EDGE ( 'NONE', *, *, #10766, .F. ) ;
#8109 = DIRECTION ( 'NONE',  ( 0.0000000000000000000, 1.000000000000000000, 0.0000000000000000000 ) ) ;
#8110 = VERTEX_POINT ( 'NONE', #4873 ) ;
#8111 = VERTEX_POINT ( 'NONE', #6745 ) ;
#8112 = CARTESIAN_POINT ( 'NONE',  ( 178.8361552673457300, 34.44085342471461800, 1.999999999999914500 ) ) ;
#8113 = FACE_OUTER_BOUND ( 'NONE', #2789, .T. ) ;
#8114 = VERTEX_POINT ( 'NONE', #3068 ) ;
#8115 = CARTESIAN_POINT ( 'NONE',  ( 173.7719257169743800, 56.66904386338090700, 19.99999947846017900 ) ) ;
#8117 = ADVANCED_FACE ( 'NONE', ( #5343 ), #10198, .F. ) ;
#8116 = CARTESIAN_POINT ( 'NONE',  ( 173.7719257169745200, 39.86904448602505400, 5.499999311752643100 ) ) ;
#8118 = CARTESIAN_POINT ( 'NONE',  ( 189.7097021230050900, 50.13955832290816500, 22.49999878108514300 ) ) ;
#8119 = CIRCLE ( 'NONE', #6709, 12.00000000000001100 ) ;
#8120 = EDGE_CURVE ( 'NONE', #4534, #4407, #10334, .T. ) ;
#8121 = AXIS2_PLACEMENT_3D ( 'NONE', #717, #9887, #8188 ) ;
#8122 = EDGE_CURVE ( 'NONE', #791, #2246, #3163, .T. ) ;
#8123 = DIRECTION ( 'NONE',  ( -1.224646799147352700E-016, 2.220446049250314100E-016, -1.000000000000000000 ) ) ;
#8124 = EDGE_CURVE ( 'NONE', #1587, #3456, #5748, .T. ) ;
#8125 = ORIENTED_EDGE ( 'NONE', *, *, #4007, .T. ) ;
#8126 = DIRECTION ( 'NONE',  ( 0.0000000000000000000, -1.000000000000000000, 0.0000000000000000000 ) ) ;
#8127 = CARTESIAN_POINT ( 'NONE',  ( 173.7719257169743800, 45.86904386338088800, 22.24999947845961400 ) ) ;
#8128 = VERTEX_POINT ( 'NONE', #5143 ) ;
#8129 = AXIS2_PLACEMENT_3D ( 'NONE', #353, #6151, #6114 ) ;
#8130 = DIRECTION ( 'NONE',  ( 0.0000000000000000000, 1.000000000000000000, 0.0000000000000000000 ) ) ;
#8131 = CARTESIAN_POINT ( 'NONE',  ( 155.8893837117634300, 35.84508960854179100, 15.52540724646852500 ) ) ;
#8132 = VECTOR ( 'NONE', #8757, 1000.000000000000000 ) ;
#8133 = LINE ( 'NONE', #6352, #10876 ) ;
#8134 = CARTESIAN_POINT ( 'NONE',  ( 164.5219257939272900, 29.84757416903766700, 22.19999878093403800 ) ) ;
#8135 = DIRECTION ( 'NONE',  ( 1.000000000000000000, 0.0000000000000000000, 0.0000000000000000000 ) ) ;
#8136 = ORIENTED_EDGE ( 'NONE', *, *, #1574, .T. ) ;
#8137 = ADVANCED_FACE ( 'NONE', ( #7765 ), #2868, .F. ) ;
#8138 = ORIENTED_EDGE ( 'NONE', *, *, #2010, .T. ) ;
#8139 = VECTOR ( 'NONE', #11294, 1000.000000000000000 ) ;
#8140 = AXIS2_PLACEMENT_3D ( 'NONE', #7635, #3054, #7684 ) ;
#8141 = CIRCLE ( 'NONE', #6170, 0.8000000000000020400 ) ;
#8142 = CARTESIAN_POINT ( 'NONE',  ( 0.0000000000000000000, 0.0000000000000000000, 0.0000000000000000000 ) ) ;
#8143 = ORIENTED_EDGE ( 'NONE', *, *, #6468, .T. ) ;
#8144 = CARTESIAN_POINT ( 'NONE',  ( 173.7719257169747200, 45.86904400576418100, 22.49999878108515000 ) ) ;
#8145 = DIRECTION ( 'NONE',  ( 4.078893220340672900E-032, 2.220446049250313100E-016, 1.000000000000000000 ) ) ;
#8146 = CYLINDRICAL_SURFACE ( 'NONE', #11470, 16.00000028186513000 ) ;
#8147 = CARTESIAN_POINT ( 'NONE',  ( 171.6950026400516000, 49.86108476153673100, 23.49999947845893900 ) ) ;
#8148 = AXIS2_PLACEMENT_3D ( 'NONE', #2584, #10032, #823 ) ;
#8149 = VERTEX_POINT ( 'NONE', #5946 ) ;
#8150 = ORIENTED_EDGE ( 'NONE', *, *, #10600, .F. ) ;
#8151 = ORIENTED_EDGE ( 'NONE', *, *, #4007, .F. ) ;
#8152 = DIRECTION ( 'NONE',  ( 0.0000000000000000000, 1.000000000000000000, -1.613696327631730300E-016 ) ) ;
#8153 = CARTESIAN_POINT ( 'NONE',  ( 182.4321797548188000, 40.86904386338088800, 23.49999947845933700 ) ) ;
#8154 = VECTOR ( 'NONE', #10418, 1000.000000000000000 ) ;
#8155 = DIRECTION ( 'NONE',  ( -1.000000000000000000, 0.0000000000000000000, 0.0000000000000000000 ) ) ;
#8156 = CIRCLE ( 'NONE', #1878, 1.000000000000451900 ) ;
#8157 = LINE ( 'NONE', #3863, #9603 ) ;
#8158 = CARTESIAN_POINT ( 'NONE',  ( 168.5955450594449300, 26.55052839254454600, 20.49999878108513900 ) ) ;
#8159 = VERTEX_POINT ( 'NONE', #10637 ) ;
#8160 = LINE ( 'NONE', #298, #2265 ) ;
#8161 = CIRCLE ( 'NONE', #7571, 1.749999386690438600 ) ;
#8162 = VERTEX_POINT ( 'NONE', #9663 ) ;
#8163 = CARTESIAN_POINT ( 'NONE',  ( 165.2719257169744900, 45.86904400576364800, 4.199999999999901600 ) ) ;
#8164 = DIRECTION ( 'NONE',  ( 0.0000000000000000000, 1.224646799147353200E-016, 1.000000000000000000 ) ) ;
#8165 = DIRECTION ( 'NONE',  ( 1.586033448167061900E-014, 1.000000000000000000, 0.0000000000000000000 ) ) ;
#8166 = VECTOR ( 'NONE', #10394, 1000.000000000000000 ) ;
#8167 = DIRECTION ( 'NONE',  ( 0.0000000000000000000, 0.0000000000000000000, -1.000000000000000000 ) ) ;
#8168 = AXIS2_PLACEMENT_3D ( 'NONE', #330, #6768, #2148 ) ;
#8169 = CIRCLE ( 'NONE', #8498, 2.000000000000001800 ) ;
#8170 = VECTOR ( 'NONE', #1070, 1000.000000000000000 ) ;
#8171 = CARTESIAN_POINT ( 'NONE',  ( 164.5219257939272900, 29.84757416903766400, 21.54999878108492000 ) ) ;
#8172 = ORIENTED_EDGE ( 'NONE', *, *, #435, .F. ) ;
#8173 = CYLINDRICAL_SURFACE ( 'NONE', #6091, 2.000000000000057300 ) ;
#8174 = CARTESIAN_POINT ( 'NONE',  ( 178.8361552673457300, 34.44085342471461800, 1.999999999999915400 ) ) ;
#8175 = CARTESIAN_POINT ( 'NONE',  ( 156.5257878239129900, 34.78647739740325300, 16.24014178369652600 ) ) ;
#8176 = LINE ( 'NONE', #5701, #1414 ) ;
#8177 = CIRCLE ( 'NONE', #1123, 8.999999999997399400 ) ;
#8178 = CARTESIAN_POINT ( 'NONE',  ( 155.2719258708795800, 45.86904400576371200, 14.29999914656994900 ) ) ;
#8179 = ADVANCED_FACE ( 'NONE', ( #5051 ), #9627, .F. ) ;
#8180 = ORIENTED_EDGE ( 'NONE', *, *, #5607, .T. ) ;
#8181 = LINE ( 'NONE', #1866, #9338 ) ;
#8182 = DIRECTION ( 'NONE',  ( 4.440892098500625200E-016, -1.224646799147353500E-016, -1.000000000000000000 ) ) ;
#8183 = AXIS2_PLACEMENT_3D ( 'NONE', #8480, #2987, #3058 ) ;
#8184 = CARTESIAN_POINT ( 'NONE',  ( 164.5219257939270700, 61.89051384249008000, 56.79194912331138300 ) ) ;
#8185 = DIRECTION ( 'NONE',  ( 4.440892098500626200E-016, 0.0000000000000000000, -1.000000000000000000 ) ) ;
#8186 = EDGE_CURVE ( 'NONE', #8993, #5889, #709, .T. ) ;
#8187 = DIRECTION ( 'NONE',  ( 5.799354052610095000E-017, 1.004477587021330900E-016, -1.000000000000000000 ) ) ;
#8188 = DIRECTION ( 'NONE',  ( -1.000000000000000000, 0.0000000000000000000, 0.0000000000000000000 ) ) ;
#8189 = PLANE ( 'NONE',  #3746 ) ;
#8190 = CARTESIAN_POINT ( 'NONE',  ( 161.3975570462096400, 58.24341267652847900, 81.17012103714566300 ) ) ;
#8191 = DIRECTION ( 'NONE',  ( 0.0000000000000000000, -0.0000000000000000000, -1.000000000000000000 ) ) ;
#8192 = EDGE_CURVE ( 'NONE', #5093, #212, #11784, .T. ) ;
#8193 = ORIENTED_EDGE ( 'NONE', *, *, #8124, .T. ) ;
#8194 = FACE_OUTER_BOUND ( 'NONE', #11188, .T. ) ;
#8195 = CARTESIAN_POINT ( 'NONE',  ( 179.8828251827841000, 53.78465550865318100, 23.49999947845893200 ) ) ;
#8196 = DIRECTION ( 'NONE',  ( 0.0000000000000000000, 1.000000000000000000, 0.0000000000000000000 ) ) ;
#8197 = EDGE_CURVE ( 'NONE', #202, #10698, #149, .T. ) ;
#8198 = ADVANCED_FACE ( 'NONE', ( #5906 ), #4755, .T. ) ;
#8199 = EDGE_CURVE ( 'NONE', #2246, #7084, #5192, .T. ) ;
#8200 = DIRECTION ( 'NONE',  ( 0.7071067811864609800, 0.7071067811866341700, 3.140184917367164300E-016 ) ) ;
#8201 = DIRECTION ( 'NONE',  ( -1.000000000000000000, 0.0000000000000000000, -4.081702296415959300E-016 ) ) ;
#8202 = DIRECTION ( 'NONE',  ( -1.000000000000000000, 0.0000000000000000000, -4.336808689942013800E-016 ) ) ;
#8203 = DIRECTION ( 'NONE',  ( -1.000000000000000000, 0.0000000000000000000, 0.0000000000000000000 ) ) ;
#8204 = AXIS2_PLACEMENT_3D ( 'NONE', #8904, #6277, #1505 ) ;
#8205 = ORIENTED_EDGE ( 'NONE', *, *, #1125, .T. ) ;
#8206 = VERTEX_POINT ( 'NONE', #8727 ) ;
#8207 = ORIENTED_EDGE ( 'NONE', *, *, #9913, .F. ) ;
#8208 = FACE_BOUND ( 'NONE', #2736, .T. ) ;
#8209 = CARTESIAN_POINT ( 'NONE',  ( 173.7719257169747800, 55.86904386338111600, 18.99999947845893200 ) ) ;
#8210 = CARTESIAN_POINT ( 'NONE',  ( 180.2718850593088000, 45.89203403532670900, 23.49999947845893200 ) ) ;
#8211 = ORIENTED_EDGE ( 'NONE', *, *, #9044, .F. ) ;
#8212 = VERTEX_POINT ( 'NONE', #1452 ) ;
#8213 = CARTESIAN_POINT ( 'NONE',  ( 182.2719257169745500, 49.86904400576364100, 4.199999999999903400 ) ) ;
#8214 = EDGE_CURVE ( 'NONE', #3808, #10268, #8321, .T. ) ;
#8215 = AXIS2_PLACEMENT_3D ( 'NONE', #1053, #2791, #9253 ) ;
#8216 = ORIENTED_EDGE ( 'NONE', *, *, #1462, .F. ) ;
#8217 = ORIENTED_EDGE ( 'NONE', *, *, #10659, .F. ) ;
#8218 = DIRECTION ( 'NONE',  ( -0.0000000000000000000, -0.0000000000000000000, 1.000000000000000000 ) ) ;
#8219 = CARTESIAN_POINT ( 'NONE',  ( 169.2781796281130700, 42.11987781092835100, 18.99999947845893200 ) ) ;
#8220 = VERTEX_POINT ( 'NONE', #7897 ) ;
#8221 = VECTOR ( 'NONE', #8755, 1000.000000000000000 ) ;
#8222 = DIRECTION ( 'NONE',  ( -1.000000000000000000, 0.0000000000000000000, -2.220446049250312600E-016 ) ) ;
#8223 = AXIS2_PLACEMENT_3D ( 'NONE', #1148, #5673, #8375 ) ;
#8224 = DIRECTION ( 'NONE',  ( -1.000000000000000000, 3.469446951953611000E-015, 0.0000000000000000000 ) ) ;
#8225 = ORIENTED_EDGE ( 'NONE', *, *, #4752, .F. ) ;
#8226 = DIRECTION ( 'NONE',  ( 4.440892098500626200E-016, 0.0000000000000000000, -1.000000000000000000 ) ) ;
#8227 = DIRECTION ( 'NONE',  ( -0.0000000000000000000, -0.0000000000000000000, 1.000000000000000000 ) ) ;
#8228 = DIRECTION ( 'NONE',  ( -1.000000000000000000, 0.0000000000000000000, 0.0000000000000000000 ) ) ;
#8229 = CIRCLE ( 'NONE', #11815, 12.00000000000001100 ) ;
#8230 = DIRECTION ( 'NONE',  ( 0.0000000000000000000, -1.000000000000000000, 0.0000000000000000000 ) ) ;
#8231 = VERTEX_POINT ( 'NONE', #8800 ) ;
#8232 = CARTESIAN_POINT ( 'NONE',  ( 189.0689853496277200, 48.36904400576364800, 1.999999999999918500 ) ) ;
#8233 = ORIENTED_EDGE ( 'NONE', *, *, #3766, .F. ) ;
#8234 = DIRECTION ( 'NONE',  ( 4.440892098500626200E-016, 0.0000000000000000000, -1.000000000000000000 ) ) ;
#8235 = CIRCLE ( 'NONE', #2621, 1.000000000000000900 ) ;
#8236 = VERTEX_POINT ( 'NONE', #2258 ) ;
#8237 = DIRECTION ( 'NONE',  ( -1.000000000000000000, 0.0000000000000000000, 0.0000000000000000000 ) ) ;
#8238 = DIRECTION ( 'NONE',  ( 4.440892098500625700E-016, -1.224646799147353500E-016, -1.000000000000000000 ) ) ;
#8240 = ADVANCED_FACE ( 'NONE', ( #11209 ), #9183, .F. ) ;
#8239 = CARTESIAN_POINT ( 'NONE',  ( 165.1116716791299600, 40.86904386338090200, 17.49999947846030000 ) ) ;
#8241 = EDGE_LOOP ( 'NONE', ( #7719, #6086, #10946, #7148 ) ) ;
#8242 = ORIENTED_EDGE ( 'NONE', *, *, #8124, .F. ) ;
#8243 = ORIENTED_EDGE ( 'NONE', *, *, #10267, .T. ) ;
#8244 = CARTESIAN_POINT ( 'NONE',  ( 162.9956455047893700, 61.00928524862835200, 1.999999999999914100 ) ) ;
#8245 = ORIENTED_EDGE ( 'NONE', *, *, #1729, .T. ) ;
#8246 = FACE_OUTER_BOUND ( 'NONE', #6791, .T. ) ;
#8247 = CARTESIAN_POINT ( 'NONE',  ( 180.4860070032794100, 47.88053894935387700, 21.99999947845893200 ) ) ;
#8248 = CARTESIAN_POINT ( 'NONE',  ( 160.0458980364823800, 35.67855023120400700, 1.999999999999914100 ) ) ;
#8249 = CYLINDRICAL_SURFACE ( 'NONE', #9660, 19.99999905524556400 ) ;
#8250 = DIRECTION ( 'NONE',  ( 0.0000000000000000000, 0.0000000000000000000, -1.000000000000000000 ) ) ;
#8251 = EDGE_CURVE ( 'NONE', #3791, #10582, #8025, .T. ) ;
#8252 = ORIENTED_EDGE ( 'NONE', *, *, #7425, .T. ) ;
#8253 = VERTEX_POINT ( 'NONE', #5061 ) ;
#8254 = CARTESIAN_POINT ( 'NONE',  ( 173.7719257169743800, 45.86904386338089500, 22.99999947854303200 ) ) ;
#8255 = AXIS2_PLACEMENT_3D ( 'NONE', #3576, #10957, #3617 ) ;
#8256 = DIRECTION ( 'NONE',  ( 1.000000000000000000, 0.0000000000000000000, 0.0000000000000000000 ) ) ;
#8257 = VERTEX_POINT ( 'NONE', #11475 ) ;
#8258 = ORIENTED_EDGE ( 'NONE', *, *, #4247, .T. ) ;
#8259 = AXIS2_PLACEMENT_3D ( 'NONE', #1114, #10200, #6638 ) ;
#8260 = ORIENTED_EDGE ( 'NONE', *, *, #7607, .T. ) ;
#8261 = FACE_OUTER_BOUND ( 'NONE', #9148, .T. ) ;
#8262 = EDGE_LOOP ( 'NONE', ( #4992, #1343, #5689, #3824 ) ) ;
#8263 = AXIS2_PLACEMENT_3D ( 'NONE', #443, #9677, #5957 ) ;
#8264 = CIRCLE ( 'NONE', #6874, 2.000000000000029300 ) ;
#8265 = CARTESIAN_POINT ( 'NONE',  ( 166.4388463580031000, 55.36777783770767100, 21.99999947845893200 ) ) ;
#8266 = DIRECTION ( 'NONE',  ( 0.0000000000000000000, 0.0000000000000000000, -1.000000000000000000 ) ) ;
#8267 = EDGE_CURVE ( 'NONE', #4799, #8149, #5621, .T. ) ;
#8268 = ORIENTED_EDGE ( 'NONE', *, *, #5837, .F. ) ;
#8269 = EDGE_CURVE ( 'NONE', #1763, #6273, #3307, .T. ) ;
#8270 = ORIENTED_EDGE ( 'NONE', *, *, #3833, .F. ) ;
#8271 = CARTESIAN_POINT ( 'NONE',  ( 170.0788721364986300, 40.52008567243016300, 4.200000000041029600 ) ) ;
#8272 = EDGE_CURVE ( 'NONE', #7066, #11689, #10060, .T. ) ;
#8273 = VECTOR ( 'NONE', #6336, 1000.000000000000000 ) ;
#8274 = ORIENTED_EDGE ( 'NONE', *, *, #9190, .F. ) ;
#8275 = AXIS2_PLACEMENT_3D ( 'NONE', #4788, #11191, #8447 ) ;
#8276 = VECTOR ( 'NONE', #7338, 1000.000000000000000 ) ;
#8277 = EDGE_CURVE ( 'NONE', #5980, #1778, #988, .T. ) ;
#8278 = CARTESIAN_POINT ( 'NONE',  ( 178.1565401527030600, 54.85654386338118400, 23.49999947845893200 ) ) ;
#8279 = DIRECTION ( 'NONE',  ( -1.000000000000000000, 0.0000000000000000000, -4.448008917622303500E-016 ) ) ;
#8280 = DIRECTION ( 'NONE',  ( 0.5000000000000015500, -0.8660254037844377100, 0.0000000000000000000 ) ) ;
#8281 = CARTESIAN_POINT ( 'NONE',  ( 162.3437351359251300, 50.93327355613490000, 2.732189474663471200E-014 ) ) ;
#8282 = EDGE_LOOP ( 'NONE', ( #10986, #9227, #5265, #743, #3618 ) ) ;
#8283 = CARTESIAN_POINT ( 'NONE',  ( 185.7427783582269600, 45.03316884795051300, 23.49999947845893900 ) ) ;
#8284 = CARTESIAN_POINT ( 'NONE',  ( 169.5179729960596500, 55.46872386502667500, 1.999999999999914100 ) ) ;
#8285 = ORIENTED_EDGE ( 'NONE', *, *, #6680, .F. ) ;
#8286 = FACE_BOUND ( 'NONE', #11176, .T. ) ;
#8287 = EDGE_CURVE ( 'NONE', #5938, #5793, #11500, .T. ) ;
#8288 = CARTESIAN_POINT ( 'NONE',  ( 193.0904413301937600, 40.69266334823373700, 20.49999878108513900 ) ) ;
#8289 = ORIENTED_EDGE ( 'NONE', *, *, #1543, .F. ) ;
#8290 = AXIS2_PLACEMENT_3D ( 'NONE', #10283, #4807, #4921 ) ;
#8291 = TOROIDAL_SURFACE ( 'NONE', #7381, 0.9999999999999731300, 0.4999999999999952300 ) ;
#8292 = EDGE_CURVE ( 'NONE', #4119, #4405, #3598, .T. ) ;
#8293 = EDGE_CURVE ( 'NONE', #4906, #5980, #287, .T. ) ;
#8294 = ORIENTED_EDGE ( 'NONE', *, *, #4690, .F. ) ;
#8295 = CARTESIAN_POINT ( 'NONE',  ( 173.7719257169743800, 49.36904386330238000, 23.49999947847437200 ) ) ;
#8296 = AXIS2_PLACEMENT_3D ( 'NONE', #3459, #7196, #1664 ) ;
#8297 = DIRECTION ( 'NONE',  ( 0.0000000000000000000, 1.000000000000000000, -2.891205793294675900E-016 ) ) ;
#8298 = CIRCLE ( 'NONE', #561, 19.99999905524573100 ) ;
#8299 = LINE ( 'NONE', #3616, #401 ) ;
#8300 = EDGE_LOOP ( 'NONE', ( #1919, #5353 ) ) ;
#8301 = DIRECTION ( 'NONE',  ( 4.440892098500626200E-016, 0.0000000000000000000, -1.000000000000000000 ) ) ;
#8302 = DIRECTION ( 'NONE',  ( 0.7071067811865773300, -0.7071067811865178200, 0.0000000000000000000 ) ) ;
#8303 = LINE ( 'NONE', #10359, #11750 ) ;
#8304 = ORIENTED_EDGE ( 'NONE', *, *, #5745, .F. ) ;
#8305 = FACE_OUTER_BOUND ( 'NONE', #3473, .T. ) ;
#8306 = CARTESIAN_POINT ( 'NONE',  ( 180.4860070032794100, 47.88053894935387700, 18.99999947845893200 ) ) ;
#8307 = ORIENTED_EDGE ( 'NONE', *, *, #1634, .F. ) ;
#8308 = ADVANCED_FACE ( 'NONE', ( #3 ), #4202, .F. ) ;
#8309 = AXIS2_PLACEMENT_3D ( 'NONE', #11728, #2600, #10846 ) ;
#8310 = EDGE_LOOP ( 'NONE', ( #5609, #3675, #4827, #415 ) ) ;
#8311 = FACE_BOUND ( 'NONE', #9757, .T. ) ;
#8312 = LINE ( 'NONE', #3445, #7745 ) ;
#8313 = ORIENTED_EDGE ( 'NONE', *, *, #5911, .F. ) ;
#8314 = CARTESIAN_POINT ( 'NONE',  ( 183.0219256400218600, 61.89051384249028600, 22.49999878108507900 ) ) ;
#8315 = AXIS2_PLACEMENT_3D ( 'NONE', #8879, #1447, #4266 ) ;
#8316 = CIRCLE ( 'NONE', #1287, 1.000000000000445000 ) ;
#8317 = DIRECTION ( 'NONE',  ( -0.7071067811865474600, 8.659560562354931600E-017, 0.7071067811865475700 ) ) ;
#8318 = VERTEX_POINT ( 'NONE', #3470 ) ;
#8319 = FACE_OUTER_BOUND ( 'NONE', #7281, .T. ) ;
#8320 = DIRECTION ( 'NONE',  ( -1.000000000000000000, 0.0000000000000000000, 0.0000000000000000000 ) ) ;
#8321 = LINE ( 'NONE', #2215, #4481 ) ;
#8322 = ADVANCED_FACE ( 'NONE', ( #1545 ), #1271, .F. ) ;
#8323 = ORIENTED_EDGE ( 'NONE', *, *, #3683, .T. ) ;
#8324 = DIRECTION ( 'NONE',  ( 0.0000000000000000000, 1.000000000000000000, -2.891205793294675900E-016 ) ) ;
#8325 = DIRECTION ( 'NONE',  ( 0.0000000000000000000, -0.0000000000000000000, 1.000000000000000000 ) ) ;
#8326 = PLANE ( 'NONE',  #3882 ) ;
#8327 = CIRCLE ( 'NONE', #10725, 2.000000000000001800 ) ;
#8328 = CARTESIAN_POINT ( 'NONE',  ( 173.7719257169743800, 57.36904386338088800, 3.000012844918302300 ) ) ;
#8329 = ORIENTED_EDGE ( 'NONE', *, *, #10357, .T. ) ;
#8330 = LINE ( 'NONE', #2673, #4053 ) ;
#8331 = EDGE_CURVE ( 'NONE', #9696, #1488, #572, .T. ) ;
#8332 = CARTESIAN_POINT ( 'NONE',  ( 186.1462943877393500, 58.24341267652847200, 81.17012103714566300 ) ) ;
#8333 = DIRECTION ( 'NONE',  ( -8.157786440681345800E-032, -4.440892098500626200E-016, -1.000000000000000000 ) ) ;
#8334 = DIRECTION ( 'NONE',  ( 4.440892098500626200E-016, 0.0000000000000000000, -1.000000000000000000 ) ) ;
#8335 = EDGE_CURVE ( 'NONE', #1492, #10315, #8177, .T. ) ;
#8336 = APPROVAL_ROLE ( '' ) ;
#8337 = AXIS2_PLACEMENT_3D ( 'NONE', #9051, #11550, #3561 ) ;
#8338 = ORIENTED_EDGE ( 'NONE', *, *, #5237, .F. ) ;
#8339 = CIRCLE ( 'NONE', #3973, 12.00000000000001100 ) ;
#8340 = EDGE_CURVE ( 'NONE', #11126, #8496, #10928, .T. ) ;
#8341 = CARTESIAN_POINT ( 'NONE',  ( 197.9033806311083200, 47.86904400576364100, 0.7500135331658556200 ) ) ;
#8342 = DIRECTION ( 'NONE',  ( 1.000000000000000000, 0.0000000000000000000, 0.0000000000000000000 ) ) ;
#8343 = VERTEX_POINT ( 'NONE', #8079 ) ;
#8344 = DIRECTION ( 'NONE',  ( 4.440892098500625700E-016, -1.224646799147353500E-016, -1.000000000000000000 ) ) ;
#8345 = ORIENTED_EDGE ( 'NONE', *, *, #6527, .F. ) ;
#8346 = ORIENTED_EDGE ( 'NONE', *, *, #6393, .F. ) ;
#8347 = EDGE_CURVE ( 'NONE', #8554, #7084, #1699, .T. ) ;
#8348 = DIRECTION ( 'NONE',  ( 1.000000000000000000, 0.0000000000000000000, 0.0000000000000000000 ) ) ;
#8349 = AXIS2_PLACEMENT_3D ( 'NONE', #273, #2049, #6707 ) ;
#8350 = CARTESIAN_POINT ( 'NONE',  ( 166.5219257938588300, 61.89051384249005800, 22.19999878099088200 ) ) ;
#8351 = ORIENTED_EDGE ( 'NONE', *, *, #5591, .F. ) ;
#8352 = EDGE_CURVE ( 'NONE', #1944, #9244, #11062, .T. ) ;
#8353 = CIRCLE ( 'NONE', #7480, 1.749999386690445700 ) ;
#8354 = DIRECTION ( 'NONE',  ( 0.0000000000000000000, 0.0000000000000000000, -1.000000000000000000 ) ) ;
#8355 = EDGE_CURVE ( 'NONE', #2769, #3707, #1138, .T. ) ;
#8356 = DIRECTION ( 'NONE',  ( -4.440892098500625700E-016, 1.224646799147353500E-016, 1.000000000000000000 ) ) ;
#8357 = CARTESIAN_POINT ( 'NONE',  ( 173.7719257169743800, 45.86904400576364800, 5.499999311752645800 ) ) ;
#8358 = ADVANCED_FACE ( 'NONE', ( #10639 ), #10744, .F. ) ;
#8359 = AXIS2_PLACEMENT_3D ( 'NONE', #3511, #7207, #7250 ) ;
#8360 = VERTEX_POINT ( 'NONE', #9817 ) ;
#8361 = ORIENTED_EDGE ( 'NONE', *, *, #11370, .T. ) ;
#8362 = ORIENTED_EDGE ( 'NONE', *, *, #10185, .T. ) ;
#8363 = CIRCLE ( 'NONE', #11747, 4.500000000000198100 ) ;
#8364 = CARTESIAN_POINT ( 'NONE',  ( 173.9039057777419500, 66.36904814694540300, 17.50010175061684600 ) ) ;
#8365 = DIRECTION ( 'NONE',  ( -1.000000000000000000, 0.0000000000000000000, 0.0000000000000000000 ) ) ;
#8366 = EDGE_CURVE ( 'NONE', #11425, #1763, #3895, .T. ) ;
#8367 = ORIENTED_EDGE ( 'NONE', *, *, #7906, .T. ) ;
#8368 = DIRECTION ( 'NONE',  ( 1.000000000000000000, -1.836970198721029700E-016, 0.0000000000000000000 ) ) ;
#8369 = DIRECTION ( 'NONE',  ( 0.0000000000000000000, 1.000000000000000000, 0.0000000000000000000 ) ) ;
#8370 = LINE ( 'NONE', #2720, #3494 ) ;
#8371 = ADVANCED_FACE ( 'NONE', ( #6193 ), #1417, .F. ) ;
#8372 = AXIS2_PLACEMENT_3D ( 'NONE', #8930, #10949, #11678 ) ;
#8373 = DIRECTION ( 'NONE',  ( 4.440892098500625700E-016, -1.224646799147353500E-016, -1.000000000000000000 ) ) ;
#8374 = CARTESIAN_POINT ( 'NONE',  ( 173.7719257169744400, 45.86904400576353400, 4.199999999999902500 ) ) ;
#8375 = DIRECTION ( 'NONE',  ( -1.000000000000000000, -3.330669073874949000E-014, 0.0000000000000000000 ) ) ;
#8376 = ORIENTED_EDGE ( 'NONE', *, *, #2958, .F. ) ;
#8377 = VERTEX_POINT ( 'NONE', #8115 ) ;
#8378 = CARTESIAN_POINT ( 'NONE',  ( 182.4321797548188000, 41.66904386338090700, 17.49999947846030000 ) ) ;
#8379 = DIRECTION ( 'NONE',  ( -1.000000000000000000, 0.0000000000000000000, 0.0000000000000000000 ) ) ;
#8380 = ORIENTED_EDGE ( 'NONE', *, *, #219, .T. ) ;
#8381 = CYLINDRICAL_SURFACE ( 'NONE', #10934, 1.000000000000000900 ) ;
#8382 = CARTESIAN_POINT ( 'NONE',  ( 181.5578151976200700, 41.18214165639376700, 0.4124745711136331100 ) ) ;
#8383 = ORIENTED_EDGE ( 'NONE', *, *, #9985, .T. ) ;
#8384 = CARTESIAN_POINT ( 'NONE',  ( 164.5219257939272900, 29.84757416903766700, 22.19999878099088200 ) ) ;
#8385 = ORIENTED_EDGE ( 'NONE', *, *, #6830, .F. ) ;
#8386 = AXIS2_PLACEMENT_3D ( 'NONE', #4333, #6244, #608 ) ;
#8387 = CARTESIAN_POINT ( 'NONE',  ( 182.7875378213373400, 36.85343190140081800, 81.17012103714566300 ) ) ;
#8388 = ORIENTED_EDGE ( 'NONE', *, *, #8939, .T. ) ;
#8389 = ORIENTED_EDGE ( 'NONE', *, *, #9110, .F. ) ;
#8390 = EDGE_LOOP ( 'NONE', ( #11614, #3959, #9800, #666 ) ) ;
#8391 = CARTESIAN_POINT ( 'NONE',  ( 160.3975570462096700, 33.49467533499925800, 2.731148640577885100E-014 ) ) ;
#8392 = LINE ( 'NONE', #7863, #11866 ) ;
#8393 = DIRECTION ( 'NONE',  ( 0.0000000000000000000, 1.000000000000000000, 0.0000000000000000000 ) ) ;
#8394 = CIRCLE ( 'NONE', #3001, 1.349999999999997000 ) ;
#8395 = DIRECTION ( 'NONE',  ( -1.000000000000000000, 0.0000000000000000000, -4.336808689941954100E-016 ) ) ;
#8396 = VERTEX_POINT ( 'NONE', #8283 ) ;
#8397 = CC_DESIGN_PERSON_AND_ORGANIZATION_ASSIGNMENT ( #8943, #8493, ( #8012 ) ) ;
#8398 = VERTEX_POINT ( 'NONE', #4624 ) ;
#8399 = ORIENTED_EDGE ( 'NONE', *, *, #8881, .T. ) ;
#8400 = CARTESIAN_POINT ( 'NONE',  ( 172.7719257169744900, 66.34463869875489200, 16.49999967266197100 ) ) ;
#8401 = VERTEX_POINT ( 'NONE', #8163 ) ;
#8402 = LINE ( 'NONE', #9960, #4132 ) ;
#8403 = ORIENTED_EDGE ( 'NONE', *, *, #10280, .F. ) ;
#8404 = LINE ( 'NONE', #9740, #2517 ) ;
#8405 = CARTESIAN_POINT ( 'NONE',  ( 187.4979533974654100, 35.67855023120515100, 2.862293735361731700E-014 ) ) ;
#8406 = AXIS2_PLACEMENT_3D ( 'NONE', #1137, #2991, #9570 ) ;
#8407 = AXIS2_PLACEMENT_3D ( 'NONE', #7283, #880, #7241 ) ;
#8408 = EDGE_LOOP ( 'NONE', ( #11237, #3635, #8143, #10318 ) ) ;
#8409 = DIRECTION ( 'NONE',  ( 0.0000000000000000000, 0.0000000000000000000, -1.000000000000000000 ) ) ;
#8410 = ADVANCED_FACE ( 'NONE', ( #8465 ), #6062, .F. ) ;
#8411 = ORIENTED_EDGE ( 'NONE', *, *, #808, .F. ) ;
#8412 = AXIS2_PLACEMENT_3D ( 'NONE', #9415, #3109, #5749 ) ;
#8413 = LINE ( 'NONE', #8436, #2232 ) ;
#8414 = CARTESIAN_POINT ( 'NONE',  ( 168.5103883940997200, 56.65404386338083500, 23.49999947845893200 ) ) ;
#8415 = CIRCLE ( 'NONE', #5564, 21.49999940945329500 ) ;
#8416 = DIRECTION ( 'NONE',  ( -1.000000000000000000, 0.0000000000000000000, 0.0000000000000000000 ) ) ;
#8417 = EDGE_CURVE ( 'NONE', #8726, #3036, #10773, .T. ) ;
#8418 = CARTESIAN_POINT ( 'NONE',  ( 164.5219257939270100, 29.84757416903736900, 19.49999999999992200 ) ) ;
#8419 = VERTEX_POINT ( 'NONE', #6345 ) ;
#8420 = EDGE_CURVE ( 'NONE', #95, #4677, #6344, .T. ) ;
#8421 = CARTESIAN_POINT ( 'NONE',  ( 159.6297907612857300, 31.72690905007490200, 22.49999878108514300 ) ) ;
#8422 = EDGE_CURVE ( 'NONE', #2918, #6509, #851, .T. ) ;
#8423 = EDGE_LOOP ( 'NONE', ( #9388, #7668, #10312, #966 ) ) ;
#8424 = FACE_OUTER_BOUND ( 'NONE', #10082, .T. ) ;
#8425 = CARTESIAN_POINT ( 'NONE',  ( 181.7531020476288600, 40.71629479985465100, 2.949029909160572100E-014 ) ) ;
#8426 = AXIS2_PLACEMENT_3D ( 'NONE', #11082, #195, #7416 ) ;
#8427 = FACE_BOUND ( 'NONE', #6515, .T. ) ;
#8428 = ORIENTED_EDGE ( 'NONE', *, *, #8417, .T. ) ;
#8429 = CARTESIAN_POINT ( 'NONE',  ( 160.0458980364821300, 56.05953778032219500, 2.741907280387430800E-014 ) ) ;
#8430 = FACE_BOUND ( 'NONE', #10117, .T. ) ;
#8431 = CARTESIAN_POINT ( 'NONE',  ( 200.1063220760345000, 46.36904400576364800, 0.7500135331658555100 ) ) ;
#8432 = CARTESIAN_POINT ( 'NONE',  ( 190.6424802468220600, 55.64832767197774600, 1.999999999999915400 ) ) ;
#8433 = ORIENTED_EDGE ( 'NONE', *, *, #1007, .F. ) ;
#8434 = VERTEX_POINT ( 'NONE', #3643 ) ;
#8435 = CARTESIAN_POINT ( 'NONE',  ( 193.3678436374728200, 42.36904400576385400, 2.862293735361731700E-014 ) ) ;
#8436 = CARTESIAN_POINT ( 'NONE',  ( 198.9033806311083200, 47.86904400576364100, 0.7500135331658556200 ) ) ;
#8437 = DIRECTION ( 'NONE',  ( -4.440892098500626200E-016, -0.0000000000000000000, 1.000000000000000000 ) ) ;
#8438 = ORIENTED_EDGE ( 'NONE', *, *, #7911, .T. ) ;
#8439 = EDGE_CURVE ( 'NONE', #1827, #9662, #7610, .T. ) ;
#8440 = CIRCLE ( 'NONE', #2327, 1.999999999999946300 ) ;
#8441 = AXIS2_PLACEMENT_3D ( 'NONE', #1862, #11016, #127 ) ;
#8442 = CIRCLE ( 'NONE', #6394, 1.999999999999772800 ) ;
#8443 = EDGE_CURVE ( 'NONE', #1492, #645, #2427, .T. ) ;
#8444 = VECTOR ( 'NONE', #3115, 1000.000000000000000 ) ;
#8445 = VERTEX_POINT ( 'NONE', #9171 ) ;
#8446 = CIRCLE ( 'NONE', #6021, 4.500000000000198100 ) ;
#8447 = DIRECTION ( 'NONE',  ( -1.000000000000000000, 0.0000000000000000000, -2.220446049250313100E-016 ) ) ;
#8448 = AXIS2_PLACEMENT_3D ( 'NONE', #4606, #10933, #11891 ) ;
#8449 = CARTESIAN_POINT ( 'NONE',  ( 173.7719257169743800, 45.86904386338088800, 5.249999934764247200 ) ) ;
#8450 = FACE_OUTER_BOUND ( 'NONE', #48, .T. ) ;
#8451 = ORIENTED_EDGE ( 'NONE', *, *, #6231, .F. ) ;
#8452 = CYLINDRICAL_SURFACE ( 'NONE', #4147, 2.999999411726545200 ) ;
#8453 = CARTESIAN_POINT ( 'NONE',  ( 166.8437224866989100, 49.86904386338100900, 18.99999947845893200 ) ) ;
#8454 = CARTESIAN_POINT ( 'NONE',  ( 174.7719257169743800, 51.63532516071646900, 23.49999947845893200 ) ) ;
#8455 = VERTEX_POINT ( 'NONE', #6421 ) ;
#8456 = VECTOR ( 'NONE', #9444, 1000.000000000000000 ) ;
#8457 = ORIENTED_EDGE ( 'NONE', *, *, #10363, .T. ) ;
#8458 = FACE_OUTER_BOUND ( 'NONE', #8831, .T. ) ;
#8459 = CARTESIAN_POINT ( 'NONE',  ( 169.5014113998312800, 29.93126759973336300, 22.49999878108514300 ) ) ;
#8460 = AXIS2_PLACEMENT_3D ( 'NONE', #11139, #2901, #5055 ) ;
#8461 = VECTOR ( 'NONE', #3499, 1000.000000000000000 ) ;
#8462 = PERSON_AND_ORGANIZATION_ROLE ( 'creator' ) ;
#8463 = CARTESIAN_POINT ( 'NONE',  ( 192.0043108786986700, 36.49727206305256300, 16.49999967266197100 ) ) ;
#8464 = DIRECTION ( 'NONE',  ( -0.7071067811866783600, 0.7071067811864166800, -1.570092458684065600E-016 ) ) ;
#8465 = FACE_OUTER_BOUND ( 'NONE', #8390, .T. ) ;
#8466 = DIRECTION ( 'NONE',  ( -1.000000000000000000, 0.0000000000000000000, 0.0000000000000000000 ) ) ;
#8467 = DIRECTION ( 'NONE',  ( -1.094764425253763300E-047, 4.930380657631323800E-032, 1.000000000000000000 ) ) ;
#8468 = CARTESIAN_POINT ( 'NONE',  ( 190.0689853496277200, 48.36904400576364800, 3.000012844918298800 ) ) ;
#8469 = DIRECTION ( 'NONE',  ( -4.440892109195640400E-016, -0.0000000000000000000, 1.000000000000000000 ) ) ;
#8470 = ORIENTED_EDGE ( 'NONE', *, *, #1038, .F. ) ;
#8471 = LINE ( 'NONE', #6739, #11644 ) ;
#8472 = DIRECTION ( 'NONE',  ( -1.000000000000000000, 0.0000000000000000000, -2.571232623030909800E-016 ) ) ;
#8473 = CARTESIAN_POINT ( 'NONE',  ( 189.0689853496277200, 44.11904400576364100, 1.750013533165798400 ) ) ;
#8474 = DIRECTION ( 'NONE',  ( -1.000000000000000000, 1.110223024625291100E-014, 0.0000000000000000000 ) ) ;
#8475 = DIRECTION ( 'NONE',  ( -1.000000000000000000, 0.0000000000000000000, -2.168404306771157900E-016 ) ) ;
#8476 = DIRECTION ( 'NONE',  ( 0.0000000000000000000, 0.0000000000000000000, -1.000000000000000000 ) ) ;
#8478 = ADVANCED_FACE ( 'NONE', ( #10347 ), #4620, .F. ) ;
#8477 = DIRECTION ( 'NONE',  ( -1.000000000000000000, 0.0000000000000000000, 0.0000000000000000000 ) ) ;
#8479 = EDGE_CURVE ( 'NONE', #6978, #10093, #5489, .T. ) ;
#8480 = CARTESIAN_POINT ( 'NONE',  ( 169.4846951286113800, 53.17480510411329700, 18.99999947845893200 ) ) ;
#8481 = ORIENTED_EDGE ( 'NONE', *, *, #280, .F. ) ;
#8482 = VECTOR ( 'NONE', #2184, 1000.000000000000000 ) ;
#8483 = AXIS2_PLACEMENT_3D ( 'NONE', #90, #2688, #799 ) ;
#8484 = DIRECTION ( 'NONE',  ( 2.220446049250313100E-016, 0.0000000000000000000, -1.000000000000000000 ) ) ;
#8485 = ORIENTED_EDGE ( 'NONE', *, *, #8120, .F. ) ;
#8486 = ORIENTED_EDGE ( 'NONE', *, *, #1239, .T. ) ;
#8487 = VERTEX_POINT ( 'NONE', #11068 ) ;
#8488 = ORIENTED_EDGE ( 'NONE', *, *, #7490, .F. ) ;
#8489 = FACE_OUTER_BOUND ( 'NONE', #104, .T. ) ;
#8490 = EDGE_CURVE ( 'NONE', #5866, #10315, #9472, .T. ) ;
#8491 = ORIENTED_EDGE ( 'NONE', *, *, #8600, .F. ) ;
#8492 = ORIENTED_EDGE ( 'NONE', *, *, #1128, .T. ) ;
#8493 = PERSON_AND_ORGANIZATION_ROLE ( 'creator' ) ;
#8494 = EDGE_LOOP ( 'NONE', ( #10084, #10035, #1334, #7567 ) ) ;
#8495 = DIRECTION ( 'NONE',  ( -1.000000000000000000, 0.0000000000000000000, -4.448008917622461300E-016 ) ) ;
#8496 = VERTEX_POINT ( 'NONE', #11868 ) ;
#8497 = CARTESIAN_POINT ( 'NONE',  ( 183.7476362513515100, 45.17248135052174300, 18.99999947845893200 ) ) ;
#8498 = AXIS2_PLACEMENT_3D ( 'NONE', #2140, #3202, #9630 ) ;
#8499 = CARTESIAN_POINT ( 'NONE',  ( 181.2719257169745200, 41.86904400576364800, 4.199999999999903400 ) ) ;
#8500 = EDGE_LOOP ( 'NONE', ( #2538, #10964, #4167, #1193 ) ) ;
#8501 = FACE_OUTER_BOUND ( 'NONE', #2307, .T. ) ;
#8502 = DIRECTION ( 'NONE',  ( 1.000000000000000000, 0.0000000000000000000, 0.0000000000000000000 ) ) ;
#8503 = CARTESIAN_POINT ( 'NONE',  ( 179.8828251827841000, 53.78465550865318100, 21.99999947845893200 ) ) ;
#8504 = CARTESIAN_POINT ( 'NONE',  ( 173.7719257169744100, 37.86904386338095200, 19.99999947845892800 ) ) ;
#8505 = CARTESIAN_POINT ( 'NONE',  ( 172.8796988133646000, 46.39103052214418500, 21.99999947845984500 ) ) ;
#8506 = ORIENTED_EDGE ( 'NONE', *, *, #8858, .T. ) ;
#8507 = EDGE_CURVE ( 'NONE', #8434, #3145, #1983, .T. ) ;
#8508 = CARTESIAN_POINT ( 'NONE',  ( 181.8341815263929100, 49.86904400576364800, 2.199999311752464800 ) ) ;
#8509 = AXIS2_PLACEMENT_3D ( 'NONE', #3160, #6871, #10553 ) ;
#8510 = DIRECTION ( 'NONE',  ( 8.157786440681345800E-032, 4.440892098500626200E-016, 1.000000000000000000 ) ) ;
#8511 = EDGE_CURVE ( 'NONE', #6118, #8398, #2130, .T. ) ;
#8512 = EDGE_CURVE ( 'NONE', #4405, #11565, #4334, .T. ) ;
#8513 = DIRECTION ( 'NONE',  ( 0.0000000000000000000, 1.224646799147353200E-016, 1.000000000000000000 ) ) ;
#8514 = FACE_OUTER_BOUND ( 'NONE', #6261, .T. ) ;
#8515 = DIRECTION ( 'NONE',  ( 0.0000000000000000000, 0.0000000000000000000, -1.000000000000000000 ) ) ;
#8516 = CARTESIAN_POINT ( 'NONE',  ( 165.1116716791299600, 40.86904386338090200, 19.99999947846017900 ) ) ;
#8517 = DIRECTION ( 'NONE',  ( 4.440892098500626200E-016, 0.0000000000000000000, -1.000000000000000000 ) ) ;
#8518 = VERTEX_POINT ( 'NONE', #10294 ) ;
#8519 = VERTEX_POINT ( 'NONE', #7475 ) ;
#8520 = CIRCLE ( 'NONE', #11, 0.4999999999999726900 ) ;
#8521 = DIRECTION ( 'NONE',  ( 0.0000000000000000000, 1.000000000000000000, 0.0000000000000000000 ) ) ;
#8522 = ORIENTED_EDGE ( 'NONE', *, *, #2240, .F. ) ;
#8523 = CARTESIAN_POINT ( 'NONE',  ( 180.7001289472499600, 49.86904386338100200, 18.99999947845893200 ) ) ;
#8524 = AXIS2_PLACEMENT_3D ( 'NONE', #4918, #125, #11208 ) ;
#8525 = VERTEX_POINT ( 'NONE', #7251 ) ;
#8526 = DIRECTION ( 'NONE',  ( 4.440892098500626200E-016, 0.0000000000000000000, -1.000000000000000000 ) ) ;
#8527 = DIRECTION ( 'NONE',  ( 4.440892098500625700E-016, -1.224646799147353500E-016, -1.000000000000000000 ) ) ;
#8528 = ORIENTED_EDGE ( 'NONE', *, *, #8422, .T. ) ;
#8529 = ORIENTED_EDGE ( 'NONE', *, *, #10106, .T. ) ;
#8530 = ORIENTED_EDGE ( 'NONE', *, *, #2470, .T. ) ;
#8531 = AXIS2_PLACEMENT_3D ( 'NONE', #5729, #7510, #8279 ) ;
#8532 = VECTOR ( 'NONE', #613, 1000.000000000000000 ) ;
#8533 = ADVANCED_FACE ( 'NONE', ( #6481 ), #3443, .F. ) ;
#8534 = CIRCLE ( 'NONE', #2880, 1.750000000000001600 ) ;
#8535 = ORIENTED_EDGE ( 'NONE', *, *, #117, .T. ) ;
#8536 = CARTESIAN_POINT ( 'NONE',  ( 173.7719257169747200, 45.86904400576452200, 20.49999878108513900 ) ) ;
#8537 = DIRECTION ( 'NONE',  ( 0.0000000000000000000, -1.000000000000000000, 0.0000000000000000000 ) ) ;
#8538 = DIRECTION ( 'NONE',  ( 4.440892098500626200E-016, 0.0000000000000000000, -1.000000000000000000 ) ) ;
#8539 = VERTEX_POINT ( 'NONE', #11182 ) ;
#8540 = DIRECTION ( 'NONE',  ( 2.220446049250312600E-016, -1.224646799147353200E-016, -1.000000000000000000 ) ) ;
#8541 = ORIENTED_EDGE ( 'NONE', *, *, #5993, .F. ) ;
#8542 = ORIENTED_EDGE ( 'NONE', *, *, #10193, .T. ) ;
#8543 = ORIENTED_EDGE ( 'NONE', *, *, #6979, .F. ) ;
#8544 = CYLINDRICAL_SURFACE ( 'NONE', #10552, 1.000000000000000900 ) ;
#8545 = ORIENTED_EDGE ( 'NONE', *, *, #10740, .F. ) ;
#8546 = FACE_OUTER_BOUND ( 'NONE', #6490, .T. ) ;
#8547 = DIRECTION ( 'NONE',  ( 8.157786440681345800E-032, 4.440892098500626200E-016, 1.000000000000000000 ) ) ;
#8548 = CARTESIAN_POINT ( 'NONE',  ( 164.5219257939272900, 29.84757416903766400, 21.54999878108492000 ) ) ;
#8549 = CARTESIAN_POINT ( 'NONE',  ( 164.5219257939270700, 61.89051384249008000, 56.79194912331138300 ) ) ;
#8550 = CARTESIAN_POINT ( 'NONE',  ( 162.5219257939953400, 61.89051384249005800, 22.19999878099088200 ) ) ;
#8551 = ORIENTED_EDGE ( 'NONE', *, *, #7192, .F. ) ;
#8552 = CARTESIAN_POINT ( 'NONE',  ( 198.9033806311083200, 42.86904400576364100, 0.7500135331658556200 ) ) ;
#8553 = CARTESIAN_POINT ( 'NONE',  ( 190.0689853496277000, 44.11904400576364100, 0.7500135331658555100 ) ) ;
#8554 = VERTEX_POINT ( 'NONE', #4701 ) ;
#8555 = LINE ( 'NONE', #11053, #3396 ) ;
#8556 = CARTESIAN_POINT ( 'NONE',  ( 188.9121669598396500, 37.09276379357849900, 1.999999999999914500 ) ) ;
#8557 = ORIENTED_EDGE ( 'NONE', *, *, #7206, .T. ) ;
#8558 = FACE_OUTER_BOUND ( 'NONE', #1855, .T. ) ;
#8559 = EDGE_CURVE ( 'NONE', #4242, #11888, #2712, .T. ) ;
#8560 = CARTESIAN_POINT ( 'NONE',  ( 165.1116716791297300, 40.86904386338135000, 23.49999947845893200 ) ) ;
#8561 = CARTESIAN_POINT ( 'NONE',  ( 172.7719952215525200, 66.34464209326330300, 16.63263595986805800 ) ) ;
#8562 = CARTESIAN_POINT ( 'NONE',  ( 159.7719257169744100, 45.86904386338088100, 22.99999947845983800 ) ) ;
#8563 = ORIENTED_EDGE ( 'NONE', *, *, #3984, .F. ) ;
#8564 = ORIENTED_EDGE ( 'NONE', *, *, #4079, .T. ) ;
#8565 = DIRECTION ( 'NONE',  ( 0.0000000000000000000, -1.000000000000000000, -9.183829272383557500E-015 ) ) ;
#8566 = CYLINDRICAL_SURFACE ( 'NONE', #1973, 1.999999999999946300 ) ;
#8567 = ORIENTED_EDGE ( 'NONE', *, *, #6827, .F. ) ;
#8568 = CARTESIAN_POINT ( 'NONE',  ( 180.2914770650169800, 51.82684968601712700, 18.99999947845893200 ) ) ;
#8569 = AXIS2_PLACEMENT_3D ( 'NONE', #7520, #7609, #8395 ) ;
#8570 = LINE ( 'NONE', #10873, #1095 ) ;
#8571 = EDGE_CURVE ( 'NONE', #4885, #3128, #11638, .T. ) ;
#8572 = ORIENTED_EDGE ( 'NONE', *, *, #11676, .T. ) ;
#8573 = ORIENTED_EDGE ( 'NONE', *, *, #2486, .F. ) ;
#8574 = CARTESIAN_POINT ( 'NONE',  ( 198.1063220760345300, 45.11904400576364100, 0.7500135331658556200 ) ) ;
#8575 = EDGE_LOOP ( 'NONE', ( #11172, #7948, #7537, #3926 ) ) ;
#8576 = B_SPLINE_CURVE_WITH_KNOTS ( 'NONE', 3,
 ( #5803, #7625, #8505, #11291, #3010, #6721, #7595, #2110, #9433, #10368 ),
 .UNSPECIFIED., .F., .F.,
 ( 4, 2, 2, 2, 4 ),
 ( 0.0000000000000000000, 0.2500000000000000000, 0.5000000000000000000, 0.7500000000000000000, 1.000000000000000000 ),
 .UNSPECIFIED. ) ;
#8577 = CIRCLE ( 'NONE', #2616, 20.99999905524602900 ) ;
#8578 = DIRECTION ( 'NONE',  ( 8.157786440681345800E-032, 4.440892098500626200E-016, 1.000000000000000000 ) ) ;
#8579 = DIRECTION ( 'NONE',  ( -4.078893220340672900E-032, -2.220446049250313100E-016, -1.000000000000000000 ) ) ;
#8580 = CYLINDRICAL_SURFACE ( 'NONE', #7445, 1.000000000000000900 ) ;
#8581 = EDGE_CURVE ( 'NONE', #6653, #5709, #10491, .T. ) ;
#8582 = EDGE_LOOP ( 'NONE', ( #11265, #11657, #1160, #10833 ) ) ;
#8583 = DIRECTION ( 'NONE',  ( 0.0000000000000000000, -1.000000000000000000, 0.0000000000000000000 ) ) ;
#8584 = CIRCLE ( 'NONE', #11156, 1.999999999999974000 ) ;
#8585 = EDGE_CURVE ( 'NONE', #1605, #645, #9777, .T. ) ;
#8586 = EDGE_CURVE ( 'NONE', #4586, #5889, #1834, .T. ) ;
#8587 = LINE ( 'NONE', #1693, #9169 ) ;
#8588 = ORIENTED_EDGE ( 'NONE', *, *, #10049, .F. ) ;
#8589 = AXIS2_PLACEMENT_3D ( 'NONE', #5949, #4879, #4033 ) ;
#8590 = DIRECTION ( 'NONE',  ( -8.157786440681345800E-032, -4.440892098500626200E-016, -1.000000000000000000 ) ) ;
#8591 = ORIENTED_EDGE ( 'NONE', *, *, #6149, .T. ) ;
#8592 = CIRCLE ( 'NONE', #1281, 2.499999999999669200 ) ;
#8593 = LINE ( 'NONE', #3073, #8444 ) ;
#8594 = VERTEX_POINT ( 'NONE', #8435 ) ;
#8595 = CYLINDRICAL_SURFACE ( 'NONE', #303, 1.500000000000001300 ) ;
#8596 = CARTESIAN_POINT ( 'NONE',  ( 155.2719258708795800, 46.86904400576416700, 17.39999966811049600 ) ) ;
#8598 = ADVANCED_FACE ( 'NONE', ( #3006 ), #10918, .F. ) ;
#8597 = CARTESIAN_POINT ( 'NONE',  ( 197.9033806311083500, 48.36904400576364100, 0.7500135331658555100 ) ) ;
#8599 = ORIENTED_EDGE ( 'NONE', *, *, #948, .F. ) ;
#8600 = EDGE_CURVE ( 'NONE', #3070, #9991, #6761, .T. ) ;
#8601 = CYLINDRICAL_SURFACE ( 'NONE', #10046, 4.250000413971985600 ) ;
#8602 = DIRECTION ( 'NONE',  ( -1.000000000000000000, 0.0000000000000000000, -4.336808689942013800E-016 ) ) ;
#8603 = AXIS2_PLACEMENT_3D ( 'NONE', #5625, #1959, #97 ) ;
#8604 = CARTESIAN_POINT ( 'NONE',  ( 192.2719255630693500, 44.86904400576325700, 14.29999914657000200 ) ) ;
#8605 = VECTOR ( 'NONE', #5504, 999.9999999999998900 ) ;
#8606 = DIRECTION ( 'NONE',  ( -1.094764425253763300E-047, 4.930380657631323800E-032, 1.000000000000000000 ) ) ;
#8607 = ORIENTED_EDGE ( 'NONE', *, *, #5202, .T. ) ;
#8608 = CARTESIAN_POINT ( 'NONE',  ( 168.7076961666032600, 57.29723458681255700, 1.999999999999914500 ) ) ;
#8609 = CARTESIAN_POINT ( 'NONE',  ( 160.3975570462096400, 33.49467533499925800, 81.17012103714563400 ) ) ;
#8610 = VECTOR ( 'NONE', #3317, 1000.000000000000000 ) ;
#8611 = DIRECTION ( 'NONE',  ( 1.000000000000000000, 0.0000000000000000000, 0.0000000000000000000 ) ) ;
#8612 = AXIS2_PLACEMENT_3D ( 'NONE', #3795, #5654, #1033 ) ;
#8613 = CARTESIAN_POINT ( 'NONE',  ( 173.7719257169743800, 45.86904386338089500, 23.49999947847436800 ) ) ;
#8614 = CARTESIAN_POINT ( 'NONE',  ( 154.4534101037556300, 51.04542466329450400, 22.49999878108514300 ) ) ;
#8615 = CARTESIAN_POINT ( 'NONE',  ( 181.7531020476297100, 51.02179321167219000, 1.999999999999914500 ) ) ;
#8616 = ORIENTED_EDGE ( 'NONE', *, *, #49, .T. ) ;
#8617 = CIRCLE ( 'NONE', #9254, 0.9999999999992514900 ) ;
#8618 = DIRECTION ( 'NONE',  ( 0.0000000000000000000, 0.0000000000000000000, -1.000000000000000000 ) ) ;
#8619 = DIRECTION ( 'NONE',  ( -1.000000000000000000, 0.0000000000000000000, 0.0000000000000000000 ) ) ;
#8620 = DIRECTION ( 'NONE',  ( 4.440892098500626200E-016, 0.0000000000000000000, -1.000000000000000000 ) ) ;
#8621 = ADVANCED_FACE ( 'NONE', ( #11344 ), #5182, .F. ) ;
#8622 = CARTESIAN_POINT ( 'NONE',  ( 173.7719257169743800, 41.86904400576364800, 2.199999311752463900 ) ) ;
#8623 = AXIS2_PLACEMENT_3D ( 'NONE', #9843, #8989, #4487 ) ;
#8624 = ORIENTED_EDGE ( 'NONE', *, *, #10604, .T. ) ;
#8625 = CYLINDRICAL_SURFACE ( 'NONE', #7596, 0.7500000000000006700 ) ;
#8626 = DIRECTION ( 'NONE',  ( 0.0000000000000000000, 0.0000000000000000000, -1.000000000000000000 ) ) ;
#8627 = DIRECTION ( 'NONE',  ( 1.000000000000000000, 0.0000000000000000000, -0.0000000000000000000 ) ) ;
#8628 = VERTEX_POINT ( 'NONE', #2984 ) ;
#8629 = EDGE_CURVE ( 'NONE', #10459, #3791, #3152, .T. ) ;
#8630 = CARTESIAN_POINT ( 'NONE',  ( 173.7719257169743800, 45.86904386338088800, 21.35688322333649600 ) ) ;
#8631 = CARTESIAN_POINT ( 'NONE',  ( 173.5101263291752500, 44.86904386338089500, 21.99999947845984500 ) ) ;
#8632 = VERTEX_POINT ( 'NONE', #5733 ) ;
#8633 = CARTESIAN_POINT ( 'NONE',  ( 191.9460826306244900, 36.38471145415968500, 17.00466716075997900 ) ) ;
#8634 = VERTEX_POINT ( 'NONE', #6532 ) ;
#8635 = DIRECTION ( 'NONE',  ( -1.000000000000000000, 0.0000000000000000000, 0.0000000000000000000 ) ) ;
#8636 = AXIS2_PLACEMENT_3D ( 'NONE', #10508, #9651, #10549 ) ;
#8637 = ORIENTED_EDGE ( 'NONE', *, *, #8600, .T. ) ;
#8638 = FACE_OUTER_BOUND ( 'NONE', #6374, .T. ) ;
#8639 = DIRECTION ( 'NONE',  ( -1.000000000000000000, 0.0000000000000000000, 0.0000000000000000000 ) ) ;
#8640 = DIRECTION ( 'NONE',  ( -1.094764425253763300E-047, 4.930380657631323800E-032, 1.000000000000000000 ) ) ;
#8641 = AXIS2_PLACEMENT_3D ( 'NONE', #7498, #8538, #2924 ) ;
#8642 = ORIENTED_EDGE ( 'NONE', *, *, #1880, .F. ) ;
#8643 = ORIENTED_EDGE ( 'NONE', *, *, #2240, .T. ) ;
#8644 = CARTESIAN_POINT ( 'NONE',  ( 194.5152709408457400, 49.38138652746295800, 0.5386008012361965800 ) ) ;
#8645 = EDGE_CURVE ( 'NONE', #3339, #11909, #2174, .T. ) ;
#8646 = EDGE_CURVE ( 'NONE', #5841, #3217, #1124, .T. ) ;
#8647 = LINE ( 'NONE', #2502, #616 ) ;
#8648 = DIRECTION ( 'NONE',  ( -4.440892098500626200E-016, -0.0000000000000000000, 1.000000000000000000 ) ) ;
#8649 = ADVANCED_FACE ( 'NONE', ( #7457 ), #137, .T. ) ;
#8650 = EDGE_CURVE ( 'NONE', #828, #22, #2860, .T. ) ;
#8651 = B_SPLINE_CURVE_WITH_KNOTS ( 'NONE', 3,
 ( #10612, #7797, #5005, #6013, #1312, #3174, #7916, #3303, #4085, #447 ),
 .UNSPECIFIED., .F., .F.,
 ( 4, 2, 2, 2, 4 ),
 ( 4.433886433681965300E-010, 0.0002710726691279990200, 0.0005421448948673547400, 0.0008132171206067104700, 0.001084289346346066000 ),
 .UNSPECIFIED. ) ;
#8652 = ADVANCED_FACE ( 'NONE', ( #4193 ), #9763, .F. ) ;
#8653 = CARTESIAN_POINT ( 'NONE',  ( 170.5020359728647700, 51.48667869143564200, 21.99999947845893200 ) ) ;
#8654 = EDGE_LOOP ( 'NONE', ( #11103, #8136, #5540, #4253 ) ) ;
#8655 = CARTESIAN_POINT ( 'NONE',  ( 190.2719267945538200, 45.86904400576364100, 1.750013533165847300 ) ) ;
#8656 = CARTESIAN_POINT ( 'NONE',  ( 182.4321797548184600, 40.86904386338100200, 23.49999947845893200 ) ) ;
#8657 = FACE_OUTER_BOUND ( 'NONE', #4846, .T. ) ;
#8658 = CARTESIAN_POINT ( 'NONE',  ( 180.7001289472500500, 49.86904386338100900, 21.99999947845893200 ) ) ;
#8659 = CARTESIAN_POINT ( 'NONE',  ( 191.4591375602015000, 35.50419424637070900, 15.50000189500320500 ) ) ;
#8660 = DIRECTION ( 'NONE',  ( 1.000000000000000000, 0.0000000000000000000, 0.0000000000000000000 ) ) ;
#8661 = EDGE_CURVE ( 'NONE', #9356, #6653, #7889, .T. ) ;
#8662 = CARTESIAN_POINT ( 'NONE',  ( 187.4979533974665500, 56.05953778032193900, 1.999999999999914100 ) ) ;
#8663 = AXIS2_PLACEMENT_3D ( 'NONE', #7003, #11720, #10794 ) ;
#8664 = ORIENTED_EDGE ( 'NONE', *, *, #40, .F. ) ;
#8665 = VERTEX_POINT ( 'NONE', #9480 ) ;
#8666 = EDGE_CURVE ( 'NONE', #11405, #8772, #2703, .T. ) ;
#8667 = CARTESIAN_POINT ( 'NONE',  ( 177.0019953151992500, 40.22841886338043300, 21.99999947845893200 ) ) ;
#8668 = ORIENTED_EDGE ( 'NONE', *, *, #8340, .F. ) ;
#8669 = EDGE_CURVE ( 'NONE', #1875, #9552, #4607, .T. ) ;
#8670 = DIRECTION ( 'NONE',  ( -4.440892098500625700E-016, 1.224646799147353500E-016, 1.000000000000000000 ) ) ;
#8671 = CIRCLE ( 'NONE', #4108, 1.749999386690449100 ) ;
#8672 = VERTEX_POINT ( 'NONE', #1198 ) ;
#8673 = CARTESIAN_POINT ( 'NONE',  ( 180.2503688297190100, 35.85506698708762500, 2.957153535167110700E-014 ) ) ;
#8674 = AXIS2_PLACEMENT_3D ( 'NONE', #4721, #9343, #11117 ) ;
#8675 = CIRCLE ( 'NONE', #2480, 2.000000000000001800 ) ;
#8676 = DIRECTION ( 'NONE',  ( -1.000000000000000000, 0.0000000000000000000, 0.0000000000000000000 ) ) ;
#8677 = VERTEX_POINT ( 'NONE', #2123 ) ;
#8678 = CARTESIAN_POINT ( 'NONE',  ( 169.2781796281134600, 42.11987781092857100, 23.49999947845893200 ) ) ;
#8679 = EDGE_LOOP ( 'NONE', ( #1455, #8557, #3967, #4285 ) ) ;
#8680 = DIRECTION ( 'NONE',  ( 0.0000000000000000000, 1.000000000000000000, 0.0000000000000000000 ) ) ;
#8681 = VERTEX_POINT ( 'NONE', #1224 ) ;
#8682 = VERTEX_POINT ( 'NONE', #2063 ) ;
#8683 = ORIENTED_EDGE ( 'NONE', *, *, #5075, .F. ) ;
#8684 = VECTOR ( 'NONE', #10237, 1000.000000000000000 ) ;
#8685 = ADVANCED_FACE ( 'NONE', ( #6748 ), #1977, .F. ) ;
#8686 = CYLINDRICAL_SURFACE ( 'NONE', #8075, 1.000000000000000900 ) ;
#8687 = DIRECTION ( 'NONE',  ( -4.440892098500626200E-016, -0.0000000000000000000, 1.000000000000000000 ) ) ;
#8688 = CARTESIAN_POINT ( 'NONE',  ( 178.2656718058341000, 45.58397942606603000, 18.99999947845893200 ) ) ;
#8689 = VERTEX_POINT ( 'NONE', #6717 ) ;
#8690 = ORIENTED_EDGE ( 'NONE', *, *, #3507, .F. ) ;
#8691 = DIRECTION ( 'NONE',  ( -8.157786440681345800E-032, -4.440892098500626200E-016, -1.000000000000000000 ) ) ;
#8692 = ORIENTED_EDGE ( 'NONE', *, *, #9825, .F. ) ;
#8693 = LINE ( 'NONE', #1468, #1637 ) ;
#8694 = ORIENTED_EDGE ( 'NONE', *, *, #789, .T. ) ;
#8695 = CARTESIAN_POINT ( 'NONE',  ( 180.4812410353526400, 35.91991887881208400, 23.49999947845893500 ) ) ;
#8696 = CARTESIAN_POINT ( 'NONE',  ( 189.7097021230057100, 41.59852968862041700, 20.49999878108513900 ) ) ;
#8697 = FACE_OUTER_BOUND ( 'NONE', #10820, .T. ) ;
#8698 = CARTESIAN_POINT ( 'NONE',  ( 194.8782993251888300, 41.77380680665518800, 10.25000000000009100 ) ) ;
#8699 = CARTESIAN_POINT ( 'NONE',  ( 167.2934826042303800, 55.88302102443972100, 1.999999999999913400 ) ) ;
#8700 = DIRECTION ( 'NONE',  ( -8.157786440681345800E-032, -4.440892098500626200E-016, -1.000000000000000000 ) ) ;
#8701 = ORIENTED_EDGE ( 'NONE', *, *, #5990, .F. ) ;
#8702 = VERTEX_POINT ( 'NONE', #6764 ) ;
#8703 = VECTOR ( 'NONE', #257, 1000.000000000000000 ) ;
#8704 = DIRECTION ( 'NONE',  ( 1.000000000000000000, -0.0000000000000000000, 2.220446049250313100E-016 ) ) ;
#8705 = VECTOR ( 'NONE', #6504, 1000.000000000000000 ) ;
#8706 = CARTESIAN_POINT ( 'NONE',  ( 173.7719257169743800, 45.86904400576364800, 1.000000000000028600 ) ) ;
#8707 = CARTESIAN_POINT ( 'NONE',  ( 162.5219257940521800, 61.89051384249005800, 22.19999878093403800 ) ) ;
#8708 = ORIENTED_EDGE ( 'NONE', *, *, #10284, .F. ) ;
#8709 = AXIS2_PLACEMENT_3D ( 'NONE', #3963, #5860, #10461 ) ;
#8711 = ADVANCED_FACE ( 'NONE', ( #7324 ), #4469, .F. ) ;
#8710 = CARTESIAN_POINT ( 'NONE',  ( 173.7719257169743800, 45.86904386338088800, 21.49999947845938700 ) ) ;
#8712 = ORIENTED_EDGE ( 'NONE', *, *, #4473, .F. ) ;
#8713 = DIRECTION ( 'NONE',  ( 2.220446049250312800E-016, -1.224646799147353200E-016, -1.000000000000000000 ) ) ;
#8714 = VECTOR ( 'NONE', #1748, 1000.000000000000100 ) ;
#8715 = DIRECTION ( 'NONE',  ( -1.000000000000000000, 0.0000000000000000000, 0.0000000000000000000 ) ) ;
#8716 = LINE ( 'NONE', #11787, #7861 ) ;
#8717 = ORIENTED_EDGE ( 'NONE', *, *, #10516, .T. ) ;
#8718 = CARTESIAN_POINT ( 'NONE',  ( 189.0689853496277200, 43.36904400576364800, 3.000012844918298300 ) ) ;
#8719 = FACE_OUTER_BOUND ( 'NONE', #11740, .T. ) ;
#8720 = DIRECTION ( 'NONE',  ( 4.440892098500625700E-016, -1.224646799147353500E-016, -1.000000000000000000 ) ) ;
#8721 = ORIENTED_EDGE ( 'NONE', *, *, #7059, .F. ) ;
#8722 = ORIENTED_EDGE ( 'NONE', *, *, #7947, .T. ) ;
#8723 = CYLINDRICAL_SURFACE ( 'NONE', #5465, 2.000000000000057300 ) ;
#8724 = DIRECTION ( 'NONE',  ( -1.000000000000000000, 1.682156069181074600E-015, 0.0000000000000000000 ) ) ;
#8725 = EDGE_CURVE ( 'NONE', #5992, #11405, #2416, .T. ) ;
#8726 = VERTEX_POINT ( 'NONE', #4770 ) ;
#8727 = CARTESIAN_POINT ( 'NONE',  ( 167.0626103985967700, 35.91991887881155800, 18.99999947845893500 ) ) ;
#8728 = DIRECTION ( 'NONE',  ( -1.000000000000000000, 0.0000000000000000000, 0.0000000000000000000 ) ) ;
#8729 = CIRCLE ( 'NONE', #11800, 2.000000000000001800 ) ;
#8730 = AXIS2_PLACEMENT_3D ( 'NONE', #342, #2131, #6700 ) ;
#8731 = FACE_OUTER_BOUND ( 'NONE', #7530, .T. ) ;
#8732 = FACE_OUTER_BOUND ( 'NONE', #7121, .T. ) ;
#8733 = AXIS2_PLACEMENT_3D ( 'NONE', #1994, #9404, #8393 ) ;
#8734 = ORIENTED_EDGE ( 'NONE', *, *, #138, .T. ) ;
#8735 = CYLINDRICAL_SURFACE ( 'NONE', #9691, 1.000000000000000900 ) ;
#8736 = CARTESIAN_POINT ( 'NONE',  ( 182.2719257169745500, 41.86904400576364800, 1.999999999999914500 ) ) ;
#8737 = FACE_OUTER_BOUND ( 'NONE', #2540, .T. ) ;
#8738 = ORIENTED_EDGE ( 'NONE', *, *, #5828, .F. ) ;
#8739 = DIRECTION ( 'NONE',  ( -1.000000000000000000, 0.0000000000000000000, 0.0000000000000000000 ) ) ;
#8740 = CARTESIAN_POINT ( 'NONE',  ( 183.0219256400218600, 60.54051384249029200, 22.49999878108507900 ) ) ;
#8741 = EDGE_CURVE ( 'NONE', #9311, #9152, #4759, .T. ) ;
#8742 = VECTOR ( 'NONE', #8218, 1000.000000000000000 ) ;
#8743 = VERTEX_POINT ( 'NONE', #11246 ) ;
#8744 = AXIS2_PLACEMENT_3D ( 'NONE', #3235, #9706, #11552 ) ;
#8745 = VECTOR ( 'NONE', #4450, 1000.000000000000000 ) ;
#8746 = EDGE_CURVE ( 'NONE', #3380, #9832, #5334, .T. ) ;
#8747 = VERTEX_POINT ( 'NONE', #9429 ) ;
#8748 = DIRECTION ( 'NONE',  ( -0.0000000000000000000, -0.0000000000000000000, 1.000000000000000000 ) ) ;
#8749 = CARTESIAN_POINT ( 'NONE',  ( 191.9460310453148400, 36.38461200539441600, 15.99509409880674600 ) ) ;
#8750 = EDGE_CURVE ( 'NONE', #5928, #7290, #2999, .T. ) ;
#8751 = PLANE ( 'NONE',  #5599 ) ;
#8752 = VECTOR ( 'NONE', #3637, 1000.000000000000000 ) ;
#8753 = ADVANCED_FACE ( 'NONE', ( #9031 ), #6614, .T. ) ;
#8754 = LINE ( 'NONE', #6623, #6340 ) ;
#8755 = DIRECTION ( 'NONE',  ( -4.440892098500626200E-016, -0.0000000000000000000, 1.000000000000000000 ) ) ;
#8756 = VECTOR ( 'NONE', #3397, 1000.000000000000000 ) ;
#8757 = DIRECTION ( 'NONE',  ( -8.157786440681345800E-032, -4.440892098500626200E-016, -1.000000000000000000 ) ) ;
#8758 = CARTESIAN_POINT ( 'NONE',  ( 170.2781796281143700, 40.38782700336029300, 18.99999947845893200 ) ) ;
#8759 = AXIS2_PLACEMENT_3D ( 'NONE', #8597, #3019, #3962 ) ;
#8760 = CARTESIAN_POINT ( 'NONE',  ( 189.2719267945538500, 45.11904400576364100, 3.000012844918273900 ) ) ;
#8761 = ORIENTED_EDGE ( 'NONE', *, *, #3609, .T. ) ;
#8762 = FACE_OUTER_BOUND ( 'NONE', #6195, .T. ) ;
#8763 = DIRECTION ( 'NONE',  ( -1.000000000000000000, 0.0000000000000000000, -4.336808689942013800E-016 ) ) ;
#8764 = DIRECTION ( 'NONE',  ( 0.0000000000000000000, -1.000000000000000000, 0.0000000000000000000 ) ) ;
#8765 = AXIS2_PLACEMENT_3D ( 'NONE', #1531, #9828, #9759 ) ;
#8766 = CARTESIAN_POINT ( 'NONE',  ( 182.0131497082759900, 50.59473910012145100, 2.068765277220819500E-014 ) ) ;
#8767 = VERTEX_POINT ( 'NONE', #5801 ) ;
#8768 = CIRCLE ( 'NONE', #5445, 2.000000000000001800 ) ;
#8769 = DIRECTION ( 'NONE',  ( 0.0000000000000000000, 1.000000000000000000, -4.440892098500626200E-016 ) ) ;
#8770 = ADVANCED_FACE ( 'NONE', ( #1689 ), #289, .T. ) ;
#8771 = EDGE_LOOP ( 'NONE', ( #3000, #9145, #3554, #3427, #7491, #4828 ) ) ;
#8772 = VERTEX_POINT ( 'NONE', #7502 ) ;
#8773 = CARTESIAN_POINT ( 'NONE',  ( 173.7719257169744100, 45.86904386338089500, 21.49999947845984800 ) ) ;
#8774 = EDGE_LOOP ( 'NONE', ( #1174, #2405, #10892, #1907 ) ) ;
#8775 = DIRECTION ( 'NONE',  ( 0.0000000000000000000, -1.000000000000000000, 0.0000000000000000000 ) ) ;
#8776 = AXIS2_PLACEMENT_3D ( 'NONE', #3493, #9845, #8660 ) ;
#8777 = EDGE_LOOP ( 'NONE', ( #4506, #30, #3038, #65 ) ) ;
#8778 = CIRCLE ( 'NONE', #2250, 1.999999999931528800 ) ;
#8779 = DIRECTION ( 'NONE',  ( -1.000000000000000000, 0.0000000000000000000, 0.0000000000000000000 ) ) ;
#8780 = DIRECTION ( 'NONE',  ( 0.0000000000000000000, 1.000000000000000000, 0.0000000000000000000 ) ) ;
#8781 = EDGE_LOOP ( 'NONE', ( #10450, #3696, #641, #8093 ) ) ;
#8782 = EDGE_LOOP ( 'NONE', ( #4641, #2751, #6286, #9106 ) ) ;
#8783 = CARTESIAN_POINT ( 'NONE',  ( 173.7719257169743800, 45.86904400576364800, 1.744954930550331400E-014 ) ) ;
#8784 = ORIENTED_EDGE ( 'NONE', *, *, #2336, .T. ) ;
#8785 = ORIENTED_EDGE ( 'NONE', *, *, #6236, .T. ) ;
#8786 = CARTESIAN_POINT ( 'NONE',  ( 189.0689853496277200, 48.36904400576364800, 1.999999999999918500 ) ) ;
#8787 = DIRECTION ( 'NONE',  ( -1.000000000000000000, 0.0000000000000000000, -4.448008917622323200E-016 ) ) ;
#8788 = VERTEX_POINT ( 'NONE', #4920 ) ;
#8789 = VECTOR ( 'NONE', #1280, 1000.000000000000000 ) ;
#8790 = EDGE_CURVE ( 'NONE', #4775, #7827, #11491, .T. ) ;
#8791 = DIRECTION ( 'NONE',  ( 8.157786440681345800E-032, 4.440892098500626200E-016, 1.000000000000000000 ) ) ;
#8792 = CARTESIAN_POINT ( 'NONE',  ( 172.7719257169744900, 62.36904346994576500, 16.49999967266197100 ) ) ;
#8794 = ORIENTED_EDGE ( 'NONE', *, *, #11763, .F. ) ;
#8793 = DIRECTION ( 'NONE',  ( 2.220446049250313100E-016, 0.0000000000000000000, -1.000000000000000000 ) ) ;
#8795 = CARTESIAN_POINT ( 'NONE',  ( 183.7476362513515100, 45.17248135052174300, 23.49999947845893200 ) ) ;
#8796 = AXIS2_PLACEMENT_3D ( 'NONE', #4945, #5025, #5868 ) ;
#8797 = EDGE_CURVE ( 'NONE', #7424, #2386, #10187, .T. ) ;
#8798 = ADVANCED_FACE ( 'NONE', ( #9906 ), #4895, .F. ) ;
#8799 = DIRECTION ( 'NONE',  ( 4.440892098500625700E-016, -1.224646799147353500E-016, -1.000000000000000000 ) ) ;
#8800 = CARTESIAN_POINT ( 'NONE',  ( 179.0274422451628600, 41.68006944272229900, 23.49999947845903500 ) ) ;
#8801 = ORIENTED_EDGE ( 'NONE', *, *, #29, .T. ) ;
#8802 = EDGE_CURVE ( 'NONE', #3076, #3334, #11914, .T. ) ;
#8803 = ORIENTED_EDGE ( 'NONE', *, *, #5283, .T. ) ;
#8804 = CIRCLE ( 'NONE', #2220, 1.999999999999807500 ) ;
#8805 = EDGE_CURVE ( 'NONE', #5017, #3367, #563, .T. ) ;
#8806 = CARTESIAN_POINT ( 'NONE',  ( 172.9719257169745100, 51.86904400577365200, 81.17012103714566300 ) ) ;
#8807 = EDGE_CURVE ( 'NONE', #8594, #6538, #9463, .T. ) ;
#8808 = AXIS2_PLACEMENT_3D ( 'NONE', #2032, #1121, #8472 ) ;
#8809 = CARTESIAN_POINT ( 'NONE',  ( 189.2659801151915800, 54.81454048341289800, 20.49999878108513900 ) ) ;
#8810 = EDGE_LOOP ( 'NONE', ( #4556, #11033 ) ) ;
#8811 = DIRECTION ( 'NONE',  ( -1.000000000000000000, -6.938893903907414500E-015, -4.440892098500626200E-016 ) ) ;
#8812 = ORIENTED_EDGE ( 'NONE', *, *, #8746, .T. ) ;
#8813 = ORIENTED_EDGE ( 'NONE', *, *, #3661, .T. ) ;
#8814 = ORIENTED_EDGE ( 'NONE', *, *, #10592, .F. ) ;
#8815 = DIRECTION ( 'NONE',  ( 4.440892098500626200E-016, 0.0000000000000000000, -1.000000000000000000 ) ) ;
#8816 = CARTESIAN_POINT ( 'NONE',  ( 160.8672271946861900, 60.52374191474241600, 20.49999878108513900 ) ) ;
#8817 = CIRCLE ( 'NONE', #8460, 1.000000000000000900 ) ;
#8818 = VECTOR ( 'NONE', #5042, 1000.000000000000000 ) ;
#8819 = EDGE_CURVE ( 'NONE', #2628, #8838, #11197, .T. ) ;
#8820 = AXIS2_PLACEMENT_3D ( 'NONE', #1483, #7177, #5301 ) ;
#8821 = ORIENTED_EDGE ( 'NONE', *, *, #7297, .T. ) ;
#8822 = DIRECTION ( 'NONE',  ( 4.440892098500626200E-016, 0.0000000000000000000, -1.000000000000000000 ) ) ;
#8823 = VERTEX_POINT ( 'NONE', #4842 ) ;
#8824 = DIRECTION ( 'NONE',  ( 0.0000000000000000000, 0.0000000000000000000, -1.000000000000000000 ) ) ;
#8825 = VERTEX_POINT ( 'NONE', #7669 ) ;
#8826 = ORIENTED_EDGE ( 'NONE', *, *, #2810, .F. ) ;
#8827 = ADVANCED_FACE ( 'NONE', ( #6907 ), #2117, .F. ) ;
#8828 = ORIENTED_EDGE ( 'NONE', *, *, #365, .T. ) ;
#8829 = AXIS2_PLACEMENT_3D ( 'NONE', #5835, #4113, #4037 ) ;
#8830 = VECTOR ( 'NONE', #7909, 1000.000000000000000 ) ;
#8831 = EDGE_LOOP ( 'NONE', ( #8438, #4322, #2522, #3929 ) ) ;
#8832 = CARTESIAN_POINT ( 'NONE',  ( 182.5482059291605600, 30.72880276289894000, 3.209238430557093100E-014 ) ) ;
#8833 = VECTOR ( 'NONE', #11217, 1000.000000000000000 ) ;
#8834 = CARTESIAN_POINT ( 'NONE',  ( 155.5395405552501400, 36.49727206305251300, 16.49999967266197100 ) ) ;
#8835 = CARTESIAN_POINT ( 'NONE',  ( 173.7719257169750900, 45.86904400576463600, 22.49999878108515000 ) ) ;
#8836 = CARTESIAN_POINT ( 'NONE',  ( 182.4321797548188000, 40.86904386338088800, 19.99999947846018200 ) ) ;
#8837 = VERTEX_POINT ( 'NONE', #11096 ) ;
#8838 = VERTEX_POINT ( 'NONE', #4413 ) ;
#8839 = CARTESIAN_POINT ( 'NONE',  ( 173.7719257169744400, 45.86904400576353400, 2.199999311752460300 ) ) ;
#8840 = AXIS2_PLACEMENT_3D ( 'NONE', #8667, #9774, #6018 ) ;
#8841 = VECTOR ( 'NONE', #9644, 1000.000000000000000 ) ;
#8842 = LINE ( 'NONE', #2349, #1650 ) ;
#8843 = DIRECTION ( 'NONE',  ( -2.040851150607881900E-016, -9.183830177735469000E-015, 1.000000000000000000 ) ) ;
#8844 = EDGE_LOOP ( 'NONE', ( #10706, #1712, #4095, #6450, #7118 ) ) ;
#8845 = CARTESIAN_POINT ( 'NONE',  ( 178.0424400341181900, 61.80682041179441900, 22.49999878108514700 ) ) ;
#8846 = VERTEX_POINT ( 'NONE', #8070 ) ;
#8847 = PLANE ( 'NONE',  #11305 ) ;
#8848 = DIRECTION ( 'NONE',  ( 0.0000000000000000000, 1.000000000000000000, 0.0000000000000000000 ) ) ;
#8849 = CIRCLE ( 'NONE', #8820, 4.500000000000198100 ) ;
#8850 = ORIENTED_EDGE ( 'NONE', *, *, #6087, .T. ) ;
#8851 = CARTESIAN_POINT ( 'NONE',  ( 157.3174435091019900, 36.36904427367265700, 16.49999967266197100 ) ) ;
#8852 = FACE_OUTER_BOUND ( 'NONE', #3646, .T. ) ;
#8853 = DIRECTION ( 'NONE',  ( -4.440892098500626200E-016, -0.0000000000000000000, 1.000000000000000000 ) ) ;
#8854 = EDGE_LOOP ( 'NONE', ( #4697, #2387, #8572, #2120 ) ) ;
#8855 = ORIENTED_EDGE ( 'NONE', *, *, #5460, .F. ) ;
#8856 = ADVANCED_FACE ( 'NONE', ( #11631 ), #2275, .T. ) ;
#8857 = VERTEX_POINT ( 'NONE', #2602 ) ;
#8858 = EDGE_CURVE ( 'NONE', #6395, #5017, #9617, .T. ) ;
#8859 = DIRECTION ( 'NONE',  ( -1.000000000000000000, 0.0000000000000000000, -4.336808689941954100E-016 ) ) ;
#8860 = CYLINDRICAL_SURFACE ( 'NONE', #11489, 1.350000000000000500 ) ;
#8861 = LINE ( 'NONE', #9718, #1661 ) ;
#8862 = ORIENTED_EDGE ( 'NONE', *, *, #11059, .T. ) ;
#8863 = AXIS2_PLACEMENT_3D ( 'NONE', #2626, #6203, #7114 ) ;
#8864 = CARTESIAN_POINT ( 'NONE',  ( 173.7719257169750900, 45.86904400576463600, 20.49999878108514300 ) ) ;
#8865 = CARTESIAN_POINT ( 'NONE',  ( 173.7719257169742400, 45.86904386338100200, 18.99999947845893500 ) ) ;
#8866 = CIRCLE ( 'NONE', #6627, 1.000000000000445000 ) ;
#8867 = AXIS2_PLACEMENT_3D ( 'NONE', #7829, #9679, #1460 ) ;
#8868 = CARTESIAN_POINT ( 'NONE',  ( 183.9624194915339800, 59.59507168625555800, 1.999999999999914500 ) ) ;
#8869 = CYLINDRICAL_SURFACE ( 'NONE', #11597, 0.7500000000000006700 ) ;
#8870 = EDGE_LOOP ( 'NONE', ( #11231, #11620, #9699, #11097, #11242, #3154, #8530, #2176, #5855 ) ) ;
#8871 = AXIS2_PLACEMENT_3D ( 'NONE', #9548, #10528, #3205 ) ;
#8872 = VECTOR ( 'NONE', #10887, 1000.000000000000000 ) ;
#8873 = CARTESIAN_POINT ( 'NONE',  ( 194.3874579384626300, 42.36904400576386800, 0.4105275378335439000 ) ) ;
#8874 = FACE_OUTER_BOUND ( 'NONE', #5380, .T. ) ;
#8875 = EDGE_CURVE ( 'NONE', #167, #6273, #11778, .T. ) ;
#8876 = VERTEX_POINT ( 'NONE', #9961 ) ;
#8877 = CARTESIAN_POINT ( 'NONE',  ( 183.0219256400218600, 61.89051384249004400, 19.49999999999992200 ) ) ;
#8878 = ORIENTED_EDGE ( 'NONE', *, *, #453, .F. ) ;
#8879 = CARTESIAN_POINT ( 'NONE',  ( 173.7719257169743800, 45.86904386338088100, 23.49999947845892100 ) ) ;
#8880 = CIRCLE ( 'NONE', #4704, 0.9999999999992514900 ) ;
#8881 = EDGE_CURVE ( 'NONE', #3049, #930, #3885, .T. ) ;
#8882 = EDGE_CURVE ( 'NONE', #11250, #8525, #7181, .T. ) ;
#8883 = ORIENTED_EDGE ( 'NONE', *, *, #3529, .F. ) ;
#8884 = CIRCLE ( 'NONE', #4678, 2.000000000000029300 ) ;
#8885 = CARTESIAN_POINT ( 'NONE',  ( 164.9956455047893400, 61.00928524862835200, 2.515349040166370300E-014 ) ) ;
#8886 = CARTESIAN_POINT ( 'NONE',  ( 169.5014113998315400, 61.80682041179484500, 22.49999878108514300 ) ) ;
#8887 = AXIS2_PLACEMENT_3D ( 'NONE', #10426, #7648, #11346 ) ;
#8888 = EDGE_CURVE ( 'NONE', #11837, #7383, #1407, .T. ) ;
#8889 = VECTOR ( 'NONE', #7516, 1000.000000000000000 ) ;
#8890 = DIRECTION ( 'NONE',  ( -1.000000000000000000, -5.242473122279988200E-013, -4.440892098499983700E-016 ) ) ;
#8891 = ORIENTED_EDGE ( 'NONE', *, *, #4151, .T. ) ;
#8892 = ADVANCED_FACE ( 'NONE', ( #9323 ), #700, .F. ) ;
#8893 = DIRECTION ( 'NONE',  ( 4.440892098500626200E-016, 0.0000000000000000000, -1.000000000000000000 ) ) ;
#8894 = EDGE_CURVE ( 'NONE', #6372, #1488, #10629, .T. ) ;
#8895 = CYLINDRICAL_SURFACE ( 'NONE', #33, 0.8000000000000020400 ) ;
#8896 = CARTESIAN_POINT ( 'NONE',  ( 190.2719255630949800, 45.86904400576411000, 22.19999878104772500 ) ) ;
#8897 = AXIS2_PLACEMENT_3D ( 'NONE', #5722, #10240, #206 ) ;
#8898 = EDGE_CURVE ( 'NONE', #9081, #4989, #10048, .T. ) ;
#8899 = DIRECTION ( 'NONE',  ( -4.440892098500626200E-016, -0.0000000000000000000, 1.000000000000000000 ) ) ;
#8900 = DIRECTION ( 'NONE',  ( 0.0000000000000000000, 1.000000000000000000, 0.0000000000000000000 ) ) ;
#8901 = EDGE_CURVE ( 'NONE', #519, #3469, #7601, .T. ) ;
#8902 = DIRECTION ( 'NONE',  ( -0.7071067811195571600, 8.659560561534536000E-017, 0.7071067812535379900 ) ) ;
#8903 = AXIS2_PLACEMENT_3D ( 'NONE', #3796, #94, #141 ) ;
#8904 = CARTESIAN_POINT ( 'NONE',  ( 173.7719257169743800, 55.86904386338090200, 19.99999947846017900 ) ) ;
#8905 = ORIENTED_EDGE ( 'NONE', *, *, #11150, .T. ) ;
#8906 = LINE ( 'NONE', #2, #7621 ) ;
#8907 = DIRECTION ( 'NONE',  ( -1.000000000000000000, 0.0000000000000000000, 0.0000000000000000000 ) ) ;
#8908 = CARTESIAN_POINT ( 'NONE',  ( 192.2719255630692900, 45.86904400576411700, 22.34999878108499200 ) ) ;
#8909 = DIRECTION ( 'NONE',  ( 7.388085321846811900E-016, 1.000000000000000000, -9.860761315262647600E-032 ) ) ;
#8910 = AXIS2_PLACEMENT_3D ( 'NONE', #9034, #3542, #4490 ) ;
#8911 = DIRECTION ( 'NONE',  ( -4.440892098500626200E-016, -0.0000000000000000000, 1.000000000000000000 ) ) ;
#8912 = CARTESIAN_POINT ( 'NONE',  ( 192.2719255630692900, 43.86904400576434400, 22.49999878108508300 ) ) ;
#8913 = ORIENTED_EDGE ( 'NONE', *, *, #6215, .T. ) ;
#8914 = CARTESIAN_POINT ( 'NONE',  ( 165.8920814067165000, 43.24411452697980000, 23.49999947845909200 ) ) ;
#8915 = ORIENTED_EDGE ( 'NONE', *, *, #7131, .T. ) ;
#8916 = FACE_OUTER_BOUND ( 'NONE', #8774, .T. ) ;
#8917 = DIRECTION ( 'NONE',  ( -2.168405058739822500E-016, 0.0000000000000000000, 1.000000000000000000 ) ) ;
#8918 = AXIS2_PLACEMENT_3D ( 'NONE', #8449, #229, #1211 ) ;
#8919 = DIRECTION ( 'NONE',  ( 6.983158872362112300E-017, -1.110223024625157000E-016, -1.000000000000000000 ) ) ;
#8920 = ADVANCED_FACE ( 'NONE', ( #2546, #11331 ), #10850, .T. ) ;
#8921 = ORIENTED_EDGE ( 'NONE', *, *, #108, .F. ) ;
#8922 = DIRECTION ( 'NONE',  ( -1.000000000000000000, 0.0000000000000000000, 0.0000000000000000000 ) ) ;
#8923 = DIRECTION ( 'NONE',  ( -2.924823996405848500E-016, -2.521399996901610900E-017, 1.000000000000000000 ) ) ;
#8924 = ORIENTED_EDGE ( 'NONE', *, *, #3699, .F. ) ;
#8925 = ORIENTED_EDGE ( 'NONE', *, *, #7205, .T. ) ;
#8926 = EDGE_LOOP ( 'NONE', ( #10164, #1382 ) ) ;
#8927 = CYLINDRICAL_SURFACE ( 'NONE', #10453, 2.000000000000029300 ) ;
#8928 = DIRECTION ( 'NONE',  ( 4.440892098500625700E-016, -1.224646799147353500E-016, -1.000000000000000000 ) ) ;
#8929 = DIRECTION ( 'NONE',  ( 8.157786440681345800E-032, 4.440892098500626200E-016, 1.000000000000000000 ) ) ;
#8930 = CARTESIAN_POINT ( 'NONE',  ( 164.9956455047893400, 30.72880276289894400, 2.905661822261151900E-014 ) ) ;
#8931 = ORIENTED_EDGE ( 'NONE', *, *, #4752, .T. ) ;
#8932 = ORIENTED_EDGE ( 'NONE', *, *, #7221, .T. ) ;
#8933 = CARTESIAN_POINT ( 'NONE',  ( 184.2719257169745500, 45.86904402129383100, 1.999999999999915000 ) ) ;
#8934 = DIRECTION ( 'NONE',  ( 2.220446049250312600E-016, -1.224646799147353200E-016, -1.000000000000000000 ) ) ;
#8935 = CIRCLE ( 'NONE', #2340, 1.000000000000458700 ) ;
#8936 = DIRECTION ( 'NONE',  ( -8.157786440681345800E-032, -4.440892098500626200E-016, -1.000000000000000000 ) ) ;
#8937 = ORIENTED_EDGE ( 'NONE', *, *, #9899, .T. ) ;
#8938 = DIRECTION ( 'NONE',  ( -1.000000000000000000, 0.0000000000000000000, 0.0000000000000000000 ) ) ;
#8939 = EDGE_CURVE ( 'NONE', #2109, #9081, #8013, .T. ) ;
#8940 = ORIENTED_EDGE ( 'NONE', *, *, #2788, .F. ) ;
#8941 = DIRECTION ( 'NONE',  ( -1.000000000000000000, 0.0000000000000000000, 0.0000000000000000000 ) ) ;
#8942 = DIRECTION ( 'NONE',  ( 3.147609485530916800E-016, -1.110223024625158000E-016, 1.000000000000000000 ) ) ;
#8943 = PERSON_AND_ORGANIZATION ( #6755, #6956 ) ;
#8944 = CARTESIAN_POINT ( 'NONE',  ( 182.4321797548188000, 40.86904386338088800, 21.74999947845978500 ) ) ;
#8945 = CARTESIAN_POINT ( 'NONE',  ( 168.2781796281155900, 43.85192861849864000, 18.99999947845893200 ) ) ;
#8946 = EDGE_CURVE ( 'NONE', #8554, #791, #121, .T. ) ;
#8947 = DIRECTION ( 'NONE',  ( 0.7071067811865474600, 0.0000000000000000000, 0.7071067811865475700 ) ) ;
#8948 = VERTEX_POINT ( 'NONE', #8030 ) ;
#8949 = CARTESIAN_POINT ( 'NONE',  ( 181.7875378213373700, 36.85343190140081800, 3.000013011975194200 ) ) ;
#8950 = AXIS2_PLACEMENT_3D ( 'NONE', #1550, #1472, #1589 ) ;
#8951 = VERTEX_POINT ( 'NONE', #756 ) ;
#8952 = VERTEX_POINT ( 'NONE', #7240 ) ;
#8953 = EDGE_CURVE ( 'NONE', #10339, #10093, #5606, .T. ) ;
#8954 = ORIENTED_EDGE ( 'NONE', *, *, #7360, .F. ) ;
#8955 = DIRECTION ( 'NONE',  ( 4.440892098500626200E-016, 0.0000000000000000000, -1.000000000000000000 ) ) ;
#8956 = LINE ( 'NONE', #2772, #1335 ) ;
#8957 = ORIENTED_EDGE ( 'NONE', *, *, #2741, .T. ) ;
#8958 = CIRCLE ( 'NONE', #1854, 0.7999999999999951600 ) ;
#8959 = CARTESIAN_POINT ( 'NONE',  ( 183.0219256400218600, 29.84757416903736500, 17.39999966811049600 ) ) ;
#8961 = ADVANCED_FACE ( 'NONE', ( #2989 ), #3281, .F. ) ;
#8960 = CARTESIAN_POINT ( 'NONE',  ( 173.7719257169743800, 45.86904386338088800, 21.99999947845938700 ) ) ;
#8962 = ORIENTED_EDGE ( 'NONE', *, *, #6288, .T. ) ;
#8963 = EDGE_CURVE ( 'NONE', #8837, #1587, #1826, .T. ) ;
#8964 = ORIENTED_EDGE ( 'NONE', *, *, #1350, .T. ) ;
#8965 = AXIS2_PLACEMENT_3D ( 'NONE', #3949, #5680, #10365 ) ;
#8966 = EDGE_LOOP ( 'NONE', ( #7521, #10224, #4485, #11562 ) ) ;
#8967 = VERTEX_POINT ( 'NONE', #2642 ) ;
#8968 = EDGE_CURVE ( 'NONE', #8747, #8743, #9602, .T. ) ;
#8969 = CARTESIAN_POINT ( 'NONE',  ( 178.2718850593088300, 45.89203403532670900, 18.99999947845892800 ) ) ;
#8970 = EDGE_LOOP ( 'NONE', ( #3315, #2512, #6160, #7307 ) ) ;
#8971 = EDGE_CURVE ( 'NONE', #4916, #7697, #2261, .T. ) ;
#8972 = FACE_OUTER_BOUND ( 'NONE', #7102, .T. ) ;
#8973 = DIRECTION ( 'NONE',  ( -1.000000000000000000, 0.0000000000000000000, 0.0000000000000000000 ) ) ;
#8974 = CARTESIAN_POINT ( 'NONE',  ( 173.7719257169743800, 45.86904400576364800, 5.999999833293287600 ) ) ;
#8975 = AXIS2_PLACEMENT_3D ( 'NONE', #10292, #6617, #3724 ) ;
#8976 = LINE ( 'NONE', #2976, #3087 ) ;
#8977 = CARTESIAN_POINT ( 'NONE',  ( 155.5395405552501400, 36.49727206305251300, 16.49999967266197100 ) ) ;
#8978 = ORIENTED_EDGE ( 'NONE', *, *, #9586, .F. ) ;
#8979 = DIRECTION ( 'NONE',  ( 0.0000000000000000000, -1.000000000000000000, 0.0000000000000000000 ) ) ;
#8980 = CARTESIAN_POINT ( 'NONE',  ( 173.7719257169743800, 45.86904400576364800, 4.200000000030845700 ) ) ;
#8981 = DIRECTION ( 'NONE',  ( 0.0000000000000000000, 1.000000000000000000, 0.0000000000000000000 ) ) ;
#8982 = ORIENTED_EDGE ( 'NONE', *, *, #7058, .F. ) ;
#8983 = ADVANCED_FACE ( 'NONE', ( #7446 ), #6599, .F. ) ;
#8984 = ORIENTED_EDGE ( 'NONE', *, *, #6452, .F. ) ;
#8985 = VECTOR ( 'NONE', #9883, 1000.000000000000000 ) ;
#8986 = ORIENTED_EDGE ( 'NONE', *, *, #1278, .T. ) ;
#8987 = AXIS2_PLACEMENT_3D ( 'NONE', #7654, #4987, #3900 ) ;
#8988 = CYLINDRICAL_SURFACE ( 'NONE', #2137, 2.000000000000140300 ) ;
#8989 = DIRECTION ( 'NONE',  ( 0.0000000000000000000, 0.0000000000000000000, -1.000000000000000000 ) ) ;
#8990 = CARTESIAN_POINT ( 'NONE',  ( 198.1063220760345000, 45.36904400576364100, 0.7500135331658556200 ) ) ;
#8991 = DIRECTION ( 'NONE',  ( -1.000000000000000000, 0.0000000000000000000, -2.571232623030909800E-016 ) ) ;
#8992 = BREP_WITH_VOIDS ( 'NONE', #10530, ( #10142, #7834, #8050 ) );
#8993 = VERTEX_POINT ( 'NONE', #3631 ) ;
#8994 = ORIENTED_EDGE ( 'NONE', *, *, #5358, .T. ) ;
#8995 = CARTESIAN_POINT ( 'NONE',  ( 192.2719255630692900, 45.86904400576411700, 21.54999878108492000 ) ) ;
#8996 = LINE ( 'NONE', #893, #5716 ) ;
#8997 = CARTESIAN_POINT ( 'NONE',  ( 156.4324107979061900, 34.93286649347046300, 17.11281938432520600 ) ) ;
#8998 = FACE_OUTER_BOUND ( 'NONE', #2990, .T. ) ;
#8999 = CARTESIAN_POINT ( 'NONE',  ( 188.0689853496277200, 48.36904400576364800, 3.000012844918297900 ) ) ;
#9000 = CARTESIAN_POINT ( 'NONE',  ( 178.6013034760583500, 52.86383567243007100, 4.200000000026831200 ) ) ;
#9001 = ORIENTED_EDGE ( 'NONE', *, *, #5541, .T. ) ;
#9002 = ORIENTED_EDGE ( 'NONE', *, *, #2580, .F. ) ;
#9003 = FACE_OUTER_BOUND ( 'NONE', #6839, .T. ) ;
#9004 = LINE ( 'NONE', #8405, #7727 ) ;
#9005 = VERTEX_POINT ( 'NONE', #3714 ) ;
#9006 = AXIS2_PLACEMENT_3D ( 'NONE', #11621, #9775, #4443 ) ;
#9007 = CIRCLE ( 'NONE', #10930, 0.5000000000000004400 ) ;
#9008 = DIRECTION ( 'NONE',  ( -1.000000000000000000, 0.0000000000000000000, 0.0000000000000000000 ) ) ;
#9009 = ORIENTED_EDGE ( 'NONE', *, *, #5377, .T. ) ;
#9010 = ORIENTED_EDGE ( 'NONE', *, *, #11723, .T. ) ;
#9011 = FACE_OUTER_BOUND ( 'NONE', #3613, .T. ) ;
#9012 = DIRECTION ( 'NONE',  ( 0.0000000000000000000, 0.0000000000000000000, -1.000000000000000000 ) ) ;
#9013 = CARTESIAN_POINT ( 'NONE',  ( 174.7719257169736400, 55.86904386338088800, 19.99999947846018200 ) ) ;
#9014 = DIRECTION ( 'NONE',  ( 0.0000000000000000000, 0.0000000000000000000, -1.000000000000000000 ) ) ;
#9015 = VECTOR ( 'NONE', #6302, 1000.000000000000000 ) ;
#9016 = SECURITY_CLASSIFICATION ( '', '', #4676 ) ;
#9017 = VECTOR ( 'NONE', #4843, 1000.000000000000000 ) ;
#9018 = VECTOR ( 'NONE', #8373, 1000.000000000000000 ) ;
#9019 = ORIENTED_EDGE ( 'NONE', *, *, #11509, .T. ) ;
#9020 = CARTESIAN_POINT ( 'NONE',  ( 190.2719267945538200, 45.86904400576364100, 1.750013533165847300 ) ) ;
#9021 = VECTOR ( 'NONE', #682, 1000.000000000000100 ) ;
#9022 = FACE_OUTER_BOUND ( 'NONE', #3413, .T. ) ;
#9023 = DIRECTION ( 'NONE',  ( 0.5000000000000015500, 0.8660254037844377100, 0.0000000000000000000 ) ) ;
#9024 = ORIENTED_EDGE ( 'NONE', *, *, #11723, .F. ) ;
#9025 = ADVANCED_FACE ( 'NONE', ( #7169 ), #6892, .T. ) ;
#9026 = CYLINDRICAL_SURFACE ( 'NONE', #6822, 1.000000000000000900 ) ;
#9027 = FACE_OUTER_BOUND ( 'NONE', #7270, .T. ) ;
#9028 = AXIS2_PLACEMENT_3D ( 'NONE', #11467, #4096, #5018 ) ;
#9029 = DIRECTION ( 'NONE',  ( 0.0000000000000000000, -1.000000000000000000, 0.0000000000000000000 ) ) ;
#9030 = CARTESIAN_POINT ( 'NONE',  ( 173.7719257169747200, 45.86904400576418100, 20.49999878108514700 ) ) ;
#9031 = FACE_OUTER_BOUND ( 'NONE', #4571, .T. ) ;
#9032 = EDGE_CURVE ( 'NONE', #1836, #2608, #690, .T. ) ;
#9033 = VERTEX_POINT ( 'NONE', #10199 ) ;
#9034 = CARTESIAN_POINT ( 'NONE',  ( 192.2719255630693500, 45.86904400576370500, 17.39999966811055300 ) ) ;
#9035 = FACE_BOUND ( 'NONE', #3925, .T. ) ;
#9036 = DIRECTION ( 'NONE',  ( -0.7071067811864530900, -0.7071067811866420500, -1.570092458683565400E-016 ) ) ;
#9037 = AXIS2_PLACEMENT_3D ( 'NONE', #11233, #10313, #9377 ) ;
#9038 = CARTESIAN_POINT ( 'NONE',  ( 163.9926420507595400, 28.99848947591652100, 1.999999999999910300 ) ) ;
#9039 = FACE_OUTER_BOUND ( 'NONE', #11564, .T. ) ;
#9040 = CARTESIAN_POINT ( 'NONE',  ( 190.0689853496277000, 43.36904400576364100, 0.7500135331658386300 ) ) ;
#9041 = EDGE_CURVE ( 'NONE', #6221, #7424, #1965, .T. ) ;
#9042 = CARTESIAN_POINT ( 'NONE',  ( 164.7563136126116500, 36.85343190140081800, 81.17012103714566300 ) ) ;
#9043 = VECTOR ( 'NONE', #9903, 1000.000000000000000 ) ;
#9044 = EDGE_CURVE ( 'NONE', #7333, #6081, #3571, .T. ) ;
#9045 = ADVANCED_FACE ( 'NONE', ( #8874, #8311 ), #43, .T. ) ;
#9046 = EDGE_CURVE ( 'NONE', #982, #11521, #4455, .T. ) ;
#9047 = CARTESIAN_POINT ( 'NONE',  ( 186.6766242392632500, 58.77374252805196900, 20.49999878108513900 ) ) ;
#9048 = AXIS2_PLACEMENT_3D ( 'NONE', #6241, #3337, #5281 ) ;
#9049 = ORIENTED_EDGE ( 'NONE', *, *, #5358, .F. ) ;
#9050 = LINE ( 'NONE', #3674, #859 ) ;
#9051 = CARTESIAN_POINT ( 'NONE',  ( 173.7719257169744400, 45.86904400576401000, 20.49999878108513900 ) ) ;
#9052 = DIRECTION ( 'NONE',  ( -1.000000000000000000, 0.0000000000000000000, -5.421010862427554700E-016 ) ) ;
#9053 = DIRECTION ( 'NONE',  ( 0.0000000000000000000, 1.000000000000000000, -1.613696327631728100E-016 ) ) ;
#9054 = CARTESIAN_POINT ( 'NONE',  ( 182.1066554382221100, 41.06984819044799900, 1.999999999999914100 ) ) ;
#9055 = EDGE_CURVE ( 'NONE', #2636, #2892, #4066, .T. ) ;
#9056 = AXIS2_PLACEMENT_3D ( 'NONE', #2806, #7470, #6451 ) ;
#9057 = ORIENTED_EDGE ( 'NONE', *, *, #7366, .T. ) ;
#9058 = EDGE_CURVE ( 'NONE', #4502, #2024, #10176, .T. ) ;
#9059 = FACE_BOUND ( 'NONE', #1672, .T. ) ;
#9060 = DIRECTION ( 'NONE',  ( 0.0000000000000000000, 1.000000000000000000, 0.0000000000000000000 ) ) ;
#9061 = CARTESIAN_POINT ( 'NONE',  ( 182.1066554382229300, 50.66823982107920400, 1.999999999999914500 ) ) ;
#9062 = AXIS2_PLACEMENT_3D ( 'NONE', #3585, #8185, #3752 ) ;
#9063 = ORIENTED_EDGE ( 'NONE', *, *, #10659, .T. ) ;
#9064 = DIRECTION ( 'NONE',  ( -4.440892098500626200E-016, -0.0000000000000000000, 1.000000000000000000 ) ) ;
#9065 = ORIENTED_EDGE ( 'NONE', *, *, #4783, .T. ) ;
#9066 = ORIENTED_EDGE ( 'NONE', *, *, #7816, .F. ) ;
#9067 = CARTESIAN_POINT ( 'NONE',  ( 163.7563136126116800, 54.88465611012650000, 3.000013011975194200 ) ) ;
#9068 = DIRECTION ( 'NONE',  ( 4.078893220340672900E-032, 2.220446049250313100E-016, 1.000000000000000000 ) ) ;
#9069 = VERTEX_POINT ( 'NONE', #960 ) ;
#9070 = VECTOR ( 'NONE', #3601, 1000.000000000000000 ) ;
#9071 = CARTESIAN_POINT ( 'NONE',  ( 187.2652476392200400, 45.86904386338088800, 21.21376696821360900 ) ) ;
#9072 = AXIS2_PLACEMENT_3D ( 'NONE', #11573, #3340, #1314 ) ;
#9073 = CARTESIAN_POINT ( 'NONE',  ( 172.0485007127524600, 40.17286345020813300, 2.199999311752464800 ) ) ;
#9075 = ORIENTED_EDGE ( 'NONE', *, *, #9680, .F. ) ;
#9074 = CARTESIAN_POINT ( 'NONE',  ( 173.7719257169743800, 37.86904386338088800, 21.99999947845893200 ) ) ;
#9076 = ORIENTED_EDGE ( 'NONE', *, *, #4769, .F. ) ;
#9077 = ORIENTED_EDGE ( 'NONE', *, *, #9839, .T. ) ;
#9078 = VERTEX_POINT ( 'NONE', #1831 ) ;
#9079 = DIRECTION ( 'NONE',  ( 4.440892098500626200E-016, 0.0000000000000000000, -1.000000000000000000 ) ) ;
#9080 = CARTESIAN_POINT ( 'NONE',  ( 178.4953732043113900, 28.24089799613869900, 22.49999878108514300 ) ) ;
#9081 = VERTEX_POINT ( 'NONE', #8421 ) ;
#9082 = FACE_OUTER_BOUND ( 'NONE', #6548, .T. ) ;
#9083 = DIRECTION ( 'NONE',  ( -4.440892098500626200E-016, -0.0000000000000000000, 1.000000000000000000 ) ) ;
#9084 = DIRECTION ( 'NONE',  ( -1.000000000000000000, 0.0000000000000000000, 0.0000000000000000000 ) ) ;
#9085 = ADVANCED_FACE ( 'NONE', ( #1257 ), #9891, .T. ) ;
#9086 = ORIENTED_EDGE ( 'NONE', *, *, #669, .F. ) ;
#9087 = DIRECTION ( 'NONE',  ( -1.000000000000000000, 0.0000000000000000000, -5.782411586589351700E-016 ) ) ;
#9088 = CARTESIAN_POINT ( 'NONE',  ( 162.3975570462096700, 33.49467533499925800, 3.000013011975194700 ) ) ;
#9089 = CARTESIAN_POINT ( 'NONE',  ( 182.4321797548188000, 40.86904386338089500, -19.26262734681628800 ) ) ;
#9090 = DIRECTION ( 'NONE',  ( 0.0000000000000000000, 1.000000000000000000, 0.0000000000000000000 ) ) ;
#9091 = CARTESIAN_POINT ( 'NONE',  ( 155.6320302730081600, 36.31903109444015600, 15.88512089158443700 ) ) ;
#9092 = EDGE_CURVE ( 'NONE', #4739, #6426, #412, .T. ) ;
#9093 = ORIENTED_EDGE ( 'NONE', *, *, #824, .T. ) ;
#9094 = ORIENTED_EDGE ( 'NONE', *, *, #8585, .T. ) ;
#9095 = CARTESIAN_POINT ( 'NONE',  ( 180.7270920108212000, 39.04074525941379600, 23.49999947845909200 ) ) ;
#9096 = CARTESIAN_POINT ( 'NONE',  ( 164.5219257939270700, 61.89051384249005800, 22.19999878099088200 ) ) ;
#9097 = CYLINDRICAL_SURFACE ( 'NONE', #11551, 1.999999999999772800 ) ;
#9098 = AXIS2_PLACEMENT_3D ( 'NONE', #2204, #5975, #6904 ) ;
#9099 = ADVANCED_FACE ( 'NONE', ( #11478 ), #2846, .F. ) ;
#9100 = ORIENTED_EDGE ( 'NONE', *, *, #2965, .F. ) ;
#9101 = EDGE_LOOP ( 'NONE', ( #8891, #5991 ) ) ;
#9102 = DIRECTION ( 'NONE',  ( 0.0000000000000000000, 0.0000000000000000000, -1.000000000000000000 ) ) ;
#9103 = ORIENTED_EDGE ( 'NONE', *, *, #7058, .T. ) ;
#9104 = DIRECTION ( 'NONE',  ( -2.220446049250312800E-016, 1.224646799147353200E-016, 1.000000000000000000 ) ) ;
#9105 = VERTEX_POINT ( 'NONE', #11247 ) ;
#9106 = ORIENTED_EDGE ( 'NONE', *, *, #4668, .F. ) ;
#9107 = ORIENTED_EDGE ( 'NONE', *, *, #7740, .F. ) ;
#9108 = FACE_OUTER_BOUND ( 'NONE', #9788, .T. ) ;
#9109 = DIRECTION ( 'NONE',  ( -0.8660254037838918100, -0.5000000000009470200, 0.0000000000000000000 ) ) ;
#9110 = EDGE_CURVE ( 'NONE', #2495, #6189, #4746, .T. ) ;
#9111 = DIRECTION ( 'NONE',  ( -4.057416247971343300E-016, -1.000000000000000000, 0.0000000000000000000 ) ) ;
#9112 = DIRECTION ( 'NONE',  ( 4.078893220340672900E-032, 2.220446049250313100E-016, 1.000000000000000000 ) ) ;
#9113 = VECTOR ( 'NONE', #1064, 1000.000000000000000 ) ;
#9114 = DIRECTION ( 'NONE',  ( 0.0000000000000000000, 0.0000000000000000000, -1.000000000000000000 ) ) ;
#9115 = AXIS2_PLACEMENT_3D ( 'NONE', #1516, #8720, #3351 ) ;
#9116 = EDGE_LOOP ( 'NONE', ( #8506, #3515, #6547, #3555, #9122, #8433 ) ) ;
#9117 = EDGE_CURVE ( 'NONE', #7333, #60, #6182, .T. ) ;
#9118 = CARTESIAN_POINT ( 'NONE',  ( 173.7719257169743800, 45.86904386338088800, 21.99999947845950000 ) ) ;
#9119 = VERTEX_POINT ( 'NONE', #166 ) ;
#9120 = DIRECTION ( 'NONE',  ( -0.0000000000000000000, -0.0000000000000000000, 1.000000000000000000 ) ) ;
#9121 = VERTEX_POINT ( 'NONE', #2929 ) ;
#9122 = ORIENTED_EDGE ( 'NONE', *, *, #219, .F. ) ;
#9123 = ORIENTED_EDGE ( 'NONE', *, *, #7507, .F. ) ;
#9124 = CARTESIAN_POINT ( 'NONE',  ( 160.0458980364826700, 56.05953778032213800, 1.999999999999914500 ) ) ;
#9125 = FACE_OUTER_BOUND ( 'NONE', #5421, .T. ) ;
#9126 = ORIENTED_EDGE ( 'NONE', *, *, #4539, .T. ) ;
#9127 = DIRECTION ( 'NONE',  ( -2.220446049250312800E-016, 1.224646799147353200E-016, 1.000000000000000000 ) ) ;
#9128 = VECTOR ( 'NONE', #11022, 1000.000000000000000 ) ;
#9129 = EDGE_CURVE ( 'NONE', #4392, #8257, #826, .T. ) ;
#9130 = DIRECTION ( 'NONE',  ( -1.000000000000000000, 0.0000000000000000000, 0.0000000000000000000 ) ) ;
#9131 = AXIS2_PLACEMENT_3D ( 'NONE', #2611, #4580, #6465 ) ;
#9132 = EDGE_CURVE ( 'NONE', #2605, #4799, #11762, .T. ) ;
#9133 = EDGE_CURVE ( 'NONE', #7758, #1827, #10324, .T. ) ;
#9134 = ORIENTED_EDGE ( 'NONE', *, *, #10210, .F. ) ;
#9135 = CARTESIAN_POINT ( 'NONE',  ( 190.0689853496277000, 48.36904400576365500, 1.750013533165799800 ) ) ;
#9136 = EDGE_LOOP ( 'NONE', ( #7094, #9741, #6136, #9698, #364, #9990, #11238, #5113 ) ) ;
#9137 = AXIS2_PLACEMENT_3D ( 'NONE', #8232, #10058, #10815 ) ;
#9138 = CARTESIAN_POINT ( 'NONE',  ( 175.4385923836410400, 54.00565388213111400, 23.49999947845909200 ) ) ;
#9139 = VECTOR ( 'NONE', #11338, 1000.000000000000000 ) ;
#9140 = CIRCLE ( 'NONE', #5336, 14.00000000000001200 ) ;
#9141 = DIRECTION ( 'NONE',  ( -0.0000000000000000000, -0.0000000000000000000, 1.000000000000000000 ) ) ;
#9142 = DIRECTION ( 'NONE',  ( -8.157786440681345800E-032, -4.440892098500626200E-016, -1.000000000000000000 ) ) ;
#9143 = CARTESIAN_POINT ( 'NONE',  ( 165.1116716791299600, 40.86904386338089500, 19.99999947846018200 ) ) ;
#9144 = DIRECTION ( 'NONE',  ( -1.000000000000000000, 0.0000000000000000000, 0.0000000000000000000 ) ) ;
#9145 = ORIENTED_EDGE ( 'NONE', *, *, #260, .F. ) ;
#9146 = DIRECTION ( 'NONE',  ( -4.440892098500625700E-016, 1.224646799147353500E-016, 1.000000000000000000 ) ) ;
#9147 = ADVANCED_FACE ( 'NONE', ( #1394, #5740 ), #9390, .F. ) ;
#9148 = EDGE_LOOP ( 'NONE', ( #1723, #8086, #9560, #4622 ) ) ;
#9149 = AXIS2_PLACEMENT_3D ( 'NONE', #11488, #3169, #2144 ) ;
#9150 = CIRCLE ( 'NONE', #9375, 1.999999999999974000 ) ;
#9151 = DIRECTION ( 'NONE',  ( 4.440892098500626200E-016, 0.0000000000000000000, -1.000000000000000000 ) ) ;
#9152 = VERTEX_POINT ( 'NONE', #3008 ) ;
#9153 = CIRCLE ( 'NONE', #11236, 2.000000000000057300 ) ;
#9154 = CARTESIAN_POINT ( 'NONE',  ( 173.7719257169747200, 24.36904495051790000, 19.49999999999989000 ) ) ;
#9155 = AXIS2_PLACEMENT_3D ( 'NONE', #7630, #7600, #251 ) ;
#9156 = ORIENTED_EDGE ( 'NONE', *, *, #5477, .F. ) ;
#9157 = ORIENTED_EDGE ( 'NONE', *, *, #2578, .T. ) ;
#9158 = DIRECTION ( 'NONE',  ( 1.000000000000000000, 0.0000000000000000000, 0.0000000000000000000 ) ) ;
#9159 = DIRECTION ( 'NONE',  ( 2.220446049250313100E-016, 0.0000000000000000000, -1.000000000000000000 ) ) ;
#9160 = CYLINDRICAL_SURFACE ( 'NONE', #4116, 1.999999999999946300 ) ;
#9161 = CARTESIAN_POINT ( 'NONE',  ( 176.0356955398195600, 49.75817566741907400, 23.49999947845893200 ) ) ;
#9162 = FACE_OUTER_BOUND ( 'NONE', #2840, .T. ) ;
#9163 = DIRECTION ( 'NONE',  ( -1.141055616044227100E-016, 0.7071067811865449100, -0.7071067811865501300 ) ) ;
#9164 = VERTEX_POINT ( 'NONE', #5844 ) ;
#9165 = DIRECTION ( 'NONE',  ( 8.157786440681345800E-032, 4.440892098500626200E-016, 1.000000000000000000 ) ) ;
#9166 = VECTOR ( 'NONE', #1268, 1000.000000000000000 ) ;
#9167 = ADVANCED_FACE ( 'NONE', ( #5318 ), #7744, .T. ) ;
#9168 = DIRECTION ( 'NONE',  ( -1.000000000000000000, 0.0000000000000000000, -4.336808689941893500E-016 ) ) ;
#9169 = VECTOR ( 'NONE', #942, 1000.000000000000000 ) ;
#9170 = ORIENTED_EDGE ( 'NONE', *, *, #7376, .F. ) ;
#9171 = CARTESIAN_POINT ( 'NONE',  ( 179.2656718058354400, 43.85192861849643000, 18.99999947845893200 ) ) ;
#9172 = DIRECTION ( 'NONE',  ( 0.0000000000000000000, 1.000000000000000000, 0.0000000000000000000 ) ) ;
#9173 = CARTESIAN_POINT ( 'NONE',  ( 174.7719257169744100, 37.86904386338095200, 19.99999947845892800 ) ) ;
#9174 = VECTOR ( 'NONE', #4835, 1000.000000000000000 ) ;
#9175 = VECTOR ( 'NONE', #1750, 1000.000000000000000 ) ;
#9176 = ORIENTED_EDGE ( 'NONE', *, *, #2506, .T. ) ;
#9177 = FACE_OUTER_BOUND ( 'NONE', #2647, .T. ) ;
#9178 = DIRECTION ( 'NONE',  ( 1.000000000000000000, 0.0000000000000000000, 2.478176394252579200E-016 ) ) ;
#9179 = VERTEX_POINT ( 'NONE', #1187 ) ;
#9180 = VECTOR ( 'NONE', #1995, 1000.000000000000000 ) ;
#9181 = EDGE_CURVE ( 'NONE', #11867, #11126, #9309, .T. ) ;
#9182 = CARTESIAN_POINT ( 'NONE',  ( 199.9033806311083200, 43.36904400576364100, 0.7500135331658555100 ) ) ;
#9183 = CYLINDRICAL_SURFACE ( 'NONE', #8509, 1.500000000000001300 ) ;
#9184 = ORIENTED_EDGE ( 'NONE', *, *, #9916, .F. ) ;
#9185 = DIRECTION ( 'NONE',  ( -0.0000000000000000000, -0.0000000000000000000, 1.000000000000000000 ) ) ;
#9186 = CIRCLE ( 'NONE', #5978, 0.5000000000000004400 ) ;
#9187 =( NAMED_UNIT ( * ) SI_UNIT ( $, .STERADIAN. ) SOLID_ANGLE_UNIT ( ) );
#9188 = AXIS2_PLACEMENT_3D ( 'NONE', #8630, #2290, #336 ) ;
#9189 = DIRECTION ( 'NONE',  ( 0.0000000000000000000, 1.000000000000000000, -5.204170673763400600E-016 ) ) ;
#9190 = EDGE_CURVE ( 'NONE', #11307, #11490, #5028, .T. ) ;
#9191 = PLANE ( 'NONE',  #1890 ) ;
#9192 = DIRECTION ( 'NONE',  ( -1.000000000000000000, 0.0000000000000000000, -1.613696301046473200E-016 ) ) ;
#9193 = DIRECTION ( 'NONE',  ( 0.0000000000000000000, 0.0000000000000000000, -1.000000000000000000 ) ) ;
#9194 = EDGE_CURVE ( 'NONE', #5742, #1605, #6321, .T. ) ;
#9195 = ORIENTED_EDGE ( 'NONE', *, *, #5398, .T. ) ;
#9196 = CIRCLE ( 'NONE', #8023, 1.000000000000000900 ) ;
#9197 = DIRECTION ( 'NONE',  ( 4.440892098500626200E-016, 0.0000000000000000000, -1.000000000000000000 ) ) ;
#9198 = EDGE_CURVE ( 'NONE', #51, #11014, #5914, .T. ) ;
#9199 = CARTESIAN_POINT ( 'NONE',  ( 161.3975570462096700, 58.24341267652847900, 3.000013011975194200 ) ) ;
#9200 = EDGE_CURVE ( 'NONE', #7558, #6794, #11186, .T. ) ;
#9201 = CARTESIAN_POINT ( 'NONE',  ( 183.0219256400218600, 62.89051384249050600, 17.39999966811049600 ) ) ;
#9202 = DIRECTION ( 'NONE',  ( 0.0000000000000000000, 0.0000000000000000000, -1.000000000000000000 ) ) ;
#9204 = ADVANCED_FACE ( 'NONE', ( #3870 ), #10898, .F. ) ;
#9203 = DIRECTION ( 'NONE',  ( -1.000000000000000000, -1.387778780781444400E-014, 0.0000000000000000000 ) ) ;
#9205 = DIRECTION ( 'NONE',  ( 0.0000000000000000000, 0.0000000000000000000, -1.000000000000000000 ) ) ;
#9206 = AXIS2_PLACEMENT_3D ( 'NONE', #7535, #8334, #9260 ) ;
#9207 = EDGE_LOOP ( 'NONE', ( #11816, #1509, #664, #5225 ) ) ;
#9208 = ORIENTED_EDGE ( 'NONE', *, *, #3596, .F. ) ;
#9209 = CARTESIAN_POINT ( 'NONE',  ( 181.8341815263929100, 41.86904400576364800, 1.999999999999914500 ) ) ;
#9210 = VERTEX_POINT ( 'NONE', #6844 ) ;
#9211 = LINE ( 'NONE', #5682, #1859 ) ;
#9212 = DIRECTION ( 'NONE',  ( 1.353763752833605500E-014, -1.000000000000000000, 1.353763752833661700E-014 ) ) ;
#9213 = PLANE ( 'NONE',  #2446 ) ;
#9214 = ORIENTED_EDGE ( 'NONE', *, *, #1421, .F. ) ;
#9215 = VERTEX_POINT ( 'NONE', #1274 ) ;
#9216 = EDGE_CURVE ( 'NONE', #7707, #2073, #8442, .T. ) ;
#9217 = AXIS2_PLACEMENT_3D ( 'NONE', #4500, #11825, #6385 ) ;
#9218 = ORIENTED_EDGE ( 'NONE', *, *, #900, .F. ) ;
#9219 = ORIENTED_EDGE ( 'NONE', *, *, #3372, .T. ) ;
#9220 = DIRECTION ( 'NONE',  ( 4.440892098500625700E-016, -1.224646799147353500E-016, -1.000000000000000000 ) ) ;
#9221 = CARTESIAN_POINT ( 'NONE',  ( 178.0258784378866300, 36.26936414651035500, 1.999999999999917200 ) ) ;
#9222 = EDGE_LOOP ( 'NONE', ( #4838, #5687, #10931, #6019 ) ) ;
#9223 = FACE_OUTER_BOUND ( 'NONE', #6953, .T. ) ;
#9224 = ADVANCED_FACE ( 'NONE', ( #1674 ), #1429, .T. ) ;
#9225 = AXIS2_PLACEMENT_3D ( 'NONE', #1566, #6196, #704 ) ;
#9226 = DIRECTION ( 'NONE',  ( -4.440892098500626200E-016, -0.0000000000000000000, 1.000000000000000000 ) ) ;
#9227 = ORIENTED_EDGE ( 'NONE', *, *, #8858, .F. ) ;
#9228 = CARTESIAN_POINT ( 'NONE',  ( 164.5219257939272900, 29.84757416903766700, 22.34999878108499200 ) ) ;
#9229 = DIRECTION ( 'NONE',  ( 0.0000000000000000000, 1.000000000000000000, 0.0000000000000000000 ) ) ;
#9230 = VECTOR ( 'NONE', #5727, 1000.000000000000000 ) ;
#9231 = AXIS2_PLACEMENT_3D ( 'NONE', #11376, #4086, #2979 ) ;
#9232 = CARTESIAN_POINT ( 'NONE',  ( 173.7719257169747200, 45.86904400576362700, 20.49999878108513200 ) ) ;
#9233 = DIRECTION ( 'NONE',  ( -1.000000000000000000, 0.0000000000000000000, 0.0000000000000000000 ) ) ;
#9234 = VERTEX_POINT ( 'NONE', #4121 ) ;
#9235 = DIRECTION ( 'NONE',  ( 0.0000000000000000000, 0.0000000000000000000, -1.000000000000000000 ) ) ;
#9236 = ORIENTED_EDGE ( 'NONE', *, *, #9288, .F. ) ;
#9237 = CARTESIAN_POINT ( 'NONE',  ( 174.3689579063738800, 51.33654746604688800, 81.17012103714566300 ) ) ;
#9238 = PERSON_AND_ORGANIZATION ( #6755, #6956 ) ;
#9239 = DIRECTION ( 'NONE',  ( 4.440892098500625700E-016, -1.224646799147353500E-016, -1.000000000000000000 ) ) ;
#9240 = CARTESIAN_POINT ( 'NONE',  ( 173.7719257169743800, 57.36904386338088800, 3.000012844918302300 ) ) ;
#9241 = DIRECTION ( 'NONE',  ( 1.000000000000000000, -1.836970198721029700E-016, 0.0000000000000000000 ) ) ;
#9242 = ORIENTED_EDGE ( 'NONE', *, *, #9044, .T. ) ;
#9243 = EDGE_LOOP ( 'NONE', ( #842, #11804 ) ) ;
#9244 = VERTEX_POINT ( 'NONE', #11448 ) ;
#9245 = VERTEX_POINT ( 'NONE', #5117 ) ;
#9246 = CYLINDRICAL_SURFACE ( 'NONE', #7239, 2.000000000000029300 ) ;
#9247 = CIRCLE ( 'NONE', #10732, 1.000000000000000900 ) ;
#9248 = DIRECTION ( 'NONE',  ( 4.440892098500626200E-016, 0.0000000000000000000, -1.000000000000000000 ) ) ;
#9249 = EDGE_CURVE ( 'NONE', #2594, #4653, #7874, .T. ) ;
#9250 = ORIENTED_EDGE ( 'NONE', *, *, #7297, .F. ) ;
#9251 = EDGE_LOOP ( 'NONE', ( #1663, #183, #4232, #10880 ) ) ;
#9252 = DIRECTION ( 'NONE',  ( 0.0000000000000000000, 0.0000000000000000000, -1.000000000000000000 ) ) ;
#9253 = DIRECTION ( 'NONE',  ( -1.000000000000000000, 0.0000000000000000000, 0.0000000000000000000 ) ) ;
#9254 = AXIS2_PLACEMENT_3D ( 'NONE', #9143, #7314, #8256 ) ;
#9255 = VERTEX_POINT ( 'NONE', #9554 ) ;
#9256 = ORIENTED_EDGE ( 'NONE', *, *, #7768, .T. ) ;
#9257 = AXIS2_PLACEMENT_3D ( 'NONE', #8153, #3498, #801 ) ;
#9258 = VERTEX_POINT ( 'NONE', #7866 ) ;
#9259 = CYLINDRICAL_SURFACE ( 'NONE', #466, 4.500000000000198100 ) ;
#9260 = DIRECTION ( 'NONE',  ( -1.000000000000000000, 0.0000000000000000000, -4.336808689942013800E-016 ) ) ;
#9261 = ADVANCED_FACE ( 'NONE', ( #11050 ), #3210, .F. ) ;
#9262 = AXIS2_PLACEMENT_3D ( 'NONE', #9385, #7466, #3944 ) ;
#9263 = CYLINDRICAL_SURFACE ( 'NONE', #5874, 1.000000000000000900 ) ;
#9264 = CARTESIAN_POINT ( 'NONE',  ( 173.7719257169743800, 45.86904400576364800, 2.199999311752462100 ) ) ;
#9265 = CARTESIAN_POINT ( 'NONE',  ( 173.7719257169743800, 57.36904386338043300, 17.49999947845938700 ) ) ;
#9266 = EDGE_CURVE ( 'NONE', #2103, #11884, #10614, .T. ) ;
#9267 = CARTESIAN_POINT ( 'NONE',  ( 163.7962151825974800, 45.17248135052175000, 23.49999947845893200 ) ) ;
#9268 = ORIENTED_EDGE ( 'NONE', *, *, #2181, .T. ) ;
#9269 = EDGE_CURVE ( 'NONE', #318, #8702, #1107, .T. ) ;
#9270 = ORIENTED_EDGE ( 'NONE', *, *, #5919, .T. ) ;
#9271 = DIRECTION ( 'NONE',  ( -2.220446049250312800E-016, 1.224646799147353200E-016, 1.000000000000000000 ) ) ;
#9272 = EDGE_CURVE ( 'NONE', #8634, #6032, #6472, .T. ) ;
#9273 = CARTESIAN_POINT ( 'NONE',  ( 173.7719257169743800, 67.36904266052502500, 19.50000000000002800 ) ) ;
#9274 = CYLINDRICAL_SURFACE ( 'NONE', #10392, 1.000000000000000900 ) ;
#9275 = EDGE_LOOP ( 'NONE', ( #11161, #5989 ) ) ;
#9276 = CARTESIAN_POINT ( 'NONE',  ( 180.7270920108212000, 39.04074525941379600, 18.99999947845893200 ) ) ;
#9277 = AXIS2_PLACEMENT_3D ( 'NONE', #652, #11665, #2487 ) ;
#9278 = FACE_BOUND ( 'NONE', #3139, .T. ) ;
#9279 = CARTESIAN_POINT ( 'NONE',  ( 168.5955450594450200, 26.55052839254473100, 22.49999878108515000 ) ) ;
#9280 = ADVANCED_FACE ( 'NONE', ( #3731 ), #980, .F. ) ;
#9281 = CARTESIAN_POINT ( 'NONE',  ( 192.2719255630692900, 45.86904400576411700, 22.49999878108508300 ) ) ;
#9282 = VERTEX_POINT ( 'NONE', #1609 ) ;
#9283 = CARTESIAN_POINT ( 'NONE',  ( 177.5715967553672700, 36.61904386338100200, 18.99999947845893200 ) ) ;
#9284 = ORIENTED_EDGE ( 'NONE', *, *, #796, .F. ) ;
#9285 = DIRECTION ( 'NONE',  ( 4.440892109195640400E-016, 0.0000000000000000000, -1.000000000000000000 ) ) ;
#9286 = DIRECTION ( 'NONE',  ( 0.0000000000000000000, 1.224646799147353200E-016, 1.000000000000000000 ) ) ;
#9287 = CIRCLE ( 'NONE', #9217, 16.50000028186576600 ) ;
#9288 = EDGE_CURVE ( 'NONE', #3668, #791, #8592, .T. ) ;
#9289 = AXIS2_PLACEMENT_3D ( 'NONE', #1459, #6235, #4397 ) ;
#9290 = LINE ( 'NONE', #8933, #6873 ) ;
#9291 = EDGE_CURVE ( 'NONE', #5709, #6653, #8156, .T. ) ;
#9292 = EDGE_CURVE ( 'NONE', #5259, #2015, #10480, .T. ) ;
#9293 = ORIENTED_EDGE ( 'NONE', *, *, #7655, .T. ) ;
#9294 = AXIS2_PLACEMENT_3D ( 'NONE', #9264, #1063, #2019 ) ;
#9295 = CIRCLE ( 'NONE', #1158, 1.349999999999997000 ) ;
#9296 = CIRCLE ( 'NONE', #6232, 1.999999999999946300 ) ;
#9297 = VERTEX_POINT ( 'NONE', #11682 ) ;
#9298 = DIRECTION ( 'NONE',  ( -1.000000000000000000, 0.0000000000000000000, 0.0000000000000000000 ) ) ;
#9299 = CARTESIAN_POINT ( 'NONE',  ( 173.7719257169746600, 45.86904400576391100, 20.49999878108513600 ) ) ;
#9300 = CIRCLE ( 'NONE', #2917, 13.49332192224564300 ) ;
#9301 = ORIENTED_EDGE ( 'NONE', *, *, #10516, .F. ) ;
#9302 = ORIENTED_EDGE ( 'NONE', *, *, #8797, .T. ) ;
#9303 = FACE_OUTER_BOUND ( 'NONE', #10709, .T. ) ;
#9304 = AXIS2_PLACEMENT_3D ( 'NONE', #843, #994, #10086 ) ;
#9305 = CIRCLE ( 'NONE', #9334, 0.7500000000000006700 ) ;
#9306 = CARTESIAN_POINT ( 'NONE',  ( 165.1116716791299600, 40.86904386338090200, 17.49999947846030000 ) ) ;
#9307 = CARTESIAN_POINT ( 'NONE',  ( 163.7579486982980700, 52.34748711850765800, 2.619815985956368200E-014 ) ) ;
#9308 = CARTESIAN_POINT ( 'NONE',  ( 182.2719257169745500, 49.86904400576358400, 4.199999999999903400 ) ) ;
#9309 = CIRCLE ( 'NONE', #61, 12.00000000000001100 ) ;
#9310 = CIRCLE ( 'NONE', #4082, 1.999999999999974000 ) ;
#9311 = VERTEX_POINT ( 'NONE', #4357 ) ;
#9312 = CARTESIAN_POINT ( 'NONE',  ( 189.2719267945538500, 45.11904400576364100, 3.000012844918273900 ) ) ;
#9313 = AXIS2_PLACEMENT_3D ( 'NONE', #8497, #7541, #6558 ) ;
#9314 = LINE ( 'NONE', #6283, #9021 ) ;
#9315 = CARTESIAN_POINT ( 'NONE',  ( 178.4953732043113900, 63.49719001538910100, 22.49999878108514300 ) ) ;
#9316 = CARTESIAN_POINT ( 'NONE',  ( 192.2719255630693500, 44.86904400576325700, 17.39999966811055300 ) ) ;
#9317 = CIRCLE ( 'NONE', #5134, 16.50000028186515500 ) ;
#9318 = ORIENTED_EDGE ( 'NONE', *, *, #6523, .F. ) ;
#9319 = CARTESIAN_POINT ( 'NONE',  ( 164.5219257939270700, 63.89051384248983800, 22.49999878108508300 ) ) ;
#9320 = CONICAL_SURFACE ( 'NONE', #3979, 1.999999999874685400, 0.7853981633974482800 ) ;
#9321 = DIRECTION ( 'NONE',  ( -8.157786440681345800E-032, -4.440892098500626200E-016, -1.000000000000000000 ) ) ;
#9322 = DIRECTION ( 'NONE',  ( 4.440892098500626200E-016, 0.0000000000000000000, -1.000000000000000000 ) ) ;
#9323 = FACE_OUTER_BOUND ( 'NONE', #11373, .T. ) ;
#9324 = ORIENTED_EDGE ( 'NONE', *, *, #4690, .T. ) ;
#9325 = CARTESIAN_POINT ( 'NONE',  ( 192.8779456889535600, 49.76904400565838700, 1.999999999999923200 ) ) ;
#9326 = FACE_OUTER_BOUND ( 'NONE', #10169, .T. ) ;
#9327 = DIRECTION ( 'NONE',  ( 0.0000000000000000000, 1.000000000000000000, 0.0000000000000000000 ) ) ;
#9329 = ADVANCED_FACE ( 'NONE', ( #3430 ), #8016, .F. ) ;
#9328 = CARTESIAN_POINT ( 'NONE',  ( 174.7719257169744100, 37.86904386338095200, 21.99999947845893200 ) ) ;
#9330 = PLANE ( 'NONE',  #7553 ) ;
#9331 = CIRCLE ( 'NONE', #3197, 2.000000000000140300 ) ;
#9332 = CARTESIAN_POINT ( 'NONE',  ( 171.7719257169744400, 37.86904386338088800, 21.99999947845893200 ) ) ;
#9333 = VECTOR ( 'NONE', #9949, 1000.000000000000000 ) ;
#9334 = AXIS2_PLACEMENT_3D ( 'NONE', #10943, #10021, #5506 ) ;
#9335 = CARTESIAN_POINT ( 'NONE',  ( 172.8985201877806300, 66.35049186115134000, 17.00466716074003400 ) ) ;
#9336 = CARTESIAN_POINT ( 'NONE',  ( 162.1046636280877900, 34.20178191687694600, 20.49999878108513900 ) ) ;
#9337 = ORIENTED_EDGE ( 'NONE', *, *, #7303, .T. ) ;
#9338 = VECTOR ( 'NONE', #4688, 1000.000000000000000 ) ;
#9339 = CARTESIAN_POINT ( 'NONE',  ( 173.7719257169743800, 45.86904386338088800, 4.500000036235206800 ) ) ;
#9340 = PLANE ( 'NONE',  #10073 ) ;
#9341 = ADVANCED_FACE ( 'NONE', ( #8731, #6736 ), #599, .F. ) ;
#9342 = EDGE_CURVE ( 'NONE', #3128, #9376, #4884, .T. ) ;
#9343 = DIRECTION ( 'NONE',  ( -8.157786440681345800E-032, -4.440892098500626200E-016, -1.000000000000000000 ) ) ;
#9344 = CARTESIAN_POINT ( 'NONE',  ( 173.7719257169747200, 45.86904400576327100, 22.49999878108514700 ) ) ;
#9345 = ORIENTED_EDGE ( 'NONE', *, *, #5613, .T. ) ;
#9346 = CIRCLE ( 'NONE', #3345, 1.999999999999772800 ) ;
#9347 = EDGE_CURVE ( 'NONE', #6474, #10155, #11319, .T. ) ;
#9348 = DIRECTION ( 'NONE',  ( -1.000000000000000000, 0.0000000000000000000, 0.0000000000000000000 ) ) ;
#9349 = CARTESIAN_POINT ( 'NONE',  ( 176.1906730092614200, 42.07435526798150200, 23.49999947845893200 ) ) ;
#9350 = ORIENTED_EDGE ( 'NONE', *, *, #2118, .F. ) ;
#9351 = VERTEX_POINT ( 'NONE', #7151 ) ;
#9352 = EDGE_LOOP ( 'NONE', ( #8855, #3236, #1388, #1029 ) ) ;
#9353 = EDGE_CURVE ( 'NONE', #11424, #1451, #9296, .T. ) ;
#9354 = AXIS2_PLACEMENT_3D ( 'NONE', #8885, #11669, #3439 ) ;
#9355 = DIRECTION ( 'NONE',  ( -1.000000000000000000, 0.0000000000000000000, 0.0000000000000000000 ) ) ;
#9356 = VERTEX_POINT ( 'NONE', #6124 ) ;
#9357 = EDGE_CURVE ( 'NONE', #6654, #5023, #8861, .T. ) ;
#9358 = CIRCLE ( 'NONE', #10727, 1.999999999999946300 ) ;
#9359 = CARTESIAN_POINT ( 'NONE',  ( 168.2781796281150000, 43.85192861849763800, 23.49999947845893200 ) ) ;
#9360 = EDGE_CURVE ( 'NONE', #1346, #6801, #10468, .T. ) ;
#9361 = CARTESIAN_POINT ( 'NONE',  ( 167.6610262511647700, 53.78465550865308800, 23.49999947845893200 ) ) ;
#9362 = CARTESIAN_POINT ( 'NONE',  ( 191.6548801875581200, 35.84582539648885600, 17.47437426676159700 ) ) ;
#9363 = CARTESIAN_POINT ( 'NONE',  ( 172.7972104414581100, 66.34592084250114400, 16.24014178376551600 ) ) ;
#9364 = DIRECTION ( 'NONE',  ( 4.440892098500625700E-016, -1.224646799147353500E-016, -1.000000000000000000 ) ) ;
#9365 = AXIS2_PLACEMENT_3D ( 'NONE', #11751, #4508, #6309 ) ;
#9366 = ORIENTED_EDGE ( 'NONE', *, *, #4394, .F. ) ;
#9367 = ORIENTED_EDGE ( 'NONE', *, *, #8894, .T. ) ;
#9368 = ORIENTED_EDGE ( 'NONE', *, *, #2654, .T. ) ;
#9369 = EDGE_LOOP ( 'NONE', ( #5397, #2779 ) ) ;
#9370 = DIRECTION ( 'NONE',  ( 0.0000000000000000000, 1.000000000000000000, -1.613696327631728100E-016 ) ) ;
#9371 = ORIENTED_EDGE ( 'NONE', *, *, #9032, .F. ) ;
#9372 = CIRCLE ( 'NONE', #1422, 1.999999999999807500 ) ;
#9373 = DIRECTION ( 'NONE',  ( 8.659560562354931600E-017, 0.7071067811865471300, 0.7071067811865479100 ) ) ;
#9374 = DIRECTION ( 'NONE',  ( 0.5000000000000015500, 0.8660254037844377100, 0.0000000000000000000 ) ) ;
#9375 = AXIS2_PLACEMENT_3D ( 'NONE', #9973, #937, #5543 ) ;
#9376 = VERTEX_POINT ( 'NONE', #3299 ) ;
#9377 = DIRECTION ( 'NONE',  ( 0.0000000000000000000, 1.000000000000000000, 0.0000000000000000000 ) ) ;
#9378 = DIRECTION ( 'NONE',  ( -1.000000000000000000, 0.0000000000000000000, 0.0000000000000000000 ) ) ;
#9379 = APPROVAL_PERSON_ORGANIZATION ( #10403, #7562, #6595 ) ;
#9380 = AXIS2_PLACEMENT_3D ( 'NONE', #3203, #3165, #6757 ) ;
#9381 = ADVANCED_FACE ( 'NONE', ( #3416 ), #8580, .F. ) ;
#9382 = CARTESIAN_POINT ( 'NONE',  ( 197.9033806311083500, 43.36904400576364100, 0.7500135331658555100 ) ) ;
#9383 = CARTESIAN_POINT ( 'NONE',  ( 197.9033806311083200, 48.36904400576364100, 0.7500135331658555100 ) ) ;
#9384 = EDGE_LOOP ( 'NONE', ( #3695, #1252, #9410, #2606 ) ) ;
#9385 = CARTESIAN_POINT ( 'NONE',  ( 183.0219256400220300, 29.84757416903783400, 22.49999878108507900 ) ) ;
#9386 = ORIENTED_EDGE ( 'NONE', *, *, #7265, .T. ) ;
#9387 = CIRCLE ( 'NONE', #2851, 2.499999999999697100 ) ;
#9388 = ORIENTED_EDGE ( 'NONE', *, *, #7422, .F. ) ;
#9389 = CARTESIAN_POINT ( 'NONE',  ( 194.3874579384626300, 42.36904400576409600, 2.862293735361731700E-014 ) ) ;
#9390 = PLANE ( 'NONE',  #4784 ) ;
#9391 = CARTESIAN_POINT ( 'NONE',  ( 173.7719257169744400, 45.86904386338088800, 18.99999947845893500 ) ) ;
#9392 = CARTESIAN_POINT ( 'NONE',  ( 164.7563136126116800, 54.88465611012650000, 2.775557561562891400E-014 ) ) ;
#9393 = ORIENTED_EDGE ( 'NONE', *, *, #1430, .F. ) ;
#9394 = CARTESIAN_POINT ( 'NONE',  ( 173.7719257169743800, 45.86904400576364800, 2.190088388420719000E-014 ) ) ;
#9395 = ORIENTED_EDGE ( 'NONE', *, *, #5754, .F. ) ;
#9396 = AXIS2_PLACEMENT_3D ( 'NONE', #3173, #9803, #11776 ) ;
#9397 = DIRECTION ( 'NONE',  ( 4.440892098500626200E-016, 0.0000000000000000000, -1.000000000000000000 ) ) ;
#9398 = ORIENTED_EDGE ( 'NONE', *, *, #9418, .T. ) ;
#9399 = VERTEX_POINT ( 'NONE', #10878 ) ;
#9400 = DIRECTION ( 'NONE',  ( 4.440892098500626200E-016, 0.0000000000000000000, -1.000000000000000000 ) ) ;
#9401 = VERTEX_POINT ( 'NONE', #4433 ) ;
#9402 = CARTESIAN_POINT ( 'NONE',  ( 173.7719257169743800, 45.86904386338089500, 23.49999947847436800 ) ) ;
#9403 = FACE_OUTER_BOUND ( 'NONE', #9251, .T. ) ;
#9404 = DIRECTION ( 'NONE',  ( 1.000000000000000000, -1.836970198721029700E-016, 0.0000000000000000000 ) ) ;
#9405 = CYLINDRICAL_SURFACE ( 'NONE', #7418, 0.9999999999992514900 ) ;
#9406 = DIRECTION ( 'NONE',  ( 2.220446049250313100E-016, 0.0000000000000000000, -1.000000000000000000 ) ) ;
#9407 = ORIENTED_EDGE ( 'NONE', *, *, #11356, .T. ) ;
#9408 = CC_DESIGN_SECURITY_CLASSIFICATION ( #9016, ( #8012 ) ) ;
#9409 = ORIENTED_EDGE ( 'NONE', *, *, #8963, .F. ) ;
#9410 = ORIENTED_EDGE ( 'NONE', *, *, #675, .T. ) ;
#9411 = EDGE_LOOP ( 'NONE', ( #7642, #2614 ) ) ;
#9412 = VECTOR ( 'NONE', #7543, 1000.000000000000000 ) ;
#9413 = ORIENTED_EDGE ( 'NONE', *, *, #10537, .F. ) ;
#9414 = VECTOR ( 'NONE', #11074, 1000.000000000000000 ) ;
#9415 = CARTESIAN_POINT ( 'NONE',  ( 173.7719257169743200, 45.86904400576370500, 1.999999999999905400 ) ) ;
#9416 = DIRECTION ( 'NONE',  ( -8.157786440681345800E-032, -4.440892098500626200E-016, -1.000000000000000000 ) ) ;
#9417 = AXIS2_PLACEMENT_3D ( 'NONE', #10464, #5014, #4970 ) ;
#9418 = EDGE_CURVE ( 'NONE', #10412, #8594, #4593, .T. ) ;
#9419 = ORIENTED_EDGE ( 'NONE', *, *, #724, .T. ) ;
#9420 = EDGE_LOOP ( 'NONE', ( #9872, #1331, #1891, #3983 ) ) ;
#9421 = CIRCLE ( 'NONE', #9450, 0.8000000000000020400 ) ;
#9422 = DIRECTION ( 'NONE',  ( 1.000000000000000000, 0.0000000000000000000, 0.0000000000000000000 ) ) ;
#9423 = DIRECTION ( 'NONE',  ( -1.000000000000000000, 0.0000000000000000000, -4.336808689941954100E-016 ) ) ;
#9424 = CYLINDRICAL_SURFACE ( 'NONE', #2718, 1.000000000000000900 ) ;
#9425 = CARTESIAN_POINT ( 'NONE',  ( 177.4649792974503600, 40.52008567243016300, 4.199999999999901600 ) ) ;
#9426 = EDGE_CURVE ( 'NONE', #5886, #7125, #679, .T. ) ;
#9427 = DIRECTION ( 'NONE',  ( 0.0000000000000000000, -0.0000000000000000000, -1.000000000000000000 ) ) ;
#9428 = EDGE_CURVE ( 'NONE', #10339, #60, #6584, .T. ) ;
#9429 = CARTESIAN_POINT ( 'NONE',  ( 163.1719257939273000, 29.84757416903766700, 21.54999878108492000 ) ) ;
#9430 = EDGE_CURVE ( 'NONE', #11817, #3061, #5170, .T. ) ;
#9431 = EDGE_LOOP ( 'NONE', ( #9452, #751, #11625, #11752 ) ) ;
#9432 = VERTEX_POINT ( 'NONE', #1771 ) ;
#9433 = CARTESIAN_POINT ( 'NONE',  ( 174.7719257169744700, 46.13084325118004600, 21.99999947845984100 ) ) ;
#9434 = AXIS2_PLACEMENT_3D ( 'NONE', #11007, #790, #11045 ) ;
#9435 = CARTESIAN_POINT ( 'NONE',  ( 166.5219257938019800, 61.89051384249005800, 22.19999878093403800 ) ) ;
#9436 = CIRCLE ( 'NONE', #2439, 1.749999386690445700 ) ;
#9437 = EDGE_LOOP ( 'NONE', ( #9459, #10255 ) ) ;
#9438 = CARTESIAN_POINT ( 'NONE',  ( 173.7719257169744900, 64.86904346994575100, 16.49999967266197100 ) ) ;
#9439 = LINE ( 'NONE', #7904, #5455 ) ;
#9440 = DIRECTION ( 'NONE',  ( 8.157786440681345800E-032, 4.440892098500626200E-016, 1.000000000000000000 ) ) ;
#9441 = CARTESIAN_POINT ( 'NONE',  ( 183.7875378213373700, 54.88465611012649200, 2.819966482547897600E-014 ) ) ;
#9442 = ORIENTED_EDGE ( 'NONE', *, *, #6288, .F. ) ;
#9443 = ORIENTED_EDGE ( 'NONE', *, *, #2079, .T. ) ;
#9444 = DIRECTION ( 'NONE',  ( -8.157786440681345800E-032, -4.440892098500626200E-016, -1.000000000000000000 ) ) ;
#9445 = ADVANCED_FACE ( 'NONE', ( #2245 ), #7189, .T. ) ;
#9446 = DIRECTION ( 'NONE',  ( -1.000000000000000000, 0.0000000000000000000, -5.782411586589351700E-016 ) ) ;
#9447 = ORIENTED_EDGE ( 'NONE', *, *, #7659, .T. ) ;
#9448 = EDGE_CURVE ( 'NONE', #645, #2636, #10167, .T. ) ;
#9449 = CIRCLE ( 'NONE', #1700, 0.8000000000000020400 ) ;
#9450 = AXIS2_PLACEMENT_3D ( 'NONE', #377, #4047, #4967 ) ;
#9451 = LINE ( 'NONE', #9221, #5881 ) ;
#9452 = ORIENTED_EDGE ( 'NONE', *, *, #1434, .F. ) ;
#9453 = DIRECTION ( 'NONE',  ( 0.0000000000000000000, 0.0000000000000000000, -1.000000000000000000 ) ) ;
#9454 = CIRCLE ( 'NONE', #833, 0.7500000000000006700 ) ;
#9455 = CARTESIAN_POINT ( 'NONE',  ( 175.8488487938981000, 49.86108476153621900, 23.49999947845893200 ) ) ;
#9456 = AXIS2_PLACEMENT_3D ( 'NONE', #6998, #5271, #11602 ) ;
#9457 = DIRECTION ( 'NONE',  ( -1.000000000000000000, 0.0000000000000000000, -5.782411586589351700E-016 ) ) ;
#9458 = CIRCLE ( 'NONE', #3989, 14.19999999999982300 ) ;
#9459 = ORIENTED_EDGE ( 'NONE', *, *, #1348, .F. ) ;
#9460 = DIRECTION ( 'NONE',  ( -1.000000000000000000, 0.0000000000000000000, -4.336808689942013800E-016 ) ) ;
#9461 = DIRECTION ( 'NONE',  ( 0.0000000000000000000, -1.000000000000000000, -9.183829272383557500E-015 ) ) ;
#9462 = FACE_OUTER_BOUND ( 'NONE', #4961, .T. ) ;
#9463 = LINE ( 'NONE', #9389, #7038 ) ;
#9464 = EDGE_LOOP ( 'NONE', ( #4706, #5231, #4512, #9001, #1009, #11134, #7674, #6264 ) ) ;
#9465 = VECTOR ( 'NONE', #6418, 1000.000000000000000 ) ;
#9466 = CARTESIAN_POINT ( 'NONE',  ( 174.5719257169745000, 39.86904448602505400, 81.17012103714566300 ) ) ;
#9467 = AXIS2_PLACEMENT_3D ( 'NONE', #1579, #3381, #8938 ) ;
#9468 = VERTEX_POINT ( 'NONE', #1739 ) ;
#9469 = CIRCLE ( 'NONE', #11269, 2.000000000000029300 ) ;
#9470 = CARTESIAN_POINT ( 'NONE',  ( 163.5814319424160300, 59.59507168625543000, 1.999999999999914100 ) ) ;
#9471 = CARTESIAN_POINT ( 'NONE',  ( 163.7579486982980900, 52.34748711850761500, 1.999999999999914500 ) ) ;
#9472 = LINE ( 'NONE', #3599, #3745 ) ;
#9473 = EDGE_LOOP ( 'NONE', ( #9157, #6889, #7399, #7386 ) ) ;
#9474 = CARTESIAN_POINT ( 'NONE',  ( 192.2719255630692900, 44.51904400576413000, 56.79194912331138300 ) ) ;
#9475 = DIRECTION ( 'NONE',  ( 1.000000000000000000, 0.0000000000000000000, 0.0000000000000000000 ) ) ;
#9476 = CARTESIAN_POINT ( 'NONE',  ( 186.1462943877393700, 58.24341267652847200, 3.000013011975194200 ) ) ;
#9477 = CIRCLE ( 'NONE', #6207, 2.000000000000140300 ) ;
#9478 = DIRECTION ( 'NONE',  ( -0.0000000000000000000, -0.0000000000000000000, 1.000000000000000000 ) ) ;
#9479 = CARTESIAN_POINT ( 'NONE',  ( 189.0689853496277200, 48.36904400576364800, 3.000012844918298300 ) ) ;
#9480 = CARTESIAN_POINT ( 'NONE',  ( 168.2719219421223000, 45.86904400576364800, 4.999999311752645800 ) ) ;
#9481 = DIRECTION ( 'NONE',  ( 0.0000000000000000000, 1.000000000000000000, 0.0000000000000000000 ) ) ;
#9482 = EDGE_CURVE ( 'NONE', #9842, #3145, #2832, .T. ) ;
#9483 = VERTEX_POINT ( 'NONE', #3575 ) ;
#9484 = CIRCLE ( 'NONE', #5207, 1.999999999931750800 ) ;
#9485 = AXIS2_PLACEMENT_3D ( 'NONE', #5725, #7472, #46 ) ;
#9486 = AXIS2_PLACEMENT_3D ( 'NONE', #2689, #11782, #6289 ) ;
#9487 = CARTESIAN_POINT ( 'NONE',  ( 183.0219256400218600, 29.84757416903736500, 14.29999914656994900 ) ) ;
#9488 = DIRECTION ( 'NONE',  ( -1.000000000000000000, -2.370788750501634400E-014, -5.782411586589351700E-016 ) ) ;
#9489 = ORIENTED_EDGE ( 'NONE', *, *, #6832, .T. ) ;
#9490 = AXIS2_PLACEMENT_3D ( 'NONE', #5918, #5954, #1304 ) ;
#9491 = ORIENTED_EDGE ( 'NONE', *, *, #5925, .T. ) ;
#9492 = DIRECTION ( 'NONE',  ( 0.0000000000000000000, 1.000000000000000000, -4.440892098500626200E-016 ) ) ;
#9493 = EDGE_CURVE ( 'NONE', #4586, #8846, #554, .T. ) ;
#9494 = ORIENTED_EDGE ( 'NONE', *, *, #5079, .T. ) ;
#9495 = CIRCLE ( 'NONE', #3495, 21.49999940945329500 ) ;
#9496 = EDGE_CURVE ( 'NONE', #349, #9711, #964, .T. ) ;
#9497 = DIRECTION ( 'NONE',  ( 0.0000000000000000000, 0.0000000000000000000, -1.000000000000000000 ) ) ;
#9498 = ADVANCED_FACE ( 'NONE', ( #5303 ), #4309, .F. ) ;
#9499 = EDGE_CURVE ( 'NONE', #11004, #8231, #8299, .T. ) ;
#9500 = ORIENTED_EDGE ( 'NONE', *, *, #1926, .T. ) ;
#9501 = B_SPLINE_CURVE_WITH_KNOTS ( 'NONE', 3,
 ( #586, #11519, #4154, #3239 ),
 .UNSPECIFIED., .F., .F.,
 ( 4, 4 ),
 ( 5.312590645178972500E-018, 0.0005848268779500264700 ),
 .UNSPECIFIED. ) ;
#9502 = VERTEX_POINT ( 'NONE', #5442 ) ;
#9503 = AXIS2_PLACEMENT_3D ( 'NONE', #8974, #9012, #8639 ) ;
#9504 = ORIENTED_EDGE ( 'NONE', *, *, #11604, .F. ) ;
#9505 = DIRECTION ( 'NONE',  ( -1.000000000000000000, 0.0000000000000000000, 0.0000000000000000000 ) ) ;
#9506 = DIRECTION ( 'NONE',  ( -1.000000000000000000, 0.0000000000000000000, 0.0000000000000000000 ) ) ;
#9507 = ORIENTED_EDGE ( 'NONE', *, *, #10600, .T. ) ;
#9508 = CARTESIAN_POINT ( 'NONE',  ( 187.9719257169745400, 45.86904400576391100, 21.49999895691860300 ) ) ;
#9509 = AXIS2_PLACEMENT_3D ( 'NONE', #8374, #10235, #238 ) ;
#9510 = DIRECTION ( 'NONE',  ( 0.0000000000000000000, 1.224646799147353200E-016, 1.000000000000000000 ) ) ;
#9511 = EDGE_LOOP ( 'NONE', ( #10129, #1596 ) ) ;
#9512 = CYLINDRICAL_SURFACE ( 'NONE', #2272, 0.9999999999999978900 ) ;
#9513 = DIRECTION ( 'NONE',  ( -8.157786440681345800E-032, -4.440892098500626200E-016, -1.000000000000000000 ) ) ;
#9514 = DIRECTION ( 'NONE',  ( 4.440892098500625200E-016, -1.224646799147353500E-016, -1.000000000000000000 ) ) ;
#9515 = DIRECTION ( 'NONE',  ( -0.0000000000000000000, -0.0000000000000000000, 1.000000000000000000 ) ) ;
#9516 = ORIENTED_EDGE ( 'NONE', *, *, #6830, .T. ) ;
#9517 = CARTESIAN_POINT ( 'NONE',  ( 183.0219256400218600, 63.24051384249030100, 56.79194912331138300 ) ) ;
#9518 = EDGE_CURVE ( 'NONE', #8061, #1868, #2537, .T. ) ;
#9519 = CARTESIAN_POINT ( 'NONE',  ( 188.0613444153857500, 37.61904427367269900, 16.49999967266197100 ) ) ;
#9520 = AXIS2_PLACEMENT_3D ( 'NONE', #7040, #11647, #5276 ) ;
#9521 = EDGE_CURVE ( 'NONE', #10774, #6014, #6457, .T. ) ;
#9522 = DIRECTION ( 'NONE',  ( 2.220446049250313100E-016, 0.0000000000000000000, -1.000000000000000000 ) ) ;
#9523 = EDGE_CURVE ( 'NONE', #10316, #2357, #2691, .T. ) ;
#9524 = CIRCLE ( 'NONE', #884, 0.2499999999999447100 ) ;
#9525 = CARTESIAN_POINT ( 'NONE',  ( 174.6429754290486500, 66.35059453855440400, 15.99243093770602500 ) ) ;
#9526 = AXIS2_PLACEMENT_3D ( 'NONE', #9643, #2237, #3219 ) ;
#9527 = CARTESIAN_POINT ( 'NONE',  ( 172.7719257169743800, 45.60724447558174400, 21.99999947845984100 ) ) ;
#9528 = ORIENTED_EDGE ( 'NONE', *, *, #108, .T. ) ;
#9529 = ORIENTED_EDGE ( 'NONE', *, *, #200, .T. ) ;
#9530 = LOCAL_TIME ( 15, 42, 18.00000000000000000, #10111 ) ;
#9531 = CARTESIAN_POINT ( 'NONE',  ( 178.2718975693599100, 45.88496013626655000, 21.99999947845893200 ) ) ;
#9532 = CARTESIAN_POINT ( 'NONE',  ( 181.5569751947219300, 50.55631961728266800, 0.4130012825055854300 ) ) ;
#9533 = ADVANCED_FACE ( 'NONE', ( #262 ), #7431, .F. ) ;
#9534 = CARTESIAN_POINT ( 'NONE',  ( 187.9140606726643100, 60.01117896145295600, 22.49999878108514300 ) ) ;
#9535 = AXIS2_PLACEMENT_3D ( 'NONE', #2721, #10197, #10051 ) ;
#9536 = ORIENTED_EDGE ( 'NONE', *, *, #11377, .T. ) ;
#9537 = DIRECTION ( 'NONE',  ( -0.0000000000000000000, -0.0000000000000000000, -1.000000000000000000 ) ) ;
#9538 = DIRECTION ( 'NONE',  ( 4.440892098500626200E-016, 0.0000000000000000000, -1.000000000000000000 ) ) ;
#9539 = ORIENTED_EDGE ( 'NONE', *, *, #4557, .T. ) ;
#9540 = EDGE_LOOP ( 'NONE', ( #5266, #6270 ) ) ;
#9541 = VERTEX_POINT ( 'NONE', #10263 ) ;
#9542 = CYLINDRICAL_SURFACE ( 'NONE', #4725, 0.9999999999999978900 ) ;
#9543 = CARTESIAN_POINT ( 'NONE',  ( 169.0484782296380500, 63.49719001538910100, 20.49999878108513900 ) ) ;
#9544 = CIRCLE ( 'NONE', #8031, 0.5000000000000004400 ) ;
#9545 = VERTEX_POINT ( 'NONE', #4671 ) ;
#9546 = DIRECTION ( 'NONE',  ( 3.147609485530916800E-016, -1.110223024625158000E-016, 1.000000000000000000 ) ) ;
#9547 = CARTESIAN_POINT ( 'NONE',  ( 162.9956455047893700, 61.00928524862835200, 2.426531198196359000E-014 ) ) ;
#9548 = CARTESIAN_POINT ( 'NONE',  ( 173.7719257169743800, 45.86904400576364800, 4.999999311752644000 ) ) ;
#9549 = ORIENTED_EDGE ( 'NONE', *, *, #10906, .F. ) ;
#9550 = ORIENTED_EDGE ( 'NONE', *, *, #10542, .T. ) ;
#9551 = ORIENTED_EDGE ( 'NONE', *, *, #11685, .T. ) ;
#9552 = VERTEX_POINT ( 'NONE', #4715 ) ;
#9553 = DIRECTION ( 'NONE',  ( 8.157786440681345800E-032, 4.440892098500626200E-016, 1.000000000000000000 ) ) ;
#9554 = CARTESIAN_POINT ( 'NONE',  ( 159.6297907612857300, 31.72690905007490200, 20.49999878108513900 ) ) ;
#9555 = FACE_OUTER_BOUND ( 'NONE', #4551, .T. ) ;
#9556 = CIRCLE ( 'NONE', #10558, 1.999999999999974000 ) ;
#9557 = CARTESIAN_POINT ( 'NONE',  ( 169.0484782296380500, 28.24089799613870300, 22.49999878108514300 ) ) ;
#9558 = DIRECTION ( 'NONE',  ( 0.0000000000000000000, 1.000000000000000000, -4.440892098500626200E-016 ) ) ;
#9559 = CARTESIAN_POINT ( 'NONE',  ( 173.7719257169744900, 45.86904400576364800, 2.428612866367529900E-014 ) ) ;
#9560 = ORIENTED_EDGE ( 'NONE', *, *, #5628, .F. ) ;
#9561 = ADVANCED_FACE ( 'NONE', ( #2403 ), #11748, .F. ) ;
#9562 = ORIENTED_EDGE ( 'NONE', *, *, #8650, .F. ) ;
#9563 = LINE ( 'NONE', #4218, #6276 ) ;
#9564 = ADVANCED_FACE ( 'NONE', ( #5593 ), #9750, .T. ) ;
#9565 = DIRECTION ( 'NONE',  ( -1.000000000000000000, 0.0000000000000000000, 0.0000000000000000000 ) ) ;
#9566 = DIRECTION ( 'NONE',  ( -0.0000000000000000000, -0.0000000000000000000, 1.000000000000000000 ) ) ;
#9567 = CARTESIAN_POINT ( 'NONE',  ( 173.7719257169744100, 37.86904386338095200, 19.99999947845892800 ) ) ;
#9568 = VECTOR ( 'NONE', #9895, 1000.000000000000000 ) ;
#9569 = EDGE_CURVE ( 'NONE', #4463, #3622, #8005, .T. ) ;
#9570 = DIRECTION ( 'NONE',  ( 0.0000000000000000000, 1.000000000000000000, 0.0000000000000000000 ) ) ;
#9571 = ORIENTED_EDGE ( 'NONE', *, *, #7820, .T. ) ;
#9572 = DESIGN_CONTEXT ( 'detailed design', #5641, 'design' ) ;
#9573 = ORIENTED_EDGE ( 'NONE', *, *, #5539, .T. ) ;
#9574 = EDGE_CURVE ( 'NONE', #2781, #9468, #7310, .T. ) ;
#9575 = LINE ( 'NONE', #8553, #802 ) ;
#9576 = DIRECTION ( 'NONE',  ( 0.0000000000000000000, 1.000000000000000000, 0.0000000000000000000 ) ) ;
#9577 = AXIS2_PLACEMENT_3D ( 'NONE', #10141, #11028, #3693 ) ;
#9578 = FACE_OUTER_BOUND ( 'NONE', #6405, .T. ) ;
#9579 = EDGE_CURVE ( 'NONE', #4349, #4242, #9451, .T. ) ;
#9580 = ORIENTED_EDGE ( 'NONE', *, *, #6530, .T. ) ;
#9581 = CARTESIAN_POINT ( 'NONE',  ( 164.5219257939272900, 29.84757416903766700, 22.19999878099088200 ) ) ;
#9582 = ORIENTED_EDGE ( 'NONE', *, *, #4769, .T. ) ;
#9583 = B_SPLINE_CURVE_WITH_KNOTS ( 'NONE', 3,
 ( #7185, #9867, #8175, #8048, #1602, #11878, #2544, #2665, #3525, #1768, #8131, #4388, #5316, #9091, #8085, #9912, #2585, #8977 ),
 .UNSPECIFIED., .F., .F.,
 ( 4, 2, 2, 2, 2, 2, 2, 2, 4 ),
 ( 0.0000000000000000000, 0.1250000000000000000, 0.2500000000000000000, 0.3750000000000000000, 0.5000000000000000000, 0.6250000000000000000, 0.7500000000000000000, 0.8750000000000000000, 1.000000000000000000 ),
 .UNSPECIFIED. ) ;
#9584 = LINE ( 'NONE', #5453, #8872 ) ;
#9585 = FACE_OUTER_BOUND ( 'NONE', #2303, .T. ) ;
#9586 = EDGE_CURVE ( 'NONE', #7641, #11591, #9004, .T. ) ;
#9587 = EDGE_LOOP ( 'NONE', ( #9395, #4841, #7220, #2575 ) ) ;
#9588 = AXIS2_PLACEMENT_3D ( 'NONE', #10239, #3875, #10282 ) ;
#9589 = CYLINDRICAL_SURFACE ( 'NONE', #8296, 1.999999999999807500 ) ;
#9590 = EDGE_CURVE ( 'NONE', #10601, #7066, #3719, .T. ) ;
#9591 = DIRECTION ( 'NONE',  ( -8.157786440681345800E-032, -4.440892098500626200E-016, -1.000000000000000000 ) ) ;
#9592 = CARTESIAN_POINT ( 'NONE',  ( 191.1124272266070800, 34.93444018491558700, 15.88512089171205400 ) ) ;
#9593 = EDGE_CURVE ( 'NONE', #9545, #9255, #5016, .T. ) ;
#9594 = DIRECTION ( 'NONE',  ( -1.000000000000000000, 1.836970198721029700E-016, -0.0000000000000000000 ) ) ;
#9595 = ORIENTED_EDGE ( 'NONE', *, *, #634, .F. ) ;
#9596 = ORIENTED_EDGE ( 'NONE', *, *, #7591, .F. ) ;
#9597 = FACE_OUTER_BOUND ( 'NONE', #5127, .T. ) ;
#9598 = ADVANCED_FACE ( 'NONE', ( #9585 ), #7157, .F. ) ;
#9599 = AXIS2_PLACEMENT_3D ( 'NONE', #2655, #9083, #10939 ) ;
#9600 = CARTESIAN_POINT ( 'NONE',  ( 190.0689853496277000, 43.36904400576364100, 0.7500135331658386300 ) ) ;
#9601 = VECTOR ( 'NONE', #11300, 1000.000000000000000 ) ;
#9602 = LINE ( 'NONE', #4685, #3134 ) ;
#9603 = VECTOR ( 'NONE', #10230, 1000.000000000000000 ) ;
#9604 = CARTESIAN_POINT ( 'NONE',  ( 173.7719257169744400, 45.86904386338111600, 23.49999947845893200 ) ) ;
#9605 = ORIENTED_EDGE ( 'NONE', *, *, #2022, .F. ) ;
#9606 = DIRECTION ( 'NONE',  ( -1.000000000000000000, 0.0000000000000000000, 0.0000000000000000000 ) ) ;
#9607 = CIRCLE ( 'NONE', #272, 0.7999999999999951600 ) ;
#9608 = PLANE ( 'NONE',  #4412 ) ;
#9609 = VECTOR ( 'NONE', #81, 1000.000000000000000 ) ;
#9610 = CARTESIAN_POINT ( 'NONE',  ( 180.2503688297190600, 35.85506698708755400, 1.999999999999914500 ) ) ;
#9611 = VERTEX_POINT ( 'NONE', #11160 ) ;
#9612 = AXIS2_PLACEMENT_3D ( 'NONE', #1329, #7026, #2302 ) ;
#9613 = DIRECTION ( 'NONE',  ( 0.7071067811864609800, -0.7071067811866341700, -0.0000000000000000000 ) ) ;
#9614 = CARTESIAN_POINT ( 'NONE',  ( 181.7001289472500500, 49.86904386338100900, 19.99999947845892800 ) ) ;
#9615 = LINE ( 'NONE', #6630, #8166 ) ;
#9616 = DIRECTION ( 'NONE',  ( 0.0000000000000000000, -1.000000000000000000, 0.0000000000000000000 ) ) ;
#9617 = CIRCLE ( 'NONE', #6925, 1.349999999999997000 ) ;
#9618 = DIRECTION ( 'NONE',  ( 0.0000000000000000000, 0.0000000000000000000, 1.000000000000000000 ) ) ;
#9619 = EDGE_LOOP ( 'NONE', ( #7020, #2996, #8668, #10404 ) ) ;
#9620 = AXIS2_PLACEMENT_3D ( 'NONE', #944, #3697, #5590 ) ;
#9621 = CARTESIAN_POINT ( 'NONE',  ( 178.0424400341178500, 29.93126759973311800, 20.49999878108513900 ) ) ;
#9622 = FACE_OUTER_BOUND ( 'NONE', #3678, .T. ) ;
#9623 = CARTESIAN_POINT ( 'NONE',  ( 173.7719257169743800, 45.86904400576364800, 4.165023740256363500 ) ) ;
#9624 = CIRCLE ( 'NONE', #8950, 1.999999999999772800 ) ;
#9625 = CARTESIAN_POINT ( 'NONE',  ( 189.2719267945538500, 45.86904400576364100, 3.000012844918273900 ) ) ;
#9626 = CARTESIAN_POINT ( 'NONE',  ( 183.0219256400220300, 31.19757416903783200, 19.49999999999988600 ) ) ;
#9627 = CYLINDRICAL_SURFACE ( 'NONE', #1727, 0.9999999999992514900 ) ;
#9628 = DIRECTION ( 'NONE',  ( 1.000000000000000000, -1.836970198721029700E-016, 0.0000000000000000000 ) ) ;
#9629 = ADVANCED_FACE ( 'NONE', ( #107 ), #9340, .F. ) ;
#9630 = DIRECTION ( 'NONE',  ( -1.000000000000000000, 0.0000000000000000000, 0.0000000000000000000 ) ) ;
#9631 = ORIENTED_EDGE ( 'NONE', *, *, #11741, .T. ) ;
#9632 = CIRCLE ( 'NONE', #36, 19.99999905524628500 ) ;
#9633 = DIRECTION ( 'NONE',  ( -1.000000000000000000, 0.0000000000000000000, 0.0000000000000000000 ) ) ;
#9634 = AXIS2_PLACEMENT_3D ( 'NONE', #9047, #3559, #8165 ) ;
#9635 = CARTESIAN_POINT ( 'NONE',  ( 182.4321797548184600, 40.86904386338100200, 18.99999947845893200 ) ) ;
#9636 = CARTESIAN_POINT ( 'NONE',  ( 190.0689853496277000, 48.36904400576364800, 81.17012103714566300 ) ) ;
#9637 = CARTESIAN_POINT ( 'NONE',  ( 180.7719294918266800, 45.86904400576364800, 5.499999311752191000 ) ) ;
#9638 = DIRECTION ( 'NONE',  ( 3.700743415417185100E-014, -1.000000000000000000, 0.0000000000000000000 ) ) ;
#9639 = PRODUCT_DEFINITION ( 'Î´Öª', '', #8012, #9572 ) ;
#9640 = ORIENTED_EDGE ( 'NONE', *, *, #2722, .T. ) ;
#9641 = FACE_BOUND ( 'NONE', #9243, .T. ) ;
#9642 = DIRECTION ( 'NONE',  ( 0.0000000000000000000, 0.0000000000000000000, 1.000000000000000000 ) ) ;
#9643 = CARTESIAN_POINT ( 'NONE',  ( 184.2719257169745500, 47.86904400576364100, 4.199999999999903400 ) ) ;
#9644 = DIRECTION ( 'NONE',  ( 0.0000000000000000000, 0.0000000000000000000, -1.000000000000000000 ) ) ;
#9645 = ORIENTED_EDGE ( 'NONE', *, *, #4695, .T. ) ;
#9646 = EDGE_CURVE ( 'NONE', #4972, #11136, #6882, .T. ) ;
#9647 = DIRECTION ( 'NONE',  ( -1.000000000000000000, 0.0000000000000000000, -4.336808689942013800E-016 ) ) ;
#9648 = ORIENTED_EDGE ( 'NONE', *, *, #11434, .T. ) ;
#9649 = CARTESIAN_POINT ( 'NONE',  ( 191.3949064306062000, 35.39546000954101100, 17.47436782267385500 ) ) ;
#9650 = ORIENTED_EDGE ( 'NONE', *, *, #10130, .T. ) ;
#9651 = DIRECTION ( 'NONE',  ( -4.440892098500626200E-016, -0.0000000000000000000, 1.000000000000000000 ) ) ;
#9652 = AXIS2_PLACEMENT_3D ( 'NONE', #10201, #2029, #4728 ) ;
#9653 = ORIENTED_EDGE ( 'NONE', *, *, #7303, .F. ) ;
#9654 = CYLINDRICAL_SURFACE ( 'NONE', #8407, 0.8000000000000020400 ) ;
#9655 = EDGE_CURVE ( 'NONE', #305, #6868, #7028, .T. ) ;
#9656 = CARTESIAN_POINT ( 'NONE',  ( 169.0484782296380500, 29.99089738282915400, 22.49999878108514300 ) ) ;
#9657 = CARTESIAN_POINT ( 'NONE',  ( 181.9177436671463100, 50.53664314193666500, 0.1116638456434987400 ) ) ;
#9658 = ADVANCED_FACE ( 'NONE', ( #9162 ), #2136, .F. ) ;
#9659 = DIRECTION ( 'NONE',  ( -1.000000000000000000, 0.0000000000000000000, 0.0000000000000000000 ) ) ;
#9660 = AXIS2_PLACEMENT_3D ( 'NONE', #11447, #9591, #6885 ) ;
#9661 = VERTEX_POINT ( 'NONE', #191 ) ;
#9662 = VERTEX_POINT ( 'NONE', #8568 ) ;
#9663 = CARTESIAN_POINT ( 'NONE',  ( 172.2719257169743800, 45.86904386338088800, 21.99999947845950000 ) ) ;
#9664 = CARTESIAN_POINT ( 'NONE',  ( 194.8331280569424300, 49.62794254644457200, 0.8938876590339646100 ) ) ;
#9665 = ORIENTED_EDGE ( 'NONE', *, *, #11150, .F. ) ;
#9666 = EDGE_LOOP ( 'NONE', ( #7256, #6074, #3567, #11558, #8826 ) ) ;
#9667 = EDGE_CURVE ( 'NONE', #60, #10339, #11465, .T. ) ;
#9668 = ORIENTED_EDGE ( 'NONE', *, *, #10889, .F. ) ;
#9669 = EDGE_CURVE ( 'NONE', #8220, #1635, #4160, .T. ) ;
#9670 = CIRCLE ( 'NONE', #370, 1.000000000000000900 ) ;
#9671 = DIRECTION ( 'NONE',  ( -6.983158872362112300E-017, 1.110223024625157000E-016, 1.000000000000000000 ) ) ;
#9672 = EDGE_CURVE ( 'NONE', #5720, #1116, #2101, .T. ) ;
#9673 = AXIS2_PLACEMENT_3D ( 'NONE', #6644, #10289, #7629 ) ;
#9674 = ORIENTED_EDGE ( 'NONE', *, *, #1613, .T. ) ;
#9675 = CARTESIAN_POINT ( 'NONE',  ( 170.5418561187496200, 40.22841886338043300, 21.99999947845893200 ) ) ;
#9676 = PERSON_AND_ORGANIZATION ( #6755, #6956 ) ;
#9677 = DIRECTION ( 'NONE',  ( -4.440892098500626200E-016, -0.0000000000000000000, 1.000000000000000000 ) ) ;
#9678 = DIRECTION ( 'NONE',  ( -4.078893220340672900E-032, -2.220446049250313100E-016, -1.000000000000000000 ) ) ;
#9679 = DIRECTION ( 'NONE',  ( -4.440892098500626200E-016, -0.0000000000000000000, 1.000000000000000000 ) ) ;
#9680 = EDGE_CURVE ( 'NONE', #5877, #10837, #1813, .T. ) ;
#9681 = AXIS2_PLACEMENT_3D ( 'NONE', #11089, #10163, #10053 ) ;
#9682 = VERTEX_POINT ( 'NONE', #347 ) ;
#9683 = EDGE_CURVE ( 'NONE', #1097, #5412, #11039, .T. ) ;
#9684 = DIRECTION ( 'NONE',  ( -1.000000000000000000, 0.0000000000000000000, -4.440892098500626200E-016 ) ) ;
#9685 = ORIENTED_EDGE ( 'NONE', *, *, #9448, .T. ) ;
#9686 = CARTESIAN_POINT ( 'NONE',  ( 173.7719257169744900, 62.36904346994576500, 15.49999967266197100 ) ) ;
#9687 = CIRCLE ( 'NONE', #618, 0.5000000000000004400 ) ;
#9688 = ORIENTED_EDGE ( 'NONE', *, *, #9768, .T. ) ;
#9690 = ADVANCED_FACE ( 'NONE', ( #3124 ), #1243, .T. ) ;
#9689 = CARTESIAN_POINT ( 'NONE',  ( 167.8437224866989100, 49.86904386338100900, 19.99999947845892800 ) ) ;
#9691 = AXIS2_PLACEMENT_3D ( 'NONE', #4129, #5050, #11457 ) ;
#9692 = DIRECTION ( 'NONE',  ( 4.078893220340672900E-032, 2.220446049250313100E-016, 1.000000000000000000 ) ) ;
#9693 = DIRECTION ( 'NONE',  ( 1.387778846336906700E-015, 1.000000000000000000, -5.204170673763400600E-016 ) ) ;
#9694 = ORIENTED_EDGE ( 'NONE', *, *, #2813, .T. ) ;
#9695 = CARTESIAN_POINT ( 'NONE',  ( 192.0042790661391300, 36.49721017306603000, 16.63263595984814500 ) ) ;
#9696 = VERTEX_POINT ( 'NONE', #1145 ) ;
#9697 = DIRECTION ( 'NONE',  ( 4.440892098500625700E-016, -1.224646799147353500E-016, -1.000000000000000000 ) ) ;
#9698 = ORIENTED_EDGE ( 'NONE', *, *, #3358, .F. ) ;
#9699 = ORIENTED_EDGE ( 'NONE', *, *, #11907, .T. ) ;
#9700 = DIRECTION ( 'NONE',  ( 0.0000000000000000000, 1.000000000000000000, 0.0000000000000000000 ) ) ;
#9701 = ORIENTED_EDGE ( 'NONE', *, *, #10191, .F. ) ;
#9702 = CARTESIAN_POINT ( 'NONE',  ( 173.7719257169743800, 51.36904778061549600, 4.999999311752645800 ) ) ;
#9703 = CIRCLE ( 'NONE', #11704, 1.999999999999974000 ) ;
#9704 = AXIS2_PLACEMENT_3D ( 'NONE', #8706, #452, #6894 ) ;
#9705 = LINE ( 'NONE', #3077, #9838 ) ;
#9706 = DIRECTION ( 'NONE',  ( -6.983158872362118400E-017, -1.110223024625156000E-016, 1.000000000000000000 ) ) ;
#9708 = ADVANCED_FACE ( 'NONE', ( #11901, #11618, #1947, #6171, #8286, #8427, #7296, #6026, #6723, #7721, #4297, #4000, #1802, #3266 ), #10433, .T. ) ;
#9707 = DIRECTION ( 'NONE',  ( -0.8660254037844389300, -0.4999999999999997800, 1.060575238724907400E-016 ) ) ;
#9709 = VERTEX_POINT ( 'NONE', #5750 ) ;
#9710 = ORIENTED_EDGE ( 'NONE', *, *, #4380, .F. ) ;
#9711 = VERTEX_POINT ( 'NONE', #7702 ) ;
#9712 = ORIENTED_EDGE ( 'NONE', *, *, #1099, .F. ) ;
#9713 = CYLINDRICAL_SURFACE ( 'NONE', #5492, 1.000000000000000900 ) ;
#9714 = ORIENTED_EDGE ( 'NONE', *, *, #66, .T. ) ;
#9715 = LINE ( 'NONE', #6294, #9128 ) ;
#9716 = CARTESIAN_POINT ( 'NONE',  ( 157.8341493109437300, 50.13955832290783100, 22.49999878108514300 ) ) ;
#9717 = DIRECTION ( 'NONE',  ( 1.000000000000000000, 0.0000000000000000000, 0.0000000000000000000 ) ) ;
#9718 = CARTESIAN_POINT ( 'NONE',  ( 180.2503688297190400, 55.88302102443969900, 2.986021277190268500E-014 ) ) ;
#9719 = DIRECTION ( 'NONE',  ( -4.078893220340672900E-032, -2.220446049250313100E-016, -1.000000000000000000 ) ) ;
#9720 = ORIENTED_EDGE ( 'NONE', *, *, #1125, .F. ) ;
#9721 = ADVANCED_FACE ( 'NONE', ( #5450 ), #1381, .F. ) ;
#9722 = ORIENTED_EDGE ( 'NONE', *, *, #4766, .T. ) ;
#9723 = CIRCLE ( 'NONE', #2593, 14.00000000000001200 ) ;
#9724 = EDGE_CURVE ( 'NONE', #9258, #7048, #7014, .T. ) ;
#9725 = DIRECTION ( 'NONE',  ( 2.960863674957791600E-016, 4.818676322157950500E-017, -1.000000000000000000 ) ) ;
#9726 = CYLINDRICAL_SURFACE ( 'NONE', #755, 0.9999999999992514900 ) ;
#9727 = DIRECTION ( 'NONE',  ( 0.0000000000000000000, 0.0000000000000000000, -1.000000000000000000 ) ) ;
#9728 = CARTESIAN_POINT ( 'NONE',  ( 163.2719272811694100, 45.86904400576364800, 1.999999999999914500 ) ) ;
#9729 = ORIENTED_EDGE ( 'NONE', *, *, #5326, .F. ) ;
#9730 = AXIS2_PLACEMENT_3D ( 'NONE', #8190, #4452, #5416 ) ;
#9731 = EDGE_LOOP ( 'NONE', ( #6335, #5614, #10407, #6522, #3393, #4390 ) ) ;
#9732 = ORIENTED_EDGE ( 'NONE', *, *, #10586, .T. ) ;
#9733 = AXIS2_PLACEMENT_3D ( 'NONE', #3298, #7112, #5275 ) ;
#9734 = CARTESIAN_POINT ( 'NONE',  ( 194.2719255629867800, 45.86904400576411000, 22.19999878099088200 ) ) ;
#9735 = CIRCLE ( 'NONE', #4092, 1.350000000000000500 ) ;
#9736 = VERTEX_POINT ( 'NONE', #1295 ) ;
#9737 = DIRECTION ( 'NONE',  ( -1.000000000000000000, 9.251858538542563600E-015, 0.0000000000000000000 ) ) ;
#9738 = VECTOR ( 'NONE', #10563, 1000.000000000000000 ) ;
#9739 = CARTESIAN_POINT ( 'NONE',  ( 190.2719267945538200, 46.61904400576364800, 0.7500135331658555100 ) ) ;
#9740 = CARTESIAN_POINT ( 'NONE',  ( 162.3975570462096400, 58.24341267652847900, 81.17012103714566300 ) ) ;
#9741 = ORIENTED_EDGE ( 'NONE', *, *, #9985, .F. ) ;
#9742 = ORIENTED_EDGE ( 'NONE', *, *, #2281, .T. ) ;
#9743 = DIRECTION ( 'NONE',  ( 1.000000000000000000, -1.836970198721029700E-016, 0.0000000000000000000 ) ) ;
#9744 = EDGE_CURVE ( 'NONE', #8876, #4977, #11027, .T. ) ;
#9745 = EDGE_LOOP ( 'NONE', ( #1450, #7917 ) ) ;
#9746 = DIRECTION ( 'NONE',  ( 0.0000000000000000000, 1.000000000000000000, 0.0000000000000000000 ) ) ;
#9747 = CARTESIAN_POINT ( 'NONE',  ( 185.4391878058619100, 57.53630609465108800, 22.49999878108514300 ) ) ;
#9748 = CIRCLE ( 'NONE', #4837, 19.49999997868823000 ) ;
#9749 = AXIS2_PLACEMENT_3D ( 'NONE', #3364, #10711, #3402 ) ;
#9750 = CYLINDRICAL_SURFACE ( 'NONE', #10925, 4.500000000000198100 ) ;
#9751 = EDGE_CURVE ( 'NONE', #1305, #6559, #11309, .T. ) ;
#9752 = ORIENTED_EDGE ( 'NONE', *, *, #6921, .F. ) ;
#9753 = FACE_OUTER_BOUND ( 'NONE', #7676, .T. ) ;
#9754 = CARTESIAN_POINT ( 'NONE',  ( 189.7097021230053700, 50.13955832290822900, 20.49999878108513900 ) ) ;
#9755 = ADVANCED_FACE ( 'NONE', ( #3405 ), #10311, .F. ) ;
#9756 = CIRCLE ( 'NONE', #11203, 16.50000028186576600 ) ;
#9757 = EDGE_LOOP ( 'NONE', ( #11137, #6078 ) ) ;
#9758 = DIRECTION ( 'NONE',  ( 4.440892098500626200E-016, 0.0000000000000000000, -1.000000000000000000 ) ) ;
#9759 = DIRECTION ( 'NONE',  ( 0.0000000000000000000, 1.000000000000000000, 0.0000000000000000000 ) ) ;
#9760 = EDGE_CURVE ( 'NONE', #3098, #5508, #5870, .T. ) ;
#9761 = EDGE_LOOP ( 'NONE', ( #7346, #9077, #1337, #4549 ) ) ;
#9762 = AXIS2_PLACEMENT_3D ( 'NONE', #10910, #1719, #10941 ) ;
#9763 = CYLINDRICAL_SURFACE ( 'NONE', #295, 15.42658558267648200 ) ;
#9764 = EDGE_CURVE ( 'NONE', #10352, #63, #10522, .T. ) ;
#9765 = VERTEX_POINT ( 'NONE', #3196 ) ;
#9766 = DIRECTION ( 'NONE',  ( -1.000000000000000000, 0.0000000000000000000, -4.336808689942013800E-016 ) ) ;
#9767 = CARTESIAN_POINT ( 'NONE',  ( 166.8437224866989100, 49.86904386338100900, 21.99999947845893200 ) ) ;
#9768 = EDGE_CURVE ( 'NONE', #8952, #11085, #248, .T. ) ;
#9769 = DIRECTION ( 'NONE',  ( -4.440892098500625700E-016, 1.224646799147353500E-016, 1.000000000000000000 ) ) ;
#9770 = VECTOR ( 'NONE', #6983, 1000.000000000000000 ) ;
#9771 = AXIS2_PLACEMENT_3D ( 'NONE', #5472, #11785, #2731 ) ;
#9772 = CIRCLE ( 'NONE', #3665, 1.999999999999974000 ) ;
#9773 = DIRECTION ( 'NONE',  ( -1.000000000000000000, 0.0000000000000000000, -4.440892098500625200E-016 ) ) ;
#9774 = DIRECTION ( 'NONE',  ( 4.440892098500625700E-016, -1.224646799147353500E-016, -1.000000000000000000 ) ) ;
#9775 = DIRECTION ( 'NONE',  ( 6.983158872362118400E-017, 1.110223024625156000E-016, -1.000000000000000000 ) ) ;
#9776 = PLANE ( 'NONE',  #2045 ) ;
#9777 = CIRCLE ( 'NONE', #4630, 9.499998263138881100 ) ;
#9778 = VERTEX_POINT ( 'NONE', #4272 ) ;
#9779 = DIRECTION ( 'NONE',  ( 4.440892098500626200E-016, 0.0000000000000000000, -1.000000000000000000 ) ) ;
#9780 = FACE_OUTER_BOUND ( 'NONE', #11696, .T. ) ;
#9781 = DIRECTION ( 'NONE',  ( -4.078893220340672900E-032, -2.220446049250313100E-016, -1.000000000000000000 ) ) ;
#9782 = AXIS2_PLACEMENT_3D ( 'NONE', #889, #8234, #2730 ) ;
#9783 = ADVANCED_FACE ( 'NONE', ( #4871 ), #2972, .T. ) ;
#9784 = CARTESIAN_POINT ( 'NONE',  ( 169.5179729960635200, 55.46872386501744500, 1.999999999999914500 ) ) ;
#9785 = ORIENTED_EDGE ( 'NONE', *, *, #10541, .F. ) ;
#9786 = LINE ( 'NONE', #784, #7340 ) ;
#9787 = DIRECTION ( 'NONE',  ( 1.836970198721029700E-016, 1.000000000000000000, 0.0000000000000000000 ) ) ;
#9788 = EDGE_LOOP ( 'NONE', ( #1012, #2004, #6269, #6165, #11308 ) ) ;
#9789 = VERTEX_POINT ( 'NONE', #11432 ) ;
#9790 = CARTESIAN_POINT ( 'NONE',  ( 185.1462943877393700, 33.49467533499879600, 3.000013011975194200 ) ) ;
#9791 = DIRECTION ( 'NONE',  ( 2.220446049250313100E-016, 0.0000000000000000000, -1.000000000000000000 ) ) ;
#9792 = ORIENTED_EDGE ( 'NONE', *, *, #10343, .T. ) ;
#9793 = CIRCLE ( 'NONE', #3248, 1.500000000000001300 ) ;
#9794 = CARTESIAN_POINT ( 'NONE',  ( 186.1462943877393500, 58.24341267652847200, 81.17012103714566300 ) ) ;
#9795 = CARTESIAN_POINT ( 'NONE',  ( 168.1808296183259300, 37.57810637624008600, 23.49999947845892800 ) ) ;
#9796 = DIRECTION ( 'NONE',  ( 0.0000000000000000000, -1.000000000000000000, 0.0000000000000000000 ) ) ;
#9797 = EDGE_LOOP ( 'NONE', ( #8794, #4540, #3918, #6212 ) ) ;
#9798 = VERTEX_POINT ( 'NONE', #4201 ) ;
#9799 = ORIENTED_EDGE ( 'NONE', *, *, #350, .T. ) ;
#9800 = ORIENTED_EDGE ( 'NONE', *, *, #6519, .F. ) ;
#9801 = DIRECTION ( 'NONE',  ( -0.0000000000000000000, -0.0000000000000000000, 1.000000000000000000 ) ) ;
#9802 = EDGE_CURVE ( 'NONE', #6312, #1346, #3560, .T. ) ;
#9803 = DIRECTION ( 'NONE',  ( -4.440892098500625700E-016, 1.224646799147353500E-016, 1.000000000000000000 ) ) ;
#9804 = CARTESIAN_POINT ( 'NONE',  ( 177.0019953151992500, 40.22841886338043300, 21.99999947845893200 ) ) ;
#9805 = ORIENTED_EDGE ( 'NONE', *, *, #2118, .T. ) ;
#9806 = CIRCLE ( 'NONE', #9904, 1.999999999999946300 ) ;
#9807 = ADVANCED_FACE ( 'NONE', ( #1092 ), #816, .T. ) ;
#9808 = CARTESIAN_POINT ( 'NONE',  ( 174.7719257169743800, 51.63532516071624200, 23.49999947845893200 ) ) ;
#9810 = VERTEX_POINT ( 'NONE', #6072 ) ;
#9809 = DIRECTION ( 'NONE',  ( -1.000000000000000000, 0.0000000000000000000, 0.0000000000000000000 ) ) ;
#9811 = DIRECTION ( 'NONE',  ( 0.0000000000000000000, 0.0000000000000000000, -1.000000000000000000 ) ) ;
#9812 = AXIS2_PLACEMENT_3D ( 'NONE', #4299, #9811, #6141 ) ;
#9813 = EDGE_CURVE ( 'NONE', #7868, #22, #9436, .T. ) ;
#9814 = DIRECTION ( 'NONE',  ( -4.440892098500625700E-016, 1.224646799147353500E-016, 1.000000000000000000 ) ) ;
#9815 = DIRECTION ( 'NONE',  ( 1.000000000000000000, 0.0000000000000000000, 0.0000000000000000000 ) ) ;
#9816 = CIRCLE ( 'NONE', #7899, 0.9999999999992514900 ) ;
#9817 = CARTESIAN_POINT ( 'NONE',  ( 176.7719251287009300, 45.86904386338088800, 6.699999833293105700 ) ) ;
#9818 = DIRECTION ( 'NONE',  ( 0.0000000000000000000, 0.0000000000000000000, 1.000000000000000000 ) ) ;
#9819 = VERTEX_POINT ( 'NONE', #2338 ) ;
#9820 = EDGE_CURVE ( 'NONE', #8857, #263, #7997, .T. ) ;
#9821 = VERTEX_POINT ( 'NONE', #2216 ) ;
#9822 = FACE_OUTER_BOUND ( 'NONE', #8300, .T. ) ;
#9823 = EDGE_CURVE ( 'NONE', #6428, #1042, #6303, .T. ) ;
#9824 = CARTESIAN_POINT ( 'NONE',  ( 161.8010730757221200, 45.03316884794978100, 23.49999947845909200 ) ) ;
#9825 = EDGE_CURVE ( 'NONE', #9245, #3403, #3854, .T. ) ;
#9826 = AXIS2_PLACEMENT_3D ( 'NONE', #436, #9497, #1298 ) ;
#9827 = DIRECTION ( 'NONE',  ( -4.440892098500626200E-016, -0.0000000000000000000, 1.000000000000000000 ) ) ;
#9828 = DIRECTION ( 'NONE',  ( 8.157786440681345800E-032, 4.440892098500626200E-016, 1.000000000000000000 ) ) ;
#9829 = ORIENTED_EDGE ( 'NONE', *, *, #4466, .F. ) ;
#9830 = CARTESIAN_POINT ( 'NONE',  ( 173.7719257169743800, 57.36904386338088800, 3.000012844918302300 ) ) ;
#9831 = ORIENTED_EDGE ( 'NONE', *, *, #9055, .T. ) ;
#9832 = VERTEX_POINT ( 'NONE', #8688 ) ;
#9833 = VERTEX_POINT ( 'NONE', #9626 ) ;
#9834 = CARTESIAN_POINT ( 'NONE',  ( 161.3975570462096700, 33.49467533499925800, 2.775557561562891400E-014 ) ) ;
#9835 = DIRECTION ( 'NONE',  ( -8.157786440681345800E-032, -4.440892098500626200E-016, -1.000000000000000000 ) ) ;
#9836 = VECTOR ( 'NONE', #5655, 1000.000000000000100 ) ;
#9837 = ADVANCED_FACE ( 'NONE', ( #11175 ), #10599, .F. ) ;
#9838 = VECTOR ( 'NONE', #8579, 1000.000000000000000 ) ;
#9839 = EDGE_CURVE ( 'NONE', #5493, #3267, #5292, .T. ) ;
#9840 = DIRECTION ( 'NONE',  ( 4.440892098500625200E-016, -1.224646799147353500E-016, -1.000000000000000000 ) ) ;
#9841 = AXIS2_PLACEMENT_3D ( 'NONE', #6496, #3727, #1720 ) ;
#9842 = VERTEX_POINT ( 'NONE', #8886 ) ;
#9843 = CARTESIAN_POINT ( 'NONE',  ( 182.4321797548184600, 40.86904386338100200, 23.49999947845893200 ) ) ;
#9844 = EDGE_LOOP ( 'NONE', ( #9650, #3082, #774, #2780 ) ) ;
#9845 = DIRECTION ( 'NONE',  ( 0.0000000000000000000, 0.0000000000000000000, 1.000000000000000000 ) ) ;
#9846 = CARTESIAN_POINT ( 'NONE',  ( 173.7719257169747200, 24.36904495051787100, 21.99999878108508600 ) ) ;
#9847 = VERTEX_POINT ( 'NONE', #10782 ) ;
#9848 = ORIENTED_EDGE ( 'NONE', *, *, #1636, .T. ) ;
#9849 = ORIENTED_EDGE ( 'NONE', *, *, #4969, .T. ) ;
#9850 = AXIS2_PLACEMENT_3D ( 'NONE', #6392, #1735, #6319 ) ;
#9851 = CYLINDRICAL_SURFACE ( 'NONE', #3158, 2.000000000000001800 ) ;
#9852 = CARTESIAN_POINT ( 'NONE',  ( 161.3975570462096700, 58.24341267652847900, 2.775557561562891400E-014 ) ) ;
#9853 = LINE ( 'NONE', #10408, #7402 ) ;
#9854 = CARTESIAN_POINT ( 'NONE',  ( 156.5257272532855100, 34.78657216855843600, 16.76009671470007900 ) ) ;
#9855 = CARTESIAN_POINT ( 'NONE',  ( 173.7719257169747200, 55.86904386338066100, 23.49999947845893200 ) ) ;
#9856 = ORIENTED_EDGE ( 'NONE', *, *, #9292, .T. ) ;
#9857 = ORIENTED_EDGE ( 'NONE', *, *, #5811, .T. ) ;
#9858 = AXIS2_PLACEMENT_3D ( 'NONE', #10457, #8626, #4854 ) ;
#9859 = CIRCLE ( 'NONE', #9304, 2.000000000000029300 ) ;
#9860 = VERTEX_POINT ( 'NONE', #10819 ) ;
#9861 = DIRECTION ( 'NONE',  ( 4.440892098500626200E-016, 0.0000000000000000000, -1.000000000000000000 ) ) ;
#9862 = LINE ( 'NONE', #6069, #10866 ) ;
#9863 = EDGE_LOOP ( 'NONE', ( #3809, #9952 ) ) ;
#9864 = DIRECTION ( 'NONE',  ( 1.000000000000000000, 0.0000000000000000000, 0.0000000000000000000 ) ) ;
#9865 = VERTEX_POINT ( 'NONE', #729 ) ;
#9866 = CARTESIAN_POINT ( 'NONE',  ( 173.7719257169743800, 57.36904386338088800, 3.000012844918302300 ) ) ;
#9867 = CARTESIAN_POINT ( 'NONE',  ( 156.5395032077589400, 34.76527921627492600, 16.36733259894041100 ) ) ;
#9868 = FACE_OUTER_BOUND ( 'NONE', #6679, .T. ) ;
#9869 = APPROVAL ( #2843, 'Î´Ö¸¶¨' ) ;
#9870 = CYLINDRICAL_SURFACE ( 'NONE', #7992, 1.999999999999974000 ) ;
#9871 = CARTESIAN_POINT ( 'NONE',  ( 173.7719257169747200, 24.86904495051787500, 22.49999878108509300 ) ) ;
#9872 = ORIENTED_EDGE ( 'NONE', *, *, #2181, .F. ) ;
#9873 = ORIENTED_EDGE ( 'NONE', *, *, #5925, .F. ) ;
#9874 = EDGE_CURVE ( 'NONE', #3886, #4878, #5726, .T. ) ;
#9875 = CARTESIAN_POINT ( 'NONE',  ( 173.7719257169744900, 45.86904400576364800, 1.999999999999914500 ) ) ;
#9876 = ADVANCED_FACE ( 'NONE', ( #2390 ), #8566, .T. ) ;
#9877 = LINE ( 'NONE', #4848, #8139 ) ;
#9878 = VECTOR ( 'NONE', #3656, 1000.000000000000100 ) ;
#9879 = ORIENTED_EDGE ( 'NONE', *, *, #4554, .T. ) ;
#9880 = DIRECTION ( 'NONE',  ( -4.078893220340672900E-032, -2.220446049250313100E-016, -1.000000000000000000 ) ) ;
#9881 = LINE ( 'NONE', #11049, #1385 ) ;
#9882 = AXIS2_PLACEMENT_3D ( 'NONE', #3250, #7078, #1538 ) ;
#9883 = DIRECTION ( 'NONE',  ( -8.157786440681345800E-032, -4.440892098500626200E-016, -1.000000000000000000 ) ) ;
#9884 = ORIENTED_EDGE ( 'NONE', *, *, #2096, .T. ) ;
#9885 = VERTEX_POINT ( 'NONE', #8041 ) ;
#9886 = CIRCLE ( 'NONE', #8887, 1.999999999999946300 ) ;
#9887 = DIRECTION ( 'NONE',  ( 4.440892098500625700E-016, -1.224646799147353500E-016, -1.000000000000000000 ) ) ;
#9888 = AXIS2_PLACEMENT_3D ( 'NONE', #3793, #4894, #1380 ) ;
#9889 = CARTESIAN_POINT ( 'NONE',  ( 173.7719257169743800, 45.86904400576364800, 10.25000000000008500 ) ) ;
#9890 = VECTOR ( 'NONE', #6652, 1000.000000000000000 ) ;
#9891 = CYLINDRICAL_SURFACE ( 'NONE', #8897, 0.7500000000000006700 ) ;
#9892 = EDGE_CURVE ( 'NONE', #8689, #491, #8849, .T. ) ;
#9893 = FACE_OUTER_BOUND ( 'NONE', #9384, .T. ) ;
#9894 = ORIENTED_EDGE ( 'NONE', *, *, #900, .T. ) ;
#9895 = DIRECTION ( 'NONE',  ( 2.220446049250313100E-016, 0.0000000000000000000, -1.000000000000000000 ) ) ;
#9896 = CIRCLE ( 'NONE', #4789, 1.000000000000451900 ) ;
#9897 = EDGE_CURVE ( 'NONE', #7320, #5103, #543, .T. ) ;
#9898 = ADVANCED_FACE ( 'NONE', ( #2824 ), #953, .F. ) ;
#9899 = EDGE_CURVE ( 'NONE', #10517, #212, #8716, .T. ) ;
#9900 = ORIENTED_EDGE ( 'NONE', *, *, #6625, .T. ) ;
#9901 = VECTOR ( 'NONE', #1479, 1000.000000000000000 ) ;
#9902 = ORIENTED_EDGE ( 'NONE', *, *, #5911, .T. ) ;
#9903 = DIRECTION ( 'NONE',  ( -4.440892098500625700E-016, 1.224646799147353500E-016, 1.000000000000000000 ) ) ;
#9904 = AXIS2_PLACEMENT_3D ( 'NONE', #11497, #11536, #1431 ) ;
#9905 = CIRCLE ( 'NONE', #5821, 0.7500000000000006700 ) ;
#9906 = FACE_OUTER_BOUND ( 'NONE', #7311, .T. ) ;
#9907 = DIRECTION ( 'NONE',  ( 1.000000000000000000, 0.0000000000000000000, 0.0000000000000000000 ) ) ;
#9908 = ORIENTED_EDGE ( 'NONE', *, *, #10668, .F. ) ;
#9909 = CIRCLE ( 'NONE', #1565, 16.50000028186515500 ) ;
#9910 = DIRECTION ( 'NONE',  ( 0.0000000000000000000, 1.000000000000000000, 0.0000000000000000000 ) ) ;
#9911 = DIRECTION ( 'NONE',  ( 0.0000000000000000000, 1.224646799147353200E-016, 1.000000000000000000 ) ) ;
#9912 = CARTESIAN_POINT ( 'NONE',  ( 155.5513391013744500, 36.47421227701053700, 16.24032369933620900 ) ) ;
#9913 = EDGE_CURVE ( 'NONE', #529, #10074, #6159, .T. ) ;
#9914 = CYLINDRICAL_SURFACE ( 'NONE', #8569, 2.000000000000029300 ) ;
#9915 = AXIS2_PLACEMENT_3D ( 'NONE', #8980, #10835, #7342 ) ;
#9916 = EDGE_CURVE ( 'NONE', #10301, #5755, #10733, .T. ) ;
#9917 = DIRECTION ( 'NONE',  ( 0.0000000000000000000, 0.0000000000000000000, -1.000000000000000000 ) ) ;
#9918 = CARTESIAN_POINT ( 'NONE',  ( 183.0219256400218600, 61.89051384249004400, 19.49999999999992200 ) ) ;
#9919 = EDGE_CURVE ( 'NONE', #3027, #9798, #1513, .T. ) ;
#9920 = CARTESIAN_POINT ( 'NONE',  ( 190.0689853496277000, 43.36904400576364100, 1.500013533165839300 ) ) ;
#9921 = VECTOR ( 'NONE', #1175, 1000.000000000000000 ) ;
#9922 = AXIS2_PLACEMENT_3D ( 'NONE', #2406, #8909, #7087 ) ;
#9923 = ORIENTED_EDGE ( 'NONE', *, *, #8056, .F. ) ;
#9924 = CIRCLE ( 'NONE', #4595, 1.999999999999974000 ) ;
#9925 = DIRECTION ( 'NONE',  ( -1.000000000000000000, 0.0000000000000000000, -4.448008917622271900E-016 ) ) ;
#9926 = CARTESIAN_POINT ( 'NONE',  ( 164.5219257939270100, 29.84757416903736900, 14.29999914657000200 ) ) ;
#9927 = CARTESIAN_POINT ( 'NONE',  ( 200.1063220760345000, 45.86904400576364100, 0.7500135331658555100 ) ) ;
#9928 = AXIS2_PLACEMENT_3D ( 'NONE', #10445, #323, #362 ) ;
#9929 = CARTESIAN_POINT ( 'NONE',  ( 164.1116716791307200, 40.86904386338089500, 21.74999947845978500 ) ) ;
#9930 = CARTESIAN_POINT ( 'NONE',  ( 167.5587480733832700, 40.35736318103250400, 23.49999947845893200 ) ) ;
#9931 = ORIENTED_EDGE ( 'NONE', *, *, #3526, .F. ) ;
#9932 = CIRCLE ( 'NONE', #4598, 8.499999999999980500 ) ;
#9933 = AXIS2_PLACEMENT_3D ( 'NONE', #5773, #2033, #1159 ) ;
#9934 = CARTESIAN_POINT ( 'NONE',  ( 187.1462943877393700, 58.24341267652847200, 3.000013011975194700 ) ) ;
#9935 = EDGE_LOOP ( 'NONE', ( #8957, #973 ) ) ;
#9936 = ADVANCED_FACE ( 'NONE', ( #668 ), #7569, .F. ) ;
#9937 = ORIENTED_EDGE ( 'NONE', *, *, #6449, .T. ) ;
#9938 = ORIENTED_EDGE ( 'NONE', *, *, #9430, .F. ) ;
#9939 = DIRECTION ( 'NONE',  ( -1.000000000000000000, 0.0000000000000000000, 0.0000000000000000000 ) ) ;
#9940 = EDGE_LOOP ( 'NONE', ( #760, #11668, #6417, #10885 ) ) ;
#9941 = FACE_BOUND ( 'NONE', #5009, .T. ) ;
#9942 = CARTESIAN_POINT ( 'NONE',  ( 173.7719257169747200, 45.86904400576452200, 22.49999878108514300 ) ) ;
#9943 = DIRECTION ( 'NONE',  ( 0.0000000000000000000, 1.000000000000000000, 0.0000000000000000000 ) ) ;
#9944 = DIRECTION ( 'NONE',  ( 4.440892098500626200E-016, 0.0000000000000000000, -1.000000000000000000 ) ) ;
#9945 = VERTEX_POINT ( 'NONE', #7138 ) ;
#9946 = VERTEX_POINT ( 'NONE', #10864 ) ;
#9947 = CARTESIAN_POINT ( 'NONE',  ( 156.1437797073495200, 50.59249149310148400, 22.49999878108514300 ) ) ;
#9948 = VERTEX_POINT ( 'NONE', #2425 ) ;
#9949 = DIRECTION ( 'NONE',  ( -8.157786440681345800E-032, -4.440892098500626200E-016, -1.000000000000000000 ) ) ;
#9950 = CARTESIAN_POINT ( 'NONE',  ( 173.7719257169742400, 45.86904386338100200, 18.99999947845893200 ) ) ;
#9951 = DIRECTION ( 'NONE',  ( 1.000000000000000000, 0.0000000000000000000, 0.0000000000000000000 ) ) ;
#9952 = ORIENTED_EDGE ( 'NONE', *, *, #11121, .F. ) ;
#9953 = CYLINDRICAL_SURFACE ( 'NONE', #3595, 1.750000000000001600 ) ;
#9954 = AXIS2_PLACEMENT_3D ( 'NONE', #8046, #2542, #9910 ) ;
#9955 = ADVANCED_FACE ( 'NONE', ( #10157 ), #10884, .T. ) ;
#9956 = CARTESIAN_POINT ( 'NONE',  ( 173.1748935275752800, 51.33654746604671000, 81.17012103714566300 ) ) ;
#9957 = ORIENTED_EDGE ( 'NONE', *, *, #4133, .T. ) ;
#9958 = DIRECTION ( 'NONE',  ( 0.0000000000000000000, 0.0000000000000000000, 1.000000000000000000 ) ) ;
#9959 = CALENDAR_DATE ( 2025, 15, 7 ) ;
#9960 = CARTESIAN_POINT ( 'NONE',  ( 183.9624194915337500, 32.14301632527195800, 1.999999999999914500 ) ) ;
#9961 = CARTESIAN_POINT ( 'NONE',  ( 180.7719294918266800, 45.86904400576364800, 5.999999833293287600 ) ) ;
#9962 = EDGE_CURVE ( 'NONE', #1244, #6365, #8141, .T. ) ;
#9963 = DIRECTION ( 'NONE',  ( -1.000000000000000000, 0.0000000000000000000, 0.0000000000000000000 ) ) ;
#9964 = PLANE ( 'NONE',  #7045 ) ;
#9965 = AXIS2_PLACEMENT_3D ( 'NONE', #5633, #11154, #1089 ) ;
#9966 = EDGE_LOOP ( 'NONE', ( #5267, #2343, #9350, #7208 ) ) ;
#9967 = AXIS2_PLACEMENT_3D ( 'NONE', #6714, #2961, #320 ) ;
#9968 = ORIENTED_EDGE ( 'NONE', *, *, #4315, .F. ) ;
#9969 = VECTOR ( 'NONE', #4332, 1000.000000000000000 ) ;
#9970 = ORIENTED_EDGE ( 'NONE', *, *, #7059, .T. ) ;
#9971 = CARTESIAN_POINT ( 'NONE',  ( 165.5219257939274700, 29.84757416903736900, 14.29999914657000200 ) ) ;
#9972 = DIRECTION ( 'NONE',  ( 4.440892098500625700E-016, -1.224646799147353500E-016, -1.000000000000000000 ) ) ;
#9973 = CARTESIAN_POINT ( 'NONE',  ( 177.0019953151992500, 40.22841886338043300, 18.99999947845893200 ) ) ;
#9974 = CARTESIAN_POINT ( 'NONE',  ( 173.7719257169747200, 45.86904400576391100, 21.49999895691860300 ) ) ;
#9975 = EDGE_LOOP ( 'NONE', ( #3437, #1051, #4650, #7494 ) ) ;
#9976 = EDGE_CURVE ( 'NONE', #9860, #11332, #9735, .T. ) ;
#9977 = CARTESIAN_POINT ( 'NONE',  ( 173.7719257169743800, 45.86904400576364800, 5.499999311752191000 ) ) ;
#9978 = EDGE_LOOP ( 'NONE', ( #9573, #731, #2603, #5822 ) ) ;
#9979 = AXIS2_PLACEMENT_3D ( 'NONE', #11100, #2903, #1035 ) ;
#9980 = EDGE_LOOP ( 'NONE', ( #2095, #5213, #6989, #10227 ) ) ;
#9981 = ORIENTED_EDGE ( 'NONE', *, *, #207, .T. ) ;
#9982 = EDGE_CURVE ( 'NONE', #9069, #11708, #10455, .T. ) ;
#9983 = CARTESIAN_POINT ( 'NONE',  ( 173.7719257169743800, 55.06904386338089100, -19.26262734681628800 ) ) ;
#9984 = ORIENTED_EDGE ( 'NONE', *, *, #5290, .F. ) ;
#9985 = EDGE_CURVE ( 'NONE', #4790, #7350, #2090, .T. ) ;
#9986 = FACE_OUTER_BOUND ( 'NONE', #9619, .T. ) ;
#9987 = CARTESIAN_POINT ( 'NONE',  ( 198.9033806311083200, 48.36904400576364100, 0.7500135331658555100 ) ) ;
#9988 = DIRECTION ( 'NONE',  ( -8.157786440681345800E-032, -4.440892098500626200E-016, -1.000000000000000000 ) ) ;
#9989 = CIRCLE ( 'NONE', #6208, 1.999999999999946300 ) ;
#9990 = ORIENTED_EDGE ( 'NONE', *, *, #10762, .F. ) ;
#9991 = VERTEX_POINT ( 'NONE', #856 ) ;
#9992 = VERTEX_POINT ( 'NONE', #698 ) ;
#9993 = CARTESIAN_POINT ( 'NONE',  ( 172.7719257169739800, 53.17480510411329700, 18.99999947845893200 ) ) ;
#9994 = DIRECTION ( 'NONE',  ( -1.000000000000000000, 0.0000000000000000000, -2.220446049250312600E-016 ) ) ;
#9995 = ORIENTED_EDGE ( 'NONE', *, *, #3823, .F. ) ;
#9996 = ORIENTED_EDGE ( 'NONE', *, *, #6083, .T. ) ;
#9997 = CIRCLE ( 'NONE', #11626, 16.00000028186513000 ) ;
#9998 = ORIENTED_EDGE ( 'NONE', *, *, #292, .F. ) ;
#9999 = ADVANCED_FACE ( 'NONE', ( #5156 ), #6442, .F. ) ;
#10000 = AXIS2_PLACEMENT_3D ( 'NONE', #9283, #11143, #10295 ) ;
#10001 = FACE_OUTER_BOUND ( 'NONE', #9411, .T. ) ;
#10002 = DIRECTION ( 'NONE',  ( 0.0000000000000000000, 0.0000000000000000000, 1.000000000000000000 ) ) ;
#10003 = DIRECTION ( 'NONE',  ( -8.157786440681345800E-032, -4.440892098500626200E-016, -1.000000000000000000 ) ) ;
#10004 = CARTESIAN_POINT ( 'NONE',  ( 189.0689853496277000, 43.36904400576364800, 81.17012103714566300 ) ) ;
#10005 = AXIS2_PLACEMENT_3D ( 'NONE', #6001, #6080, #2388 ) ;
#10006 = ORIENTED_EDGE ( 'NONE', *, *, #9347, .T. ) ;
#10007 = ORIENTED_EDGE ( 'NONE', *, *, #8197, .T. ) ;
#10008 = CARTESIAN_POINT ( 'NONE',  ( 178.1565401527030600, 54.85654386338118400, 18.99999947845892800 ) ) ;
#10009 = CYLINDRICAL_SURFACE ( 'NONE', #5710, 3.999999190699821100 ) ;
#10010 = ORIENTED_EDGE ( 'NONE', *, *, #6376, .T. ) ;
#10011 = CARTESIAN_POINT ( 'NONE',  ( 178.2656718058328000, 42.11987781092908300, 18.99999947845893200 ) ) ;
#10012 = LINE ( 'NONE', #6544, #11880 ) ;
#10013 = DIRECTION ( 'NONE',  ( -2.220446049250313100E-016, -0.0000000000000000000, 1.000000000000000000 ) ) ;
#10014 = CARTESIAN_POINT ( 'NONE',  ( 164.5219257939270700, 60.54051384249007800, 56.79194912331138300 ) ) ;
#10015 = EDGE_LOOP ( 'NONE', ( #9301, #8721, #8151, #885 ) ) ;
#10016 = ADVANCED_FACE ( 'NONE', ( #4582 ), #531, .T. ) ;
#10017 = DIRECTION ( 'NONE',  ( -1.000000000000000000, 0.0000000000000000000, 0.0000000000000000000 ) ) ;
#10018 = VERTEX_POINT ( 'NONE', #4625 ) ;
#10019 = DIRECTION ( 'NONE',  ( -1.000000000000000000, 0.0000000000000000000, 0.0000000000000000000 ) ) ;
#10020 = LINE ( 'NONE', #2111, #3558 ) ;
#10021 = DIRECTION ( 'NONE',  ( 4.078893220340672900E-032, 2.220446049250313100E-016, 1.000000000000000000 ) ) ;
#10022 = VECTOR ( 'NONE', #2259, 1000.000000000000000 ) ;
#10023 = CARTESIAN_POINT ( 'NONE',  ( 171.3531784246864900, 42.07435526798175800, 18.99999947845893200 ) ) ;
#10024 = ORIENTED_EDGE ( 'NONE', *, *, #6367, .F. ) ;
#10025 = AXIS2_PLACEMENT_3D ( 'NONE', #258, #4049, #9446 ) ;
#10026 = CYLINDRICAL_SURFACE ( 'NONE', #6337, 1.000000000000000900 ) ;
#10027 = CARTESIAN_POINT ( 'NONE',  ( 180.4812410353526100, 35.91991887881204800, 23.49999947845893200 ) ) ;
#10028 = ORIENTED_EDGE ( 'NONE', *, *, #9448, .F. ) ;
#10029 = EDGE_LOOP ( 'NONE', ( #1169, #5643, #500, #2678 ) ) ;
#10030 = DIRECTION ( 'NONE',  ( 2.220446049250313100E-016, 0.0000000000000000000, -1.000000000000000000 ) ) ;
#10031 = EDGE_LOOP ( 'NONE', ( #2748, #4564, #858, #5659 ) ) ;
#10032 = DIRECTION ( 'NONE',  ( 2.220446049250313100E-016, 0.0000000000000000000, -1.000000000000000000 ) ) ;
#10033 = CYLINDRICAL_SURFACE ( 'NONE', #1088, 1.000000000000451900 ) ;
#10034 = VECTOR ( 'NONE', #1255, 1000.000000000000000 ) ;
#10035 = ORIENTED_EDGE ( 'NONE', *, *, #10435, .T. ) ;
#10036 = DIRECTION ( 'NONE',  ( -1.000000000000000000, 8.831319363200507500E-015, 0.0000000000000000000 ) ) ;
#10037 = CARTESIAN_POINT ( 'NONE',  ( 173.7719257169743800, 45.86904386338088800, 6.699999833293105700 ) ) ;
#10038 = CARTESIAN_POINT ( 'NONE',  ( 166.8437224866989100, 49.86904386338100900, 21.99999947845893200 ) ) ;
#10039 = CIRCLE ( 'NONE', #6400, 0.2499999999999447100 ) ;
#10040 = EDGE_CURVE ( 'NONE', #1484, #807, #3708, .T. ) ;
#10041 = CIRCLE ( 'NONE', #9965, 19.49999997868825800 ) ;
#10042 = DIRECTION ( 'NONE',  ( 0.0000000000000000000, 1.000000000000000000, 2.220446049250314100E-016 ) ) ;
#10043 = ORIENTED_EDGE ( 'NONE', *, *, #7753, .F. ) ;
#10044 = CARTESIAN_POINT ( 'NONE',  ( 182.5482059291605600, 61.00928524862831600, 1.999999999999918100 ) ) ;
#10045 = CIRCLE ( 'NONE', #9509, 8.500000000000119000 ) ;
#10046 = AXIS2_PLACEMENT_3D ( 'NONE', #9623, #4146, #8565 ) ;
#10047 = DIRECTION ( 'NONE',  ( -4.440892098500626200E-016, -0.0000000000000000000, 1.000000000000000000 ) ) ;
#10048 = CIRCLE ( 'NONE', #2739, 19.99999905524597200 ) ;
#10049 = EDGE_CURVE ( 'NONE', #3036, #11490, #9150, .T. ) ;
#10050 = ORIENTED_EDGE ( 'NONE', *, *, #10185, .F. ) ;
#10051 = DIRECTION ( 'NONE',  ( 0.0000000000000000000, 0.0000000000000000000, 1.000000000000000000 ) ) ;
#10052 = LINE ( 'NONE', #849, #7328 ) ;
#10053 = DIRECTION ( 'NONE',  ( -1.000000000000000000, 0.0000000000000000000, 0.0000000000000000000 ) ) ;
#10054 = CARTESIAN_POINT ( 'NONE',  ( 169.2719257169740700, 45.86904386338100200, 18.99999947845893200 ) ) ;
#10055 = VECTOR ( 'NONE', #9781, 1000.000000000000000 ) ;
#10056 = CARTESIAN_POINT ( 'NONE',  ( 173.7719257169743800, 45.86904386338088800, 19.49999999999991800 ) ) ;
#10057 = EDGE_CURVE ( 'NONE', #6738, #9945, #9723, .T. ) ;
#10058 = DIRECTION ( 'NONE',  ( -4.440892098500626200E-016, -0.0000000000000000000, 1.000000000000000000 ) ) ;
#10059 = DIRECTION ( 'NONE',  ( -0.0000000000000000000, -0.0000000000000000000, 1.000000000000000000 ) ) ;
#10060 = CIRCLE ( 'NONE', #3278, 1.749999386690445700 ) ;
#10061 = EDGE_CURVE ( 'NONE', #10698, #5764, #5003, .T. ) ;
#10062 = EDGE_LOOP ( 'NONE', ( #8205, #11671 ) ) ;
#10063 = EDGE_CURVE ( 'NONE', #318, #9541, #9287, .T. ) ;
#10065 = ADVANCED_FACE ( 'NONE', ( #4575 ), #6576, .F. ) ;
#10064 = CARTESIAN_POINT ( 'NONE',  ( 172.0485007127526300, 51.56522456131875700, 4.200000000015395000 ) ) ;
#10066 = AXIS2_PLACEMENT_3D ( 'NONE', #5084, #10538, #10498 ) ;
#10067 = CIRCLE ( 'NONE', #8426, 1.349999999999997000 ) ;
#10068 = CARTESIAN_POINT ( 'NONE',  ( 160.3975570462096400, 58.24341267652847900, 81.17012103714566300 ) ) ;
#10069 = CARTESIAN_POINT ( 'NONE',  ( 177.7719249076742200, 45.86904386338088800, 5.249999934764248100 ) ) ;
#10070 = DIRECTION ( 'NONE',  ( -1.094764425253763300E-047, 4.930380657631323800E-032, 1.000000000000000000 ) ) ;
#10071 = DIRECTION ( 'NONE',  ( 4.440892098500626200E-016, 0.0000000000000000000, -1.000000000000000000 ) ) ;
#10072 = EDGE_CURVE ( 'NONE', #2892, #2918, #8996, .T. ) ;
#10073 = AXIS2_PLACEMENT_3D ( 'NONE', #4639, #2875, #6587 ) ;
#10074 = VERTEX_POINT ( 'NONE', #8284 ) ;
#10075 = CIRCLE ( 'NONE', #1406, 1.000000000000000900 ) ;
#10076 = DIRECTION ( 'NONE',  ( 4.440892098500626200E-016, 0.0000000000000000000, -1.000000000000000000 ) ) ;
#10077 = DIRECTION ( 'NONE',  ( 0.8660254037847005000, -0.4999999999995463100, -0.0000000000000000000 ) ) ;
#10078 = DIRECTION ( 'NONE',  ( -1.000000000000000000, 0.0000000000000000000, 0.0000000000000000000 ) ) ;
#10079 = ADVANCED_FACE ( 'NONE', ( #1788 ), #2666, .F. ) ;
#10080 = AXIS2_PLACEMENT_3D ( 'NONE', #7786, #4070, #10399 ) ;
#10081 = DIRECTION ( 'NONE',  ( -4.440892098500626200E-016, -0.0000000000000000000, 1.000000000000000000 ) ) ;
#10082 = EDGE_LOOP ( 'NONE', ( #2498, #3289, #6981, #5086, #1510 ) ) ;
#10083 = ORIENTED_EDGE ( 'NONE', *, *, #11737, .F. ) ;
#10084 = ORIENTED_EDGE ( 'NONE', *, *, #9521, .F. ) ;
#10085 = LINE ( 'NONE', #4261, #1013 ) ;
#10086 = DIRECTION ( 'NONE',  ( -1.000000000000000000, 0.0000000000000000000, 0.0000000000000000000 ) ) ;
#10087 = AXIS2_PLACEMENT_3D ( 'NONE', #571, #8822, #2236 ) ;
#10088 = DIRECTION ( 'NONE',  ( -0.0000000000000000000, -0.0000000000000000000, -1.000000000000000000 ) ) ;
#10089 = DIRECTION ( 'NONE',  ( 1.000000000000000000, 0.0000000000000000000, 0.0000000000000000000 ) ) ;
#10090 = ORIENTED_EDGE ( 'NONE', *, *, #2161, .T. ) ;
#10091 = VERTEX_POINT ( 'NONE', #11869 ) ;
#10092 = DIRECTION ( 'NONE',  ( 0.0000000000000000000, -1.000000000000000000, 0.0000000000000000000 ) ) ;
#10093 = VERTEX_POINT ( 'NONE', #10064 ) ;
#10094 = ORIENTED_EDGE ( 'NONE', *, *, #7820, .F. ) ;
#10095 = CARTESIAN_POINT ( 'NONE',  ( 192.2719255630692900, 45.86904400576411700, 19.49999999999988600 ) ) ;
#10096 = VERTEX_POINT ( 'NONE', #10981 ) ;
#10097 = CIRCLE ( 'NONE', #5387, 1.000000000000000900 ) ;
#10098 = CARTESIAN_POINT ( 'NONE',  ( 182.4321797548188000, 40.06904386338089100, -19.26262734681628800 ) ) ;
#10099 = CARTESIAN_POINT ( 'NONE',  ( 175.8488487938980100, 49.86108476153624700, 18.99999947845893200 ) ) ;
#10100 = ORIENTED_EDGE ( 'NONE', *, *, #9579, .F. ) ;
#10101 = CARTESIAN_POINT ( 'NONE',  ( 164.5219257939270700, 60.89051384248959700, 19.49999999999992200 ) ) ;
#10102 = DIRECTION ( 'NONE',  ( 1.387778846336945100E-015, 1.000000000000000000, -5.204170673763544500E-016 ) ) ;
#10103 = FACE_OUTER_BOUND ( 'NONE', #1065, .T. ) ;
#10104 = DIRECTION ( 'NONE',  ( -4.440892098500625700E-016, 1.224646799147353500E-016, 1.000000000000000000 ) ) ;
#10105 = DIRECTION ( 'NONE',  ( -1.000000000000000000, -3.469446951953514800E-015, 0.0000000000000000000 ) ) ;
#10106 = EDGE_CURVE ( 'NONE', #3530, #3216, #7006, .T. ) ;
#10107 = ORIENTED_EDGE ( 'NONE', *, *, #11287, .T. ) ;
#10108 = ORIENTED_EDGE ( 'NONE', *, *, #6762, .F. ) ;
#10109 = CARTESIAN_POINT ( 'NONE',  ( 172.7719257169751500, 55.86904386338088800, 23.49999947845933700 ) ) ;
#10110 = AXIS2_PLACEMENT_3D ( 'NONE', #8560, #3062, #10423 ) ;
#10111 = COORDINATED_UNIVERSAL_TIME_OFFSET ( 8, 0, .AHEAD. ) ;
#10112 = CARTESIAN_POINT ( 'NONE',  ( 173.7719257169744900, 37.86904386338088800, 18.99999947845893200 ) ) ;
#10113 = ADVANCED_FACE ( 'NONE', ( #2078 ), #10009, .T. ) ;
#10114 = AXIS2_PLACEMENT_3D ( 'NONE', #10765, #1536, #565 ) ;
#10115 = ORIENTED_EDGE ( 'NONE', *, *, #8797, .F. ) ;
#10116 = DIRECTION ( 'NONE',  ( -8.157786440681345800E-032, -4.440892098500626200E-016, -1.000000000000000000 ) ) ;
#10117 = EDGE_LOOP ( 'NONE', ( #2156, #2380 ) ) ;
#10118 = ORIENTED_EDGE ( 'NONE', *, *, #9672, .F. ) ;
#10119 = EDGE_CURVE ( 'NONE', #7527, #2073, #3846, .T. ) ;
#10120 = DIRECTION ( 'NONE',  ( 6.983158872362112300E-017, -1.110223024625157000E-016, -1.000000000000000000 ) ) ;
#10121 = EDGE_LOOP ( 'NONE', ( #1956, #6399, #7272, #10422 ) ) ;
#10122 = VECTOR ( 'NONE', #10624, 1000.000000000000000 ) ;
#10123 = EDGE_CURVE ( 'NONE', #8838, #2109, #10875, .T. ) ;
#10124 = EDGE_CURVE ( 'NONE', #8236, #6312, #1372, .T. ) ;
#10125 = CARTESIAN_POINT ( 'NONE',  ( 167.5587480733831900, 40.35736318103252500, 23.49999947845909200 ) ) ;
#10126 = FACE_OUTER_BOUND ( 'NONE', #5936, .T. ) ;
#10127 = DIRECTION ( 'NONE',  ( -1.000000000000000000, 0.0000000000000000000, -4.336808689942013800E-016 ) ) ;
#10128 = AXIS2_PLACEMENT_3D ( 'NONE', #5617, #7432, #5686 ) ;
#10129 = ORIENTED_EDGE ( 'NONE', *, *, #4054, .T. ) ;
#10130 = EDGE_CURVE ( 'NONE', #3520, #8689, #7284, .T. ) ;
#10131 = CARTESIAN_POINT ( 'NONE',  ( 183.9624194915338100, 32.14301632527190100, 3.151231903331400200E-014 ) ) ;
#10132 = VERTEX_POINT ( 'NONE', #9328 ) ;
#10133 = ORIENTED_EDGE ( 'NONE', *, *, #2973, .T. ) ;
#10134 = ORIENTED_EDGE ( 'NONE', *, *, #8881, .F. ) ;
#10135 = DIRECTION ( 'NONE',  ( -1.000000000000000000, 0.0000000000000000000, -4.336808689942013800E-016 ) ) ;
#10136 = ADVANCED_FACE ( 'NONE', ( #9868 ), #6651, .T. ) ;
#10137 = VERTEX_POINT ( 'NONE', #4742 ) ;
#10138 = LINE ( 'NONE', #3993, #9412 ) ;
#10139 = CIRCLE ( 'NONE', #86, 1.999999999999807500 ) ;
#10140 = EDGE_CURVE ( 'NONE', #10609, #10582, #8413, .T. ) ;
#10141 = CARTESIAN_POINT ( 'NONE',  ( 173.7719257169744900, 45.86904400576376200, 2.862293735361731700E-014 ) ) ;
#10142 = ORIENTED_CLOSED_SHELL ( 'NONE', *, #4963, .F. );
#10143 = EDGE_CURVE ( 'NONE', #8726, #7967, #7149, .T. ) ;
#10144 = EDGE_CURVE ( 'NONE', #5439, #429, #11594, .T. ) ;
#10145 = ORIENTED_EDGE ( 'NONE', *, *, #4675, .T. ) ;
#10146 = DIRECTION ( 'NONE',  ( 2.220446049250313100E-016, 0.0000000000000000000, -1.000000000000000000 ) ) ;
#10147 = ORIENTED_EDGE ( 'NONE', *, *, #9291, .F. ) ;
#10148 = AXIS2_PLACEMENT_3D ( 'NONE', #7950, #2443, #10804 ) ;
#10149 = CARTESIAN_POINT ( 'NONE',  ( 180.7270920108212200, 39.04074525941383200, 23.49999947845893200 ) ) ;
#10150 = DIRECTION ( 'NONE',  ( -1.000000000000000000, 0.0000000000000000000, -2.220446049250313100E-016 ) ) ;
#10151 = LINE ( 'NONE', #643, #10285 ) ;
#10152 = CIRCLE ( 'NONE', #10396, 2.000000000000001800 ) ;
#10153 = ORIENTED_EDGE ( 'NONE', *, *, #4076, .T. ) ;
#10154 = DIRECTION ( 'NONE',  ( -4.078893220340672900E-032, -2.220446049250313100E-016, -1.000000000000000000 ) ) ;
#10155 = VERTEX_POINT ( 'NONE', #2035 ) ;
#10156 = AXIS2_PLACEMENT_3D ( 'NONE', #8418, #201, #241 ) ;
#10157 = FACE_OUTER_BOUND ( 'NONE', #1471, .T. ) ;
#10158 = CARTESIAN_POINT ( 'NONE',  ( 156.9013711871270100, 55.64832767197784600, 2.685104123115975600E-014 ) ) ;
#10159 = CIRCLE ( 'NONE', #9456, 0.4999999999999726900 ) ;
#10160 = CARTESIAN_POINT ( 'NONE',  ( 183.0219256400218600, 61.89051384249004400, 17.39999966811049600 ) ) ;
#10161 = AXIS2_PLACEMENT_3D ( 'NONE', #11588, #8919, #4304 ) ;
#10162 = ORIENTED_EDGE ( 'NONE', *, *, #4613, .T. ) ;
#10163 = DIRECTION ( 'NONE',  ( 0.0000000000000000000, 0.0000000000000000000, -1.000000000000000000 ) ) ;
#10164 = ORIENTED_EDGE ( 'NONE', *, *, #10683, .T. ) ;
#10165 = LINE ( 'NONE', #3011, #6583 ) ;
#10166 = CARTESIAN_POINT ( 'NONE',  ( 162.1046636280877900, 34.20178191687694600, 22.49999878108514300 ) ) ;
#10167 = CIRCLE ( 'NONE', #10302, 9.499998263138881100 ) ;
#10168 = DIRECTION ( 'NONE',  ( 0.0000000000000000000, 0.0000000000000000000, -1.000000000000000000 ) ) ;
#10169 = EDGE_LOOP ( 'NONE', ( #781, #5562, #4170, #3782 ) ) ;
#10170 = LINE ( 'NONE', #1782, #10471 ) ;
#10171 = DIRECTION ( 'NONE',  ( 1.224646799147353500E-016, 2.220446049250312800E-016, 1.000000000000000000 ) ) ;
#10172 = EDGE_LOOP ( 'NONE', ( #162, #1502, #4438, #10273 ) ) ;
#10173 = TOROIDAL_SURFACE ( 'NONE', #11358, 0.9999999999999453800, 0.7500000000000006700 ) ;
#10174 = ADVANCED_FACE ( 'NONE', ( #11454 ), #1647, .F. ) ;
#10175 = CYLINDRICAL_SURFACE ( 'NONE', #513, 1.000000000000451900 ) ;
#10176 = CIRCLE ( 'NONE', #8290, 19.49999997868762200 ) ;
#10177 = LINE ( 'NONE', #6077, #10763 ) ;
#10178 = ORIENTED_EDGE ( 'NONE', *, *, #3487, .T. ) ;
#10179 = FACE_OUTER_BOUND ( 'NONE', #9222, .T. ) ;
#10180 = CARTESIAN_POINT ( 'NONE',  ( 169.2762553477637900, 45.67169156062537600, 23.49999947845909200 ) ) ;
#10181 = ORIENTED_EDGE ( 'NONE', *, *, #6832, .F. ) ;
#10182 = CARTESIAN_POINT ( 'NONE',  ( 189.0689853496277200, 47.61904400576364100, 1.750013533165798900 ) ) ;
#10183 = CIRCLE ( 'NONE', #6976, 3.999999190699821100 ) ;
#10184 = VECTOR ( 'NONE', #8301, 1000.000000000000000 ) ;
#10185 = EDGE_CURVE ( 'NONE', #11863, #2347, #5437, .T. ) ;
#10186 = CARTESIAN_POINT ( 'NONE',  ( 173.7719257169745200, 39.86904448602505400, 2.199999311752465200 ) ) ;
#10187 = CIRCLE ( 'NONE', #10206, 14.19999999999982300 ) ;
#10188 = ADVANCED_FACE ( 'NONE', ( #6011 ), #4430, .F. ) ;
#10189 = ORIENTED_EDGE ( 'NONE', *, *, #2121, .T. ) ;
#10190 = CIRCLE ( 'NONE', #1190, 16.00000028186515500 ) ;
#10191 = EDGE_CURVE ( 'NONE', #3357, #3135, #2959, .T. ) ;
#10192 = CARTESIAN_POINT ( 'NONE',  ( 173.7719257169744900, 45.86904400576364800, 1.999999999999914500 ) ) ;
#10193 = EDGE_CURVE ( 'NONE', #3267, #8518, #4148, .T. ) ;
#10194 = VECTOR ( 'NONE', #3428, 1000.000000000000000 ) ;
#10195 = AXIS2_PLACEMENT_3D ( 'NONE', #7371, #5509, #1842 ) ;
#10196 = EDGE_CURVE ( 'NONE', #11591, #8519, #2526, .T. ) ;
#10197 = DIRECTION ( 'NONE',  ( -1.000000000000000000, 0.0000000000000000000, -0.0000000000000000000 ) ) ;
#10198 = CYLINDRICAL_SURFACE ( 'NONE', #6524, 1.350000000000000500 ) ;
#10199 = CARTESIAN_POINT ( 'NONE',  ( 164.1722458577207500, 41.61509128485252500, 1.999999999999913800 ) ) ;
#10200 = DIRECTION ( 'NONE',  ( 4.440892098500625700E-016, -1.224646799147353500E-016, -1.000000000000000000 ) ) ;
#10201 = CARTESIAN_POINT ( 'NONE',  ( 189.0689853496277200, 48.36904400576364100, 3.000012844918273900 ) ) ;
#10202 = EDGE_CURVE ( 'NONE', #3707, #828, #11165, .T. ) ;
#10203 = ORIENTED_EDGE ( 'NONE', *, *, #718, .F. ) ;
#10204 = CYLINDRICAL_SURFACE ( 'NONE', #10510, 8.500000000000007100 ) ;
#10205 = DIRECTION ( 'NONE',  ( -4.440892098500626200E-016, -0.0000000000000000000, 1.000000000000000000 ) ) ;
#10206 = AXIS2_PLACEMENT_3D ( 'NONE', #11323, #2928, #9348 ) ;
#10207 = DIRECTION ( 'NONE',  ( -1.000000000000000000, -3.469446951953611000E-015, -4.336808689942013800E-016 ) ) ;
#10208 = EDGE_CURVE ( 'NONE', #807, #1484, #4862, .T. ) ;
#10209 = DIRECTION ( 'NONE',  ( -1.000000000000000000, 0.0000000000000000000, 0.0000000000000000000 ) ) ;
#10210 = EDGE_CURVE ( 'NONE', #5256, #8087, #6290, .T. ) ;
#10211 = DIRECTION ( 'NONE',  ( 4.440892098500625700E-016, -1.224646799147353500E-016, -1.000000000000000000 ) ) ;
#10212 = DIRECTION ( 'NONE',  ( 0.0000000000000000000, -1.000000000000000000, 0.0000000000000000000 ) ) ;
#10213 = DIRECTION ( 'NONE',  ( 0.0000000000000000000, 1.000000000000000000, 0.0000000000000000000 ) ) ;
#10214 = CARTESIAN_POINT ( 'NONE',  ( 164.5219257939270700, 63.89051384248983800, 22.34999878108499200 ) ) ;
#10215 = DIRECTION ( 'NONE',  ( 0.0000000000000000000, 1.000000000000000000, 0.0000000000000000000 ) ) ;
#10216 = AXIS2_PLACEMENT_3D ( 'NONE', #4471, #8928, #5349 ) ;
#10217 = DIRECTION ( 'NONE',  ( 0.0000000000000000000, 0.0000000000000000000, -1.000000000000000000 ) ) ;
#10218 = ORIENTED_EDGE ( 'NONE', *, *, #7972, .F. ) ;
#10219 = CIRCLE ( 'NONE', #267, 0.5000000000000004400 ) ;
#10220 = EDGE_LOOP ( 'NONE', ( #3194, #11555, #6503, #4052 ) ) ;
#10221 = PLANE ( 'NONE',  #4716 ) ;
#10222 = AXIS2_PLACEMENT_3D ( 'NONE', #2006, #9416, #9492 ) ;
#10223 = ORIENTED_EDGE ( 'NONE', *, *, #1043, .F. ) ;
#10224 = ORIENTED_EDGE ( 'NONE', *, *, #9496, .T. ) ;
#10225 = CARTESIAN_POINT ( 'NONE',  ( 168.2719219421223000, 45.86904400576364800, 5.499999311752435300 ) ) ;
#10226 = DIRECTION ( 'NONE',  ( 0.0000000000000000000, 1.000000000000000000, 0.0000000000000000000 ) ) ;
#10227 = ORIENTED_EDGE ( 'NONE', *, *, #4541, .F. ) ;
#10228 = FACE_OUTER_BOUND ( 'NONE', #5376, .T. ) ;
#10229 = AXIS2_PLACEMENT_3D ( 'NONE', #11795, #3449, #1646 ) ;
#10230 = DIRECTION ( 'NONE',  ( 4.440892098500625700E-016, -1.224646799147353500E-016, -1.000000000000000000 ) ) ;
#10231 = ADVANCED_FACE ( 'NONE', ( #7853 ), #99, .T. ) ;
#10232 = ORIENTED_EDGE ( 'NONE', *, *, #5828, .T. ) ;
#10233 = ORIENTED_EDGE ( 'NONE', *, *, #7514, .T. ) ;
#10234 = EDGE_LOOP ( 'NONE', ( #1403, #4689 ) ) ;
#10235 = DIRECTION ( 'NONE',  ( 4.440892098500626200E-016, 0.0000000000000000000, -1.000000000000000000 ) ) ;
#10236 = CARTESIAN_POINT ( 'NONE',  ( 173.7719257169744900, 37.86904386338088800, 21.99999947845893200 ) ) ;
#10237 = DIRECTION ( 'NONE',  ( -4.440892098500625700E-016, 1.224646799147353500E-016, 1.000000000000000000 ) ) ;
#10238 = CIRCLE ( 'NONE', #47, 1.749999386690438600 ) ;
#10239 = CARTESIAN_POINT ( 'NONE',  ( 194.3874572644615700, 49.86904400576364100, 1.999999999999914500 ) ) ;
#10240 = DIRECTION ( 'NONE',  ( 1.000000000000000000, -1.836970198721029700E-016, 0.0000000000000000000 ) ) ;
#10241 = DIRECTION ( 'NONE',  ( -4.440892098500625700E-016, 1.224646799147353500E-016, 1.000000000000000000 ) ) ;
#10242 = DIRECTION ( 'NONE',  ( -1.000000000000000000, 0.0000000000000000000, -4.440892098500626200E-016 ) ) ;
#10243 = ORIENTED_EDGE ( 'NONE', *, *, #10721, .T. ) ;
#10244 = DIRECTION ( 'NONE',  ( 0.0000000000000000000, -1.000000000000000000, 0.0000000000000000000 ) ) ;
#10245 = AXIS2_PLACEMENT_3D ( 'NONE', #688, #2412, #11733 ) ;
#10246 = DIRECTION ( 'NONE',  ( 1.000000000000000000, 0.0000000000000000000, 0.0000000000000000000 ) ) ;
#10247 = COORDINATED_UNIVERSAL_TIME_OFFSET ( 8, 0, .AHEAD. ) ;
#10248 = DIRECTION ( 'NONE',  ( -8.157786440681345800E-032, -4.440892098500626200E-016, -1.000000000000000000 ) ) ;
#10249 = ADVANCED_FACE ( 'NONE', ( #3548 ), #10502, .F. ) ;
#10250 = CARTESIAN_POINT ( 'NONE',  ( 173.7719257169743800, 45.86904400576364800, 4.999999311752645800 ) ) ;
#10251 = CARTESIAN_POINT ( 'NONE',  ( 181.0274422451629200, 45.14417105785893400, 23.49999947845893200 ) ) ;
#10252 = CARTESIAN_POINT ( 'NONE',  ( 173.7719257169743800, 45.86904400576364800, 1.116117670508738700E-014 ) ) ;
#10253 = CARTESIAN_POINT ( 'NONE',  ( 173.7719257169753700, 45.86904400576429500, 22.49999878108514300 ) ) ;
#10254 = CARTESIAN_POINT ( 'NONE',  ( 174.5719257169745300, 51.86904400577365200, 2.199999311752465700 ) ) ;
#10255 = ORIENTED_EDGE ( 'NONE', *, *, #7813, .F. ) ;
#10256 = VERTEX_POINT ( 'NONE', #7606 ) ;
#10257 = FACE_OUTER_BOUND ( 'NONE', #3328, .T. ) ;
#10258 = DIRECTION ( 'NONE',  ( 3.700743415417185100E-014, -1.000000000000000000, 0.0000000000000000000 ) ) ;
#10259 = ORIENTED_EDGE ( 'NONE', *, *, #7607, .F. ) ;
#10260 = CARTESIAN_POINT ( 'NONE',  ( 180.4860070032794400, 47.88053894935387000, 21.99999947845893200 ) ) ;
#10261 = ORIENTED_EDGE ( 'NONE', *, *, #11207, .T. ) ;
#10262 = ORIENTED_EDGE ( 'NONE', *, *, #7064, .T. ) ;
#10263 = CARTESIAN_POINT ( 'NONE',  ( 169.5014113998315400, 61.80682041179484500, 20.49999878108513900 ) ) ;
#10264 = AXIS2_PLACEMENT_3D ( 'NONE', #6640, #11212, #5683 ) ;
#10265 = ORIENTED_EDGE ( 'NONE', *, *, #4180, .F. ) ;
#10266 = EDGE_LOOP ( 'NONE', ( #8761, #9712, #11320, #209 ) ) ;
#10267 = EDGE_CURVE ( 'NONE', #4520, #10412, #4720, .T. ) ;
#10268 = VERTEX_POINT ( 'NONE', #8673 ) ;
#10269 = VECTOR ( 'NONE', #5934, 1000.000000000000000 ) ;
#10270 = CYLINDRICAL_SURFACE ( 'NONE', #11349, 16.50000028186576600 ) ;
#10271 = APPLICATION_PROTOCOL_DEFINITION ( 'international standard', 'config_control_design', 1994, #5641 ) ;
#10272 = ORIENTED_EDGE ( 'NONE', *, *, #2648, .F. ) ;
#10273 = ORIENTED_EDGE ( 'NONE', *, *, #8277, .F. ) ;
#10274 = DIRECTION ( 'NONE',  ( 4.440892098500626200E-016, 0.0000000000000000000, -1.000000000000000000 ) ) ;
#10275 = DIRECTION ( 'NONE',  ( -1.000000000000000000, 0.0000000000000000000, 0.0000000000000000000 ) ) ;
#10276 = EDGE_CURVE ( 'NONE', #3820, #4972, #9575, .T. ) ;
#10277 = ORIENTED_EDGE ( 'NONE', *, *, #6216, .F. ) ;
#10278 = DIRECTION ( 'NONE',  ( 0.0000000000000000000, 0.0000000000000000000, -1.000000000000000000 ) ) ;
#10279 = ORIENTED_EDGE ( 'NONE', *, *, #3661, .F. ) ;
#10280 = EDGE_CURVE ( 'NONE', #4351, #8110, #9421, .T. ) ;
#10281 = ORIENTED_EDGE ( 'NONE', *, *, #1846, .T. ) ;
#10282 = DIRECTION ( 'NONE',  ( -1.000000000000000000, 0.0000000000000000000, 0.0000000000000000000 ) ) ;
#10283 = CARTESIAN_POINT ( 'NONE',  ( 173.7719257169751200, 45.86904400576381800, 1.994931997373328200E-014 ) ) ;
#10284 = EDGE_CURVE ( 'NONE', #1500, #7290, #6431, .T. ) ;
#10285 = VECTOR ( 'NONE', #1547, 1000.000000000000000 ) ;
#10286 = ORIENTED_EDGE ( 'NONE', *, *, #6130, .T. ) ;
#10287 = AXIS2_PLACEMENT_3D ( 'NONE', #11115, #10154, #5639 ) ;
#10288 = LINE ( 'NONE', #3807, #9414 ) ;
#10289 = DIRECTION ( 'NONE',  ( 8.157786440681345800E-032, 4.440892098500626200E-016, 1.000000000000000000 ) ) ;
#10290 = CARTESIAN_POINT ( 'NONE',  ( 181.4321797548195700, 40.86904386338088800, 23.49999947845933700 ) ) ;
#10291 = DIRECTION ( 'NONE',  ( 0.0000000000000000000, 0.0000000000000000000, -1.000000000000000000 ) ) ;
#10292 = CARTESIAN_POINT ( 'NONE',  ( 158.6316844741093300, 54.64532421794880400, 1.999999999999915400 ) ) ;
#10293 = EDGE_LOOP ( 'NONE', ( #345, #4068, #3775, #8274 ) ) ;
#10294 = CARTESIAN_POINT ( 'NONE',  ( 164.1722458577018500, 50.12299672668248700, 2.782496456335090200E-014 ) ) ;
#10296 = ADVANCED_FACE ( 'NONE', ( #10587 ), #7560, .F. ) ;
#10295 = DIRECTION ( 'NONE',  ( -1.000000000000000000, 0.0000000000000000000, 0.0000000000000000000 ) ) ;
#10297 = ORIENTED_EDGE ( 'NONE', *, *, #6458, .T. ) ;
#10298 = LINE ( 'NONE', #1199, #9139 ) ;
#10299 = EDGE_CURVE ( 'NONE', #9401, #3216, #10298, .T. ) ;
#10300 = CARTESIAN_POINT ( 'NONE',  ( 182.0131497082755300, 41.14334891140514100, 2.599370207880291100E-014 ) ) ;
#10301 = VERTEX_POINT ( 'NONE', #1235 ) ;
#10302 = AXIS2_PLACEMENT_3D ( 'NONE', #7227, #7313, #8089 ) ;
#10303 = VECTOR ( 'NONE', #7905, 1000.000000000000000 ) ;
#10304 = EDGE_CURVE ( 'NONE', #5023, #930, #11734, .T. ) ;
#10305 = DIRECTION ( 'NONE',  ( -0.7071067811864609800, 0.7071067811866341700, -0.0000000000000000000 ) ) ;
#10306 = ORIENTED_EDGE ( 'NONE', *, *, #11767, .T. ) ;
#10307 = AXIS2_PLACEMENT_3D ( 'NONE', #9265, #3785, #11278 ) ;
#10308 = CARTESIAN_POINT ( 'NONE',  ( 173.7719257169743800, 57.36904386338088800, 3.000012844918302300 ) ) ;
#10309 = ORIENTED_EDGE ( 'NONE', *, *, #10926, .T. ) ;
#10310 = CIRCLE ( 'NONE', #9396, 2.000000000000057300 ) ;
#10311 = CYLINDRICAL_SURFACE ( 'NONE', #8987, 1.000000000000000900 ) ;
#10312 = ORIENTED_EDGE ( 'NONE', *, *, #11664, .F. ) ;
#10313 = DIRECTION ( 'NONE',  ( -1.000000000000000000, 1.836970198721029700E-016, -0.0000000000000000000 ) ) ;
#10314 = LINE ( 'NONE', #3324, #7864 ) ;
#10315 = VERTEX_POINT ( 'NONE', #7725 ) ;
#10316 = VERTEX_POINT ( 'NONE', #574 ) ;
#10317 = DIRECTION ( 'NONE',  ( 0.0000000000000000000, 1.000000000000000000, 0.0000000000000000000 ) ) ;
#10318 = ORIENTED_EDGE ( 'NONE', *, *, #3130, .F. ) ;
#10319 = PERSON_AND_ORGANIZATION_ROLE ( 'design_owner' ) ;
#10320 = FACE_OUTER_BOUND ( 'NONE', #4435, .T. ) ;
#10321 = CARTESIAN_POINT ( 'NONE',  ( 173.7719257169751200, 45.86904400576381800, 1.999999999999914500 ) ) ;
#10322 = CARTESIAN_POINT ( 'NONE',  ( 157.7719254351092400, 45.86904386338088800, 19.49999999999991500 ) ) ;
#10323 = DIRECTION ( 'NONE',  ( 4.440892098500626200E-016, 0.0000000000000000000, -1.000000000000000000 ) ) ;
#10324 = CIRCLE ( 'NONE', #671, 2.000000000000029300 ) ;
#10325 = ORIENTED_EDGE ( 'NONE', *, *, #7352, .F. ) ;
#10326 = DIRECTION ( 'NONE',  ( 1.000000000000000000, 0.0000000000000000000, 0.0000000000000000000 ) ) ;
#10327 = FACE_OUTER_BOUND ( 'NONE', #4857, .T. ) ;
#10328 = DIRECTION ( 'NONE',  ( 4.078893220340672900E-032, 2.220446049250313100E-016, 1.000000000000000000 ) ) ;
#10329 = CARTESIAN_POINT ( 'NONE',  ( 173.7719257169744900, 39.86904400576364800, 4.200000000041030500 ) ) ;
#10330 = LINE ( 'NONE', #5140, #3146 ) ;
#10331 = ORIENTED_EDGE ( 'NONE', *, *, #10421, .F. ) ;
#10332 = DIRECTION ( 'NONE',  ( 0.0000000000000000000, 0.0000000000000000000, -1.000000000000000000 ) ) ;
#10333 = DIRECTION ( 'NONE',  ( -2.220446049250313100E-016, -0.0000000000000000000, 1.000000000000000000 ) ) ;
#10334 = CIRCLE ( 'NONE', #135, 0.7500000000000006700 ) ;
#10335 = VECTOR ( 'NONE', #11359, 1000.000000000000000 ) ;
#10336 = PLANE ( 'NONE',  #9933 ) ;
#10337 = VECTOR ( 'NONE', #6287, 1000.000000000000000 ) ;
#10338 = DIRECTION ( 'NONE',  ( 0.0000000000000000000, 1.000000000000000000, 0.0000000000000000000 ) ) ;
#10339 = VERTEX_POINT ( 'NONE', #7766 ) ;
#10340 = FACE_OUTER_BOUND ( 'NONE', #2586, .T. ) ;
#10341 = CARTESIAN_POINT ( 'NONE',  ( 183.0219256400218600, 60.89051384248958200, 17.39999966811049600 ) ) ;
#10342 = DIRECTION ( 'NONE',  ( 0.0000000000000000000, -1.000000000000000000, 0.0000000000000000000 ) ) ;
#10343 = EDGE_CURVE ( 'NONE', #4265, #10950, #5142, .T. ) ;
#10344 = FACE_BOUND ( 'NONE', #4872, .T. ) ;
#10345 = DIRECTION ( 'NONE',  ( -1.000000000000000000, 0.0000000000000000000, -2.220446049250313100E-016 ) ) ;
#10346 = DIRECTION ( 'NONE',  ( 0.0000000000000000000, -1.000000000000000000, -9.183829272383557500E-015 ) ) ;
#10347 = FACE_OUTER_BOUND ( 'NONE', #5907, .T. ) ;
#10348 = AXIS2_PLACEMENT_3D ( 'NONE', #11288, #2064, #10367 ) ;
#10349 = CARTESIAN_POINT ( 'NONE',  ( 173.7719257169747200, 45.86904400576391100, 22.49999878108514300 ) ) ;
#10350 = ORIENTED_EDGE ( 'NONE', *, *, #5691, .F. ) ;
#10351 = AXIS2_PLACEMENT_3D ( 'NONE', #524, #4078, #3083 ) ;
#10352 = VERTEX_POINT ( 'NONE', #5053 ) ;
#10353 = CIRCLE ( 'NONE', #3744, 1.000000000000000900 ) ;
#10354 = CARTESIAN_POINT ( 'NONE',  ( 190.0689853496277000, 43.36904400576364100, 0.7500135331658555100 ) ) ;
#10355 = CARTESIAN_POINT ( 'NONE',  ( 176.7719257169750600, 51.63532516071646900, 18.99999947845893200 ) ) ;
#10356 = ADVANCED_FACE ( 'NONE', ( #11879 ), #9608, .T. ) ;
#10357 = EDGE_CURVE ( 'NONE', #9992, #6559, #6713, .T. ) ;
#10358 = AXIS2_PLACEMENT_3D ( 'NONE', #4194, #546, #1475 ) ;
#10359 = CARTESIAN_POINT ( 'NONE',  ( 184.2719257169745500, 43.86904400576364800, 4.199999999999903400 ) ) ;
#10360 = DIRECTION ( 'NONE',  ( 4.440892098500626200E-016, 0.0000000000000000000, -1.000000000000000000 ) ) ;
#10361 = EDGE_LOOP ( 'NONE', ( #5411, #1822, #5732, #5648 ) ) ;
#10362 = CIRCLE ( 'NONE', #4369, 1.999999999931528800 ) ;
#10363 = EDGE_CURVE ( 'NONE', #10387, #2797, #11301, .T. ) ;
#10364 = CARTESIAN_POINT ( 'NONE',  ( 167.2523743689317500, 51.82684968601705600, 23.49999947845893200 ) ) ;
#10365 = DIRECTION ( 'NONE',  ( -1.000000000000000000, 0.0000000000000000000, 0.0000000000000000000 ) ) ;
#10366 = DIRECTION ( 'NONE',  ( -1.000000000000000000, 0.0000000000000000000, 0.0000000000000000000 ) ) ;
#10367 = DIRECTION ( 'NONE',  ( -1.000000000000000000, -1.734723475976805500E-015, -5.782411586589351700E-016 ) ) ;
#10368 = CARTESIAN_POINT ( 'NONE',  ( 174.7719257169743800, 45.86904386338089500, 21.99999947845984100 ) ) ;
#10369 = ORIENTED_EDGE ( 'NONE', *, *, #7341, .F. ) ;
#10370 = DIRECTION ( 'NONE',  ( 0.7071067811865474600, 0.0000000000000000000, 0.7071067811865475700 ) ) ;
#10371 = VERTEX_POINT ( 'NONE', #6100 ) ;
#10372 = EDGE_CURVE ( 'NONE', #11842, #1391, #6870, .T. ) ;
#10373 = DIRECTION ( 'NONE',  ( -0.0000000000000000000, -0.0000000000000000000, 1.000000000000000000 ) ) ;
#10374 = AXIS2_PLACEMENT_3D ( 'NONE', #3797, #8325, #2864 ) ;
#10375 = DIRECTION ( 'NONE',  ( 0.0000000000000000000, 1.000000000000000000, 0.0000000000000000000 ) ) ;
#10376 = ORIENTED_EDGE ( 'NONE', *, *, #40, .T. ) ;
#10377 = EDGE_CURVE ( 'NONE', #7182, #982, #1504, .T. ) ;
#10378 = LINE ( 'NONE', #3389, #10806 ) ;
#10379 = CARTESIAN_POINT ( 'NONE',  ( 173.7719257169744900, 45.86904400576364800, 4.199999999999903400 ) ) ;
#10380 = EDGE_CURVE ( 'NONE', #349, #2982, #11018, .T. ) ;
#10381 = DIRECTION ( 'NONE',  ( 0.0000000000000000000, -1.000000000000000000, -0.0000000000000000000 ) ) ;
#10382 = CARTESIAN_POINT ( 'NONE',  ( 173.7719257169743800, 45.86904386338088800, 4.500000036330219700 ) ) ;
#10383 = AXIS2_PLACEMENT_3D ( 'NONE', #10948, #3694, #10102 ) ;
#10384 = ORIENTED_EDGE ( 'NONE', *, *, #3366, .T. ) ;
#10385 = ORIENTED_EDGE ( 'NONE', *, *, #11422, .F. ) ;
#10386 = ORIENTED_EDGE ( 'NONE', *, *, #6057, .T. ) ;
#10387 = VERTEX_POINT ( 'NONE', #6899 ) ;
#10388 = ORIENTED_EDGE ( 'NONE', *, *, #421, .T. ) ;
#10389 = CIRCLE ( 'NONE', #1028, 2.000000000000001800 ) ;
#10390 = CARTESIAN_POINT ( 'NONE',  ( 188.9121669598396500, 37.09276379357849900, 2.905661822261151900E-014 ) ) ;
#10391 = DIRECTION ( 'NONE',  ( -0.0000000000000000000, -0.0000000000000000000, 1.000000000000000000 ) ) ;
#10392 = AXIS2_PLACEMENT_3D ( 'NONE', #2803, #85, #8228 ) ;
#10393 = ORIENTED_EDGE ( 'NONE', *, *, #3753, .F. ) ;
#10394 = DIRECTION ( 'NONE',  ( -4.440892098500625700E-016, 1.224646799147353500E-016, 1.000000000000000000 ) ) ;
#10395 = CARTESIAN_POINT ( 'NONE',  ( 173.7719257169747800, 55.86904386338111600, 23.49999947845893200 ) ) ;
#10396 = AXIS2_PLACEMENT_3D ( 'NONE', #6909, #5137, #1368 ) ;
#10397 = LINE ( 'NONE', #4811, #4948 ) ;
#10398 = CARTESIAN_POINT ( 'NONE',  ( 188.5219267945538800, 45.86904400576364100, 1.750013533165798700 ) ) ;
#10399 = DIRECTION ( 'NONE',  ( 0.0000000000000000000, 1.000000000000000000, 0.0000000000000000000 ) ) ;
#10400 = ORIENTED_EDGE ( 'NONE', *, *, #2408, .F. ) ;
#10401 = DIRECTION ( 'NONE',  ( 0.0000000000000000000, 0.0000000000000000000, -1.000000000000000000 ) ) ;
#10402 = ORIENTED_EDGE ( 'NONE', *, *, #2486, .T. ) ;
#10403 = PERSON_AND_ORGANIZATION ( #6755, #6956 ) ;
#10404 = ORIENTED_EDGE ( 'NONE', *, *, #2667, .T. ) ;
#10405 = CARTESIAN_POINT ( 'NONE',  ( 173.7719257169744400, 45.86904386338088800, 21.99999947845893500 ) ) ;
#10406 = CARTESIAN_POINT ( 'NONE',  ( 173.7719257169743800, 45.86904386338088800, 5.999999833293287600 ) ) ;
#10407 = ORIENTED_EDGE ( 'NONE', *, *, #1109, .F. ) ;
#10408 = CARTESIAN_POINT ( 'NONE',  ( 176.7719257169743800, 45.86904386338088800, 21.99999947845938700 ) ) ;
#10409 = VERTEX_POINT ( 'NONE', #492 ) ;
#10410 = ORIENTED_EDGE ( 'NONE', *, *, #6130, .F. ) ;
#10411 = DIRECTION ( 'NONE',  ( -1.000000000000000000, 0.0000000000000000000, 0.0000000000000000000 ) ) ;
#10412 = VERTEX_POINT ( 'NONE', #1508 ) ;
#10413 = DIRECTION ( 'NONE',  ( 7.388085321846811900E-016, 1.000000000000000000, -9.860761315262647600E-032 ) ) ;
#10414 = CIRCLE ( 'NONE', #5345, 2.000000000000029300 ) ;
#10415 = CARTESIAN_POINT ( 'NONE',  ( 173.6392485129353000, 66.36904327604486300, 15.49999745122099900 ) ) ;
#10416 = ADVANCED_FACE ( 'NONE', ( #1083 ), #230, .T. ) ;
#10417 = DIRECTION ( 'NONE',  ( 0.8660254037841764700, 0.5000000000004540800, 0.0000000000000000000 ) ) ;
#10418 = DIRECTION ( 'NONE',  ( -8.157786440681345800E-032, -4.440892098500626200E-016, -1.000000000000000000 ) ) ;
#10419 = LINE ( 'NONE', #11719, #633 ) ;
#10420 = ORIENTED_EDGE ( 'NONE', *, *, #11302, .F. ) ;
#10421 = EDGE_CURVE ( 'NONE', #6396, #9258, #7419, .T. ) ;
#10422 = ORIENTED_EDGE ( 'NONE', *, *, #958, .F. ) ;
#10423 = DIRECTION ( 'NONE',  ( -1.000000000000000000, 0.0000000000000000000, 0.0000000000000000000 ) ) ;
#10424 = ORIENTED_EDGE ( 'NONE', *, *, #2980, .T. ) ;
#10425 = ORIENTED_EDGE ( 'NONE', *, *, #9586, .T. ) ;
#10426 = CARTESIAN_POINT ( 'NONE',  ( 180.2656718058340500, 45.58397942606603000, 18.99999947845893200 ) ) ;
#10427 = ORIENTED_EDGE ( 'NONE', *, *, #9764, .F. ) ;
#10428 = DIRECTION ( 'NONE',  ( -4.440892098500626200E-016, -0.0000000000000000000, 1.000000000000000000 ) ) ;
#10429 = LINE ( 'NONE', #5798, #6137 ) ;
#10430 = CARTESIAN_POINT ( 'NONE',  ( 173.1748931372348700, 40.40154058810416900, 81.17012103714566300 ) ) ;
#10431 = LINE ( 'NONE', #1031, #8833 ) ;
#10432 = CARTESIAN_POINT ( 'NONE',  ( 190.0689853496277000, 43.36904400576364100, 1.750013533165752300 ) ) ;
#10433 = PLANE ( 'NONE',  #7377 ) ;
#10434 = AXIS2_PLACEMENT_3D ( 'NONE', #100, #2738, #6535 ) ;
#10435 = EDGE_CURVE ( 'NONE', #10774, #10256, #1360, .T. ) ;
#10436 = EDGE_LOOP ( 'NONE', ( #321, #11198, #7749, #4937, #5693, #3517 ) ) ;
#10437 = CARTESIAN_POINT ( 'NONE',  ( 167.2934826042306300, 35.85506698708736900, 1.999999999999914500 ) ) ;
#10438 = ORIENTED_EDGE ( 'NONE', *, *, #3526, .T. ) ;
#10439 = B_SPLINE_CURVE_WITH_KNOTS ( 'NONE', 3,
 ( #4981, #7808, #7848, #9532, #11393, #3190, #9657, #8766 ),
 .UNSPECIFIED., .F., .F.,
 ( 4, 2, 2, 4 ),
 ( 0.0000000000000000000, 0.0002348902527002451600, 0.0004697805054004903300, 0.0009395610108009806600 ),
 .UNSPECIFIED. ) ;
#10440 = VECTOR ( 'NONE', #921, 1000.000000000000000 ) ;
#10441 = EDGE_LOOP ( 'NONE', ( #112, #10536, #7233, #4275 ) ) ;
#10442 = CARTESIAN_POINT ( 'NONE',  ( 173.7719257169747200, 45.86904400576391100, 21.49999895691860300 ) ) ;
#10443 = VECTOR ( 'NONE', #2086, 1000.000000000000000 ) ;
#10444 = EDGE_CURVE ( 'NONE', #9005, #4880, #9563, .T. ) ;
#10445 = CARTESIAN_POINT ( 'NONE',  ( 164.5219257939270700, 61.89051384249006600, 21.54999878108492000 ) ) ;
#10446 = EDGE_CURVE ( 'NONE', #5023, #9946, #10862, .T. ) ;
#10447 = DIRECTION ( 'NONE',  ( 0.0000000000000000000, 1.000000000000000000, 0.0000000000000000000 ) ) ;
#10448 = DIRECTION ( 'NONE',  ( -1.000000000000000000, 0.0000000000000000000, -2.220446049250313100E-016 ) ) ;
#10449 = EDGE_CURVE ( 'NONE', #1004, #8518, #8693, .T. ) ;
#10450 = ORIENTED_EDGE ( 'NONE', *, *, #7120, .F. ) ;
#10451 = ADVANCED_FACE ( 'NONE', ( #6860 ), #3829, .F. ) ;
#10452 = VERTEX_POINT ( 'NONE', #6933 ) ;
#10453 = AXIS2_PLACEMENT_3D ( 'NONE', #5359, #11724, #8859 ) ;
#10454 = CARTESIAN_POINT ( 'NONE',  ( 155.2719258708797600, 45.86904400576379700, 56.79194912331138300 ) ) ;
#10455 = LINE ( 'NONE', #3688, #393 ) ;
#10456 = CIRCLE ( 'NONE', #1819, 1.749999386690449100 ) ;
#10457 = CARTESIAN_POINT ( 'NONE',  ( 173.7719257169743800, 37.86904386338088800, 21.99999947845893200 ) ) ;
#10458 = DIRECTION ( 'NONE',  ( -3.147609485530918300E-016, -1.110223024625155600E-016, -1.000000000000000000 ) ) ;
#10459 = VERTEX_POINT ( 'NONE', #11655 ) ;
#10460 = CARTESIAN_POINT ( 'NONE',  ( 173.9045429934880100, 66.36904366381179400, 15.50000189500076300 ) ) ;
#10461 = DIRECTION ( 'NONE',  ( -1.000000000000000000, -6.167905692361709600E-015, 0.0000000000000000000 ) ) ;
#10462 = ORIENTED_EDGE ( 'NONE', *, *, #7410, .F. ) ;
#10463 = EDGE_CURVE ( 'NONE', #8677, #1492, #5708, .T. ) ;
#10464 = CARTESIAN_POINT ( 'NONE',  ( 183.0219256400220300, 29.84757416903783100, 19.49999999999988600 ) ) ;
#10465 = CYLINDRICAL_SURFACE ( 'NONE', #2948, 2.500000000000390800 ) ;
#10466 = AXIS2_PLACEMENT_3D ( 'NONE', #1000, #9364, #5734 ) ;
#10467 = CARTESIAN_POINT ( 'NONE',  ( 191.9927270965620200, 36.47463393609935200, 16.76009671490498200 ) ) ;
#10468 = CIRCLE ( 'NONE', #3304, 4.500000000000198100 ) ;
#10469 = ORIENTED_EDGE ( 'NONE', *, *, #9055, .F. ) ;
#10470 = DIRECTION ( 'NONE',  ( -4.440892098500625700E-016, 1.224646799147353500E-016, 1.000000000000000000 ) ) ;
#10471 = VECTOR ( 'NONE', #8266, 1000.000000000000000 ) ;
#10472 = CARTESIAN_POINT ( 'NONE',  ( 163.5814319424160000, 32.14301632527183000, 1.999999999999914500 ) ) ;
#10473 = AXIS2_PLACEMENT_3D ( 'NONE', #5351, #1694, #8084 ) ;
#10474 = CARTESIAN_POINT ( 'NONE',  ( 169.2762553477637900, 45.67169156062537600, 18.99999947845893500 ) ) ;
#10475 = EDGE_LOOP ( 'NONE', ( #1577, #8399, #382, #2488 ) ) ;
#10476 = FACE_OUTER_BOUND ( 'NONE', #5422, .T. ) ;
#10477 = CARTESIAN_POINT ( 'NONE',  ( 171.7719257169744400, 37.86904386338088800, 18.99999947845893200 ) ) ;
#10478 = DIRECTION ( 'NONE',  ( 1.000000000000000000, -1.836970198721029700E-016, 0.0000000000000000000 ) ) ;
#10479 = VECTOR ( 'NONE', #11240, 1000.000000000000000 ) ;
#10480 = CIRCLE ( 'NONE', #1649, 19.49999997868762200 ) ;
#10481 = VECTOR ( 'NONE', #8045, 1000.000000000000000 ) ;
#10482 = EDGE_LOOP ( 'NONE', ( #10860, #8470, #9580, #2560 ) ) ;
#10483 = LINE ( 'NONE', #9201, #4749 ) ;
#10484 = ADVANCED_FACE ( 'NONE', ( #7409 ), #3698, .F. ) ;
#10485 = AXIS2_PLACEMENT_3D ( 'NONE', #911, #9566, #10547 ) ;
#10486 = VERTEX_POINT ( 'NONE', #10890 ) ;
#10487 = ADVANCED_FACE ( 'NONE', ( #1221 ), #684, .F. ) ;
#10488 = CYLINDRICAL_SURFACE ( 'NONE', #3429, 19.99999905524573100 ) ;
#10489 = DIRECTION ( 'NONE',  ( -1.000000000000000000, 0.0000000000000000000, 0.0000000000000000000 ) ) ;
#10490 = DIRECTION ( 'NONE',  ( -1.000000000000000000, 0.0000000000000000000, 0.0000000000000000000 ) ) ;
#10491 = CIRCLE ( 'NONE', #4004, 1.000000000000451900 ) ;
#10492 = ORIENTED_EDGE ( 'NONE', *, *, #6142, .T. ) ;
#10493 = DIRECTION ( 'NONE',  ( -2.220446049250312800E-016, 1.224646799147353200E-016, 1.000000000000000000 ) ) ;
#10494 = CARTESIAN_POINT ( 'NONE',  ( 191.3941958740263700, 35.39428554374497100, 15.52540724640214300 ) ) ;
#10495 = FACE_OUTER_BOUND ( 'NONE', #11589, .T. ) ;
#10496 = DIRECTION ( 'NONE',  ( 4.440892098500626200E-016, 0.0000000000000000000, -1.000000000000000000 ) ) ;
#10497 = CYLINDRICAL_SURFACE ( 'NONE', #5597, 1.749999386690438600 ) ;
#10498 = DIRECTION ( 'NONE',  ( -1.000000000000000000, 0.0000000000000000000, 0.0000000000000000000 ) ) ;
#10499 = PRODUCT_RELATED_PRODUCT_CATEGORY ( 'detail', '', ( #5832 ) ) ;
#10500 = DIRECTION ( 'NONE',  ( -4.078893220340672900E-032, -2.220446049250313100E-016, -1.000000000000000000 ) ) ;
#10501 = DIRECTION ( 'NONE',  ( 4.440892098500626200E-016, 0.0000000000000000000, -1.000000000000000000 ) ) ;
#10502 = PLANE ( 'NONE',  #540 ) ;
#10503 = EDGE_CURVE ( 'NONE', #3664, #3808, #8402, .T. ) ;
#10504 = DIRECTION ( 'NONE',  ( 0.7071067811866341700, 0.7071067811864609800, 3.140184917367934900E-016 ) ) ;
#10505 = DIRECTION ( 'NONE',  ( -4.440892098500625700E-016, 1.224646799147353500E-016, 1.000000000000000000 ) ) ;
#10506 = VERTEX_POINT ( 'NONE', #5286 ) ;
#10507 = FACE_OUTER_BOUND ( 'NONE', #5248, .T. ) ;
#10508 = CARTESIAN_POINT ( 'NONE',  ( 189.0689853496277200, 43.36904400576364800, 1.999999999999918500 ) ) ;
#10509 = AXIS2_PLACEMENT_3D ( 'NONE', #1189, #290, #2067 ) ;
#10510 = AXIS2_PLACEMENT_3D ( 'NONE', #527, #6959, #6007 ) ;
#10511 = CARTESIAN_POINT ( 'NONE',  ( 172.7719257169744900, 66.34463869875489200, 16.49999967266197100 ) ) ;
#10512 = CARTESIAN_POINT ( 'NONE',  ( 189.2719267945538500, 46.61904400576364800, 1.750013533165798400 ) ) ;
#10513 = ADVANCED_FACE ( 'NONE', ( #7986 ), #4710, .F. ) ;
#10514 = AXIS2_PLACEMENT_3D ( 'NONE', #9834, #4356, #598 ) ;
#10515 = CARTESIAN_POINT ( 'NONE',  ( 173.7719257169742400, 45.86904386338100200, 18.99999947845893200 ) ) ;
#10516 = EDGE_CURVE ( 'NONE', #10096, #10858, #5576, .T. ) ;
#10517 = VERTEX_POINT ( 'NONE', #10807 ) ;
#10518 = FACE_OUTER_BOUND ( 'NONE', #6105, .T. ) ;
#10519 = EDGE_CURVE ( 'NONE', #5666, #1582, #946, .T. ) ;
#10520 = DIRECTION ( 'NONE',  ( -1.000000000000000000, 0.0000000000000000000, -2.168404306771157900E-016 ) ) ;
#10521 = EDGE_CURVE ( 'NONE', #8823, #2794, #5997, .T. ) ;
#10522 = B_SPLINE_CURVE_WITH_KNOTS ( 'NONE', 3,
 ( #581, #6110, #10638, #9664, #5191, #5988, #10589, #8644, #7898, #470 ),
 .UNSPECIFIED., .F., .F.,
 ( 4, 2, 2, 2, 4 ),
 ( 5.095138577947168000E-010, 0.0002710729421743143900, 0.0005421453748347709200, 0.0008132178074952275600, 0.001084290240155684100 ),
 .UNSPECIFIED. ) ;
#10523 = ORIENTED_EDGE ( 'NONE', *, *, #10040, .F. ) ;
#10524 = AXIS2_PLACEMENT_3D ( 'NONE', #4125, #1392, #5167 ) ;
#10525 = ORIENTED_EDGE ( 'NONE', *, *, #7282, .T. ) ;
#10526 = CARTESIAN_POINT ( 'NONE',  ( 177.0019953151992500, 40.22841886338043300, 23.49999947845893200 ) ) ;
#10527 = ORIENTED_EDGE ( 'NONE', *, *, #1552, .F. ) ;
#10528 = DIRECTION ( 'NONE',  ( -0.0000000000000000000, -0.0000000000000000000, 1.000000000000000000 ) ) ;
#10529 = DIRECTION ( 'NONE',  ( 4.440892098500626200E-016, 0.0000000000000000000, -1.000000000000000000 ) ) ;
#10530 = CLOSED_SHELL ( 'NONE', ( #7880, #3213, #11559, #6879, #4326, #10962, #3924, #9381, #10859, #10546, #9807, #9837, #301, #10682, #786, #8983, #8322, #8827, #9936, #7178, #10079, #537, #9280, #11623, #9755, #7518, #6059, #7850, #8004, #1179, #3689, #8856, #3310, #2940, #5790, #8652, #6126, #3055, #9690, #8711, #6911, #9999, #836, #2773, #4830, #3156, #8018, #3748, #8077, #4437, #10113, #3557, #8179, #7461, #8961, #419, #1469, #8478, #9564, #6346, #5251, #9898, #5970, #5164, #6992, #1448, #3179, #2267, #4241, #9876, #4781, #5913, #8770, #6101, #8240, #1595, #7344, #3394, #9445, #6416, #8685, #2339, #10174, #4496, #3489, #9498, #1910, #11474, #2229, #5567, #78, #5278, #5638, #1889, #644, #1299, #7964, #3441, #234, #2900, #8410, #568, #2166, #3453, #9561, #5328, #11438, #6513, #2700, #970, #7738, #9533, #4563, #10929, #3864, #5969, #4184, #9099, #9261, #4483, #3240, #11099, #4718, #6934, #8920, #4950, #11883, #5195, #710, #4081, #1779, #11083, #9147, #3333, #5344, #8892, #1743, #6632, #5222, #2516, #5915, #10741, #10912, #9721, #3116, #11686, #10839, #10296, #4736, #2459, #3798, #1555, #2329, #8308, #6401, #10513, #10231, #4983, #6692, #9783, #9045, #7706, #4621, #10544, #3181, #2445, #3620, #1852, #5011, #10783, #6239, #1325, #9341, #11348, #3986, #8598, #2196, #505, #6529, #1721, #9085, #4379, #852, #11803, #11315, #6809, #10356, #2630, #5403, #8649, #7938, #7794, #1390, #6574, #9224, #6187, #11024, #2590, #6753, #3119, #11256, #2139, #587, #10136, #8137, #1978, #7365, #10016, #10065, #3641, #2469, #8371, #11590, #10487, #5386, #11532, #8198, #9329, #11870, #7293, #6960, #4292, #11409, #4901, #6847, #7769, #7191, #11745, #7050, #10708, #10635, #7079, #1501, #4211, #5735, #9629, #6810, #11436, #4144, #8358, #3579, #2757, #5046, #10595, #6467, #3363, #912, #4602, #7400, #4050, #4544, #6009, #11200, #5098, #7577, #2532, #4110, #1960, #10416, #3276, #10650, #11381, #5471, #9167, #354, #2715, #2362, #11043, #10571, #617, #7709, #4048, #1133, #475, #1301, #8753, #11770, #2652, #1659, #4423, #5448, #2422, #10249, #5858, #116, #6590, #2075, #11703, #1420, #9955, #9025, #3003, #1015, #1526, #5579, #5505, #5067, #1358, #1059 ) ) ;
#10531 = FACE_OUTER_BOUND ( 'NONE', #3849, .T. ) ;
#10532 = CARTESIAN_POINT ( 'NONE',  ( 191.4000717265999200, 41.14559651842677100, 20.49999878108513900 ) ) ;
#10533 = DIRECTION ( 'NONE',  ( 1.000000000000000000, 0.0000000000000000000, 0.0000000000000000000 ) ) ;
#10534 = DIRECTION ( 'NONE',  ( 1.000000000000000000, 0.0000000000000000000, 0.0000000000000000000 ) ) ;
#10535 = EDGE_LOOP ( 'NONE', ( #7575, #5551, #2306, #6079 ) ) ;
#10536 = ORIENTED_EDGE ( 'NONE', *, *, #1202, .T. ) ;
#10537 = EDGE_CURVE ( 'NONE', #7522, #4681, #6147, .T. ) ;
#10538 = DIRECTION ( 'NONE',  ( 0.0000000000000000000, 0.0000000000000000000, -1.000000000000000000 ) ) ;
#10539 = AXIS2_PLACEMENT_3D ( 'NONE', #3950, #7547, #2107 ) ;
#10540 = ORIENTED_EDGE ( 'NONE', *, *, #11810, .F. ) ;
#10541 = EDGE_CURVE ( 'NONE', #6259, #10409, #3095, .T. ) ;
#10542 = EDGE_CURVE ( 'NONE', #11214, #10268, #1072, .T. ) ;
#10543 = VECTOR ( 'NONE', #9163, 1000.000000000000000 ) ;
#10544 = ADVANCED_FACE ( 'NONE', ( #5862 ), #1707, .T. ) ;
#10545 = AXIS2_PLACEMENT_3D ( 'NONE', #7349, #10966, #5569 ) ;
#10546 = ADVANCED_FACE ( 'NONE', ( #379 ), #4420, .F. ) ;
#10547 = DIRECTION ( 'NONE',  ( -1.000000000000000000, 8.831319363200507500E-015, 0.0000000000000000000 ) ) ;
#10548 = ORIENTED_EDGE ( 'NONE', *, *, #8102, .F. ) ;
#10549 = DIRECTION ( 'NONE',  ( -1.000000000000000000, 0.0000000000000000000, -4.336808689942013800E-016 ) ) ;
#10550 = CARTESIAN_POINT ( 'NONE',  ( 173.7719257169745200, 39.86904448602505400, 4.999999311752642200 ) ) ;
#10551 = DIRECTION ( 'NONE',  ( 0.0000000000000000000, 1.000000000000000000, 0.0000000000000000000 ) ) ;
#10552 = AXIS2_PLACEMENT_3D ( 'NONE', #7715, #10529, #3247 ) ;
#10553 = DIRECTION ( 'NONE',  ( -1.000000000000000000, 0.0000000000000000000, 0.0000000000000000000 ) ) ;
#10554 = CARTESIAN_POINT ( 'NONE',  ( 173.7719257169743800, 37.86904386338088800, 21.99999947845893200 ) ) ;
#10555 = ORIENTED_EDGE ( 'NONE', *, *, #4853, .F. ) ;
#10556 = ORIENTED_EDGE ( 'NONE', *, *, #1342, .F. ) ;
#10557 = ORIENTED_EDGE ( 'NONE', *, *, #7077, .T. ) ;
#10558 = AXIS2_PLACEMENT_3D ( 'NONE', #10236, #11169, #4883 ) ;
#10559 = VECTOR ( 'NONE', #998, 1000.000000000000000 ) ;
#10560 = DIRECTION ( 'NONE',  ( -1.000000000000000000, 0.0000000000000000000, 0.0000000000000000000 ) ) ;
#10561 = EDGE_LOOP ( 'NONE', ( #5373, #7974 ) ) ;
#10562 = ORIENTED_EDGE ( 'NONE', *, *, #8035, .T. ) ;
#10563 = DIRECTION ( 'NONE',  ( 0.0000000000000000000, 0.0000000000000000000, -1.000000000000000000 ) ) ;
#10564 = DIRECTION ( 'NONE',  ( -2.220446049250312800E-016, 1.224646799147353200E-016, 1.000000000000000000 ) ) ;
#10565 = VERTEX_POINT ( 'NONE', #2478 ) ;
#10566 = CARTESIAN_POINT ( 'NONE',  ( 164.7563136126116800, 36.85343190140081800, 3.000013011975194200 ) ) ;
#10567 = ORIENTED_EDGE ( 'NONE', *, *, #3136, .F. ) ;
#10568 = ORIENTED_EDGE ( 'NONE', *, *, #7816, .T. ) ;
#10569 = ORIENTED_EDGE ( 'NONE', *, *, #3358, .T. ) ;
#10570 = DIRECTION ( 'NONE',  ( -1.000000000000000000, 0.0000000000000000000, 0.0000000000000000000 ) ) ;
#10571 = ADVANCED_FACE ( 'NONE', ( #788 ), #11157, .F. ) ;
#10572 = FACE_OUTER_BOUND ( 'NONE', #1941, .T. ) ;
#10573 = VERTEX_POINT ( 'NONE', #2639 ) ;
#10574 = CARTESIAN_POINT ( 'NONE',  ( 173.7719257169743800, 45.86904386338088800, 22.99999947845984100 ) ) ;
#10575 = EDGE_LOOP ( 'NONE', ( #5571, #4238, #9596, #8924 ) ) ;
#10576 = DIRECTION ( 'NONE',  ( -1.000000000000000000, 0.0000000000000000000, -0.0000000000000000000 ) ) ;
#10577 = VERTEX_POINT ( 'NONE', #9071 ) ;
#10578 = AXIS2_PLACEMENT_3D ( 'NONE', #2581, #6226, #8126 ) ;
#10579 = ORIENTED_EDGE ( 'NONE', *, *, #2183, .F. ) ;
#10580 = FACE_OUTER_BOUND ( 'NONE', #8771, .T. ) ;
#10581 = PLANE ( 'NONE',  #1330 ) ;
#10582 = VERTEX_POINT ( 'NONE', #5456 ) ;
#10583 = CIRCLE ( 'NONE', #693, 12.00000000000001100 ) ;
#10584 = ORIENTED_EDGE ( 'NONE', *, *, #6057, .F. ) ;
#10585 = ORIENTED_EDGE ( 'NONE', *, *, #3043, .T. ) ;
#10586 = EDGE_CURVE ( 'NONE', #6372, #7072, #3537, .T. ) ;
#10587 = FACE_OUTER_BOUND ( 'NONE', #7266, .T. ) ;
#10588 = DIRECTION ( 'NONE',  ( -6.983158872362112300E-017, 1.110223024625157000E-016, 1.000000000000000000 ) ) ;
#10589 = CARTESIAN_POINT ( 'NONE',  ( 194.6346538137709700, 49.42968080973675200, 0.6643889743292686900 ) ) ;
#10590 = AXIS2_PLACEMENT_3D ( 'NONE', #2251, #8606, #3025 ) ;
#10591 = VECTOR ( 'NONE', #7069, 1000.000000000000100 ) ;
#10592 = EDGE_CURVE ( 'NONE', #514, #635, #10151, .T. ) ;
#10593 = ORIENTED_EDGE ( 'NONE', *, *, #5529, .T. ) ;
#10594 = PLANE ( 'NONE',  #7915 ) ;
#10595 = ADVANCED_FACE ( 'NONE', ( #8113 ), #7708, .T. ) ;
#10596 = VERTEX_POINT ( 'NONE', #9154 ) ;
#10597 = CIRCLE ( 'NONE', #11190, 3.999999190699821100 ) ;
#10598 = CARTESIAN_POINT ( 'NONE',  ( 183.0219256400220300, 29.84757416903783100, 19.49999999999988600 ) ) ;
#10599 = CYLINDRICAL_SURFACE ( 'NONE', #1362, 1.000000000000445000 ) ;
#10600 = EDGE_CURVE ( 'NONE', #11035, #6323, #5280, .T. ) ;
#10601 = VERTEX_POINT ( 'NONE', #6368 ) ;
#10602 = AXIS2_PLACEMENT_3D ( 'NONE', #2337, #10588, #11513 ) ;
#10603 = CYLINDRICAL_SURFACE ( 'NONE', #10848, 2.000000000000001800 ) ;
#10604 = EDGE_CURVE ( 'NONE', #8231, #4103, #1923, .T. ) ;
#10605 = DIRECTION ( 'NONE',  ( 0.0000000000000000000, 0.0000000000000000000, -1.000000000000000000 ) ) ;
#10606 = EDGE_CURVE ( 'NONE', #7290, #573, #4994, .T. ) ;
#10607 = CARTESIAN_POINT ( 'NONE',  ( 173.7719257169744400, 45.86904400576401000, 22.49999878108514300 ) ) ;
#10608 = ORIENTED_EDGE ( 'NONE', *, *, #11609, .F. ) ;
#10609 = VERTEX_POINT ( 'NONE', #8341 ) ;
#10610 = AXIS2_PLACEMENT_3D ( 'NONE', #2429, #5193, #8769 ) ;
#10611 = EDGE_LOOP ( 'NONE', ( #1911, #11554, #2687, #5737 ) ) ;
#10612 = CARTESIAN_POINT ( 'NONE',  ( 194.8783015874995500, 41.77380636770252000, 1.000001927156037200 ) ) ;
#10613 = CIRCLE ( 'NONE', #3474, 4.500000000000198100 ) ;
#10614 = LINE ( 'NONE', #9636, #5893 ) ;
#10615 = FACE_OUTER_BOUND ( 'NONE', #9978, .T. ) ;
#10616 = DIRECTION ( 'NONE',  ( 4.440892098500626200E-016, 0.0000000000000000000, -1.000000000000000000 ) ) ;
#10617 = VERTEX_POINT ( 'NONE', #5570 ) ;
#10618 = CIRCLE ( 'NONE', #6859, 1.000000000000445000 ) ;
#10619 = DIRECTION ( 'NONE',  ( 1.000000000000000000, 0.0000000000000000000, 0.0000000000000000000 ) ) ;
#10620 = FACE_OUTER_BOUND ( 'NONE', #3705, .T. ) ;
#10621 = CARTESIAN_POINT ( 'NONE',  ( 191.4000717265999200, 42.89559590511721200, 22.49999878108514300 ) ) ;
#10622 = EDGE_LOOP ( 'NONE', ( #8260, #6278, #3106, #398, #2149 ) ) ;
#10623 = AXIS2_PLACEMENT_3D ( 'NONE', #3178, #418, #9481 ) ;
#10624 = DIRECTION ( 'NONE',  ( -5.242473122279988200E-013, 1.000000000000000000, -0.0000000000000000000 ) ) ;
#10625 = DIRECTION ( 'NONE',  ( 0.0000000000000000000, 0.0000000000000000000, 1.000000000000000000 ) ) ;
#10626 = FACE_OUTER_BOUND ( 'NONE', #9731, .T. ) ;
#10627 = LINE ( 'NONE', #4036, #4320 ) ;
#10628 = CARTESIAN_POINT ( 'NONE',  ( 173.7719257169747200, 45.86904400576418100, 22.49999878108514300 ) ) ;
#10629 = LINE ( 'NONE', #10808, #10337 ) ;
#10630 = DIRECTION ( 'NONE',  ( 0.0000000000000000000, 1.224646799147353200E-016, 1.000000000000000000 ) ) ;
#10631 = ORIENTED_EDGE ( 'NONE', *, *, #5909, .T. ) ;
#10632 = AXIS2_PLACEMENT_3D ( 'NONE', #8809, #7859, #7034 ) ;
#10633 = PLANE ( 'NONE',  #923 ) ;
#10634 = LINE ( 'NONE', #10098, #9465 ) ;
#10635 = ADVANCED_FACE ( 'NONE', ( #2221 ), #9274, .F. ) ;
#10636 = FACE_OUTER_BOUND ( 'NONE', #11547, .T. ) ;
#10637 = CARTESIAN_POINT ( 'NONE',  ( 172.7719257169744700, 51.63532516071669700, 18.99999947845893500 ) ) ;
#10638 = CARTESIAN_POINT ( 'NONE',  ( 194.8868503055540800, 49.78325962802049500, 0.9745428639494250200 ) ) ;
#10639 = FACE_OUTER_BOUND ( 'NONE', #9431, .T. ) ;
#10640 = CARTESIAN_POINT ( 'NONE',  ( 175.4953507211967000, 51.56522456131897800, 2.199999311752462500 ) ) ;
#10641 = EDGE_LOOP ( 'NONE', ( #7849, #1096, #10469, #10028 ) ) ;
#10642 = CIRCLE ( 'NONE', #192, 1.000000000000000900 ) ;
#10643 = CARTESIAN_POINT ( 'NONE',  ( 178.2656718058332200, 42.11987781092919600, 23.49999947845893200 ) ) ;
#10644 = AXIS2_PLACEMENT_3D ( 'NONE', #7146, #10787, #9864 ) ;
#10645 = CARTESIAN_POINT ( 'NONE',  ( 173.7719257169745200, 51.86904400577365200, 5.499999311752184800 ) ) ;
#10646 = DIRECTION ( 'NONE',  ( 0.7071067811865773300, -0.7071067811865178200, 0.0000000000000000000 ) ) ;
#10647 = DIRECTION ( 'NONE',  ( -1.000000000000000000, 0.0000000000000000000, -2.960863674957793600E-016 ) ) ;
#10648 = ORIENTED_EDGE ( 'NONE', *, *, #7055, .T. ) ;
#10649 = FACE_OUTER_BOUND ( 'NONE', #3500, .T. ) ;
#10650 = ADVANCED_FACE ( 'NONE', ( #10580 ), #9191, .F. ) ;
#10651 = EDGE_CURVE ( 'NONE', #3549, #4407, #8555, .T. ) ;
#10652 = DIRECTION ( 'NONE',  ( -1.000000000000000000, 0.0000000000000000000, -4.336808689942013800E-016 ) ) ;
#10653 = ORIENTED_EDGE ( 'NONE', *, *, #8741, .T. ) ;
#10654 = EDGE_LOOP ( 'NONE', ( #1387, #7134 ) ) ;
#10655 = DIRECTION ( 'NONE',  ( -8.157786440681345800E-032, -4.440892098500626200E-016, -1.000000000000000000 ) ) ;
#10656 = AXIS2_PLACEMENT_3D ( 'NONE', #2167, #3233, #4198 ) ;
#10657 = VERTEX_POINT ( 'NONE', #1860 ) ;
#10658 = CYLINDRICAL_SURFACE ( 'NONE', #7197, 1.350000000000000500 ) ;
#10659 = EDGE_CURVE ( 'NONE', #514, #2192, #9859, .T. ) ;
#10660 = CARTESIAN_POINT ( 'NONE',  ( 173.7719257169743800, 55.86904386338090200, 17.49999947846030000 ) ) ;
#10661 = CARTESIAN_POINT ( 'NONE',  ( 173.7719257169744900, 45.86904386338077400, 18.99999947845893200 ) ) ;
#10662 = CARTESIAN_POINT ( 'NONE',  ( 154.4534101037556300, 51.04542466329454700, 22.49999878108514300 ) ) ;
#10663 = EDGE_LOOP ( 'NONE', ( #9063, #8616, #7544, #8814 ) ) ;
#10664 = ORIENTED_EDGE ( 'NONE', *, *, #6233, .F. ) ;
#10665 = CARTESIAN_POINT ( 'NONE',  ( 199.9033806311083200, 48.36904400576364100, 0.7500135331658555100 ) ) ;
#10666 = ORIENTED_EDGE ( 'NONE', *, *, #11893, .F. ) ;
#10667 = VERTEX_POINT ( 'NONE', #10967 ) ;
#10668 = EDGE_CURVE ( 'NONE', #3204, #4739, #5425, .T. ) ;
#10669 = ORIENTED_EDGE ( 'NONE', *, *, #4772, .F. ) ;
#10670 = EDGE_CURVE ( 'NONE', #3549, #9297, #2514, .T. ) ;
#10671 = CYLINDRICAL_SURFACE ( 'NONE', #1640, 21.49999940945329500 ) ;
#10672 = DIRECTION ( 'NONE',  ( 4.440892098500626200E-016, 0.0000000000000000000, -1.000000000000000000 ) ) ;
#10673 = EDGE_CURVE ( 'NONE', #8951, #8519, #7842, .T. ) ;
#10674 = AXIS2_PLACEMENT_3D ( 'NONE', #5891, #11295, #11252 ) ;
#10675 = DIRECTION ( 'NONE',  ( -1.000000000000000000, 0.0000000000000000000, 0.0000000000000000000 ) ) ;
#10676 = ORIENTED_EDGE ( 'NONE', *, *, #4682, .F. ) ;
#10677 = CARTESIAN_POINT ( 'NONE',  ( 165.1116716791299600, 40.06904386338089800, 17.49999947846030000 ) ) ;
#10678 = CARTESIAN_POINT ( 'NONE',  ( 165.6610262511647400, 53.78465550865308800, 21.99999947845893200 ) ) ;
#10679 = CARTESIAN_POINT ( 'NONE',  ( 170.5418561187496200, 40.22841886338043300, 23.49999947845893200 ) ) ;
#10680 = CARTESIAN_POINT ( 'NONE',  ( 173.7719257169747200, 55.86904386338066100, 18.99999947845893200 ) ) ;
#10681 = LINE ( 'NONE', #4691, #3788 ) ;
#10682 = ADVANCED_FACE ( 'NONE', ( #91 ), #518, .F. ) ;
#10683 = EDGE_CURVE ( 'NONE', #2767, #810, #9997, .T. ) ;
#10684 = AXIS2_PLACEMENT_3D ( 'NONE', #2170, #6708, #3982 ) ;
#10685 = ORIENTED_EDGE ( 'NONE', *, *, #6511, .T. ) ;
#10686 = CARTESIAN_POINT ( 'NONE',  ( 163.9926420507598600, 28.99848947591633700, 1.999999999999908500 ) ) ;
#10687 = ORIENTED_EDGE ( 'NONE', *, *, #3040, .F. ) ;
#10688 = DIRECTION ( 'NONE',  ( 0.0000000000000000000, 1.000000000000000000, -1.652117670494327300E-016 ) ) ;
#10689 = DIRECTION ( 'NONE',  ( -1.000000000000000000, 0.0000000000000000000, -2.220446049250313100E-016 ) ) ;
#10690 = FACE_OUTER_BOUND ( 'NONE', #4279, .T. ) ;
#10691 = DIRECTION ( 'NONE',  ( -1.000000000000000000, 0.0000000000000000000, -2.220446049250313100E-016 ) ) ;
#10692 = CARTESIAN_POINT ( 'NONE',  ( 164.5219257939270700, 61.89051384249005100, 19.49999999999992200 ) ) ;
#10693 = ORIENTED_EDGE ( 'NONE', *, *, #4993, .F. ) ;
#10694 = CARTESIAN_POINT ( 'NONE',  ( 173.7719257169747200, 24.36904495051790000, 20.74999939054248800 ) ) ;
#10695 = ORIENTED_EDGE ( 'NONE', *, *, #8049, .T. ) ;
#10696 = ORIENTED_EDGE ( 'NONE', *, *, #5150, .F. ) ;
#10697 = CARTESIAN_POINT ( 'NONE',  ( 165.7563136126116500, 54.88465611012650000, 81.17012103714566300 ) ) ;
#10698 = VERTEX_POINT ( 'NONE', #11894 ) ;
#10699 = CARTESIAN_POINT ( 'NONE',  ( 166.8437224866989100, 49.86904386338100900, 18.99999947845893200 ) ) ;
#10700 = CYLINDRICAL_SURFACE ( 'NONE', #397, 2.000000000000001800 ) ;
#10701 = AXIS2_PLACEMENT_3D ( 'NONE', #9604, #486, #5049 ) ;
#10702 = VECTOR ( 'NONE', #10605, 1000.000000000000000 ) ;
#10703 = ORIENTED_EDGE ( 'NONE', *, *, #2417, .F. ) ;
#10704 = ORIENTED_EDGE ( 'NONE', *, *, #8366, .F. ) ;
#10705 = VERTEX_POINT ( 'NONE', #5497 ) ;
#10706 = ORIENTED_EDGE ( 'NONE', *, *, #9418, .F. ) ;
#10707 = CARTESIAN_POINT ( 'NONE',  ( 183.0219256400218600, 60.89051384248958200, 19.49999999999992200 ) ) ;
#10708 = ADVANCED_FACE ( 'NONE', ( #2656 ), #9713, .F. ) ;
#10709 = EDGE_LOOP ( 'NONE', ( #9284, #6782, #2051, #10400 ) ) ;
#10710 = LINE ( 'NONE', #11606, #11141 ) ;
#10711 = DIRECTION ( 'NONE',  ( 0.0000000000000000000, 0.0000000000000000000, 1.000000000000000000 ) ) ;
#10712 = ORIENTED_EDGE ( 'NONE', *, *, #1026, .F. ) ;
#10713 = CARTESIAN_POINT ( 'NONE',  ( 192.2719255630692900, 43.86904400578978200, 22.19999878104772500 ) ) ;
#10714 = CIRCLE ( 'NONE', #8531, 19.49999997868831500 ) ;
#10715 = CARTESIAN_POINT ( 'NONE',  ( 160.3975570462096700, 58.24341267652847900, 3.000013011975194200 ) ) ;
#10716 = DIRECTION ( 'NONE',  ( 4.440892098500626200E-016, 0.0000000000000000000, -1.000000000000000000 ) ) ;
#10717 = CARTESIAN_POINT ( 'NONE',  ( 183.0219256400218600, 29.84757416903736500, 14.29999914656994900 ) ) ;
#10718 = ORIENTED_EDGE ( 'NONE', *, *, #3740, .F. ) ;
#10719 = ORIENTED_EDGE ( 'NONE', *, *, #1264, .T. ) ;
#10720 = VECTOR ( 'NONE', #2444, 1000.000000000000000 ) ;
#10721 = EDGE_CURVE ( 'NONE', #1218, #564, #2951, .T. ) ;
#10722 = ORIENTED_EDGE ( 'NONE', *, *, #5283, .F. ) ;
#10723 = CIRCLE ( 'NONE', #6778, 8.999998263138881100 ) ;
#10724 = CARTESIAN_POINT ( 'NONE',  ( 194.3874579384626300, 41.86904400576364100, 1.999999999999914500 ) ) ;
#10725 = AXIS2_PLACEMENT_3D ( 'NONE', #2162, #225, #3969 ) ;
#10726 = DIRECTION ( 'NONE',  ( -0.7071067811866341700, -0.7071067811864609800, -0.0000000000000000000 ) ) ;
#10727 = AXIS2_PLACEMENT_3D ( 'NONE', #9074, #5372, #11811 ) ;
#10728 = CARTESIAN_POINT ( 'NONE',  ( 156.1437797073500300, 41.14559651842632300, 22.49999878108514300 ) ) ;
#10729 = ORIENTED_EDGE ( 'NONE', *, *, #5007, .T. ) ;
#10730 = ORIENTED_EDGE ( 'NONE', *, *, #11109, .F. ) ;
#10731 = CARTESIAN_POINT ( 'NONE',  ( 182.7875378213373700, 36.85343190140081800, 2.775557561562891400E-014 ) ) ;
#10732 = AXIS2_PLACEMENT_3D ( 'NONE', #8658, #3170, #9717 ) ;
#10733 = CIRCLE ( 'NONE', #4331, 1.000000000000000900 ) ;
#10734 = EDGE_LOOP ( 'NONE', ( #77, #7833, #6173, #2017 ) ) ;
#10735 = CARTESIAN_POINT ( 'NONE',  ( 156.1500865383238200, 35.39356044422444100, 17.47437426682657200 ) ) ;
#10736 = FACE_OUTER_BOUND ( 'NONE', #8854, .T. ) ;
#10737 = EDGE_CURVE ( 'NONE', #2555, #10132, #10429, .T. ) ;
#10738 = DIRECTION ( 'NONE',  ( -1.000000000000000000, -4.317533984653196200E-014, 0.0000000000000000000 ) ) ;
#10739 = EDGE_LOOP ( 'NONE', ( #9250, #5083, #6712, #4458 ) ) ;
#10740 = EDGE_CURVE ( 'NONE', #3175, #8951, #10138, .T. ) ;
#10741 = ADVANCED_FACE ( 'NONE', ( #8261 ), #4700, .F. ) ;
#10742 = EDGE_CURVE ( 'NONE', #10093, #4654, #4410, .T. ) ;
#10743 = VERTEX_POINT ( 'NONE', #6672 ) ;
#10744 = PLANE ( 'NONE',  #4532 ) ;
#10745 = CYLINDRICAL_SURFACE ( 'NONE', #490, 1.999999999999772800 ) ;
#10746 = AXIS2_PLACEMENT_3D ( 'NONE', #2896, #2858, #1904 ) ;
#10747 = VECTOR ( 'NONE', #6271, 1000.000000000000000 ) ;
#10748 = EDGE_CURVE ( 'NONE', #1506, #9502, #1490, .T. ) ;
#10749 = ORIENTED_EDGE ( 'NONE', *, *, #10889, .T. ) ;
#10750 = CIRCLE ( 'NONE', #1883, 1.000000000000000900 ) ;
#10751 = CARTESIAN_POINT ( 'NONE',  ( 173.7719257169746900, 45.86904400576435100, 22.49999878108514300 ) ) ;
#10752 = EDGE_LOOP ( 'NONE', ( #1690, #2276, #5069, #9582, #3243, #79 ) ) ;
#10753 = CYLINDRICAL_SURFACE ( 'NONE', #4616, 3.000000000000002700 ) ;
#10754 = ORIENTED_EDGE ( 'NONE', *, *, #10372, .T. ) ;
#10755 = DIRECTION ( 'NONE',  ( 1.000000000000000000, -1.836970198721029700E-016, 0.0000000000000000000 ) ) ;
#10756 = CARTESIAN_POINT ( 'NONE',  ( 173.7719257169743800, 55.86904386338088800, 21.74999947845978500 ) ) ;
#10757 = EDGE_CURVE ( 'NONE', #11280, #1451, #80, .T. ) ;
#10758 = CARTESIAN_POINT ( 'NONE',  ( 160.0458980364826700, 56.05953778032213800, 1.999999999999915800 ) ) ;
#10759 = VECTOR ( 'NONE', #2018, 1000.000000000000000 ) ;
#10760 = AXIS2_PLACEMENT_3D ( 'NONE', #4771, #1071, #9475 ) ;
#10761 = VECTOR ( 'NONE', #7503, 1000.000000000000000 ) ;
#10762 = EDGE_CURVE ( 'NONE', #11877, #2523, #2795, .T. ) ;
#10763 = VECTOR ( 'NONE', #11639, 1000.000000000000000 ) ;
#10764 = ORIENTED_EDGE ( 'NONE', *, *, #6811, .F. ) ;
#10765 = CARTESIAN_POINT ( 'NONE',  ( 199.9033806311083200, 43.36904400576364100, 0.7500135331658555100 ) ) ;
#10766 = EDGE_CURVE ( 'NONE', #6415, #1524, #1624, .T. ) ;
#10767 = LINE ( 'NONE', #6132, #11481 ) ;
#10768 = AXIS2_PLACEMENT_3D ( 'NONE', #1232, #4856, #8627 ) ;
#10769 = EDGE_LOOP ( 'NONE', ( #10189, #984, #3814, #4925 ) ) ;
#10770 = CIRCLE ( 'NONE', #1176, 5.500003774852074500 ) ;
#10771 = CARTESIAN_POINT ( 'NONE',  ( 170.0719272366144100, 45.86904386338088800, 4.199999833303989400 ) ) ;
#10772 = DIRECTION ( 'NONE',  ( -0.8660254037844389300, -0.4999999999999997800, 1.060575238724907400E-016 ) ) ;
#10773 = CIRCLE ( 'NONE', #3207, 1.999999999999974000 ) ;
#10774 = VERTEX_POINT ( 'NONE', #1182 ) ;
#10775 = DIRECTION ( 'NONE',  ( 0.0000000000000000000, 1.000000000000000000, 0.0000000000000000000 ) ) ;
#10776 = AXIS2_PLACEMENT_3D ( 'NONE', #11122, #11851, #7279 ) ;
#10777 = PLANE ( 'NONE',  #7878 ) ;
#10778 = CYLINDRICAL_SURFACE ( 'NONE', #265, 1.000000000000000900 ) ;
#10779 = DIRECTION ( 'NONE',  ( 4.440892098500626200E-016, 0.0000000000000000000, -1.000000000000000000 ) ) ;
#10780 = AXIS2_PLACEMENT_3D ( 'NONE', #5651, #6613, #2770 ) ;
#10781 = CARTESIAN_POINT ( 'NONE',  ( 165.1116716791299600, 40.86904386338089500, 21.74999947845978500 ) ) ;
#10783 = ADVANCED_FACE ( 'NONE', ( #2372, #7696 ), #7622, .T. ) ;
#10782 = CARTESIAN_POINT ( 'NONE',  ( 166.5219257938588300, 29.84757416903766700, 22.19999878099088200 ) ) ;
#10784 = ORIENTED_EDGE ( 'NONE', *, *, #7746, .T. ) ;
#10785 = CIRCLE ( 'NONE', #427, 16.00000028186515500 ) ;
#10786 = DIRECTION ( 'NONE',  ( 0.0000000000000000000, 0.0000000000000000000, -1.000000000000000000 ) ) ;
#10787 = DIRECTION ( 'NONE',  ( 0.0000000000000000000, 0.0000000000000000000, 1.000000000000000000 ) ) ;
#10788 = CARTESIAN_POINT ( 'NONE',  ( 163.1719257939270700, 61.89051384249005800, 21.54999878108492000 ) ) ;
#10789 = DIRECTION ( 'NONE',  ( 4.440892098500626200E-016, 0.0000000000000000000, -1.000000000000000000 ) ) ;
#10790 = DIRECTION ( 'NONE',  ( -8.157786440681345800E-032, -4.440892098500626200E-016, -1.000000000000000000 ) ) ;
#10791 = PLANE ( 'NONE',  #5869 ) ;
#10792 = ORIENTED_EDGE ( 'NONE', *, *, #4849, .T. ) ;
#10793 = CIRCLE ( 'NONE', #2877, 1.750000000000001600 ) ;
#10794 = DIRECTION ( 'NONE',  ( 1.586033448167061900E-014, 1.000000000000000000, 0.0000000000000000000 ) ) ;
#10795 = CARTESIAN_POINT ( 'NONE',  ( 180.2914770650169800, 51.82684968601711300, 21.99999947845893200 ) ) ;
#10796 = ADVANCED_FACE ( 'NONE', ( #6419 ), #4566, .F. ) ;
#10797 = ORIENTED_EDGE ( 'NONE', *, *, #5611, .T. ) ;
#10798 = DIRECTION ( 'NONE',  ( -1.000000000000000000, 0.0000000000000000000, -4.448008917622316300E-016 ) ) ;
#10799 = ORIENTED_EDGE ( 'NONE', *, *, #10953, .F. ) ;
#10800 = ORIENTED_EDGE ( 'NONE', *, *, #10541, .T. ) ;
#10801 = DIRECTION ( 'NONE',  ( 0.5000000000000015500, -0.8660254037844377100, 0.0000000000000000000 ) ) ;
#10802 = EDGE_CURVE ( 'NONE', #656, #8952, #6265, .T. ) ;
#10803 = CARTESIAN_POINT ( 'NONE',  ( 173.7719257169743800, 45.86904400576364800, 5.499999311752645800 ) ) ;
#10804 = DIRECTION ( 'NONE',  ( -1.000000000000000000, 0.0000000000000000000, -4.440892098500626200E-016 ) ) ;
#10805 = ORIENTED_EDGE ( 'NONE', *, *, #5008, .F. ) ;
#10806 = VECTOR ( 'NONE', #5179, 1000.000000000000000 ) ;
#10807 = CARTESIAN_POINT ( 'NONE',  ( 183.7875378213373700, 36.85343190140081800, 3.000013011975194700 ) ) ;
#10808 = CARTESIAN_POINT ( 'NONE',  ( 183.0219256400218600, 60.54051384249030600, 56.79194912331138300 ) ) ;
#10809 = EDGE_CURVE ( 'NONE', #6229, #3668, #935, .T. ) ;
#10810 = ORIENTED_EDGE ( 'NONE', *, *, #10586, .F. ) ;
#10811 = ORIENTED_EDGE ( 'NONE', *, *, #11040, .T. ) ;
#10812 = AXIS2_PLACEMENT_3D ( 'NONE', #8556, #4903, #1963 ) ;
#10813 = ORIENTED_EDGE ( 'NONE', *, *, #5223, .F. ) ;
#10814 = EDGE_CURVE ( 'NONE', #7930, #5866, #7398, .T. ) ;
#10815 = DIRECTION ( 'NONE',  ( -1.000000000000000000, 0.0000000000000000000, -4.336808689942013800E-016 ) ) ;
#10816 = CARTESIAN_POINT ( 'NONE',  ( 170.7719257169748300, 52.51494189713109500, 23.49999947845893200 ) ) ;
#10817 = LINE ( 'NONE', #7508, #3200 ) ;
#10818 = DIRECTION ( 'NONE',  ( 0.0000000000000000000, 1.000000000000000000, 0.0000000000000000000 ) ) ;
#10819 = CARTESIAN_POINT ( 'NONE',  ( 164.5219257939272900, 31.19757416903766500, 19.49999999999988600 ) ) ;
#10820 = EDGE_LOOP ( 'NONE', ( #10569, #2379, #1355, #2341, #1443 ) ) ;
#10821 = EDGE_CURVE ( 'NONE', #263, #10565, #11580, .T. ) ;
#10822 = AXIS2_PLACEMENT_3D ( 'NONE', #9852, #3546, #5415 ) ;
#10823 = LINE ( 'NONE', #7119, #11113 ) ;
#10824 = EDGE_CURVE ( 'NONE', #3217, #5841, #6995, .T. ) ;
#10825 = CARTESIAN_POINT ( 'NONE',  ( 182.4321797548188000, 40.86904386338088800, 19.99999947846018200 ) ) ;
#10826 = EDGE_CURVE ( 'NONE', #6538, #2399, #6834, .T. ) ;
#10827 = CARTESIAN_POINT ( 'NONE',  ( 162.9956455047893400, 30.72880276289894400, 1.999999999999910300 ) ) ;
#10828 = DIRECTION ( 'NONE',  ( 0.0000000000000000000, 0.0000000000000000000, -1.000000000000000000 ) ) ;
#10829 = AXIS2_PLACEMENT_3D ( 'NONE', #176, #4814, #4779 ) ;
#10830 = CARTESIAN_POINT ( 'NONE',  ( 173.7719257169743800, 45.86904386338088800, 4.500000036235206800 ) ) ;
#10831 = ORIENTED_EDGE ( 'NONE', *, *, #4212, .T. ) ;
#10832 = ORIENTED_EDGE ( 'NONE', *, *, #4912, .T. ) ;
#10833 = ORIENTED_EDGE ( 'NONE', *, *, #7142, .F. ) ;
#10834 = CARTESIAN_POINT ( 'NONE',  ( 193.3678436374728400, 49.36904400576366900, 1.999999999999915000 ) ) ;
#10835 = DIRECTION ( 'NONE',  ( -2.040851150607881900E-016, -9.183830177735469000E-015, 1.000000000000000000 ) ) ;
#10836 = CYLINDRICAL_SURFACE ( 'NONE', #3942, 0.7500000000000006700 ) ;
#10837 = VERTEX_POINT ( 'NONE', #6004 ) ;
#10838 = DIRECTION ( 'NONE',  ( -1.000000000000000000, 0.0000000000000000000, -5.421010862427554700E-016 ) ) ;
#10839 = ADVANCED_FACE ( 'NONE', ( #8972 ), #9851, .F. ) ;
#10840 = AXIS2_PLACEMENT_3D ( 'NONE', #11312, #9538, #4874 ) ;
#10841 = VERTEX_POINT ( 'NONE', #8699 ) ;
#10842 = ORIENTED_EDGE ( 'NONE', *, *, #453, .T. ) ;
#10843 = CARTESIAN_POINT ( 'NONE',  ( 173.7719257169747200, 45.86904400576391100, 22.49999878108509000 ) ) ;
#10844 = EDGE_LOOP ( 'NONE', ( #9219, #8529 ) ) ;
#10845 = EDGE_LOOP ( 'NONE', ( #10813, #10281, #3406, #7729, #9156, #10277 ) ) ;
#10846 = DIRECTION ( 'NONE',  ( 0.0000000000000000000, 1.000000000000000000, 0.0000000000000000000 ) ) ;
#10847 = ORIENTED_EDGE ( 'NONE', *, *, #11075, .F. ) ;
#10848 = AXIS2_PLACEMENT_3D ( 'NONE', #2141, #1222, #6793 ) ;
#10849 = FACE_OUTER_BOUND ( 'NONE', #2059, .T. ) ;
#10850 = PLANE ( 'NONE',  #6085 ) ;
#10851 = DIRECTION ( 'NONE',  ( -1.000000000000000000, 0.0000000000000000000, 0.0000000000000000000 ) ) ;
#10852 = LINE ( 'NONE', #10014, #4705 ) ;
#10853 = CARTESIAN_POINT ( 'NONE',  ( 156.5395028632320000, 34.76527975095758900, 16.63263595964324900 ) ) ;
#10854 = ORIENTED_EDGE ( 'NONE', *, *, #7512, .T. ) ;
#10855 = CARTESIAN_POINT ( 'NONE',  ( 161.3975570462096700, 33.49467533499925800, 3.000013011975194200 ) ) ;
#10856 = ORIENTED_EDGE ( 'NONE', *, *, #11356, .F. ) ;
#10857 = CARTESIAN_POINT ( 'NONE',  ( 183.0219256400218600, 63.24051384249028700, 22.49999878108507900 ) ) ;
#10858 = VERTEX_POINT ( 'NONE', #4162 ) ;
#10859 = ADVANCED_FACE ( 'NONE', ( #9125 ), #8544, .F. ) ;
#10860 = ORIENTED_EDGE ( 'NONE', *, *, #9132, .F. ) ;
#10861 = DIRECTION ( 'NONE',  ( -4.440892098500625700E-016, 1.224646799147353500E-016, 1.000000000000000000 ) ) ;
#10862 = LINE ( 'NONE', #8868, #6563 ) ;
#10863 = EDGE_LOOP ( 'NONE', ( #6643, #8138, #6347, #517 ) ) ;
#10864 = CARTESIAN_POINT ( 'NONE',  ( 183.9624194915339200, 59.59507168625548000, 1.999999999999916700 ) ) ;
#10865 = CARTESIAN_POINT ( 'NONE',  ( 183.4321797548180700, 40.86904386338088800, 21.74999947845978500 ) ) ;
#10866 = VECTOR ( 'NONE', #7733, 1000.000000000000000 ) ;
#10867 = DIRECTION ( 'NONE',  ( -4.440892098500626200E-016, -0.0000000000000000000, 1.000000000000000000 ) ) ;
#10868 = AXIS2_PLACEMENT_3D ( 'NONE', #895, #3690, #8203 ) ;
#10869 = DIRECTION ( 'NONE',  ( -0.0000000000000000000, -0.0000000000000000000, 1.000000000000000000 ) ) ;
#10870 = ORIENTED_EDGE ( 'NONE', *, *, #4380, .T. ) ;
#10871 = DIRECTION ( 'NONE',  ( 3.700743415417185100E-014, -1.000000000000000000, 0.0000000000000000000 ) ) ;
#10872 = ORIENTED_EDGE ( 'NONE', *, *, #435, .T. ) ;
#10873 = CARTESIAN_POINT ( 'NONE',  ( 157.7719254351096100, 45.86904400576391100, 21.49999895691860300 ) ) ;
#10874 = DIRECTION ( 'NONE',  ( -0.0000000000000000000, -0.0000000000000000000, -1.000000000000000000 ) ) ;
#10875 = CIRCLE ( 'NONE', #4484, 16.50000028186585200 ) ;
#10876 = VECTOR ( 'NONE', #5487, 1000.000000000000000 ) ;
#10877 = CARTESIAN_POINT ( 'NONE',  ( 188.2719267945538200, 45.86904400576364800, 81.17012103714566300 ) ) ;
#10878 = CARTESIAN_POINT ( 'NONE',  ( 185.1462943877393700, 58.24341267652847200, 3.000013011975194200 ) ) ;
#10879 = CARTESIAN_POINT ( 'NONE',  ( 164.5219257939272900, 29.84757416903766700, 22.19999878093403800 ) ) ;
#10880 = ORIENTED_EDGE ( 'NONE', *, *, #10449, .F. ) ;
#10881 = ORIENTED_EDGE ( 'NONE', *, *, #1863, .T. ) ;
#10882 = DIRECTION ( 'NONE',  ( 0.0000000000000000000, -1.000000000000000000, 0.0000000000000000000 ) ) ;
#10883 = LINE ( 'NONE', #3088, #7429 ) ;
#10884 = CONICAL_SURFACE ( 'NONE', #4936, 21.50000344685135200, 0.7853981633974742600 ) ;
#10885 = ORIENTED_EDGE ( 'NONE', *, *, #4457, .F. ) ;
#10886 = AXIS2_PLACEMENT_3D ( 'NONE', #6906, #2295, #9737 ) ;
#10887 = DIRECTION ( 'NONE',  ( 8.157786440681345800E-032, 4.440892098500626200E-016, 1.000000000000000000 ) ) ;
#10888 = LINE ( 'NONE', #1936, #1247 ) ;
#10889 = EDGE_CURVE ( 'NONE', #8967, #7903, #5846, .T. ) ;
#10890 = CARTESIAN_POINT ( 'NONE',  ( 175.4953507211965000, 40.17286345020775700, 4.200000000015375400 ) ) ;
#10891 = ORIENTED_EDGE ( 'NONE', *, *, #1480, .T. ) ;
#10892 = ORIENTED_EDGE ( 'NONE', *, *, #3336, .T. ) ;
#10893 = CARTESIAN_POINT ( 'NONE',  ( 167.2934826042306000, 35.85506698708735500, 2.698320608890552300E-014 ) ) ;
#10894 = EDGE_LOOP ( 'NONE', ( #9009, #6164, #628, #3865 ) ) ;
#10895 = AXIS2_PLACEMENT_3D ( 'NONE', #10532, #9553, #2277 ) ;
#10896 = CYLINDRICAL_SURFACE ( 'NONE', #7180, 21.49999905524600100 ) ;
#10897 = DIRECTION ( 'NONE',  ( -4.440892098500625700E-016, 1.224646799147353500E-016, 1.000000000000000000 ) ) ;
#10898 = CYLINDRICAL_SURFACE ( 'NONE', #2668, 14.19999999999982300 ) ;
#10899 = EDGE_CURVE ( 'NONE', #1354, #7320, #3815, .T. ) ;
#10900 = FACE_OUTER_BOUND ( 'NONE', #6993, .T. ) ;
#10901 = DIRECTION ( 'NONE',  ( 3.700743415417185100E-014, -1.000000000000000000, 0.0000000000000000000 ) ) ;
#10902 = ORIENTED_EDGE ( 'NONE', *, *, #1177, .T. ) ;
#10903 = DIRECTION ( 'NONE',  ( 0.0000000000000000000, 1.000000000000000000, 0.0000000000000000000 ) ) ;
#10904 = FACE_BOUND ( 'NONE', #2264, .T. ) ;
#10905 = EDGE_CURVE ( 'NONE', #8767, #5103, #3977, .T. ) ;
#10906 = EDGE_CURVE ( 'NONE', #8149, #4799, #5270, .T. ) ;
#10907 = CARTESIAN_POINT ( 'NONE',  ( 182.4321797548188000, 41.66904386338090700, 19.99999947846017900 ) ) ;
#10908 = CIRCLE ( 'NONE', #5294, 7.000003774852298300 ) ;
#10909 = ORIENTED_EDGE ( 'NONE', *, *, #189, .F. ) ;
#10910 = CARTESIAN_POINT ( 'NONE',  ( 170.0788721364986300, 51.21800233909667800, 4.199999999999904300 ) ) ;
#10912 = ADVANCED_FACE ( 'NONE', ( #9555 ), #9259, .T. ) ;
#10911 = DIRECTION ( 'NONE',  ( 4.440892098500626200E-016, 0.0000000000000000000, -1.000000000000000000 ) ) ;
#10913 = DIRECTION ( 'NONE',  ( 0.0000000000000000000, 0.0000000000000000000, -1.000000000000000000 ) ) ;
#10914 = AXIS2_PLACEMENT_3D ( 'NONE', #1228, #1157, #210 ) ;
#10915 = FACE_OUTER_BOUND ( 'NONE', #8582, .T. ) ;
#10916 = DIRECTION ( 'NONE',  ( -4.078893220340672900E-032, -2.220446049250313100E-016, -1.000000000000000000 ) ) ;
#10917 = FACE_OUTER_BOUND ( 'NONE', #3861, .T. ) ;
#10918 = CYLINDRICAL_SURFACE ( 'NONE', #7509, 5.500003774852074500 ) ;
#10919 = CARTESIAN_POINT ( 'NONE',  ( 163.9926420507480900, 62.73959853563193400, 2.260096871564383600E-014 ) ) ;
#10920 = ORIENTED_EDGE ( 'NONE', *, *, #4695, .F. ) ;
#10921 = FACE_OUTER_BOUND ( 'NONE', #11849, .T. ) ;
#10922 = DIRECTION ( 'NONE',  ( 0.0000000000000000000, 1.224646799147353200E-016, 1.000000000000000000 ) ) ;
#10923 = EDGE_CURVE ( 'NONE', #558, #4614, #6703, .T. ) ;
#10924 = CYLINDRICAL_SURFACE ( 'NONE', #10812, 2.000000000000001800 ) ;
#10925 = AXIS2_PLACEMENT_3D ( 'NONE', #5560, #2835, #3811 ) ;
#10926 = EDGE_CURVE ( 'NONE', #8253, #8487, #1352, .T. ) ;
#10927 = DIRECTION ( 'NONE',  ( 4.440892098500625700E-016, -1.224646799147353500E-016, -1.000000000000000000 ) ) ;
#10928 = CIRCLE ( 'NONE', #7910, 2.000000000000029300 ) ;
#10929 = ADVANCED_FACE ( 'NONE', ( #10849 ), #1776, .T. ) ;
#10930 = AXIS2_PLACEMENT_3D ( 'NONE', #9383, #7496, #11167 ) ;
#10931 = ORIENTED_EDGE ( 'NONE', *, *, #2638, .F. ) ;
#10932 = LINE ( 'NONE', #7730, #3604 ) ;
#10933 = DIRECTION ( 'NONE',  ( 4.440892098500626200E-016, 0.0000000000000000000, -1.000000000000000000 ) ) ;
#10934 = AXIS2_PLACEMENT_3D ( 'NONE', #7633, #4127, #7764 ) ;
#10935 = DIRECTION ( 'NONE',  ( -1.000000000000000000, -1.734723475976805500E-014, 0.0000000000000000000 ) ) ;
#10936 = DIRECTION ( 'NONE',  ( 2.220446049250312800E-016, -1.224646799147353200E-016, -1.000000000000000000 ) ) ;
#10937 = ORIENTED_EDGE ( 'NONE', *, *, #8875, .T. ) ;
#10938 = FACE_OUTER_BOUND ( 'NONE', #10863, .T. ) ;
#10939 = DIRECTION ( 'NONE',  ( -1.000000000000000000, -1.387778780781463700E-014, -4.440892098500626200E-016 ) ) ;
#10940 = ORIENTED_EDGE ( 'NONE', *, *, #2890, .F. ) ;
#10941 = DIRECTION ( 'NONE',  ( -1.000000000000000000, 0.0000000000000000000, -4.336808689941954100E-016 ) ) ;
#10942 = CARTESIAN_POINT ( 'NONE',  ( 168.1808296183259300, 37.57810637624008600, 18.99999947845893200 ) ) ;
#10943 = CARTESIAN_POINT ( 'NONE',  ( 189.0689853496277200, 43.36904400576364100, 1.750013533165798700 ) ) ;
#10944 = ORIENTED_EDGE ( 'NONE', *, *, #11443, .F. ) ;
#10945 = ORIENTED_EDGE ( 'NONE', *, *, #3442, .T. ) ;
#10946 = ORIENTED_EDGE ( 'NONE', *, *, #6737, .T. ) ;
#10947 = CIRCLE ( 'NONE', #642, 0.7500000000000006700 ) ;
#10948 = CARTESIAN_POINT ( 'NONE',  ( 173.7719257169747200, 45.86904400576418100, 20.49999878108514700 ) ) ;
#10949 = DIRECTION ( 'NONE',  ( -4.440892098500626200E-016, -0.0000000000000000000, 1.000000000000000000 ) ) ;
#10950 = VERTEX_POINT ( 'NONE', #4074 ) ;
#10951 = ORIENTED_EDGE ( 'NONE', *, *, #4786, .T. ) ;
#10952 = DIRECTION ( 'NONE',  ( 0.0000000000000000000, 1.000000000000000000, -5.204170673763591900E-016 ) ) ;
#10953 = EDGE_CURVE ( 'NONE', #9432, #9885, #11006, .T. ) ;
#10954 = EDGE_LOOP ( 'NONE', ( #10262, #1929 ) ) ;
#10955 = EDGE_LOOP ( 'NONE', ( #1519, #4115, #7145, #10115 ) ) ;
#10956 = DIRECTION ( 'NONE',  ( -1.000000000000000000, 0.0000000000000000000, -2.220446049250313100E-016 ) ) ;
#10957 = DIRECTION ( 'NONE',  ( 0.0000000000000000000, 0.0000000000000000000, -1.000000000000000000 ) ) ;
#10958 = ORIENTED_EDGE ( 'NONE', *, *, #10130, .F. ) ;
#10959 = FACE_OUTER_BOUND ( 'NONE', #6947, .T. ) ;
#10960 = AXIS2_PLACEMENT_3D ( 'NONE', #5532, #45, #9233 ) ;
#10961 = CARTESIAN_POINT ( 'NONE',  ( 164.9956455047893400, 30.72880276289894400, 2.905661822261151900E-014 ) ) ;
#10962 = ADVANCED_FACE ( 'NONE', ( #6554 ), #4123, .F. ) ;
#10963 = AXIS2_PLACEMENT_3D ( 'NONE', #8655, #2311, #6003 ) ;
#10964 = ORIENTED_EDGE ( 'NONE', *, *, #523, .F. ) ;
#10965 = DIRECTION ( 'NONE',  ( -1.000000000000000000, 0.0000000000000000000, -4.440892098500625200E-016 ) ) ;
#10966 = DIRECTION ( 'NONE',  ( 4.440892098500625700E-016, -1.224646799147353500E-016, -1.000000000000000000 ) ) ;
#10967 = CARTESIAN_POINT ( 'NONE',  ( 178.6013034760580600, 38.87425233909687000, 2.199999311752465200 ) ) ;
#10968 = CIRCLE ( 'NONE', #4833, 0.8000000000000020400 ) ;
#10969 = DIRECTION ( 'NONE',  ( -1.000000000000000000, 0.0000000000000000000, -2.220446049250313100E-016 ) ) ;
#10970 = EDGE_CURVE ( 'NONE', #11563, #8377, #4982, .T. ) ;
#10971 = CARTESIAN_POINT ( 'NONE',  ( 164.5219257939270700, 60.54051384249007100, 19.49999999999988600 ) ) ;
#10972 = DIRECTION ( 'NONE',  ( 4.440892098500626200E-016, 0.0000000000000000000, -1.000000000000000000 ) ) ;
#10973 = AXIS2_PLACEMENT_3D ( 'NONE', #8127, #11034, #9178 ) ;
#10974 = ORIENTED_EDGE ( 'NONE', *, *, #4151, .F. ) ;
#10975 = AXIS2_PLACEMENT_3D ( 'NONE', #2921, #7495, #5759 ) ;
#10976 = EDGE_LOOP ( 'NONE', ( #8211, #10940, #6730, #2923 ) ) ;
#10977 = DIRECTION ( 'NONE',  ( 8.157786440681345800E-032, 4.440892098500626200E-016, 1.000000000000000000 ) ) ;
#10978 = FACE_OUTER_BOUND ( 'NONE', #3370, .T. ) ;
#10979 = ADVANCED_FACE ( 'NONE', ( #369 ), #11289, .F. ) ;
#10980 = ORIENTED_EDGE ( 'NONE', *, *, #3754, .T. ) ;
#10981 = CARTESIAN_POINT ( 'NONE',  ( 178.4953732043113900, 29.99089738282915000, 22.49999878108514300 ) ) ;
#10982 = CARTESIAN_POINT ( 'NONE',  ( 173.7719257169747200, 45.86904400576391100, 21.49999895691860300 ) ) ;
#10983 = EDGE_CURVE ( 'NONE', #6581, #1506, #2212, .T. ) ;
#10984 = VERTEX_POINT ( 'NONE', #8896 ) ;
#10985 = AXIS2_PLACEMENT_3D ( 'NONE', #3889, #10381, #11379 ) ;
#10986 = ORIENTED_EDGE ( 'NONE', *, *, #8805, .F. ) ;
#10987 = ORIENTED_EDGE ( 'NONE', *, *, #7073, .F. ) ;
#10988 = EDGE_CURVE ( 'NONE', #2769, #1361, #2501, .T. ) ;
#10989 = DIRECTION ( 'NONE',  ( -1.094764425253763300E-047, 4.930380657631323800E-032, 1.000000000000000000 ) ) ;
#10990 = EDGE_LOOP ( 'NONE', ( #2411, #2944, #4550, #6041, #6111, #271, #782, #1207, #3812, #882, #2457, #4933, #8361 ) ) ;
#10991 = EDGE_CURVE ( 'NONE', #5508, #9282, #8392, .T. ) ;
#10992 = LINE ( 'NONE', #11627, #6982 ) ;
#10993 = CARTESIAN_POINT ( 'NONE',  ( 163.2719272811694100, 45.86904400576364800, 2.818925648462311500E-014 ) ) ;
#10994 = AXIS2_PLACEMENT_3D ( 'NONE', #9118, #4495, #2729 ) ;
#10995 = CARTESIAN_POINT ( 'NONE',  ( 164.1116716791307200, 40.86904386338089500, 23.49999947845933700 ) ) ;
#10996 = CIRCLE ( 'NONE', #11732, 2.499999999999697100 ) ;
#10997 = DIRECTION ( 'NONE',  ( -1.000000000000000000, 0.0000000000000000000, 0.0000000000000000000 ) ) ;
#10998 = VERTEX_POINT ( 'NONE', #1427 ) ;
#10999 = VERTEX_POINT ( 'NONE', #670 ) ;
#11000 = CARTESIAN_POINT ( 'NONE',  ( 172.9719257169745400, 51.86904400577365200, 5.499999311752184800 ) ) ;
#11001 = DIRECTION ( 'NONE',  ( -0.0000000000000000000, -0.0000000000000000000, 1.000000000000000000 ) ) ;
#11002 = CARTESIAN_POINT ( 'NONE',  ( 197.9033806311083200, 42.86904400576364100, 0.7500135331658556200 ) ) ;
#11003 = ORIENTED_EDGE ( 'NONE', *, *, #2810, .T. ) ;
#11004 = VERTEX_POINT ( 'NONE', #10643 ) ;
#11005 = EDGE_LOOP ( 'NONE', ( #5346, #7862, #4946, #5310 ) ) ;
#11006 = CIRCLE ( 'NONE', #2300, 0.7500000000000006700 ) ;
#11007 = CARTESIAN_POINT ( 'NONE',  ( 168.7076961666032600, 57.29723458681255700, 1.999999999999913800 ) ) ;
#11008 = EDGE_LOOP ( 'NONE', ( #6883, #5944 ) ) ;
#11009 = AXIS2_PLACEMENT_3D ( 'NONE', #9267, #3786, #4647 ) ;
#11010 = FACE_OUTER_BOUND ( 'NONE', #4546, .T. ) ;
#11011 = DIRECTION ( 'NONE',  ( 4.078893220340672900E-032, 2.220446049250313100E-016, 1.000000000000000000 ) ) ;
#11012 = DIRECTION ( 'NONE',  ( -8.157786440681345800E-032, -4.440892098500626200E-016, -1.000000000000000000 ) ) ;
#11013 = AXIS2_PLACEMENT_3D ( 'NONE', #8523, #10391, #4907 ) ;
#11014 = VERTEX_POINT ( 'NONE', #4283 ) ;
#11015 = VERTEX_POINT ( 'NONE', #3407 ) ;
#11016 = DIRECTION ( 'NONE',  ( -8.157786440681345800E-032, -4.440892098500626200E-016, -1.000000000000000000 ) ) ;
#11017 = DIRECTION ( 'NONE',  ( 4.440892098500626200E-016, 0.0000000000000000000, -1.000000000000000000 ) ) ;
#11018 = CIRCLE ( 'NONE', #3545, 1.749999386690445700 ) ;
#11019 = DIRECTION ( 'NONE',  ( 8.157786440681345800E-032, 4.440892098500626200E-016, 1.000000000000000000 ) ) ;
#11020 = FACE_OUTER_BOUND ( 'NONE', #7970, .T. ) ;
#11021 = CARTESIAN_POINT ( 'NONE',  ( 156.1437797073500300, 41.14559651842632300, 22.49999878108514300 ) ) ;
#11022 = DIRECTION ( 'NONE',  ( 4.440892098500626200E-016, 0.0000000000000000000, -1.000000000000000000 ) ) ;
#11023 = ORIENTED_EDGE ( 'NONE', *, *, #10202, .T. ) ;
#11024 = ADVANCED_FACE ( 'NONE', ( #3685 ), #1568, .T. ) ;
#11025 = ORIENTED_EDGE ( 'NONE', *, *, #6737, .F. ) ;
#11026 = DIRECTION ( 'NONE',  ( -1.000000000000000000, 0.0000000000000000000, 0.0000000000000000000 ) ) ;
#11027 = CIRCLE ( 'NONE', #1812, 7.000003774852298300 ) ;
#11028 = DIRECTION ( 'NONE',  ( 0.0000000000000000000, 0.0000000000000000000, -1.000000000000000000 ) ) ;
#11029 = ORIENTED_EDGE ( 'NONE', *, *, #10670, .T. ) ;
#11030 = VECTOR ( 'NONE', #8578, 1000.000000000000000 ) ;
#11031 = DIRECTION ( 'NONE',  ( -4.440892098500626200E-016, -0.0000000000000000000, 1.000000000000000000 ) ) ;
#11032 = ORIENTED_EDGE ( 'NONE', *, *, #2638, .T. ) ;
#11033 = ORIENTED_EDGE ( 'NONE', *, *, #897, .T. ) ;
#11034 = DIRECTION ( 'NONE',  ( -2.220446049250312800E-016, 1.224646799147353200E-016, 1.000000000000000000 ) ) ;
#11035 = VERTEX_POINT ( 'NONE', #7108 ) ;
#11036 = DIRECTION ( 'NONE',  ( 0.0000000000000000000, -0.0000000000000000000, 1.000000000000000000 ) ) ;
#11037 = CARTESIAN_POINT ( 'NONE',  ( 181.0274422451629200, 45.14417105785893400, 18.99999947845892800 ) ) ;
#11038 = LINE ( 'NONE', #5890, #11746 ) ;
#11039 = CIRCLE ( 'NONE', #10684, 1.000000000000000900 ) ;
#11040 = EDGE_CURVE ( 'NONE', #5652, #6738, #10710, .T. ) ;
#11041 = ORIENTED_EDGE ( 'NONE', *, *, #4244, .F. ) ;
#11042 = CIRCLE ( 'NONE', #10545, 1.999999999999946300 ) ;
#11043 = ADVANCED_FACE ( 'NONE', ( #7976 ), #3387, .F. ) ;
#11044 = VECTOR ( 'NONE', #6901, 1000.000000000000000 ) ;
#11045 = DIRECTION ( 'NONE',  ( -1.000000000000000000, 0.0000000000000000000, -4.336808689942073900E-016 ) ) ;
#11046 = ORIENTED_EDGE ( 'NONE', *, *, #4969, .F. ) ;
#11047 = PLANE ( 'NONE',  #3730 ) ;
#11048 = EDGE_LOOP ( 'NONE', ( #3395, #1645 ) ) ;
#11049 = CARTESIAN_POINT ( 'NONE',  ( 181.8341815263929100, 49.86904400576365500, 2.199999311752462100 ) ) ;
#11050 = FACE_OUTER_BOUND ( 'NONE', #6750, .T. ) ;
#11051 = EDGE_CURVE ( 'NONE', #3007, #9179, #4278, .T. ) ;
#11052 = ORIENTED_EDGE ( 'NONE', *, *, #3502, .F. ) ;
#11053 = CARTESIAN_POINT ( 'NONE',  ( 190.2719267945538200, 46.61904400576364800, 0.7500135331658555100 ) ) ;
#11054 = LINE ( 'NONE', #11819, #8752 ) ;
#11055 = EDGE_LOOP ( 'NONE', ( #3670, #11582 ) ) ;
#11056 = DIRECTION ( 'NONE',  ( -1.000000000000000000, 4.057416247971343300E-016, 6.123233995736752500E-017 ) ) ;
#11057 = CIRCLE ( 'NONE', #8796, 10.49999843580509700 ) ;
#11058 = CARTESIAN_POINT ( 'NONE',  ( 193.3678436374728200, 41.86904400576364100, 1.999999999999914500 ) ) ;
#11059 = EDGE_CURVE ( 'NONE', #952, #10352, #6846, .T. ) ;
#11060 = DIRECTION ( 'NONE',  ( 4.440892098500625700E-016, -1.224646799147353500E-016, -1.000000000000000000 ) ) ;
#11061 = DIRECTION ( 'NONE',  ( 4.078893220340672900E-032, 2.220446049250313100E-016, 1.000000000000000000 ) ) ;
#11062 = LINE ( 'NONE', #2571, #7901 ) ;
#11063 = EDGE_CURVE ( 'NONE', #9991, #5474, #5565, .T. ) ;
#11064 = DIRECTION ( 'NONE',  ( -0.8660254037844389300, -0.4999999999999997800, 1.060575238724907400E-016 ) ) ;
#11065 = VERTEX_POINT ( 'NONE', #10678 ) ;
#11066 = EDGE_CURVE ( 'NONE', #4977, #7800, #6407, .T. ) ;
#11067 = DIRECTION ( 'NONE',  ( 4.440892098500625700E-016, -1.224646799147353500E-016, -1.000000000000000000 ) ) ;
#11068 = CARTESIAN_POINT ( 'NONE',  ( 172.1568909178620000, 39.04873136338060400, 21.99999947845893200 ) ) ;
#11069 = DIRECTION ( 'NONE',  ( -1.000000000000000000, 1.836970198721029700E-016, -0.0000000000000000000 ) ) ;
#11070 = CARTESIAN_POINT ( 'NONE',  ( 169.5179729960554800, 36.26936414649154700, 1.999999999999915000 ) ) ;
#11071 = FACE_OUTER_BOUND ( 'NONE', #1087, .T. ) ;
#11072 = CARTESIAN_POINT ( 'NONE',  ( 165.1116716791299600, 41.66904386338089900, -19.26262734681628800 ) ) ;
#11073 = CARTESIAN_POINT ( 'NONE',  ( 165.1116716791299600, 41.66904386338090700, 19.99999947846017900 ) ) ;
#11074 = DIRECTION ( 'NONE',  ( -2.220446049250312800E-016, 1.224646799147353200E-016, 1.000000000000000000 ) ) ;
#11075 = EDGE_CURVE ( 'NONE', #2001, #2386, #3521, .T. ) ;
#11076 = AXIS2_PLACEMENT_3D ( 'NONE', #3440, #9861, #2572 ) ;
#11077 = EDGE_LOOP ( 'NONE', ( #10579, #11119, #5068, #11041 ) ) ;
#11078 = CIRCLE ( 'NONE', #9882, 1.000000000000000900 ) ;
#11079 = DIRECTION ( 'NONE',  ( -1.000000000000000000, 0.0000000000000000000, -2.168404783693603700E-016 ) ) ;
#11080 = DIRECTION ( 'NONE',  ( -1.000000000000000000, 0.0000000000000000000, -5.421010862427554700E-016 ) ) ;
#11081 = AXIS2_PLACEMENT_3D ( 'NONE', #1049, #3739, #1922 ) ;
#11082 = CARTESIAN_POINT ( 'NONE',  ( 192.2719255630692900, 45.86904400576411700, 19.49999999999988600 ) ) ;
#11083 = ADVANCED_FACE ( 'NONE', ( #3085, #2490 ), #10791, .F. ) ;
#11084 = CARTESIAN_POINT ( 'NONE',  ( 166.1808296183259300, 37.57810637624008600, 18.99999947845893200 ) ) ;
#11085 = VERTEX_POINT ( 'NONE', #11645 ) ;
#11086 = FACE_OUTER_BOUND ( 'NONE', #3726, .T. ) ;
#11087 = CARTESIAN_POINT ( 'NONE',  ( 179.0274422451629700, 41.68006944272223500, 23.49999947845893200 ) ) ;
#11088 = AXIS2_PLACEMENT_3D ( 'NONE', #6569, #1034, #9647 ) ;
#11089 = CARTESIAN_POINT ( 'NONE',  ( 194.3874579384626300, 41.86904400576364100, 1.999999999999914500 ) ) ;
#11090 = CARTESIAN_POINT ( 'NONE',  ( 173.7719257169744900, 45.86904400576364800, 4.199999999999901600 ) ) ;
#11091 = ORIENTED_EDGE ( 'NONE', *, *, #2178, .T. ) ;
#11092 = DIRECTION ( 'NONE',  ( -1.000000000000000000, 0.0000000000000000000, -4.440892098500626200E-016 ) ) ;
#11093 = ORIENTED_EDGE ( 'NONE', *, *, #8039, .F. ) ;
#11094 = ORIENTED_EDGE ( 'NONE', *, *, #4470, .F. ) ;
#11095 = DIRECTION ( 'NONE',  ( -4.440892098500626200E-016, -0.0000000000000000000, 1.000000000000000000 ) ) ;
#11096 = CARTESIAN_POINT ( 'NONE',  ( 178.9483063745044500, 26.55052839254473800, 22.49999878108514300 ) ) ;
#11097 = ORIENTED_EDGE ( 'NONE', *, *, #380, .T. ) ;
#11098 = CYLINDRICAL_SURFACE ( 'NONE', #5153, 0.8000000000000020400 ) ;
#11099 = ADVANCED_FACE ( 'NONE', ( #2361 ), #3232, .F. ) ;
#11100 = CARTESIAN_POINT ( 'NONE',  ( 173.7719257169744900, 45.86904400576376200, 1.999999999999915000 ) ) ;
#11101 = DIRECTION ( 'NONE',  ( -1.000000000000000000, 8.410780345905018200E-016, 0.0000000000000000000 ) ) ;
#11102 = DIRECTION ( 'NONE',  ( -4.440892098500626200E-016, -0.0000000000000000000, 1.000000000000000000 ) ) ;
#11103 = ORIENTED_EDGE ( 'NONE', *, *, #2574, .F. ) ;
#11104 = ORIENTED_EDGE ( 'NONE', *, *, #10742, .T. ) ;
#11105 = CARTESIAN_POINT ( 'NONE',  ( 176.7719257169750600, 51.63532516071646900, 23.49999947845893200 ) ) ;
#11106 = FACE_OUTER_BOUND ( 'NONE', #11277, .T. ) ;
#11107 = CARTESIAN_POINT ( 'NONE',  ( 174.7719257169744900, 66.34463869875487800, 16.49999967266197100 ) ) ;
#11108 = CARTESIAN_POINT ( 'NONE',  ( 155.2719258708795800, 45.86904400576371200, 19.49999999999992200 ) ) ;
#11109 = EDGE_CURVE ( 'NONE', #4645, #6428, #1057, .T. ) ;
#11110 = VERTEX_POINT ( 'NONE', #6436 ) ;
#11111 = CARTESIAN_POINT ( 'NONE',  ( 190.0689853496277000, 48.36904400576364100, 0.7500135331658663900 ) ) ;
#11112 = AXIS2_PLACEMENT_3D ( 'NONE', #1999, #3932, #1245 ) ;
#11113 = VECTOR ( 'NONE', #6281, 1000.000000000000000 ) ;
#11114 = AXIS2_PLACEMENT_3D ( 'NONE', #4080, #9515, #10534 ) ;
#11115 = CARTESIAN_POINT ( 'NONE',  ( 173.7719257169747200, 45.86904400576391100, 21.99999878108508300 ) ) ;
#11116 = AXIS2_PLACEMENT_3D ( 'NONE', #11365, #10493, #11407 ) ;
#11117 = DIRECTION ( 'NONE',  ( 0.0000000000000000000, 1.000000000000000000, 0.0000000000000000000 ) ) ;
#11118 = VERTEX_POINT ( 'NONE', #8604 ) ;
#11119 = ORIENTED_EDGE ( 'NONE', *, *, #6913, .T. ) ;
#11120 = CARTESIAN_POINT ( 'NONE',  ( 177.4649792974503600, 40.52008567243016300, 4.199999999999903400 ) ) ;
#11121 = EDGE_CURVE ( 'NONE', #11316, #5406, #4913, .T. ) ;
#11122 = CARTESIAN_POINT ( 'NONE',  ( 188.9121669598396500, 37.09276379357849900, 1.999999999999913400 ) ) ;
#11123 = VERTEX_POINT ( 'NONE', #8391 ) ;
#11124 = FACE_OUTER_BOUND ( 'NONE', #1734, .T. ) ;
#11125 = EDGE_CURVE ( 'NONE', #10096, #8837, #67, .T. ) ;
#11126 = VERTEX_POINT ( 'NONE', #337 ) ;
#11127 = CARTESIAN_POINT ( 'NONE',  ( 181.9140141948297200, 41.19306035803425200, 0.1107421829936852700 ) ) ;
#11128 = EDGE_CURVE ( 'NONE', #8682, #6180, #8817, .T. ) ;
#11129 = VECTOR ( 'NONE', #11646, 1000.000000000000000 ) ;
#11130 = DIRECTION ( 'NONE',  ( 0.0000000000000000000, 0.0000000000000000000, -1.000000000000000000 ) ) ;
#11131 = AXIS2_PLACEMENT_3D ( 'NONE', #9519, #4250, #5927 ) ;
#11132 = EDGE_LOOP ( 'NONE', ( #9805, #8180 ) ) ;
#11133 = DIRECTION ( 'NONE',  ( -0.0000000000000000000, -0.0000000000000000000, -1.000000000000000000 ) ) ;
#11134 = ORIENTED_EDGE ( 'NONE', *, *, #2913, .T. ) ;
#11135 = CARTESIAN_POINT ( 'NONE',  ( 173.7719257169744900, 45.86904400576364800, 1.999999999999919000 ) ) ;
#11136 = VERTEX_POINT ( 'NONE', #1288 ) ;
#11137 = ORIENTED_EDGE ( 'NONE', *, *, #718, .T. ) ;
#11138 = ORIENTED_EDGE ( 'NONE', *, *, #4668, .T. ) ;
#11139 = CARTESIAN_POINT ( 'NONE',  ( 189.2719267945538500, 45.86904400576364800, 3.000012844918298300 ) ) ;
#11140 = DIRECTION ( 'NONE',  ( -1.000000000000000000, 0.0000000000000000000, 0.0000000000000000000 ) ) ;
#11141 = VECTOR ( 'NONE', #3327, 1000.000000000000000 ) ;
#11142 = CARTESIAN_POINT ( 'NONE',  ( 172.8986321055887200, 66.35049691134518900, 15.99509409882597000 ) ) ;
#11144 = ADVANCED_FACE ( 'NONE', ( #9108 ), #8101, .F. ) ;
#11143 = DIRECTION ( 'NONE',  ( 4.440892098500625700E-016, -1.224646799147353500E-016, -1.000000000000000000 ) ) ;
#11145 = CARTESIAN_POINT ( 'NONE',  ( 197.9033806311083200, 43.36904400576364100, 0.7500135331658555100 ) ) ;
#11146 = CIRCLE ( 'NONE', #7097, 1.000000000000000900 ) ;
#11147 = EDGE_CURVE ( 'NONE', #11214, #3664, #2641, .T. ) ;
#11148 = DIRECTION ( 'NONE',  ( 0.0000000000000000000, 1.224646799147353200E-016, 1.000000000000000000 ) ) ;
#11149 = AXIS2_PLACEMENT_3D ( 'NONE', #1585, #9271, #9158 ) ;
#11150 = EDGE_CURVE ( 'NONE', #2015, #4502, #2783, .T. ) ;
#11151 = ORIENTED_EDGE ( 'NONE', *, *, #1400, .T. ) ;
#11152 = EDGE_CURVE ( 'NONE', #9885, #1655, #11854, .T. ) ;
#11153 = ORIENTED_EDGE ( 'NONE', *, *, #6310, .T. ) ;
#11154 = DIRECTION ( 'NONE',  ( 4.440892098500626200E-016, 0.0000000000000000000, -1.000000000000000000 ) ) ;
#11155 = ORIENTED_EDGE ( 'NONE', *, *, #10140, .F. ) ;
#11156 = AXIS2_PLACEMENT_3D ( 'NONE', #1825, #8227, #6487 ) ;
#11157 = CYLINDRICAL_SURFACE ( 'NONE', #8910, 1.000000000000451900 ) ;
#11158 = ORIENTED_EDGE ( 'NONE', *, *, #2708, .T. ) ;
#11159 = LINE ( 'NONE', #2994, #4714 ) ;
#11160 = CARTESIAN_POINT ( 'NONE',  ( 195.2719251264276700, 45.86904400576364800, 19.50000000000002800 ) ) ;
#11161 = ORIENTED_EDGE ( 'NONE', *, *, #4451, .T. ) ;
#11162 = CARTESIAN_POINT ( 'NONE',  ( 173.7719257169743800, 45.86904386338088100, 22.99999947845983400 ) ) ;
#11163 = ORIENTED_EDGE ( 'NONE', *, *, #3442, .F. ) ;
#11164 = AXIS2_PLACEMENT_3D ( 'NONE', #6284, #2561, #2521 ) ;
#11165 = CIRCLE ( 'NONE', #8140, 19.99999905524556400 ) ;
#11166 = DIRECTION ( 'NONE',  ( -1.000000000000000000, 1.836970198721029700E-016, -0.0000000000000000000 ) ) ;
#11167 = DIRECTION ( 'NONE',  ( 0.0000000000000000000, 1.000000000000000000, 0.0000000000000000000 ) ) ;
#11168 = VECTOR ( 'NONE', #6230, 1000.000000000000000 ) ;
#11169 = DIRECTION ( 'NONE',  ( -0.0000000000000000000, -0.0000000000000000000, 1.000000000000000000 ) ) ;
#11170 = VERTEX_POINT ( 'NONE', #5973 ) ;
#11171 = DIRECTION ( 'NONE',  ( -1.000000000000000000, 0.0000000000000000000, 0.0000000000000000000 ) ) ;
#11172 = ORIENTED_EDGE ( 'NONE', *, *, #11509, .F. ) ;
#11173 = CIRCLE ( 'NONE', #8386, 0.9999999999992514900 ) ;
#11174 = CARTESIAN_POINT ( 'NONE',  ( 182.2719257169745500, 43.86904400576364800, 4.199999999999902500 ) ) ;
#11175 = FACE_OUTER_BOUND ( 'NONE', #6657, .T. ) ;
#11176 = EDGE_LOOP ( 'NONE', ( #9970, #3349, #3783, #8193, #1300, #10729 ) ) ;
#11177 = DIRECTION ( 'NONE',  ( -0.0000000000000000000, -0.0000000000000000000, -1.000000000000000000 ) ) ;
#11178 = FACE_OUTER_BOUND ( 'NONE', #2650, .T. ) ;
#11179 = VERTEX_POINT ( 'NONE', #458 ) ;
#11180 = ORIENTED_EDGE ( 'NONE', *, *, #10357, .F. ) ;
#11181 = FACE_OUTER_BOUND ( 'NONE', #8282, .T. ) ;
#11182 = CARTESIAN_POINT ( 'NONE',  ( 176.0356955398196100, 49.75817566741906700, 21.99999947845893200 ) ) ;
#11183 = DIRECTION ( 'NONE',  ( -1.000000000000000000, 0.0000000000000000000, -4.440892098500626200E-016 ) ) ;
#11184 = EDGE_LOOP ( 'NONE', ( #772, #1332, #5557, #3060, #11516, #4693, #614, #11158, #3383 ) ) ;
#11185 = LINE ( 'NONE', #7442, #119 ) ;
#11186 = CIRCLE ( 'NONE', #2037, 0.7500000000000006700 ) ;
#11187 = CIRCLE ( 'NONE', #4249, 1.749999386690445700 ) ;
#11188 = EDGE_LOOP ( 'NONE', ( #10108, #1667, #4260, #5515 ) ) ;
#11189 = FACE_OUTER_BOUND ( 'NONE', #5071, .T. ) ;
#11190 = AXIS2_PLACEMENT_3D ( 'NONE', #10406, #10333, #1277 ) ;
#11191 = DIRECTION ( 'NONE',  ( 2.220446049250313100E-016, 0.0000000000000000000, -1.000000000000000000 ) ) ;
#11192 = FACE_OUTER_BOUND ( 'NONE', #11673, .T. ) ;
#11193 = ORIENTED_EDGE ( 'NONE', *, *, #9216, .T. ) ;
#11194 = CIRCLE ( 'NONE', #1470, 0.5000000000000004400 ) ;
#11195 = DIRECTION ( 'NONE',  ( -5.799354052593597900E-017, -1.004477587019656700E-016, 1.000000000000000000 ) ) ;
#11196 = ORIENTED_EDGE ( 'NONE', *, *, #9360, .T. ) ;
#11197 = CIRCLE ( 'NONE', #2353, 1.749999386690438600 ) ;
#11198 = ORIENTED_EDGE ( 'NONE', *, *, #11571, .T. ) ;
#11199 = LINE ( 'NONE', #10068, #4032 ) ;
#11200 = ADVANCED_FACE ( 'NONE', ( #9403 ), #7115, .F. ) ;
#11201 = EDGE_CURVE ( 'NONE', #10517, #2448, #4267, .T. ) ;
#11202 = FACE_OUTER_BOUND ( 'NONE', #1296, .T. ) ;
#11203 = AXIS2_PLACEMENT_3D ( 'NONE', #11548, #7847, #463 ) ;
#11204 = DIRECTION ( 'NONE',  ( 0.0000000000000000000, 1.224646799147353200E-016, 1.000000000000000000 ) ) ;
#11205 = DIRECTION ( 'NONE',  ( -1.000000000000000000, 0.0000000000000000000, -4.440892098500626200E-016 ) ) ;
#11206 = DIRECTION ( 'NONE',  ( 4.440892098500626200E-016, 0.0000000000000000000, -1.000000000000000000 ) ) ;
#11207 = EDGE_CURVE ( 'NONE', #7747, #5587, #6689, .T. ) ;
#11208 = DIRECTION ( 'NONE',  ( -1.000000000000000000, 1.387779048601386900E-014, 0.0000000000000000000 ) ) ;
#11209 = FACE_OUTER_BOUND ( 'NONE', #5115, .T. ) ;
#11210 = DIRECTION ( 'NONE',  ( 0.0000000000000000000, -1.000000000000000000, 4.930380657631323800E-032 ) ) ;
#11211 = CARTESIAN_POINT ( 'NONE',  ( 178.0258784378933700, 55.46872386503580500, 1.999999999999914100 ) ) ;
#11212 = DIRECTION ( 'NONE',  ( 4.078893220340672900E-032, 2.220446049250313100E-016, 1.000000000000000000 ) ) ;
#11213 = EDGE_CURVE ( 'NONE', #4826, #8665, #3072, .T. ) ;
#11214 = VERTEX_POINT ( 'NONE', #1242 ) ;
#11215 = VECTOR ( 'NONE', #2206, 1000.000000000000000 ) ;
#11216 = AXIS2_PLACEMENT_3D ( 'NONE', #5898, #6771, #2968 ) ;
#11217 = DIRECTION ( 'NONE',  ( 1.000000000000000000, -1.836970198721029700E-016, 0.0000000000000000000 ) ) ;
#11218 = EDGE_CURVE ( 'NONE', #4062, #2160, #1765, .T. ) ;
#11219 = CARTESIAN_POINT ( 'NONE',  ( 173.7719257169744900, 45.86904386338077400, 18.99999947845893200 ) ) ;
#11220 = EDGE_CURVE ( 'NONE', #591, #9821, #7830, .T. ) ;
#11221 = DIRECTION ( 'NONE',  ( 6.983158872362112300E-017, -1.110223024625157000E-016, -1.000000000000000000 ) ) ;
#11222 = DIRECTION ( 'NONE',  ( 0.0000000000000000000, 1.000000000000000000, 0.0000000000000000000 ) ) ;
#11223 = DIRECTION ( 'NONE',  ( -1.000000000000000000, -5.337610701146787800E-015, -4.440892098500626200E-016 ) ) ;
#11224 = AXIS2_PLACEMENT_3D ( 'NONE', #1753, #7330, #6377 ) ;
#11225 = CARTESIAN_POINT ( 'NONE',  ( 166.4388463580031300, 55.36777783770762800, 23.49999947845892800 ) ) ;
#11226 = ORIENTED_EDGE ( 'NONE', *, *, #7225, .F. ) ;
#11227 = CYLINDRICAL_SURFACE ( 'NONE', #1467, 2.000000000000001800 ) ;
#11228 = CARTESIAN_POINT ( 'NONE',  ( 182.2719257169745500, 41.86904400576364800, 4.199999999999903400 ) ) ;
#11229 = ORIENTED_EDGE ( 'NONE', *, *, #11611, .F. ) ;
#11230 = AXIS2_PLACEMENT_3D ( 'NONE', #10382, #6857, #2239 ) ;
#11231 = ORIENTED_EDGE ( 'NONE', *, *, #3911, .F. ) ;
#11232 = EDGE_LOOP ( 'NONE', ( #6092, #7870, #5842, #10233, #1100 ) ) ;
#11233 = CARTESIAN_POINT ( 'NONE',  ( 199.9033806311083200, 43.36904400576364100, 0.7500135331658555100 ) ) ;
#11234 = ORIENTED_EDGE ( 'NONE', *, *, #9272, .F. ) ;
#11235 = FACE_BOUND ( 'NONE', #11008, .T. ) ;
#11236 = AXIS2_PLACEMENT_3D ( 'NONE', #8174, #10789, #3568 ) ;
#11237 = ORIENTED_EDGE ( 'NONE', *, *, #2829, .F. ) ;
#11238 = ORIENTED_EDGE ( 'NONE', *, *, #5996, .T. ) ;
#11239 = EDGE_LOOP ( 'NONE', ( #2271, #4562 ) ) ;
#11240 = DIRECTION ( 'NONE',  ( -4.440892098500625700E-016, 1.224646799147353500E-016, 1.000000000000000000 ) ) ;
#11241 = CARTESIAN_POINT ( 'NONE',  ( 178.0258784378933700, 55.46872386503580500, 2.880508331425342100E-014 ) ) ;
#11242 = ORIENTED_EDGE ( 'NONE', *, *, #3432, .T. ) ;
#11243 = CARTESIAN_POINT ( 'NONE',  ( 173.7719257169744900, 62.36904346994576500, 16.49999967266197100 ) ) ;
#11244 = ORIENTED_EDGE ( 'NONE', *, *, #3426, .F. ) ;
#11245 = LINE ( 'NONE', #749, #1873 ) ;
#11246 = CARTESIAN_POINT ( 'NONE',  ( 162.5219257939957600, 29.84757416903766700, 22.19999878099088200 ) ) ;
#11247 = CARTESIAN_POINT ( 'NONE',  ( 192.8779456889456300, 41.96904400586874600, 1.999999999999914100 ) ) ;
#11248 = DIRECTION ( 'NONE',  ( -1.000000000000000000, 0.0000000000000000000, 0.0000000000000000000 ) ) ;
#11249 = CARTESIAN_POINT ( 'NONE',  ( 190.6424802468220600, 55.64832767197774600, 2.774318473416495800E-014 ) ) ;
#11250 = VERTEX_POINT ( 'NONE', #11386 ) ;
#11251 = CARTESIAN_POINT ( 'NONE',  ( 178.8709722041670300, 50.67786127740836100, 21.99999947845893200 ) ) ;
#11252 = DIRECTION ( 'NONE',  ( 1.000000000000000000, 0.0000000000000000000, -0.0000000000000000000 ) ) ;
#11253 = AXIS2_PLACEMENT_3D ( 'NONE', #8864, #639, #5364 ) ;
#11254 = DIRECTION ( 'NONE',  ( 1.000000000000000000, 0.0000000000000000000, 0.0000000000000000000 ) ) ;
#11255 = CARTESIAN_POINT ( 'NONE',  ( 174.7460560833993700, 66.34595075110424000, 16.24032369926983700 ) ) ;
#11256 = ADVANCED_FACE ( 'NONE', ( #3961 ), #4296, .T. ) ;
#11257 = DIRECTION ( 'NONE',  ( -1.000000000000000000, 0.0000000000000000000, 0.0000000000000000000 ) ) ;
#11258 = CARTESIAN_POINT ( 'NONE',  ( 167.6610262511647700, 53.78465550865308800, 21.99999947845893200 ) ) ;
#11259 = ORIENTED_EDGE ( 'NONE', *, *, #7366, .F. ) ;
#11260 = ORIENTED_EDGE ( 'NONE', *, *, #4313, .T. ) ;
#11261 = DIRECTION ( 'NONE',  ( -1.000000000000000000, 0.0000000000000000000, 0.0000000000000000000 ) ) ;
#11262 = CIRCLE ( 'NONE', #5188, 1.000000000000000900 ) ;
#11263 = DIRECTION ( 'NONE',  ( -4.078893220340672900E-032, -2.220446049250313100E-016, -1.000000000000000000 ) ) ;
#11264 = EDGE_CURVE ( 'NONE', #11765, #9661, #10992, .T. ) ;
#11265 = ORIENTED_EDGE ( 'NONE', *, *, #223, .T. ) ;
#11266 = ORIENTED_EDGE ( 'NONE', *, *, #8331, .T. ) ;
#11267 = DIRECTION ( 'NONE',  ( 0.0000000000000000000, 1.000000000000000000, 0.0000000000000000000 ) ) ;
#11268 = DIRECTION ( 'NONE',  ( 0.7071067811195568300, 0.0000000000000000000, 0.7071067812535381000 ) ) ;
#11269 = AXIS2_PLACEMENT_3D ( 'NONE', #7477, #3893, #3966 ) ;
#11270 = ORIENTED_EDGE ( 'NONE', *, *, #10063, .F. ) ;
#11271 = ORIENTED_EDGE ( 'NONE', *, *, #9493, .T. ) ;
#11272 = EDGE_CURVE ( 'NONE', #6260, #3070, #2053, .T. ) ;
#11273 = ORIENTED_EDGE ( 'NONE', *, *, #9683, .F. ) ;
#11274 = VECTOR ( 'NONE', #3659, 1000.000000000000000 ) ;
#11275 = DIRECTION ( 'NONE',  ( 2.220446049250856900E-016, -2.220446049250313100E-016, -1.000000000000000000 ) ) ;
#11276 = CYLINDRICAL_SURFACE ( 'NONE', #3107, 2.000000000000001800 ) ;
#11277 = EDGE_LOOP ( 'NONE', ( #1165, #250, #4447, #1473 ) ) ;
#11278 = DIRECTION ( 'NONE',  ( 0.0000000000000000000, -1.000000000000000000, 4.930380657631323800E-032 ) ) ;
#11279 = EDGE_CURVE ( 'NONE', #2662, #5360, #6125, .T. ) ;
#11280 = VERTEX_POINT ( 'NONE', #3425 ) ;
#11281 = ORIENTED_EDGE ( 'NONE', *, *, #5519, .F. ) ;
#11282 = ORIENTED_EDGE ( 'NONE', *, *, #9913, .T. ) ;
#11283 = EDGE_CURVE ( 'NONE', #8948, #529, #9703, .T. ) ;
#11284 = ORIENTED_EDGE ( 'NONE', *, *, #6688, .F. ) ;
#11285 = DIRECTION ( 'NONE',  ( 4.440892098500625700E-016, -1.224646799147353500E-016, -1.000000000000000000 ) ) ;
#11286 = CARTESIAN_POINT ( 'NONE',  ( 193.3678436374728200, 49.86904400576364100, 1.999999999999915000 ) ) ;
#11287 = EDGE_CURVE ( 'NONE', #5508, #3808, #3671, .T. ) ;
#11288 = CARTESIAN_POINT ( 'NONE',  ( 173.7719257169744400, 45.86904386338111600, 21.99999947845893200 ) ) ;
#11289 = CYLINDRICAL_SURFACE ( 'NONE', #2920, 0.9999999999999978900 ) ;
#11290 = ORIENTED_EDGE ( 'NONE', *, *, #9110, .T. ) ;
#11291 = CARTESIAN_POINT ( 'NONE',  ( 173.2499390582110500, 46.76127076699071200, 21.99999947845983800 ) ) ;
#11292 = AXIS2_PLACEMENT_3D ( 'NONE', #9875, #4362, #10798 ) ;
#11293 = CYLINDRICAL_SURFACE ( 'NONE', #10780, 1.349999999999997000 ) ;
#11294 = DIRECTION ( 'NONE',  ( -0.0000000000000000000, -0.0000000000000000000, 1.000000000000000000 ) ) ;
#11295 = DIRECTION ( 'NONE',  ( 0.0000000000000000000, 0.0000000000000000000, 1.000000000000000000 ) ) ;
#11296 = DIRECTION ( 'NONE',  ( 4.440892098500625700E-016, -1.224646799147353500E-016, -1.000000000000000000 ) ) ;
#11297 = ORIENTED_EDGE ( 'NONE', *, *, #9874, .F. ) ;
#11298 = CARTESIAN_POINT ( 'NONE',  ( 174.2770409386427000, 66.36318533782757400, 15.62684140326164900 ) ) ;
#11299 = VERTEX_POINT ( 'NONE', #2479 ) ;
#11300 = DIRECTION ( 'NONE',  ( -0.0000000000000000000, -0.0000000000000000000, 1.000000000000000000 ) ) ;
#11301 = LINE ( 'NONE', #6135, #8841 ) ;
#11302 = EDGE_CURVE ( 'NONE', #212, #5093, #5552, .T. ) ;
#11303 = AXIS2_PLACEMENT_3D ( 'NONE', #1415, #5062, #7811 ) ;
#11304 = CONICAL_SURFACE ( 'NONE', #3064, 1.999999999874907400, 0.7853981633974482800 ) ;
#11305 = AXIS2_PLACEMENT_3D ( 'NONE', #6952, #4280, #4204 ) ;
#11306 = CARTESIAN_POINT ( 'NONE',  ( 167.2781796281146300, 45.58397942606704600, 23.49999947845893200 ) ) ;
#11307 = VERTEX_POINT ( 'NONE', #541 ) ;
#11308 = ORIENTED_EDGE ( 'NONE', *, *, #5631, .F. ) ;
#11309 = CIRCLE ( 'NONE', #3059, 1.349999999999997000 ) ;
#11310 = ORIENTED_EDGE ( 'NONE', *, *, #824, .F. ) ;
#11311 = CARTESIAN_POINT ( 'NONE',  ( 175.4953507211965900, 40.17286345020789900, 2.199999311752464300 ) ) ;
#11312 = CARTESIAN_POINT ( 'NONE',  ( 177.4649792974503600, 51.21800233909667800, 4.200000000041087300 ) ) ;
#11313 = FACE_OUTER_BOUND ( 'NONE', #10622, .T. ) ;
#11314 = VERTEX_POINT ( 'NONE', #7953 ) ;
#11315 = ADVANCED_FACE ( 'NONE', ( #1478 ), #10700, .F. ) ;
#11316 = VERTEX_POINT ( 'NONE', #11583 ) ;
#11317 = LINE ( 'NONE', #1037, #2401 ) ;
#11318 = CARTESIAN_POINT ( 'NONE',  ( 165.6610262511647400, 53.78465550865308800, 23.49999947845893200 ) ) ;
#11319 = CIRCLE ( 'NONE', #5851, 1.749999386690445700 ) ;
#11320 = ORIENTED_EDGE ( 'NONE', *, *, #5694, .T. ) ;
#11321 = DIRECTION ( 'NONE',  ( -1.000000000000000000, 0.0000000000000000000, 0.0000000000000000000 ) ) ;
#11322 = LINE ( 'NONE', #1340, #9166 ) ;
#11323 = CARTESIAN_POINT ( 'NONE',  ( 173.7719257169747200, 45.86904400576391100, 21.49999895691860300 ) ) ;
#11324 = CARTESIAN_POINT ( 'NONE',  ( 164.5219257939270700, 60.89051384248959700, 17.39999966811055300 ) ) ;
#11325 = DIRECTION ( 'NONE',  ( 1.000000000000000000, -1.836970198721029700E-016, 0.0000000000000000000 ) ) ;
#11326 = CIRCLE ( 'NONE', #9115, 12.00000000000001100 ) ;
#11327 = ORIENTED_EDGE ( 'NONE', *, *, #260, .T. ) ;
#11328 = CARTESIAN_POINT ( 'NONE',  ( 164.5219257939272900, 29.84757416903768100, 56.79194912331138300 ) ) ;
#11329 = DIRECTION ( 'NONE',  ( 8.157786440681345800E-032, 4.440892098500626200E-016, 1.000000000000000000 ) ) ;
#11330 = LINE ( 'NONE', #1339, #4191 ) ;
#11331 = FACE_OUTER_BOUND ( 'NONE', #6317, .T. ) ;
#11332 = VERTEX_POINT ( 'NONE', #6178 ) ;
#11333 = CARTESIAN_POINT ( 'NONE',  ( 178.8361552673457300, 57.29723458681260700, 1.999999999999914100 ) ) ;
#11334 = ORIENTED_EDGE ( 'NONE', *, *, #446, .T. ) ;
#11335 = PLANE ( 'NONE',  #10768 ) ;
#11336 = CYLINDRICAL_SURFACE ( 'NONE', #11836, 2.000000000000029300 ) ;
#11337 = CARTESIAN_POINT ( 'NONE',  ( 164.7563136126116800, 36.85343190140081800, 3.000013011975194200 ) ) ;
#11338 = DIRECTION ( 'NONE',  ( -3.147609485530918300E-016, -1.110223024625155600E-016, -1.000000000000000000 ) ) ;
#11339 = DIRECTION ( 'NONE',  ( -4.078893220340672900E-032, -2.220446049250313100E-016, -1.000000000000000000 ) ) ;
#11340 = ORIENTED_EDGE ( 'NONE', *, *, #10673, .T. ) ;
#11341 = EDGE_CURVE ( 'NONE', #8220, #7522, #632, .T. ) ;
#11342 = CIRCLE ( 'NONE', #11433, 1.999999999999946300 ) ;
#11343 = AXIS2_PLACEMENT_3D ( 'NONE', #9040, #6291, #7243 ) ;
#11344 = FACE_OUTER_BOUND ( 'NONE', #1814, .T. ) ;
#11345 = AXIS2_PLACEMENT_3D ( 'NONE', #11367, #8700, #5959 ) ;
#11346 = DIRECTION ( 'NONE',  ( -1.000000000000000000, -1.422473250301019900E-013, 0.0000000000000000000 ) ) ;
#11347 = VERTEX_POINT ( 'NONE', #8792 ) ;
#11348 = ADVANCED_FACE ( 'NONE', ( #8246, #3376 ), #4338, .F. ) ;
#11349 = AXIS2_PLACEMENT_3D ( 'NONE', #9344, #3869, #10275 ) ;
#11350 = FACE_OUTER_BOUND ( 'NONE', #11850, .T. ) ;
#11351 = DIRECTION ( 'NONE',  ( -2.220446049250312800E-016, 1.224646799147353200E-016, 1.000000000000000000 ) ) ;
#11352 = DIRECTION ( 'NONE',  ( -1.000000000000000000, 0.0000000000000000000, 0.0000000000000000000 ) ) ;
#11353 = EDGE_CURVE ( 'NONE', #890, #9105, #5413, .T. ) ;
#11354 = ADVANCED_BREP_SHAPE_REPRESENTATION ( 'GIM3505-8°²×°³ß´çÍ¼_25071501', ( #6728, #8992, #6804 ), #411 ) ;
#11355 = EDGE_CURVE ( 'NONE', #5788, #6654, #10414, .T. ) ;
#11356 = EDGE_CURVE ( 'NONE', #10506, #8672, #11569, .T. ) ;
#11357 = B_SPLINE_CURVE_WITH_KNOTS ( 'NONE', 3,
 ( #8834, #11697, #6248, #2414, #3350, #7095, #8034, #7168, #2450, #7129, #10735, #5341, #7956, #8997, #3391, #9854, #10853, #1628 ),
 .UNSPECIFIED., .F., .F.,
 ( 4, 2, 2, 2, 2, 2, 2, 2, 4 ),
 ( 0.0000000000000000000, 0.1250000000000000000, 0.2500000000000000000, 0.3750000000000000000, 0.5000000000000000000, 0.6250000000000000000, 0.7500000000000000000, 0.8750000000000000000, 1.000000000000000000 ),
 .UNSPECIFIED. ) ;
#11358 = AXIS2_PLACEMENT_3D ( 'NONE', #9135, #9212, #7261 ) ;
#11359 = DIRECTION ( 'NONE',  ( -4.440892098500625700E-016, 1.224646799147353500E-016, 1.000000000000000000 ) ) ;
#11360 = DIRECTION ( 'NONE',  ( 4.440892098500625700E-016, -1.224646799147353500E-016, -1.000000000000000000 ) ) ;
#11361 = ORIENTED_EDGE ( 'NONE', *, *, #11341, .F. ) ;
#11362 = FACE_OUTER_BOUND ( 'NONE', #2787, .T. ) ;
#11363 = EDGE_CURVE ( 'NONE', #7697, #8837, #4552, .T. ) ;
#11364 = CARTESIAN_POINT ( 'NONE',  ( 173.7719257169744900, 45.86904400576364800, 1.999999999999921600 ) ) ;
#11365 = CARTESIAN_POINT ( 'NONE',  ( 173.7719257169743800, 55.86904386338088800, 19.99999947846018200 ) ) ;
#11366 = CARTESIAN_POINT ( 'NONE',  ( 164.5219257939270700, 61.89051384249006600, 22.49999878108508300 ) ) ;
#11367 = CARTESIAN_POINT ( 'NONE',  ( 164.5219257939272900, 29.84757416903766400, 21.54999878108492000 ) ) ;
#11368 = CARTESIAN_POINT ( 'NONE',  ( 165.5219257939274700, 29.84757416903736900, 19.49999999999992200 ) ) ;
#11369 = ORIENTED_EDGE ( 'NONE', *, *, #5853, .F. ) ;
#11370 = EDGE_CURVE ( 'NONE', #9376, #202, #7963, .T. ) ;
#11371 = CARTESIAN_POINT ( 'NONE',  ( 164.5219257939272900, 29.84757416903766400, 19.49999999999988600 ) ) ;
#11372 = AXIS2_PLACEMENT_3D ( 'NONE', #8271, #3789, #4574 ) ;
#11373 = EDGE_LOOP ( 'NONE', ( #8172, #6098, #5702, #7299 ) ) ;
#11374 = EDGE_CURVE ( 'NONE', #1587, #4916, #5261, .T. ) ;
#11375 = CYLINDRICAL_SURFACE ( 'NONE', #6437, 1.000000000000000900 ) ;
#11376 = CARTESIAN_POINT ( 'NONE',  ( 190.0689853496277000, 43.36904400576364100, 1.750013533165752300 ) ) ;
#11377 = EDGE_CURVE ( 'NONE', #6414, #695, #1197, .T. ) ;
#11378 = CARTESIAN_POINT ( 'NONE',  ( 156.1437797073500300, 42.89559590511676400, 22.49999878108514300 ) ) ;
#11379 = DIRECTION ( 'NONE',  ( 0.0000000000000000000, 0.0000000000000000000, -1.000000000000000000 ) ) ;
#11381 = ADVANCED_FACE ( 'NONE', ( #504 ), #3723, .T. ) ;
#11380 = DIRECTION ( 'NONE',  ( -0.7071067811865178200, 0.7071067811865773300, -3.140184917367417700E-016 ) ) ;
#11382 = AXIS2_PLACEMENT_3D ( 'NONE', #9804, #1581, #8065 ) ;
#11383 = ORIENTED_EDGE ( 'NONE', *, *, #4611, .F. ) ;
#11384 = ADVANCED_FACE ( 'NONE', ( #7682 ), #9542, .F. ) ;
#11385 = CARTESIAN_POINT ( 'NONE',  ( 190.0689853496277200, 47.61904400576364100, 0.7500135331658556200 ) ) ;
#11386 = CARTESIAN_POINT ( 'NONE',  ( 168.2781796281158800, 43.85192861849876800, 18.99999947845893200 ) ) ;
#11387 = EDGE_LOOP ( 'NONE', ( #7921, #2374, #1110, #11527 ) ) ;
#11388 = CARTESIAN_POINT ( 'NONE',  ( 191.2103711680175300, 35.09132745309823100, 17.29964999305029800 ) ) ;
#11389 = ORIENTED_EDGE ( 'NONE', *, *, #2284, .T. ) ;
#11390 = CARTESIAN_POINT ( 'NONE',  ( 176.2078226257125400, 55.30654386338101600, 23.49999947845893200 ) ) ;
#11391 = ORIENTED_EDGE ( 'NONE', *, *, #9288, .T. ) ;
#11392 = CIRCLE ( 'NONE', #9048, 16.00000028186513000 ) ;
#11393 = CARTESIAN_POINT ( 'NONE',  ( 181.6205658193706000, 50.53568963237999900, 0.3688852026470531000 ) ) ;
#11394 = DIRECTION ( 'NONE',  ( -1.000000000000000000, 0.0000000000000000000, -4.440892098500626200E-016 ) ) ;
#11395 = AXIS2_PLACEMENT_3D ( 'NONE', #10566, #1344, #7788 ) ;
#11396 = ORIENTED_EDGE ( 'NONE', *, *, #1939, .T. ) ;
#11397 = CARTESIAN_POINT ( 'NONE',  ( 161.8792411119315500, 47.47030988905439100, 18.99999947845892800 ) ) ;
#11398 = DIRECTION ( 'NONE',  ( -1.000000000000000000, 1.836970198721029700E-016, -0.0000000000000000000 ) ) ;
#11399 = AXIS2_PLACEMENT_3D ( 'NONE', #388, #5942, #11549 ) ;
#11400 = CYLINDRICAL_SURFACE ( 'NONE', #7493, 1.349999999999997000 ) ;
#11401 = DIRECTION ( 'NONE',  ( -1.000000000000000000, -2.081668171172195700E-014, -4.440892098500626200E-016 ) ) ;
#11402 = EDGE_LOOP ( 'NONE', ( #11155, #1309, #4408, #1949 ) ) ;
#11403 = DIRECTION ( 'NONE',  ( -1.000000000000000000, 0.0000000000000000000, -4.336808689941893500E-016 ) ) ;
#11404 = DIRECTION ( 'NONE',  ( 8.157786440681345800E-032, 4.440892098500626200E-016, 1.000000000000000000 ) ) ;
#11405 = VERTEX_POINT ( 'NONE', #8431 ) ;
#11406 = LOCAL_TIME ( 15, 42, 18.00000000000000000, #1887 ) ;
#11407 = DIRECTION ( 'NONE',  ( 1.000000000000000000, 0.0000000000000000000, 0.0000000000000000000 ) ) ;
#11408 = CARTESIAN_POINT ( 'NONE',  ( 192.0042793569249400, 36.49721073877757500, 16.36733259883811100 ) ) ;
#11409 = ADVANCED_FACE ( 'NONE', ( #4965 ), #7436, .F. ) ;
#11410 = EDGE_LOOP ( 'NONE', ( #9103, #6571, #361, #10286 ) ) ;
#11411 = ORIENTED_EDGE ( 'NONE', *, *, #7490, .T. ) ;
#11412 = ORIENTED_EDGE ( 'NONE', *, *, #5223, .T. ) ;
#11413 = DIRECTION ( 'NONE',  ( 0.0000000000000000000, 0.0000000000000000000, -1.000000000000000000 ) ) ;
#11414 = ORIENTED_EDGE ( 'NONE', *, *, #9899, .F. ) ;
#11415 = FACE_OUTER_BOUND ( 'NONE', #7628, .T. ) ;
#11416 = ORIENTED_EDGE ( 'NONE', *, *, #7341, .T. ) ;
#11417 = DIRECTION ( 'NONE',  ( 0.0000000000000000000, 1.224646799147353200E-016, 1.000000000000000000 ) ) ;
#11418 = FACE_OUTER_BOUND ( 'NONE', #10220, .T. ) ;
#11419 = CARTESIAN_POINT ( 'NONE',  ( 175.6717612361708500, 37.24404386338098000, 21.99999947845893200 ) ) ;
#11420 = CARTESIAN_POINT ( 'NONE',  ( 173.2499390582111400, 44.97681695977107800, 21.99999947845984100 ) ) ;
#11421 = ORIENTED_EDGE ( 'NONE', *, *, #3355, .F. ) ;
#11422 = EDGE_CURVE ( 'NONE', #8628, #5125, #5696, .T. ) ;
#11423 = ORIENTED_EDGE ( 'NONE', *, *, #4915, .T. ) ;
#11424 = VERTEX_POINT ( 'NONE', #2814 ) ;
#11425 = VERTEX_POINT ( 'NONE', #7364 ) ;
#11426 = DIRECTION ( 'NONE',  ( -1.000000000000000000, 0.0000000000000000000, 0.0000000000000000000 ) ) ;
#11427 = EDGE_LOOP ( 'NONE', ( #10799, #10631, #2210, #7645, #7694 ) ) ;
#11428 = VECTOR ( 'NONE', #3873, 1000.000000000000100 ) ;
#11429 = CARTESIAN_POINT ( 'NONE',  ( 171.5357236874341700, 41.96399578645746700, 18.99999947845893200 ) ) ;
#11430 = EDGE_CURVE ( 'NONE', #6180, #8682, #7387, .T. ) ;
#11431 = CIRCLE ( 'NONE', #9155, 3.000000000000002700 ) ;
#11432 = CARTESIAN_POINT ( 'NONE',  ( 184.2719257169745500, 47.86904400576364100, 1.999999999999915000 ) ) ;
#11433 = AXIS2_PLACEMENT_3D ( 'NONE', #8758, #3182, #2157 ) ;
#11434 = EDGE_CURVE ( 'NONE', #695, #6414, #7534, .T. ) ;
#11435 = ORIENTED_EDGE ( 'NONE', *, *, #5630, .F. ) ;
#11436 = ADVANCED_FACE ( 'NONE', ( #7260 ), #11702, .T. ) ;
#11437 = EDGE_LOOP ( 'NONE', ( #10557, #11091 ) ) ;
#11438 = ADVANCED_FACE ( 'NONE', ( #9986 ), #9246, .F. ) ;
#11439 = ORIENTED_EDGE ( 'NONE', *, *, #5240, .F. ) ;
#11440 = DIRECTION ( 'NONE',  ( 4.440892098500625700E-016, -1.224646799147353500E-016, -1.000000000000000000 ) ) ;
#11441 = CIRCLE ( 'NONE', #1146, 0.9999999999992514900 ) ;
#11442 = DIRECTION ( 'NONE',  ( -1.000000000000000000, 0.0000000000000000000, 0.0000000000000000000 ) ) ;
#11443 = EDGE_CURVE ( 'NONE', #11490, #4392, #216, .T. ) ;
#11444 = DIRECTION ( 'NONE',  ( 4.440892098500625700E-016, -1.224646799147353500E-016, -1.000000000000000000 ) ) ;
#11445 = AXIS2_PLACEMENT_3D ( 'NONE', #2534, #697, #11637 ) ;
#11446 = EDGE_CURVE ( 'NONE', #10486, #8071, #8956, .T. ) ;
#11447 = CARTESIAN_POINT ( 'NONE',  ( 173.7719257169750900, 45.86904400576362700, 22.49999878108514300 ) ) ;
#11448 = CARTESIAN_POINT ( 'NONE',  ( 184.2719257169745500, 43.86904400576364800, 4.199999999999903400 ) ) ;
#11449 = EDGE_CURVE ( 'NONE', #9351, #9682, #6829, .T. ) ;
#11450 = DIRECTION ( 'NONE',  ( -1.000000000000000000, 0.0000000000000000000, -4.336808689942013800E-016 ) ) ;
#11451 = ORIENTED_EDGE ( 'NONE', *, *, #7895, .T. ) ;
#11452 = ORIENTED_EDGE ( 'NONE', *, *, #7443, .F. ) ;
#11453 = AXIS2_PLACEMENT_3D ( 'NONE', #1955, #54, #8324 ) ;
#11454 = FACE_OUTER_BOUND ( 'NONE', #9352, .T. ) ;
#11455 = ADVANCED_FACE ( 'NONE', ( #10978 ), #1610, .F. ) ;
#11456 = FACE_OUTER_BOUND ( 'NONE', #10121, .T. ) ;
#11457 = DIRECTION ( 'NONE',  ( 1.000000000000000000, 0.0000000000000000000, 0.0000000000000000000 ) ) ;
#11458 = ORIENTED_EDGE ( 'NONE', *, *, #11218, .F. ) ;
#11459 = VERTEX_POINT ( 'NONE', #6648 ) ;
#11460 = DIRECTION ( 'NONE',  ( 0.0000000000000000000, 1.000000000000000000, 0.0000000000000000000 ) ) ;
#11461 = FACE_OUTER_BOUND ( 'NONE', #2698, .T. ) ;
#11462 = AXIS2_PLACEMENT_3D ( 'NONE', #10515, #6872, #7779 ) ;
#11463 = DIRECTION ( 'NONE',  ( 4.440892098500626200E-016, 0.0000000000000000000, -1.000000000000000000 ) ) ;
#11464 = DIRECTION ( 'NONE',  ( -1.000000000000000000, 1.040834085586054400E-014, -4.440892098500626200E-016 ) ) ;
#11465 = CIRCLE ( 'NONE', #7156, 4.250000413971985600 ) ;
#11466 = ORIENTED_EDGE ( 'NONE', *, *, #11220, .F. ) ;
#11467 = CARTESIAN_POINT ( 'NONE',  ( 166.8437224866989100, 49.86904386338100900, 21.99999947845893200 ) ) ;
#11468 = FACE_OUTER_BOUND ( 'NONE', #10769, .T. ) ;
#11469 = DIRECTION ( 'NONE',  ( 0.0000000000000000000, 0.0000000000000000000, -1.000000000000000000 ) ) ;
#11470 = AXIS2_PLACEMENT_3D ( 'NONE', #10442, #4953, #7712 ) ;
#11471 = ORIENTED_EDGE ( 'NONE', *, *, #200, .F. ) ;
#11472 = ORIENTED_EDGE ( 'NONE', *, *, #1791, .T. ) ;
#11473 = CIRCLE ( 'NONE', #8730, 1.349999999999997000 ) ;
#11474 = ADVANCED_FACE ( 'NONE', ( #11415 ), #4538, .T. ) ;
#11475 = CARTESIAN_POINT ( 'NONE',  ( 176.1906730092615000, 42.07435526798156600, 23.49999947845893200 ) ) ;
#11476 = CARTESIAN_POINT ( 'NONE',  ( 173.7719257169745200, 51.86904400577365200, 5.499999311752184800 ) ) ;
#11477 = CIRCLE ( 'NONE', #1384, 2.000000000000001800 ) ;
#11478 = FACE_OUTER_BOUND ( 'NONE', #10663, .T. ) ;
#11479 = CYLINDRICAL_SURFACE ( 'NONE', #146, 1.999999999999946300 ) ;
#11480 = ORIENTED_EDGE ( 'NONE', *, *, #8355, .F. ) ;
#11481 = VECTOR ( 'NONE', #6061, 1000.000000000000000 ) ;
#11482 = CARTESIAN_POINT ( 'NONE',  ( 199.9033806311083200, 48.36904400576364100, 0.7500135331658555100 ) ) ;
#11483 = FACE_BOUND ( 'NONE', #5287, .T. ) ;
#11484 = VERTEX_POINT ( 'NONE', #332 ) ;
#11485 = CARTESIAN_POINT ( 'NONE',  ( 173.7719257169743800, 45.86904400576364800, 5.499999311752191000 ) ) ;
#11486 = CARTESIAN_POINT ( 'NONE',  ( 180.2718850593088000, 45.89203403532670900, 18.99999947845893200 ) ) ;
#11487 = FACE_OUTER_BOUND ( 'NONE', #10575, .T. ) ;
#11488 = CARTESIAN_POINT ( 'NONE',  ( 182.4321797548188000, 40.86904386338090200, 17.49999947846030000 ) ) ;
#11489 = AXIS2_PLACEMENT_3D ( 'NONE', #11328, #8590, #372 ) ;
#11490 = VERTEX_POINT ( 'NONE', #7679 ) ;
#11491 = LINE ( 'NONE', #2027, #5040 ) ;
#11492 = ORIENTED_EDGE ( 'NONE', *, *, #2813, .F. ) ;
#11493 = DIRECTION ( 'NONE',  ( -1.000000000000000000, 0.0000000000000000000, -5.782411586589351700E-016 ) ) ;
#11494 = CARTESIAN_POINT ( 'NONE',  ( 173.7719257169744900, 51.86904400576364800, 2.199999311752463400 ) ) ;
#11495 = CIRCLE ( 'NONE', #1503, 8.500000000000007100 ) ;
#11496 = LINE ( 'NONE', #9161, #4200 ) ;
#11497 = CARTESIAN_POINT ( 'NONE',  ( 180.2656718058340500, 45.58397942606603000, 18.99999947845893200 ) ) ;
#11498 = AXIS2_PLACEMENT_3D ( 'NONE', #8063, #1662, #3540 ) ;
#11499 = DIRECTION ( 'NONE',  ( 1.000000000000000000, 0.0000000000000000000, 0.0000000000000000000 ) ) ;
#11500 = LINE ( 'NONE', #11706, #9043 ) ;
#11502 = ADVANCED_FACE ( 'NONE', ( #2926 ), #7602, .F. ) ;
#11501 = DIRECTION ( 'NONE',  ( -4.440892098500626200E-016, -0.0000000000000000000, 1.000000000000000000 ) ) ;
#11503 = CARTESIAN_POINT ( 'NONE',  ( 182.1066554382229000, 50.66823982107909100, 1.999999999999914500 ) ) ;
#11504 = CARTESIAN_POINT ( 'NONE',  ( 165.1116716791299600, 41.66904386338090700, 17.49999947846030000 ) ) ;
#11505 = ORIENTED_EDGE ( 'NONE', *, *, #7499, .F. ) ;
#11506 = VECTOR ( 'NONE', #3894, 1000.000000000000000 ) ;
#11507 = CARTESIAN_POINT ( 'NONE',  ( 170.7719257169842400, 45.86904386338088800, 22.99999947854303200 ) ) ;
#11508 = AXIS2_PLACEMENT_3D ( 'NONE', #1946, #10332, #2893 ) ;
#11509 = EDGE_CURVE ( 'NONE', #6945, #1180, #5817, .T. ) ;
#11510 = DIRECTION ( 'NONE',  ( 6.983158872362112300E-017, -1.110223024625157000E-016, -1.000000000000000000 ) ) ;
#11511 = CARTESIAN_POINT ( 'NONE',  ( 173.7719257169742400, 45.86904386338100200, 21.99999947845893200 ) ) ;
#11512 = AXIS2_PLACEMENT_3D ( 'NONE', #5836, #322, #4072 ) ;
#11513 = DIRECTION ( 'NONE',  ( 0.0000000000000000000, 1.000000000000000000, 0.0000000000000000000 ) ) ;
#11514 = DIRECTION ( 'NONE',  ( 2.220446049250313100E-016, 0.0000000000000000000, -1.000000000000000000 ) ) ;
#11515 = EDGE_CURVE ( 'NONE', #6902, #1445, #4819, .T. ) ;
#11516 = ORIENTED_EDGE ( 'NONE', *, *, #5971, .T. ) ;
#11517 = LINE ( 'NONE', #4686, #6637 ) ;
#11518 = EDGE_CURVE ( 'NONE', #10256, #5804, #6540, .T. ) ;
#11519 = CARTESIAN_POINT ( 'NONE',  ( 194.2486365178193900, 49.36904400576364100, 0.2736645419077794500 ) ) ;
#11520 = EDGE_CURVE ( 'NONE', #8525, #9865, #8804, .T. ) ;
#11521 = VERTEX_POINT ( 'NONE', #8550 ) ;
#11522 = AXIS2_PLACEMENT_3D ( 'NONE', #7082, #8936, #4403 ) ;
#11523 = ORIENTED_EDGE ( 'NONE', *, *, #2096, .F. ) ;
#11524 = ORIENTED_EDGE ( 'NONE', *, *, #8420, .F. ) ;
#11525 = CARTESIAN_POINT ( 'NONE',  ( 160.8672271946861900, 58.77374252805196900, 22.49999878108514300 ) ) ;
#11526 = DIRECTION ( 'NONE',  ( -8.157786440681345800E-032, -4.440892098500626200E-016, -1.000000000000000000 ) ) ;
#11527 = ORIENTED_EDGE ( 'NONE', *, *, #8122, .F. ) ;
#11528 = FACE_BOUND ( 'NONE', #389, .T. ) ;
#11529 = DIRECTION ( 'NONE',  ( -1.000000000000000000, 0.0000000000000000000, 0.0000000000000000000 ) ) ;
#11530 = CARTESIAN_POINT ( 'NONE',  ( 191.8247004614203500, 36.15534137112402400, 15.69979647889343800 ) ) ;
#11531 = CARTESIAN_POINT ( 'NONE',  ( 182.1913125842134500, 48.53623804074495500, 23.49999947845893200 ) ) ;
#11532 = ADVANCED_FACE ( 'NONE', ( #11124 ), #10836, .T. ) ;
#11533 = EDGE_LOOP ( 'NONE', ( #11396, #1465, #2203, #621 ) ) ;
#11534 = ORIENTED_EDGE ( 'NONE', *, *, #7007, .F. ) ;
#11535 = EDGE_CURVE ( 'NONE', #6660, #2109, #4255, .T. ) ;
#11536 = DIRECTION ( 'NONE',  ( -4.440892098500625700E-016, 1.224646799147353500E-016, 1.000000000000000000 ) ) ;
#11537 = AXIS2_PLACEMENT_3D ( 'NONE', #1900, #2852, #5574 ) ;
#11538 = ORIENTED_EDGE ( 'NONE', *, *, #450, .F. ) ;
#11539 = ORIENTED_EDGE ( 'NONE', *, *, #3902, .F. ) ;
#11540 = EDGE_CURVE ( 'NONE', #9865, #1668, #9387, .T. ) ;
#11541 = ORIENTED_EDGE ( 'NONE', *, *, #7906, .F. ) ;
#11542 = CYLINDRICAL_SURFACE ( 'NONE', #8808, 13.49332192224564300 ) ;
#11543 = DIRECTION ( 'NONE',  ( -0.0000000000000000000, -0.0000000000000000000, -1.000000000000000000 ) ) ;
#11544 = AXIS2_PLACEMENT_3D ( 'NONE', #609, #7919, #9606 ) ;
#11545 = CARTESIAN_POINT ( 'NONE',  ( 173.7719257169743800, 45.86904386338088800, 5.999999833293287600 ) ) ;
#11547 = EDGE_LOOP ( 'NONE', ( #7555, #6797 ) ) ;
#11546 = CARTESIAN_POINT ( 'NONE',  ( 164.5219257939272900, 29.84757416903766700, 22.19999878099088200 ) ) ;
#11548 = CARTESIAN_POINT ( 'NONE',  ( 173.7719257169747200, 45.86904400576327100, 22.49999878108514300 ) ) ;
#11549 = DIRECTION ( 'NONE',  ( -1.000000000000000000, 0.0000000000000000000, 0.0000000000000000000 ) ) ;
#11550 = DIRECTION ( 'NONE',  ( -0.0000000000000000000, -0.0000000000000000000, 1.000000000000000000 ) ) ;
#11551 = AXIS2_PLACEMENT_3D ( 'NONE', #4252, #6853, #3306 ) ;
#11552 = DIRECTION ( 'NONE',  ( 0.0000000000000000000, 1.000000000000000000, 0.0000000000000000000 ) ) ;
#11553 = DIRECTION ( 'NONE',  ( -1.000000000000000000, 0.0000000000000000000, -2.168404306771157900E-016 ) ) ;
#11554 = ORIENTED_EDGE ( 'NONE', *, *, #8586, .T. ) ;
#11555 = ORIENTED_EDGE ( 'NONE', *, *, #11272, .T. ) ;
#11556 = CIRCLE ( 'NONE', #845, 14.00000000000001200 ) ;
#11557 = CARTESIAN_POINT ( 'NONE',  ( 173.7719257169743800, 45.86904386338088800, 21.21376696821360500 ) ) ;
#11558 = ORIENTED_EDGE ( 'NONE', *, *, #9216, .F. ) ;
#11559 = ADVANCED_FACE ( 'NONE', ( #5402 ), #489, .T. ) ;
#11560 = EDGE_LOOP ( 'NONE', ( #1204, #5747, #8066, #11003, #7984 ) ) ;
#11561 = DIRECTION ( 'NONE',  ( -8.157786440681345800E-032, -4.440892098500626200E-016, -1.000000000000000000 ) ) ;
#11562 = ORIENTED_EDGE ( 'NONE', *, *, #11818, .T. ) ;
#11563 = VERTEX_POINT ( 'NONE', #6686 ) ;
#11564 = EDGE_LOOP ( 'NONE', ( #11458, #8019, #1733, #9214 ) ) ;
#11565 = VERTEX_POINT ( 'NONE', #374 ) ;
#11566 = CARTESIAN_POINT ( 'NONE',  ( 177.4649792974503600, 40.52008567243016300, 2.199999311752465200 ) ) ;
#11567 = DIRECTION ( 'NONE',  ( -1.000000000000000000, 0.0000000000000000000, 0.0000000000000000000 ) ) ;
#11568 = DIRECTION ( 'NONE',  ( 4.078893220340672900E-032, 2.220446049250313100E-016, 1.000000000000000000 ) ) ;
#11569 = CIRCLE ( 'NONE', #6188, 2.500000000000363300 ) ;
#11570 = CYLINDRICAL_SURFACE ( 'NONE', #9888, 1.999999999999974000 ) ;
#11571 = EDGE_CURVE ( 'NONE', #10858, #6823, #8671, .T. ) ;
#11572 = ORIENTED_EDGE ( 'NONE', *, *, #4535, .F. ) ;
#11573 = CARTESIAN_POINT ( 'NONE',  ( 173.7719257169743800, 37.86904386338088800, 18.99999947845893200 ) ) ;
#11574 = EDGE_LOOP ( 'NONE', ( #11281, #8821, #7689, #5962 ) ) ;
#11575 = AXIS2_PLACEMENT_3D ( 'NONE', #11058, #9114, #8155 ) ;
#11576 = ORIENTED_EDGE ( 'NONE', *, *, #6762, .T. ) ;
#11577 = AXIS2_PLACEMENT_3D ( 'NONE', #4122, #6767, #4166 ) ;
#11578 = DIRECTION ( 'NONE',  ( 2.220446049250313100E-016, 0.0000000000000000000, -1.000000000000000000 ) ) ;
#11579 = EDGE_LOOP ( 'NONE', ( #11369, #2934, #8913, #7294 ) ) ;
#11580 = LINE ( 'NONE', #2104, #11428 ) ;
#11581 = DIRECTION ( 'NONE',  ( 0.0000000000000000000, -1.000000000000000000, 0.0000000000000000000 ) ) ;
#11582 = ORIENTED_EDGE ( 'NONE', *, *, #10802, .T. ) ;
#11583 = CARTESIAN_POINT ( 'NONE',  ( 174.7719257169743800, 45.86904386338089500, 21.99999947845984100 ) ) ;
#11584 = AXIS2_PLACEMENT_3D ( 'NONE', #6920, #5880, #2177 ) ;
#11585 = CARTESIAN_POINT ( 'NONE',  ( 173.7719257169744900, 45.86904400576364800, 2.199999311752466100 ) ) ;
#11586 = CIRCLE ( 'NONE', #9313, 2.000000000000001800 ) ;
#11587 = PLANE ( 'NONE',  #4365 ) ;
#11588 = CARTESIAN_POINT ( 'NONE',  ( 183.0219256400218600, 61.89051384249004400, 14.29999914656994900 ) ) ;
#11589 = EDGE_LOOP ( 'NONE', ( #10870, #9413, #11361, #1893 ) ) ;
#11590 = ADVANCED_FACE ( 'NONE', ( #5678 ), #3220, .F. ) ;
#11591 = VERTEX_POINT ( 'NONE', #6805 ) ;
#11592 = CARTESIAN_POINT ( 'NONE',  ( 166.8437224866989100, 49.86904386338100900, 21.99999947845893200 ) ) ;
#11593 = EDGE_CURVE ( 'NONE', #11884, #288, #2344, .T. ) ;
#11594 = CIRCLE ( 'NONE', #10000, 2.000000000000029300 ) ;
#11595 = DIRECTION ( 'NONE',  ( 1.000000000000000000, 0.0000000000000000000, 0.0000000000000000000 ) ) ;
#11596 = DIRECTION ( 'NONE',  ( 8.157786440681345800E-032, 4.440892098500626200E-016, 1.000000000000000000 ) ) ;
#11597 = AXIS2_PLACEMENT_3D ( 'NONE', #7524, #11263, #7481 ) ;
#11598 = FACE_OUTER_BOUND ( 'NONE', #5931, .T. ) ;
#11599 = AXIS2_PLACEMENT_3D ( 'NONE', #6597, #7618, #3037 ) ;
#11600 = ORIENTED_EDGE ( 'NONE', *, *, #380, .F. ) ;
#11601 = ORIENTED_EDGE ( 'NONE', *, *, #7759, .F. ) ;
#11602 = DIRECTION ( 'NONE',  ( -1.000000000000000000, 0.0000000000000000000, 0.0000000000000000000 ) ) ;
#11603 = DIRECTION ( 'NONE',  ( -1.094764425253763300E-047, 4.930380657631323800E-032, 1.000000000000000000 ) ) ;
#11604 = EDGE_CURVE ( 'NONE', #3217, #10301, #5966, .T. ) ;
#11605 = ORIENTED_EDGE ( 'NONE', *, *, #368, .T. ) ;
#11606 = CARTESIAN_POINT ( 'NONE',  ( 159.7719257169743800, 45.86904386338088800, 22.24999947845961000 ) ) ;
#11607 = AXIS2_PLACEMENT_3D ( 'NONE', #2106, #1112, #11210 ) ;
#11608 = CIRCLE ( 'NONE', #2838, 1.999999999999946300 ) ;
#11609 = EDGE_CURVE ( 'NONE', #9945, #6738, #11556, .T. ) ;
#11610 = CARTESIAN_POINT ( 'NONE',  ( 164.5219257939270700, 61.89051384249006600, 22.34999878108499200 ) ) ;
#11611 = EDGE_CURVE ( 'NONE', #9179, #3042, #6254, .T. ) ;
#11612 = CARTESIAN_POINT ( 'NONE',  ( 168.9425479578910700, 52.86383567243027000, 4.199999999999902500 ) ) ;
#11613 = EDGE_LOOP ( 'NONE', ( #10232, #5647 ) ) ;
#11614 = ORIENTED_EDGE ( 'NONE', *, *, #10124, .T. ) ;
#11615 = AXIS2_PLACEMENT_3D ( 'NONE', #1336, #7782, #7817 ) ;
#11616 = DIRECTION ( 'NONE',  ( -1.000000000000000000, 0.0000000000000000000, 0.0000000000000000000 ) ) ;
#11617 = FACE_OUTER_BOUND ( 'NONE', #6968, .T. ) ;
#11618 = FACE_BOUND ( 'NONE', #4669, .T. ) ;
#11619 = DIRECTION ( 'NONE',  ( -1.000000000000000000, 0.0000000000000000000, 0.0000000000000000000 ) ) ;
#11620 = ORIENTED_EDGE ( 'NONE', *, *, #2884, .T. ) ;
#11621 = CARTESIAN_POINT ( 'NONE',  ( 164.5219257939270700, 61.89051384249005100, 17.39999966811055300 ) ) ;
#11622 = FACE_OUTER_BOUND ( 'NONE', #10734, .T. ) ;
#11623 = ADVANCED_FACE ( 'NONE', ( #11841 ), #8381, .F. ) ;
#11624 = CIRCLE ( 'NONE', #7348, 0.7999999999999951600 ) ;
#11625 = ORIENTED_EDGE ( 'NONE', *, *, #9357, .F. ) ;
#11626 = AXIS2_PLACEMENT_3D ( 'NONE', #3041, #4886, #2966 ) ;
#11627 = CARTESIAN_POINT ( 'NONE',  ( 172.7719257169739800, 52.51494189713155000, 23.49999947845893200 ) ) ;
#11628 = CARTESIAN_POINT ( 'NONE',  ( 185.4391878058619900, 57.53630609465099600, 22.49999878108514300 ) ) ;
#11629 = CIRCLE ( 'NONE', #2496, 3.499999999921482400 ) ;
#11630 = DIRECTION ( 'NONE',  ( -1.000000000000000000, 0.0000000000000000000, 0.0000000000000000000 ) ) ;
#11631 = FACE_OUTER_BOUND ( 'NONE', #11427, .T. ) ;
#11632 = EDGE_LOOP ( 'NONE', ( #4273, #473, #4354, #6551 ) ) ;
#11633 = AXIS2_PLACEMENT_3D ( 'NONE', #188, #1140, #2046 ) ;
#11634 = LINE ( 'NONE', #4578, #4899 ) ;
#11635 = ORIENTED_EDGE ( 'NONE', *, *, #3596, .T. ) ;
#11636 = VECTOR ( 'NONE', #1918, 1000.000000000000000 ) ;
#11637 = DIRECTION ( 'NONE',  ( -1.000000000000000000, 0.0000000000000000000, -2.218832413938900800E-016 ) ) ;
#11638 = CIRCLE ( 'NONE', #4851, 12.00000000000001100 ) ;
#11639 = DIRECTION ( 'NONE',  ( -0.0000000000000000000, -0.0000000000000000000, 1.000000000000000000 ) ) ;
#11640 = ORIENTED_EDGE ( 'NONE', *, *, #11220, .T. ) ;
#11641 = DIRECTION ( 'NONE',  ( -0.7071067811865773300, -0.7071067811865178200, 0.0000000000000000000 ) ) ;
#11642 = CARTESIAN_POINT ( 'NONE',  ( 161.3975570462096400, 33.49467533499925800, 81.17012103714563400 ) ) ;
#11643 = DIRECTION ( 'NONE',  ( 0.0000000000000000000, -1.000000000000000000, 0.0000000000000000000 ) ) ;
#11644 = VECTOR ( 'NONE', #10305, 1000.000000000000000 ) ;
#11645 = CARTESIAN_POINT ( 'NONE',  ( 163.5219257939265800, 29.84757416903736900, 14.29999914657000200 ) ) ;
#11646 = DIRECTION ( 'NONE',  ( -4.078893220340672900E-032, -2.220446049250313100E-016, -1.000000000000000000 ) ) ;
#11647 = DIRECTION ( 'NONE',  ( 4.440892098500626200E-016, 0.0000000000000000000, -1.000000000000000000 ) ) ;
#11648 = DIRECTION ( 'NONE',  ( -2.220446049250313100E-016, -0.0000000000000000000, 1.000000000000000000 ) ) ;
#11649 = ADVANCED_FACE ( 'NONE', ( #7523 ), #9097, .F. ) ;
#11650 = CARTESIAN_POINT ( 'NONE',  ( 182.7875378213373700, 54.88465611012649200, 2.775557561562891400E-014 ) ) ;
#11651 = ORIENTED_EDGE ( 'NONE', *, *, #6667, .F. ) ;
#11652 = LINE ( 'NONE', #10011, #3168 ) ;
#11653 = EDGE_CURVE ( 'NONE', #10352, #4235, #1755, .T. ) ;
#11654 = CARTESIAN_POINT ( 'NONE',  ( 197.9033806311083500, 47.61904400576364100, 0.7500135331658556200 ) ) ;
#11655 = CARTESIAN_POINT ( 'NONE',  ( 197.9033806311083200, 48.86904400576364100, 0.7500135331658555100 ) ) ;
#11656 = DIRECTION ( 'NONE',  ( -4.440892098500626200E-016, -0.0000000000000000000, 1.000000000000000000 ) ) ;
#11657 = ORIENTED_EDGE ( 'NONE', *, *, #8669, .T. ) ;
#11658 = CARTESIAN_POINT ( 'NONE',  ( 183.0219256400218600, 29.84757416903736500, 19.49999999999992200 ) ) ;
#11659 = ORIENTED_EDGE ( 'NONE', *, *, #1932, .F. ) ;
#11660 = CARTESIAN_POINT ( 'NONE',  ( 176.7719257169750600, 51.63532516071646900, 23.49999947845893200 ) ) ;
#11661 = AXIS2_PLACEMENT_3D ( 'NONE', #2080, #4863, #220 ) ;
#11662 = ORIENTED_EDGE ( 'NONE', *, *, #7070, .T. ) ;
#11663 = CIRCLE ( 'NONE', #7647, 1.349999999999997000 ) ;
#11664 = EDGE_CURVE ( 'NONE', #3403, #4790, #3803, .T. ) ;
#11665 = DIRECTION ( 'NONE',  ( -1.000000000000000000, -3.700743415417168100E-014, 0.0000000000000000000 ) ) ;
#11666 = CARTESIAN_POINT ( 'NONE',  ( 160.2786037947287500, 45.86904386338088800, 21.35688322333649200 ) ) ;
#11667 = ORIENTED_EDGE ( 'NONE', *, *, #864, .F. ) ;
#11668 = ORIENTED_EDGE ( 'NONE', *, *, #634, .T. ) ;
#11669 = DIRECTION ( 'NONE',  ( -4.440892098500626200E-016, -0.0000000000000000000, 1.000000000000000000 ) ) ;
#11670 = ORIENTED_EDGE ( 'NONE', *, *, #6150, .F. ) ;
#11671 = ORIENTED_EDGE ( 'NONE', *, *, #1485, .T. ) ;
#11672 = EDGE_CURVE ( 'NONE', #8632, #11110, #11262, .T. ) ;
#11673 = EDGE_LOOP ( 'NONE', ( #728, #2370 ) ) ;
#11674 = EDGE_CURVE ( 'NONE', #169, #10573, #3506, .T. ) ;
#11675 = CIRCLE ( 'NONE', #10914, 3.699998480359983700 ) ;
#11676 = EDGE_CURVE ( 'NONE', #5406, #2391, #7248, .T. ) ;
#11677 = AXIS2_PLACEMENT_3D ( 'NONE', #10355, #7576, #4991 ) ;
#11678 = DIRECTION ( 'NONE',  ( -1.000000000000000000, -5.551115123125777700E-014, -4.440892098500626200E-016 ) ) ;
#11679 = VERTEX_POINT ( 'NONE', #7799 ) ;
#11680 = CARTESIAN_POINT ( 'NONE',  ( 162.3437351359251300, 40.80481445539241000, 2.818925648462311500E-014 ) ) ;
#11681 = CARTESIAN_POINT ( 'NONE',  ( 179.9851033605657700, 40.35736318103191400, 23.49999947845909200 ) ) ;
#11682 = CARTESIAN_POINT ( 'NONE',  ( 190.2719267945538200, 45.86904400576364100, 1.353316588350098000E-005 ) ) ;
#11683 = DIRECTION ( 'NONE',  ( -1.000000000000000000, 3.053113317719474300E-013, 0.0000000000000000000 ) ) ;
#11684 = LINE ( 'NONE', #373, #9230 ) ;
#11685 = EDGE_CURVE ( 'NONE', #7967, #11015, #5104, .T. ) ;
#11686 = ADVANCED_FACE ( 'NONE', ( #762 ), #203, .F. ) ;
#11687 = AXIS2_PLACEMENT_3D ( 'NONE', #2865, #7517, #8477 ) ;
#11688 = ORIENTED_EDGE ( 'NONE', *, *, #11446, .F. ) ;
#11689 = VERTEX_POINT ( 'NONE', #6931 ) ;
#11690 = DIRECTION ( 'NONE',  ( 3.700743415417185100E-014, -1.000000000000000000, 0.0000000000000000000 ) ) ;
#11691 = APPROVAL_DATE_TIME ( #1322, #9869 ) ;
#11692 = DIRECTION ( 'NONE',  ( -8.157786440681345800E-032, -4.440892098500626200E-016, -1.000000000000000000 ) ) ;
#11693 = AXIS2_PLACEMENT_3D ( 'NONE', #11718, #1695, #10952 ) ;
#11694 = DIRECTION ( 'NONE',  ( -8.157786440681345800E-032, -4.440892098500626200E-016, -1.000000000000000000 ) ) ;
#11695 = DIRECTION ( 'NONE',  ( 0.0000000000000000000, 0.0000000000000000000, 1.000000000000000000 ) ) ;
#11696 = EDGE_LOOP ( 'NONE', ( #3957, #5896, #2622, #6539, #5277, #376, #2217, #6938, #184, #2190, #7449, #7378 ) ) ;
#11697 = CARTESIAN_POINT ( 'NONE',  ( 155.5395717984660000, 36.49721128070003600, 16.63285220814941600 ) ) ;
#11698 = ORIENTED_EDGE ( 'NONE', *, *, #1861, .T. ) ;
#11699 = ORIENTED_EDGE ( 'NONE', *, *, #6680, .T. ) ;
#11700 = ORIENTED_EDGE ( 'NONE', *, *, #1561, .T. ) ;
#11701 = DIRECTION ( 'NONE',  ( -8.157786440681345800E-032, -4.440892098500626200E-016, -1.000000000000000000 ) ) ;
#11702 = CYLINDRICAL_SURFACE ( 'NONE', #7852, 10.49999843580512500 ) ;
#11703 = ADVANCED_FACE ( 'NONE', ( #6967 ), #2627, .F. ) ;
#11704 = AXIS2_PLACEMENT_3D ( 'NONE', #647, #11656, #494 ) ;
#11705 = CYLINDRICAL_SURFACE ( 'NONE', #6594, 1.749999386690445700 ) ;
#11706 = CARTESIAN_POINT ( 'NONE',  ( 168.5103883940991500, 56.65404386338057200, 23.49999947845893200 ) ) ;
#11707 = DIRECTION ( 'NONE',  ( 0.0000000000000000000, 0.0000000000000000000, -1.000000000000000000 ) ) ;
#11708 = VERTEX_POINT ( 'NONE', #5963 ) ;
#11709 = ORIENTED_EDGE ( 'NONE', *, *, #1634, .T. ) ;
#11710 = ORIENTED_EDGE ( 'NONE', *, *, #6382, .T. ) ;
#11711 = ORIENTED_EDGE ( 'NONE', *, *, #10988, .T. ) ;
#11712 = CARTESIAN_POINT ( 'NONE',  ( 155.2719258708795800, 44.86904400576326400, 17.39999966811049600 ) ) ;
#11713 = EDGE_LOOP ( 'NONE', ( #9002, #9879, #3093, #7692 ) ) ;
#11714 = VECTOR ( 'NONE', #5158, 1000.000000000000000 ) ;
#11715 = CARTESIAN_POINT ( 'NONE',  ( 190.0689853496277000, 43.36904400576364100, 0.7500135331658386300 ) ) ;
#11716 = CARTESIAN_POINT ( 'NONE',  ( 192.2719255630692900, 45.86904400576411700, 21.54999878108492000 ) ) ;
#11717 = VECTOR ( 'NONE', #9120, 1000.000000000000000 ) ;
#11718 = CARTESIAN_POINT ( 'NONE',  ( 173.7719257169750900, 45.86904400576463600, 22.49999878108514300 ) ) ;
#11719 = CARTESIAN_POINT ( 'NONE',  ( 179.7001289472500500, 49.86904386338100900, 19.99999947845892800 ) ) ;
#11720 = DIRECTION ( 'NONE',  ( 8.157786440681345800E-032, 4.440892098500626200E-016, 1.000000000000000000 ) ) ;
#11721 = VERTEX_POINT ( 'NONE', #10686 ) ;
#11722 = ORIENTED_EDGE ( 'NONE', *, *, #6215, .F. ) ;
#11723 = EDGE_CURVE ( 'NONE', #8071, #1303, #6674, .T. ) ;
#11724 = DIRECTION ( 'NONE',  ( 4.440892098500626200E-016, 0.0000000000000000000, -1.000000000000000000 ) ) ;
#11725 = EDGE_LOOP ( 'NONE', ( #10376, #1728 ) ) ;
#11726 = VECTOR ( 'NONE', #3273, 1000.000000000000000 ) ;
#11727 = AXIS2_PLACEMENT_3D ( 'NONE', #5615, #7390, #8152 ) ;
#11728 = CARTESIAN_POINT ( 'NONE',  ( 155.2719258708797600, 45.86904400576378300, 19.49999999999988600 ) ) ;
#11729 = ORIENTED_EDGE ( 'NONE', *, *, #11674, .F. ) ;
#11730 = ORIENTED_EDGE ( 'NONE', *, *, #3911, .T. ) ;
#11731 = DIRECTION ( 'NONE',  ( -8.157786440681345800E-032, -4.440892098500626200E-016, -1.000000000000000000 ) ) ;
#11732 = AXIS2_PLACEMENT_3D ( 'NONE', #9635, #4164, #5077 ) ;
#11733 = DIRECTION ( 'NONE',  ( -0.8660254037839217900, -0.5000000000008951700, 0.0000000000000000000 ) ) ;
#11734 = CIRCLE ( 'NONE', #7462, 2.000000000000001800 ) ;
#11735 = DIRECTION ( 'NONE',  ( 4.440892098500626200E-016, 0.0000000000000000000, -1.000000000000000000 ) ) ;
#11736 = CYLINDRICAL_SURFACE ( 'NONE', #11693, 19.99999905524554900 ) ;
#11737 = EDGE_CURVE ( 'NONE', #890, #8594, #8520, .T. ) ;
#11738 = DIRECTION ( 'NONE',  ( 4.440892098500626200E-016, 0.0000000000000000000, -1.000000000000000000 ) ) ;
#11739 = CARTESIAN_POINT ( 'NONE',  ( 168.9425479578908100, 52.86383567243016300, 4.199999999999903400 ) ) ;
#11740 = EDGE_LOOP ( 'NONE', ( #1487, #2499 ) ) ;
#11741 = EDGE_CURVE ( 'NONE', #4989, #9545, #1046, .T. ) ;
#11742 = EDGE_CURVE ( 'NONE', #4472, #10577, #4400, .T. ) ;
#11743 = DIRECTION ( 'NONE',  ( -2.220446049250312800E-016, 1.224646799147353200E-016, 1.000000000000000000 ) ) ;
#11745 = ADVANCED_FACE ( 'NONE', ( #7815 ), #8091, .F. ) ;
#11744 = CARTESIAN_POINT ( 'NONE',  ( 177.5715967553672700, 36.61904386338100200, 23.49999947845893200 ) ) ;
#11746 = VECTOR ( 'NONE', #4041, 1000.000000000000000 ) ;
#11747 = AXIS2_PLACEMENT_3D ( 'NONE', #4043, #10373, #6803 ) ;
#11748 = CYLINDRICAL_SURFACE ( 'NONE', #4174, 2.000000000000029300 ) ;
#11749 = ORIENTED_EDGE ( 'NONE', *, *, #5535, .T. ) ;
#11750 = VECTOR ( 'NONE', #5718, 1000.000000000000000 ) ;
#11751 = CARTESIAN_POINT ( 'NONE',  ( 182.4321797548188000, 40.86904386338090200, 19.99999947846017900 ) ) ;
#11752 = ORIENTED_EDGE ( 'NONE', *, *, #7201, .F. ) ;
#11753 = ORIENTED_EDGE ( 'NONE', *, *, #6625, .F. ) ;
#11754 = PLANE ( 'NONE',  #5348 ) ;
#11755 = LINE ( 'NONE', #10697, #2995 ) ;
#11756 = CARTESIAN_POINT ( 'NONE',  ( 173.7719257169744900, 51.86904400576364800, 4.200000000082269500 ) ) ;
#11757 = DIRECTION ( 'NONE',  ( -1.000000000000000000, 0.0000000000000000000, 0.0000000000000000000 ) ) ;
#11758 = DIRECTION ( 'NONE',  ( -1.000000000000000000, 0.0000000000000000000, -2.168404783693603700E-016 ) ) ;
#11759 = EDGE_CURVE ( 'NONE', #8455, #4520, #9687, .T. ) ;
#11760 = FACE_BOUND ( 'NONE', #1439, .T. ) ;
#11761 = AXIS2_PLACEMENT_3D ( 'NONE', #10329, #1984, #11171 ) ;
#11762 = LINE ( 'NONE', #11324, #10761 ) ;
#11763 = EDGE_CURVE ( 'NONE', #263, #8857, #3947, .T. ) ;
#11764 = LINE ( 'NONE', #7937, #1395 ) ;
#11765 = VERTEX_POINT ( 'NONE', #636 ) ;
#11766 = DIRECTION ( 'NONE',  ( -5.438524293787564200E-032, -1.000000000000000000, 1.224646799147353500E-016 ) ) ;
#11767 = EDGE_CURVE ( 'NONE', #7857, #7734, #3658, .T. ) ;
#11768 = DIRECTION ( 'NONE',  ( -0.0000000000000000000, -0.0000000000000000000, 1.000000000000000000 ) ) ;
#11769 = FACE_OUTER_BOUND ( 'NONE', #11184, .T. ) ;
#11770 = ADVANCED_FACE ( 'NONE', ( #10690 ), #2194, .F. ) ;
#11771 = AXIS2_PLACEMENT_3D ( 'NONE', #9559, #4898, #2981 ) ;
#11772 = LINE ( 'NONE', #8609, #6479 ) ;
#11773 = ORIENTED_EDGE ( 'NONE', *, *, #2574, .T. ) ;
#11775 = CIRCLE ( 'NONE', #2257, 12.00000000000001100 ) ;
#11774 = DIRECTION ( 'NONE',  ( -1.000000000000000000, 0.0000000000000000000, -4.336808689942013800E-016 ) ) ;
#11776 = DIRECTION ( 'NONE',  ( -1.000000000000000000, -2.428612866367460500E-014, 0.0000000000000000000 ) ) ;
#11777 = DIRECTION ( 'NONE',  ( 1.000000000000000000, -1.836970198721029700E-016, 0.0000000000000000000 ) ) ;
#11778 = LINE ( 'NONE', #9929, #8745 ) ;
#11779 = ORIENTED_EDGE ( 'NONE', *, *, #3287, .T. ) ;
#11780 = FACE_OUTER_BOUND ( 'NONE', #7223, .T. ) ;
#11781 = AXIS2_PLACEMENT_3D ( 'NONE', #479, #9510, #8583 ) ;
#11782 = DIRECTION ( 'NONE',  ( -4.440892098500626200E-016, -0.0000000000000000000, 1.000000000000000000 ) ) ;
#11783 = FACE_OUTER_BOUND ( 'NONE', #6575, .T. ) ;
#11784 = CIRCLE ( 'NONE', #3904, 1.000000000000000900 ) ;
#11785 = DIRECTION ( 'NONE',  ( 4.440892098500626200E-016, 0.0000000000000000000, -1.000000000000000000 ) ) ;
#11786 = DIRECTION ( 'NONE',  ( 0.0000000000000000000, -0.7071067811865479100, 0.7071067811865472400 ) ) ;
#11787 = CARTESIAN_POINT ( 'NONE',  ( 183.7875378213373400, 36.85343190140081800, 81.17012103714566300 ) ) ;
#11788 = CARTESIAN_POINT ( 'NONE',  ( 160.3975570462096700, 58.24341267652847900, 2.731148640577885100E-014 ) ) ;
#11789 = ORIENTED_EDGE ( 'NONE', *, *, #5483, .T. ) ;
#11790 = FACE_OUTER_BOUND ( 'NONE', #2451, .T. ) ;
#11791 = DIRECTION ( 'NONE',  ( 0.0000000000000000000, 1.000000000000000000, 0.0000000000000000000 ) ) ;
#11792 = DIRECTION ( 'NONE',  ( -1.000000000000000000, 0.0000000000000000000, -1.084202172485817800E-016 ) ) ;
#11793 = CARTESIAN_POINT ( 'NONE',  ( 175.4385923836410400, 54.00565388213111400, 18.99999947845893200 ) ) ;
#11794 = CARTESIAN_POINT ( 'NONE',  ( 177.0418154610840400, 51.48667869143574900, 21.99999947845893200 ) ) ;
#11795 = CARTESIAN_POINT ( 'NONE',  ( 181.0274422451629200, 45.14417105785893400, 23.49999947845893200 ) ) ;
#11796 = ORIENTED_EDGE ( 'NONE', *, *, #10899, .T. ) ;
#11797 = FACE_OUTER_BOUND ( 'NONE', #10654, .T. ) ;
#11798 = CARTESIAN_POINT ( 'NONE',  ( 189.8189853496277200, 48.36904400576365500, 1.750013533165798700 ) ) ;
#11799 = PLANE ( 'NONE',  #1850 ) ;
#11800 = AXIS2_PLACEMENT_3D ( 'NONE', #4465, #3728, #1840 ) ;
#11801 = ORIENTED_EDGE ( 'NONE', *, *, #5671, .T. ) ;
#11802 = CARTESIAN_POINT ( 'NONE',  ( 169.3873112812459300, 54.85654386338107700, 18.99999947845893200 ) ) ;
#11803 = ADVANCED_FACE ( 'NONE', ( #1898, #10257 ), #3491, .T. ) ;
#11804 = ORIENTED_EDGE ( 'NONE', *, *, #4310, .T. ) ;
#11805 = ORIENTED_EDGE ( 'NONE', *, *, #64, .T. ) ;
#11806 = CARTESIAN_POINT ( 'NONE',  ( 169.5179729960557000, 36.26936414649145500, 1.999999999999915000 ) ) ;
#11807 = ORIENTED_EDGE ( 'NONE', *, *, #11902, .F. ) ;
#11808 = FACE_OUTER_BOUND ( 'NONE', #11437, .T. ) ;
#11809 = CARTESIAN_POINT ( 'NONE',  ( 183.0219256400220300, 29.84757416903784800, 56.79194912331138300 ) ) ;
#11810 = EDGE_CURVE ( 'NONE', #2103, #5001, #8235, .T. ) ;
#11812 = EDGE_LOOP ( 'NONE', ( #4897, #3067, #8738, #6156 ) ) ;
#11811 = DIRECTION ( 'NONE',  ( -1.000000000000000000, 0.0000000000000000000, 0.0000000000000000000 ) ) ;
#11813 = ORIENTED_EDGE ( 'NONE', *, *, #2262, .F. ) ;
#11814 = DIRECTION ( 'NONE',  ( 4.440892098500626200E-016, 0.0000000000000000000, -1.000000000000000000 ) ) ;
#11815 = AXIS2_PLACEMENT_3D ( 'NONE', #7017, #9814, #501 ) ;
#11816 = ORIENTED_EDGE ( 'NONE', *, *, #4557, .F. ) ;
#11817 = VERTEX_POINT ( 'NONE', #680 ) ;
#11818 = EDGE_CURVE ( 'NONE', #1569, #2982, #10823, .T. ) ;
#11819 = CARTESIAN_POINT ( 'NONE',  ( 156.9013711871271000, 55.64832767197798800, 1.999999999999907200 ) ) ;
#11820 = DIRECTION ( 'NONE',  ( -8.157786440681345800E-032, -4.440892098500626200E-016, -1.000000000000000000 ) ) ;
#11821 = VERTEX_POINT ( 'NONE', #713 ) ;
#11822 = LINE ( 'NONE', #8662, #8221 ) ;
#11823 = ADVANCED_FACE ( 'NONE', ( #1184 ), #1615, .F. ) ;
#11824 = CARTESIAN_POINT ( 'NONE',  ( 166.1116716791292200, 40.86904386338089500, 21.74999947845978500 ) ) ;
#11825 = DIRECTION ( 'NONE',  ( -0.0000000000000000000, -0.0000000000000000000, 1.000000000000000000 ) ) ;
#11826 = CARTESIAN_POINT ( 'NONE',  ( 192.2719255630693500, 46.86904400576416000, 14.29999914657000200 ) ) ;
#11827 = EDGE_LOOP ( 'NONE', ( #9595, #8242, #4513, #6965 ) ) ;
#11828 = EDGE_CURVE ( 'NONE', #10074, #1445, #4684, .T. ) ;
#11829 = CARTESIAN_POINT ( 'NONE',  ( 157.7719254351096100, 45.86904400576391100, 21.49999895691860300 ) ) ;
#11830 = AXIS2_PLACEMENT_3D ( 'NONE', #2889, #5721, #8466 ) ;
#11831 = LINE ( 'NONE', #1781, #3794 ) ;
#11832 = EDGE_CURVE ( 'NONE', #3049, #9946, #4672, .T. ) ;
#11833 = CARTESIAN_POINT ( 'NONE',  ( 173.1748935275752500, 51.33654746604676000, 4.999999311752643100 ) ) ;
#11834 = EDGE_CURVE ( 'NONE', #5928, #11679, #6819, .T. ) ;
#11835 = CARTESIAN_POINT ( 'NONE',  ( 182.0219256400214400, 29.84757416903736500, 14.29999914656994900 ) ) ;
#11836 = AXIS2_PLACEMENT_3D ( 'NONE', #8195, #7204, #2692 ) ;
#11837 = VERTEX_POINT ( 'NONE', #6362 ) ;
#11838 = EDGE_LOOP ( 'NONE', ( #5785, #11875 ) ) ;
#11839 = CARTESIAN_POINT ( 'NONE',  ( 168.5164091887846500, 41.68006944272039500, 18.99999947845893200 ) ) ;
#11840 = CARTESIAN_POINT ( 'NONE',  ( 157.8341493109444100, 41.59852968861957100, 20.49999878108513900 ) ) ;
#11841 = FACE_OUTER_BOUND ( 'NONE', #1806, .T. ) ;
#11842 = VERTEX_POINT ( 'NONE', #6402 ) ;
#11843 = DIRECTION ( 'NONE',  ( 0.0000000000000000000, 1.000000000000000000, 0.0000000000000000000 ) ) ;
#11844 = ORIENTED_EDGE ( 'NONE', *, *, #4855, .T. ) ;
#11845 = CARTESIAN_POINT ( 'NONE',  ( 172.9719257169745400, 39.86904448602505400, 5.499999311752643100 ) ) ;
#11846 = ORIENTED_EDGE ( 'NONE', *, *, #4247, .F. ) ;
#11847 = DIRECTION ( 'NONE',  ( 0.0000000000000000000, 1.000000000000000000, -5.204170673763544500E-016 ) ) ;
#11848 = DIRECTION ( 'NONE',  ( 4.078893220340672900E-032, 2.220446049250313100E-016, 1.000000000000000000 ) ) ;
#11849 = EDGE_LOOP ( 'NONE', ( #6639, #10100, #9995, #767 ) ) ;
#11850 = EDGE_LOOP ( 'NONE', ( #9653, #11539, #11813, #2052 ) ) ;
#11851 = DIRECTION ( 'NONE',  ( 4.440892098500626200E-016, 0.0000000000000000000, -1.000000000000000000 ) ) ;
#11852 = ORIENTED_EDGE ( 'NONE', *, *, #10899, .F. ) ;
#11853 = AXIS2_PLACEMENT_3D ( 'NONE', #8653, #11440, #439 ) ;
#11854 = LINE ( 'NONE', #3840, #5827 ) ;
#11855 = DIRECTION ( 'NONE',  ( -0.0000000000000000000, -0.0000000000000000000, 1.000000000000000000 ) ) ;
#11856 = CARTESIAN_POINT ( 'NONE',  ( 164.5219257939270100, 29.84757416903736900, 17.39999966811055300 ) ) ;
#11857 = LINE ( 'NONE', #4120, #8818 ) ;
#11858 = CARTESIAN_POINT ( 'NONE',  ( 182.1913125842133900, 48.53623804074496200, 21.99999947845893200 ) ) ;
#11859 = ORIENTED_EDGE ( 'NONE', *, *, #10444, .F. ) ;
#11860 = CARTESIAN_POINT ( 'NONE',  ( 169.2719257169740700, 45.86904386338100200, 23.49999947845893500 ) ) ;
#11861 = EDGE_LOOP ( 'NONE', ( #2230, #324, #5229, #11779, #2914, #6506, #2533, #5114, #4962 ) ) ;
#11862 = DIRECTION ( 'NONE',  ( -1.000000000000000000, 0.0000000000000000000, 0.0000000000000000000 ) ) ;
#11863 = VERTEX_POINT ( 'NONE', #9067 ) ;
#11864 = EDGE_LOOP ( 'NONE', ( #10386, #1979, #9831, #214, #8528 ) ) ;
#11865 = CARTESIAN_POINT ( 'NONE',  ( 180.2656718058340500, 45.58397942606603000, 23.49999947845893200 ) ) ;
#11866 = VECTOR ( 'NONE', #4245, 1000.000000000000000 ) ;
#11867 = VERTEX_POINT ( 'NONE', #8265 ) ;
#11868 = CARTESIAN_POINT ( 'NONE',  ( 165.3525388497355700, 48.53623804074490500, 21.99999947845893200 ) ) ;
#11870 = ADVANCED_FACE ( 'NONE', ( #9822 ), #954, .F. ) ;
#11869 = CARTESIAN_POINT ( 'NONE',  ( 163.5814319424161200, 32.14301632527194400, 1.999999999999914500 ) ) ;
#11871 = CIRCLE ( 'NONE', #2529, 1.999999999999946300 ) ;
#11872 = CARTESIAN_POINT ( 'NONE',  ( 175.0019953151992800, 40.22841886338043300, 18.99999947845893200 ) ) ;
#11873 = AXIS2_PLACEMENT_3D ( 'NONE', #2557, #3419, #3458 ) ;
#11874 = DIRECTION ( 'NONE',  ( 0.0000000000000000000, -1.000000000000000000, 4.930380657631323800E-032 ) ) ;
#11875 = ORIENTED_EDGE ( 'NONE', *, *, #7362, .T. ) ;
#11876 = CARTESIAN_POINT ( 'NONE',  ( 173.7719257169745200, 51.86904400577365200, 2.199999311752465200 ) ) ;
#11877 = VERTEX_POINT ( 'NONE', #11845 ) ;
#11878 = CARTESIAN_POINT ( 'NONE',  ( 156.3332250983718600, 35.09173378555318800, 15.69979647893020700 ) ) ;
#11879 = FACE_OUTER_BOUND ( 'NONE', #6010, .T. ) ;
#11880 = VECTOR ( 'NONE', #4709, 1000.000000000000000 ) ;
#11881 = CARTESIAN_POINT ( 'NONE',  ( 186.6766242392632500, 60.52374191474241600, 22.49999878108514300 ) ) ;
#11882 = DIRECTION ( 'NONE',  ( 0.0000000000000000000, -1.189524669241275900E-014, -1.000000000000000000 ) ) ;
#11883 = ADVANCED_FACE ( 'NONE', ( #8657 ), #11047, .F. ) ;
#11884 = VERTEX_POINT ( 'NONE', #2680 ) ;
#11885 = ORIENTED_EDGE ( 'NONE', *, *, #5129, .T. ) ;
#11886 = VECTOR ( 'NONE', #3279, 1000.000000000000000 ) ;
#11887 = DIRECTION ( 'NONE',  ( 4.078893220340672900E-032, 2.220446049250313100E-016, 1.000000000000000000 ) ) ;
#11888 = VERTEX_POINT ( 'NONE', #11806 ) ;
#11889 = AXIS2_PLACEMENT_3D ( 'NONE', #8839, #10867, #5431 ) ;
#11890 = CARTESIAN_POINT ( 'NONE',  ( 164.9956455047893400, 30.72880276289894400, 1.999999999999914500 ) ) ;
#11891 = DIRECTION ( 'NONE',  ( -1.000000000000000000, 0.0000000000000000000, -4.336808689942073900E-016 ) ) ;
#11892 = FACE_OUTER_BOUND ( 'NONE', #2462, .T. ) ;
#11893 = EDGE_CURVE ( 'NONE', #2347, #11863, #193, .T. ) ;
#11894 = CARTESIAN_POINT ( 'NONE',  ( 166.8167594231277900, 39.04074525941391000, 18.99999947845893200 ) ) ;
#11895 = ORIENTED_EDGE ( 'NONE', *, *, #3209, .F. ) ;
#11896 = ORIENTED_EDGE ( 'NONE', *, *, #11213, .F. ) ;
#11897 = DIRECTION ( 'NONE',  ( 2.220446049250313100E-016, 0.0000000000000000000, -1.000000000000000000 ) ) ;
#11898 = CARTESIAN_POINT ( 'NONE',  ( 173.7719257169743800, 45.86904400576364100, 4.999999311735376000 ) ) ;
#11899 = FACE_OUTER_BOUND ( 'NONE', #4793, .T. ) ;
#11900 = CARTESIAN_POINT ( 'NONE',  ( 164.7563136126116800, 54.88465611012650000, 2.775557561562891400E-014 ) ) ;
#11901 = FACE_BOUND ( 'NONE', #3224, .T. ) ;
#11902 = EDGE_CURVE ( 'NONE', #2594, #3997, #8370, .T. ) ;
#11903 = CARTESIAN_POINT ( 'NONE',  ( 183.1629889195592400, 43.25984246734812200, 18.99999947845893200 ) ) ;
#11904 = ORIENTED_EDGE ( 'NONE', *, *, #6507, .T. ) ;
#11905 = LINE ( 'NONE', #4679, #6174 ) ;
#11906 = EDGE_CURVE ( 'NONE', #7072, #6372, #754, .T. ) ;
#11907 = EDGE_CURVE ( 'NONE', #9765, #378, #2771, .T. ) ;
#11908 = LINE ( 'NONE', #25, #7593 ) ;
#11909 = VERTEX_POINT ( 'NONE', #793 ) ;
#11910 = CARTESIAN_POINT ( 'NONE',  ( 173.7719257169744400, 45.86904386338088800, 23.49999947845893200 ) ) ;
#11911 = AXIS2_PLACEMENT_3D ( 'NONE', #8178, #3662, #10042 ) ;
#11912 = CARTESIAN_POINT ( 'NONE',  ( 173.7719257169744900, 45.86904400576364800, 1.999999999999914500 ) ) ;
#11913 = ORIENTED_EDGE ( 'NONE', *, *, #5765, .F. ) ;
#11914 = CIRCLE ( 'NONE', #11830, 16.00000028186513000 ) ;
#11915 = ORIENTED_EDGE ( 'NONE', *, *, #11653, .F. ) ;
#11916 = FACE_BOUND ( 'NONE', #10062, .T. ) ;
#11917 = CARTESIAN_POINT ( 'NONE',  ( 168.5955450594449900, 65.18755961898305900, 22.49999878108514300 ) ) ;
#11918 = CARTESIAN_POINT ( 'NONE',  ( 189.0689853496277200, 48.36904400576364100, 1.750013533165798700 ) ) ;
#11919 = CARTESIAN_POINT ( 'NONE',  ( 164.5219257939270700, 63.24051384249006000, 19.49999999999988600 ) ) ;
#11920 = EDGE_CURVE ( 'NONE', #4515, #7930, #11831, .T. ) ;
#11921 = FACE_OUTER_BOUND ( 'NONE', #10031, .T. ) ;
#11922 = AXIS2_PLACEMENT_3D ( 'NONE', #11476, #1373, #8728 ) ;
ENDSEC;
END-ISO-10303-21;
